qid,occurrence,label,description,instance_of,uri
Q2277,5,Roman Empire,period of ancient Rome following the Republic,Q48349,http://wikidata.org/entity/Q2277
Q110888,1,Kingdom of Essex,former kingdom on the island of Britain (527–825 CE),Q3024240,http://wikidata.org/entity/Q110888
Q105092,1,Kingdom of Mercia,one of the kingdoms of the Anglo-Saxon Heptarchy,Q3024240,http://wikidata.org/entity/Q105092
Q105313,2,Kingdom of Wessex,Anglo-Saxon kingdom in the south of Great Britain,Q3024240,http://wikidata.org/entity/Q105313
Q179876,5,Kingdom of England,historic kingdom on the British Isles (927–1649; 1660–1707),Q3624078,http://wikidata.org/entity/Q179876
Q161885,26,Kingdom of Great Britain,constitutional monarchy in Western Europe (1707–1800),Q3624078,http://wikidata.org/entity/Q161885
Q174193,22,United Kingdom of Great Britain and Ireland,historical sovereign state (1801–1922),Q3624078,http://wikidata.org/entity/Q174193
Q145,23,United Kingdom,island country in north-west Europe,Q3624078,http://wikidata.org/entity/Q145
Q21885994,1,City of Nottingham,"district in Nottinghamshire, England",Q1136601,http://wikidata.org/entity/Q21885994
Q101352,4,family name,"part of a naming scheme for individuals, used in many cultures worldwide",Q121493639,http://wikidata.org/entity/Q101352
Q1549591,2,big city,"city with a population of at least 100,000",Q98966309,http://wikidata.org/entity/Q1549591
Q42744322,4,urban municipality in Germany,"municipality with town privileges in Germany (may e.g. legally prepend ""Stadt"" to its name)",,http://wikidata.org/entity/Q42744322
Q85635630,2,urban district of North Rhine-Westphalia,,,http://wikidata.org/entity/Q85635630
Q3196771,14,art museum,institution (for buildings or spaces use Q207694),,http://wikidata.org/entity/Q3196771
Q76267394,1,Hugo Ferdinand van Zuylen van Nijevelt,(1821-1872),Q5,http://wikidata.org/entity/Q76267394
Q19883978,1,Jean Zacharie Mazel,Dutch lithographer (1792–1884),Q5,http://wikidata.org/entity/Q19883978
Q3815630,1,David Bles,19th-century painter from the Northern Netherlands (1821-1899),Q5,http://wikidata.org/entity/Q3815630
Q6689899,1,Louwrens Hanedoes,19th-century landscape painter from the Netherlands (1822-1905),Q5,http://wikidata.org/entity/Q6689899
Q4885435,1,Carel Vosmaer,"Dutch lawyer, court clerk, art historian, art collector, writer and poet (1826-1888)",Q5,http://wikidata.org/entity/Q4885435
Q2416994,1,Henri Camp,Dutch architect (1821–1875),Q5,http://wikidata.org/entity/Q2416994
Q3929544,1,Agnites Vrolik,Dutch politician (1810–1894),Q5,http://wikidata.org/entity/Q3929544
Q207694,109,art museum,"building or space for the exhibition of art (for institution, use Q3196771)",Q63982911,http://wikidata.org/entity/Q207694
Q17431399,35,national museum,museum maintained by a national authority,Q63982911,http://wikidata.org/entity/Q17431399
Q6255010,1,John Ritchie Findlay,British newspaper owner and philanthropist (1824-1898),Q5,http://wikidata.org/entity/Q6255010
Q2379199,1,City of Edinburgh,council area in Scotland,Q15060255,http://wikidata.org/entity/Q2379199
Q68826067,1,Edinburgh,Scottish parish,Q5124673,http://wikidata.org/entity/Q68826067
Q504952,1,collective noun,collection of things taken as a whole,,http://wikidata.org/entity/Q504952
Q13866185,4,museum library,library that is part of a museum,Q25397890,http://wikidata.org/entity/Q13866185
Q846659,2,Jewish cemetery,cemetery for Jewish people,Q39614,http://wikidata.org/entity/Q846659
Q162633,2,academy,institution of higher learning,Q17197366,http://wikidata.org/entity/Q162633
Q4830453,10,business,"organization undertaking commercial, industrial, or professional activity",Q2135465,http://wikidata.org/entity/Q4830453
Q5774403,2,historical society,"organization that collects, researches, interprets and preserves information or items of historical interest",,http://wikidata.org/entity/Q5774403
Q18811582,2,fraternity,collegiate social organization for men,,http://wikidata.org/entity/Q18811582
Q10549978,2,cultural association,association active within culture,Q17197366,http://wikidata.org/entity/Q10549978
Q1337365,1,Emilij Laszowski,Croatian historian and archivist of Polish origin (1868-1949),Q5,http://wikidata.org/entity/Q1337365
Q12644529,1,Velimir Deželić Sr.,Croatian writer and lexicographer (1864-1941),Q5,http://wikidata.org/entity/Q12644529
Q22806,26,national library,library specifically established by the government,,http://wikidata.org/entity/Q22806
Q1622062,2,university library,general library at an institution of higher education,Q25397890,http://wikidata.org/entity/Q1622062
Q856234,10,academic library,library attached to a higher education institution,Q25397890,http://wikidata.org/entity/Q856234
Q43229,28,organization,social entity established to meet needs or pursue goals,Q131362181,http://wikidata.org/entity/Q43229
Q245065,2,intergovernmental organization,organization composed primarily of sovereign states,Q17197366,http://wikidata.org/entity/Q245065
Q484652,2,international organization,organization established by treaty between governments,,http://wikidata.org/entity/Q484652
Q163740,34,nonprofit organization,organization operated for a collective benefit,Q10541491,http://wikidata.org/entity/Q163740
Q15180,1,Soviet Union,former country in Eurasia (1922–1991),Q512187,http://wikidata.org/entity/Q15180
Q13426199,1,Republic of China,1912–1949 country in Asia,Q3024240,http://wikidata.org/entity/Q13426199
Q133356,1,Ukrainian Soviet Socialist Republic,sovereign state (1919–1922) and a republic of the Soviet Union (1922–1991); one of the founding members of the UN in 1945,Q3024240,http://wikidata.org/entity/Q133356
Q2895,1,Byelorussian Soviet Socialist Republic,one of fifteen constituent republics of the Soviet Union (USSR); founding member of the United Nations Organization in 1945; now Belarus,Q236036,http://wikidata.org/entity/Q2895
Q115,1,Ethiopia,country in the Horn of Africa,Q3624078,http://wikidata.org/entity/Q115
Q33946,1,Czechoslovakia,"country in Central Europe, 1918–1992",Q3624078,http://wikidata.org/entity/Q33946
Q664,1,New Zealand,island country in the southwest Pacific Ocean,Q202686,http://wikidata.org/entity/Q664
Q851,1,Saudi Arabia,country in West Asia,Q3624078,http://wikidata.org/entity/Q851
Q796,1,Iraq,sovereign state in Western Asia,Q3624078,http://wikidata.org/entity/Q796
Q822,1,Lebanon,country in West Asia,Q3624078,http://wikidata.org/entity/Q822
Q750,1,Bolivia,sovereign state in South America,Q3624078,http://wikidata.org/entity/Q750
Q739,1,Colombia,country in South America,Q3624078,http://wikidata.org/entity/Q739
Q800,1,Costa Rica,country in Central America,Q3624078,http://wikidata.org/entity/Q800
Q736,1,Ecuador,sovereign state in South America,Q3624078,http://wikidata.org/entity/Q736
Q792,1,El Salvador,sovereign state in Central America,Q3624078,http://wikidata.org/entity/Q792
Q774,1,Guatemala,sovereign state in Central America,Q3624078,http://wikidata.org/entity/Q774
Q790,1,Haiti,country in the Caribbean Sea,Q3624078,http://wikidata.org/entity/Q790
Q783,1,Honduras,sovereign state in Central America,Q3624078,http://wikidata.org/entity/Q783
Q1014,1,Liberia,sovereign state in West Africa,Q7270,http://wikidata.org/entity/Q1014
Q811,1,Nicaragua,sovereign state in Central America,Q3624078,http://wikidata.org/entity/Q811
Q804,1,Panama,sovereign state in Central America,Q3624078,http://wikidata.org/entity/Q804
Q733,1,Paraguay,sovereign state in South America,Q7270,http://wikidata.org/entity/Q733
Q928,1,Philippines,archipelagic country in Southeast Asia,Q3624078,http://wikidata.org/entity/Q928
Q717,1,Venezuela,country in South America,Q3624078,http://wikidata.org/entity/Q717
Q166118,18,archives,agency or institution responsible for the preservation and communication of records selected for permanent preservation,,http://wikidata.org/entity/Q166118
Q414147,6,academy of sciences,national academy or another learned society dedicated to sciences,,http://wikidata.org/entity/Q414147
Q31855,8,research institute,organization whose primary purpose is research,Q17197366,http://wikidata.org/entity/Q31855
Q902104,2,private university,higher education institution not operated by a government,Q130388971,http://wikidata.org/entity/Q902104
Q15936437,2,research university,university committed to research as a central part of its mission,Q130388971,http://wikidata.org/entity/Q15936437
Q1188663,2,Colonial Colleges,nine institutions of higher education in the United States,,http://wikidata.org/entity/Q1188663
Q23002054,2,private not-for-profit educational institution,private educational institution,Q112872396,http://wikidata.org/entity/Q23002054
Q1453540,1,Massachusetts General Court,"legislature of Massachusetts, USA",Q3270264,http://wikidata.org/entity/Q1453540
Q32178211,7,music organization,type of organization linked with music,,http://wikidata.org/entity/Q32178211
Q11834910,2,state public library,type of library in Italy,,http://wikidata.org/entity/Q11834910
Q11422631,10,United Nations Depository Library,approved libraries that hold United Nations documents and publications,,http://wikidata.org/entity/Q11422631
Q24699794,6,museum building,building housing a museum,Q811102,http://wikidata.org/entity/Q24699794
Q53536964,4,royal palace,palace used by a royal family,,http://wikidata.org/entity/Q53536964
Q15848826,2,city palace,urban residence for the nobility,,http://wikidata.org/entity/Q15848826
Q2651004,4,Palazzo,"in Italian-speaking countries, the term for a building with large proportions",Q784969,http://wikidata.org/entity/Q2651004
Q1497375,6,architectural ensemble,"group of multiple related objects, such as buildings",Q12379553,http://wikidata.org/entity/Q1497375
Q19979289,3,birth house,"building where someone was deemed to be born, not a hospital. Add this in P31 in addition to properties about the architecture or function of the building. If it's the actual place of birth of the person, add the house in P19 of the person's item",Q811102,http://wikidata.org/entity/Q19979289
Q157031,6,foundation,type of nonprofit organization,Q2135465,http://wikidata.org/entity/Q157031
Q2087181,9,historic house museum,house that has been transformed into a museum,Q63982911,http://wikidata.org/entity/Q2087181
Q2085381,16,publishing house,organization that prints and distributes pressed goods or electronic media,Q17197366,http://wikidata.org/entity/Q2085381
Q6500733,1,printing company,company for printed products,,http://wikidata.org/entity/Q6500733
Q11755880,3,residential building,building mainly used for residential purposes,Q811102,http://wikidata.org/entity/Q11755880
Q2327632,2,city museum,"a museum that displays local history, art, or other collections",Q63982911,http://wikidata.org/entity/Q2327632
Q48204,8,voluntary association,group of people with shared interests or aims,Q2135465,http://wikidata.org/entity/Q48204
Q2061246,4,music library,library containing music-related materials for patron use,,http://wikidata.org/entity/Q2061246
Q53759838,4,music archive,archive of musical recordings and documents,,http://wikidata.org/entity/Q53759838
Q3950,2,villa,"house, generally of some pretension, and often including outbuildings and gardens",,http://wikidata.org/entity/Q3950
Q2977,12,cathedral,"Christian church, which is seat of a bishop",Q811102,http://wikidata.org/entity/Q2977
Q497893,2,literary society,Organization preserving and fostering literature,Q19610271,http://wikidata.org/entity/Q497893
Q16735822,11,history museum,museum covering the knowledge of human history,Q63982911,http://wikidata.org/entity/Q16735822
Q11396960,6,production company,company or studio that produces media,Q17197366,http://wikidata.org/entity/Q11396960
Q2326815,6,municipal library,public library operated by a city or municipality,Q25397890,http://wikidata.org/entity/Q2326815
Q2945282,2,documentation centre,organisation that deals with documentation,Q25397890,http://wikidata.org/entity/Q2945282
Q56242215,14,Catholic cathedral,church that is the seat of the bishop of a diocese of the Catholic Church,Q811102,http://wikidata.org/entity/Q56242215
Q20857065,2,United States federal agency,agency in the administrative division of the United States federal government,,http://wikidata.org/entity/Q20857065
Q221096,2,public–private partnership,government service or private business venture which is funded and operated through a partnership of government and one or more private sector companies,Q17197366,http://wikidata.org/entity/Q221096
Q446858,1,Andrew W. Mellon,"American diplomat, banker, businessman, industrialist, philanthropist, and art collector (1855–1937)",Q5,http://wikidata.org/entity/Q446858
Q11268,1,United States Congress,bicameral legislature of the United States,Q189445,http://wikidata.org/entity/Q11268
Q112258376,2,music society,association whose interest is music,Q988108,http://wikidata.org/entity/Q112258376
Q7328910,13,art collection,set of purposefully gathered artworks,,http://wikidata.org/entity/Q7328910
Q118130417,2,Shakespeariana,objects related to William Shakespeare,,http://wikidata.org/entity/Q118130417
Q856584,14,library building,building housing a library,Q811102,http://wikidata.org/entity/Q856584
Q5719487,2,Henry Clay Folger,"American Shakespeare collector, philanthropist, and co-founder of the Folger Shakespeare Library",Q5,http://wikidata.org/entity/Q5719487
Q16957,1,German Democratic Republic,"1949–1990 country in central Europe, unified into modern Germany",Q3024240,http://wikidata.org/entity/Q16957
Q327333,6,government agency,"organisational part of a government responsible for specific public services, such as health, judiciary, education, transportation, foreign affairs, etc",Q10541491,http://wikidata.org/entity/Q327333
Q56037,1,East Berlin,former Soviet sector of Berlin and capital of the GDR,Q1549591,http://wikidata.org/entity/Q56037
Q1655145,1,Nicolaihaus,house in Berlin,Q11755880,http://wikidata.org/entity/Q1655145
Q3182579,1,John Taylor Johnston,American businessman (1820–1893),Q5,http://wikidata.org/entity/Q3182579
Q7526834,1,"Sir George Beaumont, 7th Baronet",art patron and amateur painter (1753–1827),Q5,http://wikidata.org/entity/Q7526834
Q179351,3,City of Westminster,"city and borough in London, England, UK",Q211690,http://wikidata.org/entity/Q179351
Q2120466,2,pontifical university,university established or approved by the Roman Catholic Church,Q112872396,http://wikidata.org/entity/Q2120466
Q45400320,10,open-access publisher,publisher which gives free online access to all its articles,,http://wikidata.org/entity/Q45400320
Q2385804,8,educational institution,institution that provides education,Q104086571,http://wikidata.org/entity/Q2385804
Q557206,2,Catholic university,type of university affiliated with the Catholic Church,Q112872396,http://wikidata.org/entity/Q557206
Q11986619,2,lifestance organisation,organized group who share one view on life,,http://wikidata.org/entity/Q11986619
Q124830213,6,museum of a public entity,museum belonging to a public entity,Q63982911,http://wikidata.org/entity/Q124830213
Q3619199,1,Antonio Avena,Italian historian,Q5,http://wikidata.org/entity/Q3619199
Q4671277,4,academic institution,educational institution dedicated to education and research,Q117023459,http://wikidata.org/entity/Q4671277
Q15911314,4,association,group of individuals (natural persons) or entities (legal persons) of all kinds,Q10541491,http://wikidata.org/entity/Q15911314
Q751876,10,château,type of manor house mostly built by noble families for representative purposes,Q811102,http://wikidata.org/entity/Q751876
Q41176,5,building,"structure, typically enclosed with a roof and walls, standing more or less permanently in one place",,http://wikidata.org/entity/Q41176
Q3918,14,university,academic institution for further education,Q112872396,http://wikidata.org/entity/Q3918
Q991937,2,German Historical Institute,independent academic research institutes of the Max Weber Foundation,Q4671277,http://wikidata.org/entity/Q991937
Q153562,4,opera house,theatre building used for opera performances,,http://wikidata.org/entity/Q153562
Q62078547,4,public research university,type of higher learning institution; research university predominantly funded by public means,Q130388971,http://wikidata.org/entity/Q62078547
Q615150,2,land-grant university,institution of higher education in the United States designated by a state to receive the benefits of the Morrill Acts of 1862 and 1890,,http://wikidata.org/entity/Q615150
Q23002039,2,public educational institution of the United States,U.S. public educational institution,,http://wikidata.org/entity/Q23002039
Q3867560,11,Italian national museum,Wikimedia list article,Q13406463,http://wikidata.org/entity/Q3867560
Q108860593,7,museum of modern art,type of museum,Q63982911,http://wikidata.org/entity/Q108860593
Q121076356,8,Istituto museale ad autonomia speciale,,,http://wikidata.org/entity/Q121076356
Q740437,3,pinacotheca,public art gallery,Q63982911,http://wikidata.org/entity/Q740437
Q124830411,10,Museum of the Italian Ministry of Culture,,Q63982911,http://wikidata.org/entity/Q124830411
Q209465,2,campus,cluster of buildings and land used by an educational institution,,http://wikidata.org/entity/Q209465
Q1767829,12,comprehensive university,type of university where it is possible to study the most basic scientific disciplines,Q130388971,http://wikidata.org/entity/Q1767829
Q115427560,2,University of Excellence,University which is considered to be excellence according to the Excellence University Initiative,Q705657,http://wikidata.org/entity/Q115427560
Q875538,25,public university,university predominantly funded by public means,Q130388971,http://wikidata.org/entity/Q875538
Q63749,1,"Rupert I, Elector Palatine",Elector Palatine,Q5,http://wikidata.org/entity/Q63749
Q114053,1,Johann Kirchmann,German librarian and writer (1575-1643),Q5,http://wikidata.org/entity/Q114053
Q2642601,1,Alexander Lüneburg,German politician,Q5,http://wikidata.org/entity/Q2642601
Q1717544,1,Jürgen Pavels,politician (1568-1645),Q5,http://wikidata.org/entity/Q1717544
Q1323071,1,Georg Stampel,,Q5,http://wikidata.org/entity/Q1323071
Q160742,14,abbey,"monastery or convent, under the authority of an abbot or an abbess",,http://wikidata.org/entity/Q160742
Q304409,1,Leopold II,Margrave of Austria,Q5,http://wikidata.org/entity/Q304409
Q2683710,1,,,Q11204,http://wikidata.org/entity/Q2683710
Q124936,4,major basilica,title given to the four highest-ranking Catholic churches,Q3320743,http://wikidata.org/entity/Q124936
Q2713379,4,papal basilica,,,http://wikidata.org/entity/Q2713379
Q1492823,4,ecclesiastical district,Christian administrative territorial entity of any size or name,Q121144598,http://wikidata.org/entity/Q1492823
Q840482,2,shrine of Our Lady,typically Catholic shrines,Q811102,http://wikidata.org/entity/Q840482
Q167065,1,Sixtus III,Pope and bishop of Rome from 432 to 440,Q5,http://wikidata.org/entity/Q167065
Q1156831,2,umbrella organization,"organization that consists of several thematically, professionally, or regionally related sub-organizations",Q17197366,http://wikidata.org/entity/Q1156831
Q3152824,6,cultural institution,organization that works for the preservation or promotion of culture,Q117023459,http://wikidata.org/entity/Q3152824
Q7315155,1,research center,facility dedicated to research,Q134496690,http://wikidata.org/entity/Q7315155
Q43899662,1,Antonio Fanna,,Q5,http://wikidata.org/entity/Q43899662
Q3052382,2,fonds,"aggregation of records, documents, or works originating from the same creator",Q59211454,http://wikidata.org/entity/Q3052382
Q17105874,2,cultural history museum,type of museum,Q63982911,http://wikidata.org/entity/Q17105874
Q18233199,2,state museum,museum owned by a state organization,Q63982911,http://wikidata.org/entity/Q18233199
Q44530,1,Maximilian II of Bavaria,King of Bavaria between 1848 and 1864 (1811–1864),Q5,http://wikidata.org/entity/Q44530
Q2088357,6,musical ensemble,"group of people who perform instrumental and/or vocal music, with the ensemble typically known by a distinct name",Q17197366,http://wikidata.org/entity/Q2088357
Q2495568,6,universal library,library with universal collections,,http://wikidata.org/entity/Q2495568
Q1438040,9,research library,library that collects materials on one or more subjects to support scholarly or scientific research,Q25397890,http://wikidata.org/entity/Q1438040
Q1769139,4,reference library,collection of texts that can be consulted on site,Q25397890,http://wikidata.org/entity/Q1769139
Q1386438,8,state library of Germany,,,http://wikidata.org/entity/Q1386438
Q2577114,4,co-cathedral,type of church,,http://wikidata.org/entity/Q2577114
Q120560,10,minor basilica,title given to some Roman Catholic churches,Q3320743,http://wikidata.org/entity/Q120560
Q317557,8,parish church,church which acts as the religious centre of a parish,,http://wikidata.org/entity/Q317557
Q2742167,2,religious community,group of people who practice the same religious faith,Q121144515,http://wikidata.org/entity/Q2742167
Q817056,4,benedictine abbey,monastic community of monks of the Benedictine order,Q160742,http://wikidata.org/entity/Q817056
Q20057682,1,regional library,type of library,,http://wikidata.org/entity/Q20057682
Q166853,1,"Albert III, Duke of Austria",Duke of Austria,Q5,http://wikidata.org/entity/Q166853
Q55876909,2,Catholic parish church,church building that acts as the religious center of a Catholic parish,Q811102,http://wikidata.org/entity/Q55876909
Q1129743,2,filial church,church building that is not the main church of a parish,Q811102,http://wikidata.org/entity/Q1129743
Q56395672,2,Jesuit church,"church founded by the Society of Jesus, generally attached to a school",Q811102,http://wikidata.org/entity/Q56395672
Q1679899,2,,,,http://wikidata.org/entity/Q1679899
Q14623646,4,fictional organization,organization which only appears in works of fiction,Q133091164,http://wikidata.org/entity/Q14623646
Q641347,4,local Internet registry,"organization that has been allocated a block of IP addresses by a regional Internet registry, and assigns most parts of this block to its own customers",,http://wikidata.org/entity/Q641347
Q170072,19,Dutch Republic,predecessor state of the Netherlands (1581–1795),Q3624078,http://wikidata.org/entity/Q170072
Q1143635,2,business school,university-level institution granting degrees in business administration,Q112872396,http://wikidata.org/entity/Q1143635
Q334383,2,abbey church,"church of an abbey (monastery), seat of an abbot",,http://wikidata.org/entity/Q334383
Q2496382,2,university church,,,http://wikidata.org/entity/Q2496382
Q58911074,2,Denkmalfachbehörde,cultural heritage office on state level in Germany,,http://wikidata.org/entity/Q58911074
Q866133,4,university museum,museum run within a university,Q63982911,http://wikidata.org/entity/Q866133
Q570116,8,tourist attraction,place of interest where tourists visit,,http://wikidata.org/entity/Q570116
Q21713103,1,Cambridge,"district in Cambridgeshire, England",Q1187580,http://wikidata.org/entity/Q21713103
Q349086,1,Leopold III,Margrave of Austria,Q5,http://wikidata.org/entity/Q349086
Q5219006,1,Daniel Wadsworth,American artist and collector,Q5,http://wikidata.org/entity/Q5219006
Q3889692,4,college of music,Higher education institution for the study of music,,http://wikidata.org/entity/Q3889692
Q604177,2,municipal archive,accumulation of historical records of a town or city,Q636033,http://wikidata.org/entity/Q604177
Q28564,2,public library,"free community resource offering access to books, media, and information, promoting literacy and education for all ages",Q25397890,http://wikidata.org/entity/Q28564
Q11396180,2,library branch,"branch of a library organisation, e.g. in a city, town of village",Q25397890,http://wikidata.org/entity/Q11396180
Q15823107,2,Carmelite monastery,house or foundation of the Carmelite friars,,http://wikidata.org/entity/Q15823107
Q107591,1,Hans von und zu Aufseß,"German antiquarian (1801-1872), founder of the Germanisches Nationalmuseum, Nuremberg, Germany",Q5,http://wikidata.org/entity/Q107591
Q32798322,2,,type of quango in the Netherlands,,http://wikidata.org/entity/Q32798322
Q1966910,2,national academy,"organizational body, usually operating with state financial support and approval, that co-ordinates scholarly research activities and standards for academic disciplines, most frequently in the sciences but also the humanities",,http://wikidata.org/entity/Q1966910
Q96888669,4,academic publisher,publisher whose works are primarily produced and consumed by academics,,http://wikidata.org/entity/Q96888669
Q7729,1,Louis Bonaparte,"king of Holland, brother of Napoleon Bonaparte, member of the House of Buonaparte (1778-1846)",Q5,http://wikidata.org/entity/Q7729
Q38723,6,higher education institution,"institution that provides higher education (e.g., universities, vocational universities, community colleges, liberal arts colleges, institutes of technology, and others)",Q112872396,http://wikidata.org/entity/Q38723
Q1406569,2,leper colony,place to quarantine people with leprosy,,http://wikidata.org/entity/Q1406569
Q2288140,2,Federal Scientific Institute,denotes Belgian scientific and cultural organisations,,http://wikidata.org/entity/Q2288140
Q1789476,2,bibliographic database,database providing an authoritative source of bibliographic information,,http://wikidata.org/entity/Q1789476
Q71084,1,First French Empire,"empire of Napoleon I of France, from 1804 to 1815",Q3024240,http://wikidata.org/entity/Q71084
Q15864,1,United Kingdom of the Netherlands,Kingdom of the Netherlands from 1815 to 1839,Q3024240,http://wikidata.org/entity/Q15864
Q16147981,2,royal chapel,"chapel associated with a monarch, a royal court, or in a royal palace",,http://wikidata.org/entity/Q16147981
Q18654830,2,palatine chapel,chapel pertaining to a palace,,http://wikidata.org/entity/Q18654830
Q243122,1,Ferdinand III of Castille,"13th-century saint and king of Castile, Leon and Galicia",Q5,http://wikidata.org/entity/Q243122
Q56242063,2,Protestant church building,church building affiliated with a protestant denomination,Q811102,http://wikidata.org/entity/Q56242063
Q29999,22,Kingdom of the Netherlands,transcontinental sovereign state and constitutional monarchy,Q3624078,http://wikidata.org/entity/Q29999
Q15304003,2,country of the Kingdom of the Netherlands,constituent country of the Kingdom of the Netherlands,,http://wikidata.org/entity/Q15304003
Q6256,8,country,distinct territorial body or political entity,Q15617994,http://wikidata.org/entity/Q6256
Q117531692,2,creative residency,cultural venue promoting residency programmes,Q151885,http://wikidata.org/entity/Q117531692
Q271676,1,Charles Le Brun,17th-century French painter and art theorist (1619—1690),Q5,http://wikidata.org/entity/Q271676
Q1015103,2,castle chapel,chapel built within a castle,,http://wikidata.org/entity/Q1015103
Q2772772,2,military museum,museum of military and war,Q63982911,http://wikidata.org/entity/Q2772772
Q614316,3,private museum,a museum owned by an individual or organization,Q63982911,http://wikidata.org/entity/Q614316
Q3914,2,school,institution for the education of students by teachers,Q122754124,http://wikidata.org/entity/Q3914
Q2348743,2,Stiftsgymnasium,gymnasium supportet/operated by a foundation,,http://wikidata.org/entity/Q2348743
Q28653,3,mendicant order,Type of religious lifestyle,Q23847174,http://wikidata.org/entity/Q28653
Q315640,1,Francisco,"Italian mendicant friar, founder of the Order of Minims",Q5,http://wikidata.org/entity/Q315640
Q98807406,2,oratory,church belonging to a community within the Congregation of the Oratory of Saint Philip Neri,Q811102,http://wikidata.org/entity/Q98807406
Q375307,2,Ferenc Széchényi,Hungarian philanthropist (1754–1820),Q5,http://wikidata.org/entity/Q375307
Q3624078,6,sovereign state,state that has the highest authority over a territory,,http://wikidata.org/entity/Q3624078
Q20181813,6,colonial power,country that controls colonies,,http://wikidata.org/entity/Q20181813
Q51576574,6,Mediterranean country,country located near the Mediterranean Sea,,http://wikidata.org/entity/Q51576574
Q7270,6,republic,form of government where the head of state is elected,Q183039,http://wikidata.org/entity/Q7270
Q730706,1,London Borough of Southwark,borough in the London Region in England,Q211690,http://wikidata.org/entity/Q730706
Q132296770,2,Roman Catholic monastery,monastery held by Roman Catholic monks,Q811102,http://wikidata.org/entity/Q132296770
Q907116,2,Monument (Spain),Spanish heritage structures of cultural interest and legal figure of protection for this kind of heritage. Subcategory of BIC,Q30634609,http://wikidata.org/entity/Q907116
Q20819922,2,opera company,group or organization that produces and stages operas,Q105756498,http://wikidata.org/entity/Q20819922
Q1666235,1,Johann I. von Egloffstein,,Q5,http://wikidata.org/entity/Q1666235
Q59181052,1,Ugo Levi,Member of the Venetian jewish upper middle class of the 20th century.,Q5,http://wikidata.org/entity/Q59181052
Q59644055,1,Olga Brunner,Middle class Venetian jewish of the XX Century,Q5,http://wikidata.org/entity/Q59644055
Q2822241,2,academy of fine arts,academy specializing in fine arts,,http://wikidata.org/entity/Q2822241
Q321520,1,Peter Strudel,Austrian artist (1660-1714),Q5,http://wikidata.org/entity/Q321520
Q811979,4,architectural structure,human-designed and -made structure,Q111972893,http://wikidata.org/entity/Q811979
Q1763828,2,multi-purpose hall,"building usable for various events (sports, culture, etc.)",,http://wikidata.org/entity/Q1763828
Q135456436,2,musical society,organizations formed for the promotion or performance of music,,http://wikidata.org/entity/Q135456436
Q2079957,1,William I of the Netherlands,King of the Netherlands and Grand Duke of Luxembourg 1815–1840 (1772-1843),Q5,http://wikidata.org/entity/Q2079957
Q105763925,2,conservation library,type of library,Q25397890,http://wikidata.org/entity/Q105763925
Q380829,2,private library,library held by individual(s) or private organisations for members only,Q25397890,http://wikidata.org/entity/Q380829
Q4989906,4,monument,"imposing structure created to commemorate a person or event, or used for that purpose",,http://wikidata.org/entity/Q4989906
Q3645846,1,Bruno Molajoli,Italian art historian (1905-1985),Q5,http://wikidata.org/entity/Q3645846
Q868557,2,music festival,festival oriented towards music,Q108680062,http://wikidata.org/entity/Q868557
Q112572558,2,Departments of the Roman Curia,department,Q118905629,http://wikidata.org/entity/Q112572558
Q4002648,2,office of the Roman Curia,three specific departments of the Roman Curia,Q118905629,http://wikidata.org/entity/Q4002648
Q15487029,2,patriarchal basilica,,,http://wikidata.org/entity/Q15487029
Q162090,1,Miltiades,pope,Q5,http://wikidata.org/entity/Q162090
Q15893266,1,former entity,entity that no longer operates or is terminated,Q86098365,http://wikidata.org/entity/Q15893266
Q210588,1,umbrella term,term that brings a broad range of disparate cases under a single headword,Q137426749,http://wikidata.org/entity/Q210588
Q2061186,1,religious order,subgroup within a larger confessional community with a distinctive high-religiosity lifestyle and clear membership,,http://wikidata.org/entity/Q2061186
Q391009,1,Catholic order,catholic religious community living under solemn vows,Q1530022,http://wikidata.org/entity/Q391009
Q676555,1,Francis of Assisi,"Italian Catholic saint, friar, deacon and preacher and founder of the Franciscan Order (1181/2–1226)",Q5,http://wikidata.org/entity/Q676555
Q3167873,1,Jean-Marie de Silguy,French engineer and art collector (1785-1864),Q5,http://wikidata.org/entity/Q3167873
Q1030034,3,GLAM,"acronym for ""galleries, libraries, archives, and museums"" that refers to cultural institutions that have access to knowledge as their mission",Q3958441,http://wikidata.org/entity/Q1030034
Q18123390,2,exhibition area,area of a museum open to visitors,,http://wikidata.org/entity/Q18123390
Q708676,2,charitable organization,nonprofit organization with charitable purpose,Q10541491,http://wikidata.org/entity/Q708676
Q4287745,2,medical organization,organization which supports the field of medicine,,http://wikidata.org/entity/Q4287745
Q3329412,9,archaeological museum,museum specializing in archaeological artefacts,Q63982911,http://wikidata.org/entity/Q3329412
Q2668072,4,collection,set of purposely gathered physical or digital objects with some common characteristics,Q1128340,http://wikidata.org/entity/Q2668072
Q1254933,2,astronomical observatory,location used for observing celestial events,,http://wikidata.org/entity/Q1254933
Q879146,2,Christian denomination,identifiable Christian body with common characteristics,,http://wikidata.org/entity/Q879146
Q29300714,2,international association,association at international level,,http://wikidata.org/entity/Q29300714
Q829080,2,professional association,mission-driven organization seeking to further a particular profession,Q17197366,http://wikidata.org/entity/Q829080
Q856564,2,library association,organization of libraries for a common goal,,http://wikidata.org/entity/Q856564
Q17455058,3,music museum,museum specialising in the history of music and musical instruments,Q63982911,http://wikidata.org/entity/Q17455058
Q124750618,4,library of an Italian territorial body,,Q25397890,http://wikidata.org/entity/Q124750618
Q135713224,2,specialized museum,a museum with a collection about a specific theme,Q63982911,http://wikidata.org/entity/Q135713224
Q152727,1,Frederick William of Brandenburg,Elector of Brandenburg and Duke of Prussia,Q5,http://wikidata.org/entity/Q152727
Q62659,1,"William Ernest, Duke of Saxe-Weimar",German Duke (1662–1728),Q5,http://wikidata.org/entity/Q62659
Q19860854,1,destroyed building or structure,building or structure that has been demolished or destroyed,Q55553838,http://wikidata.org/entity/Q19860854
Q3343298,5,non-departmental public body,UK quasi-autonomous non-governmental organisation,Q10541491,http://wikidata.org/entity/Q3343298
Q202088,2,London Borough of Camden,borough in the London Region in England,Q211690,http://wikidata.org/entity/Q202088
Q1200701,4,design museum,type of museum that focuses on design,Q63982911,http://wikidata.org/entity/Q1200701
Q17000320,2,theatre museum,type of museum,Q63982911,http://wikidata.org/entity/Q17000320
Q188801,1,Royal Borough of Kensington and Chelsea,royal borough in the London Region in England,Q211690,http://wikidata.org/entity/Q188801
Q726941,1,François-Xavier Fabre,"French painter, teacher & philanthropist (1766-1837)",Q5,http://wikidata.org/entity/Q726941
Q3371051,1,Paul Deschamps,French historian (1888-1974),Q5,http://wikidata.org/entity/Q3371051
Q3386503,1,Pierre Paquet,French architect (1875–1959),Q5,http://wikidata.org/entity/Q3386503
Q5341295,4,educational organization,body with an aim of education,Q17197366,http://wikidata.org/entity/Q5341295
Q161491,1,Reading,"historic market town in Berkshire, England",Q1357964,http://wikidata.org/entity/Q161491
Q1758432,1,Wokingham,"unitary authority area in Berkshire, England, UK",Q1006876,http://wikidata.org/entity/Q1758432
Q35112127,1,historic building,structure of historic nature,Q811102,http://wikidata.org/entity/Q35112127
Q317710,1,Maurice of Saxony,Duke of Saxony and later Elector of Saxony (1521–1553),Q5,http://wikidata.org/entity/Q317710
Q92755865,3,religious museum,type of museum that documents the history and culture of religion,Q63982911,http://wikidata.org/entity/Q92755865
Q5,6,human,"any single member of Homo sapiens, unique extant species of the genus Homo",Q55983715,http://wikidata.org/entity/Q5
Q13226541,2,human spaceflight program,type of space program,,http://wikidata.org/entity/Q13226541
Q21605492,2,NASA program,series of space missions of NASA,,http://wikidata.org/entity/Q21605492
Q170584,2,project,"collaborative enterprise, frequently involving research or design, that is carefully planned to achieve a particular aim",,http://wikidata.org/entity/Q170584
Q8436,2,family,"group of people affiliated by consanguinity, law, affinity, or co-residence",Q112807602,http://wikidata.org/entity/Q8436
Q1292111,2,family of artists,family,,http://wikidata.org/entity/Q1292111
Q59629223,1,Giovanni Antonio Remondini,Italian printmaker (1634–1711),Q5,http://wikidata.org/entity/Q59629223
Q93709,1,Henry Clay Frick,American industrialist (1849-1919),Q5,http://wikidata.org/entity/Q93709
Q1200957,2,tourist destination,place attracting many tourists,Q29028649,http://wikidata.org/entity/Q1200957
Q36234,1,Charles III of Spain,King of Spain from 1759 to 1788,Q5,http://wikidata.org/entity/Q36234
Q1497649,2,memory institution,institution which has curatorial care over a collection and whose mission it is to preserve the collection for future generations,,http://wikidata.org/entity/Q1497649
Q17620767,2,State Archive,Italian State Archives,,http://wikidata.org/entity/Q17620767
Q1329623,1,cultural center,facility where culture and arts are promoted (wide definition),,http://wikidata.org/entity/Q1329623
Q13358519,2,parish,"district, where a priest preaches and exercises ecclesiastical duties",,http://wikidata.org/entity/Q13358519
Q68295960,4,Swedish government agency,state-controlled organization that act independently to carry out the policies of the Government of Sweden,,http://wikidata.org/entity/Q68295960
Q1180262,2,residenz,building or town where a sovereign ruler resided,,http://wikidata.org/entity/Q1180262
Q1401585,2,medium regional center,concept,Q151885,http://wikidata.org/entity/Q1401585
Q134626,2,district capital,capital of a German rural district,,http://wikidata.org/entity/Q134626
Q116621859,1,Greater district town in Baden-Württemberg,,,http://wikidata.org/entity/Q116621859
Q1060829,4,concert hall,,Q115211517,http://wikidata.org/entity/Q1060829
Q56242275,2,Lutheran church,religious building of the Lutheran church,,http://wikidata.org/entity/Q56242275
Q105378,1,Henry the Lion,"Welf dynasty, Duke of Saxony, as Henry III, and Duke of Bavaria, as Henry XII (1129-1195)",Q5,http://wikidata.org/entity/Q105378
Q19754035,1,Martin Brimmer,American politician and first director of the Boston Museum of Fine Arts (1829–1896),Q5,http://wikidata.org/entity/Q19754035
Q5076048,1,Charles Callahan Perkins,American artist,Q5,http://wikidata.org/entity/Q5076048
Q162157,2,chartered company,company created to colonize and trade,Q10541491,http://wikidata.org/entity/Q162157
Q6881511,2,enterprise,"organizational unit producing goods or services, which benefits from a certain degree of autonomy in decision-making, especially for the allocation of its current resources",Q2135465,http://wikidata.org/entity/Q6881511
Q26236686,2,East India company,company trading between Europe and India,Q1700154,http://wikidata.org/entity/Q26236686
Q891723,2,public company,company that offers its securities for sale to the general public,Q10541491,http://wikidata.org/entity/Q891723
Q2223310,1,Oost-Indisch Huis,former headquarters of the Dutch East India Company in Amsterdam,Q41176,http://wikidata.org/entity/Q2223310
Q17426609,1,Oost-Indisch Huis,former headquarters of the Dutch East India Company in Rotterdam,Q41176,http://wikidata.org/entity/Q17426609
Q17330391,1,Oost-Indisch Huis,former headquarters of the Dutch East India Company in Delft,Q41176,http://wikidata.org/entity/Q17330391
Q107956765,1,Oost-Indisch Huis,"local department headquarters of the VOC, Middelburg, Netherlands",Q41176,http://wikidata.org/entity/Q107956765
Q107970060,1,Oost-Indisch Huis,"local department headquarters of the VOC, Enkhuizen, Netherlands",Q41176,http://wikidata.org/entity/Q107970060
Q107970292,1,Oost-Indisch Huis,former headquarters of the Dutch East India Company in Hoorn,Q41176,http://wikidata.org/entity/Q107970292
Q2208411,2,heritage library,library that preserves specific elements from a collection permanently,,http://wikidata.org/entity/Q2208411
Q454645,1,Titus Brandsma,"Dutch Carmelite friar, Catholic priest, professor of philosophy and saint (1881–1942)",Q5,http://wikidata.org/entity/Q454645
Q1666019,2,pressure group,"class, group, or organization that wants to influence public policy and state action in its favor",,http://wikidata.org/entity/Q1666019
Q53251146,2,parliamentary archives,political archives,,http://wikidata.org/entity/Q53251146
Q115456878,2,legislative branch agency,public organization type in the U.S.,,http://wikidata.org/entity/Q115456878
Q505976,1,"Christian Albert I, Duke of Schleswig-Holstein-Gottorp",duke of Schleswig-Holstein-Gottorp,Q5,http://wikidata.org/entity/Q505976
Q583157,2,regional council,elected assembly of a French region,,http://wikidata.org/entity/Q583157
Q1007870,2,art gallery,place where art is exhibited and sometimes also sold,,http://wikidata.org/entity/Q1007870
Q223293,1,"Filippo I, Duke of Parma","Monarch of Parma, Piacenza",Q5,http://wikidata.org/entity/Q223293
Q2917176,2,savings bank,type of financial institution in Spain,Q10541491,http://wikidata.org/entity/Q2917176
Q22687,2,bank,financial institution that accepts deposits,,http://wikidata.org/entity/Q22687
Q650241,2,financial institution,institution that provides financial services for its clients or members,Q17197366,http://wikidata.org/entity/Q650241
Q64578911,2,former hospital,"building or architectural structure no longer used as a hospital, currently existing or not",,http://wikidata.org/entity/Q64578911
Q180370,2,hospital,"building for pilgrims, travelers, or the needy; term originally reserved for similar establishments of the Knights Hospitallers",,http://wikidata.org/entity/Q180370
Q1686006,2,summer residence,castle used mainly in Summer,,http://wikidata.org/entity/Q1686006
Q18330146,2,cultural foundation,foundation for the promotion of culture,,http://wikidata.org/entity/Q18330146
Q2586205,2,scientific library,research library,Q25397890,http://wikidata.org/entity/Q2586205
Q180936,1,Saint Gall,Irish disciple and saint,Q5,http://wikidata.org/entity/Q180936
Q34067897,1,Louis Hugot,"French archivist, librarian and historian",Q5,http://wikidata.org/entity/Q34067897
Q17487523,2,conservatories with regional coverage,type of music school in France,,http://wikidata.org/entity/Q17487523
Q3551775,2,university in France,public university in France,Q74817647,http://wikidata.org/entity/Q3551775
Q3487903,1,Society of Bibliophiles,group of book hobbyists,,http://wikidata.org/entity/Q3487903
Q18115193,1,Henri Helbig,Belgian historian and bibliophile (1813-1890),Q5,http://wikidata.org/entity/Q18115193
Q20605499,1,Stanislas Bormans,Belgian archivist and historian,Q5,http://wikidata.org/entity/Q20605499
Q3298839,1,Mathieu Lambert Polain,Belgian writer (1808–1872),Q5,http://wikidata.org/entity/Q3298839
Q130279335,1,Épiphane Martial,belgian lawyer,Q5,http://wikidata.org/entity/Q130279335
Q3548134,1,Ulysse Capitaine,Belgian historian (1828–1871),Q5,http://wikidata.org/entity/Q3548134
Q748019,1,scientific society,society dealing with a special field of science,,http://wikidata.org/entity/Q748019
Q1902446,2,plate glass university,group of universities established or expanded in the United Kingdom during the mid-twentieth century,,http://wikidata.org/entity/Q1902446
Q3068077,1,Heslington,"village and civil parish within the City of York, in North Yorkshire, England",Q532,http://wikidata.org/entity/Q3068077
Q66763728,1,Hinman B. Hurlbut,American businessman and a founder of the Cleveland Museum of Art,Q5,http://wikidata.org/entity/Q66763728
Q80874005,1,John Huntington,American businessman and philanthropist (1832–1893),Q5,http://wikidata.org/entity/Q80874005
Q66448841,1,Horace Kelley,American industrialist and philanthropist,Q5,http://wikidata.org/entity/Q66448841
Q21794020,1,Jeptha Wade,"American entrepreneur, daguerreotypist and portrait painter (1811-1890)",Q5,http://wikidata.org/entity/Q21794020
Q23954868,1,Jeptha Homer Wade II,"American financier, philanthropist, and art collector (1857–1926)",Q5,http://wikidata.org/entity/Q23954868
Q105338594,2,diocesan library,type of library,Q25397890,http://wikidata.org/entity/Q105338594
Q1700154,2,colonial society,,Q17197366,http://wikidata.org/entity/Q1700154
Q219407,2,Ponzi scheme,fraudulent investment scheme that pays earlier investors with proceeds from later investors,Q130583773,http://wikidata.org/entity/Q219407
Q51056,1,Franz Joseph I of Austria,Emperor of Austria and King of Hungary (1830-1916),Q5,http://wikidata.org/entity/Q51056
Q18674739,2,event venue,"location suitable for hosting events, indoors or outdoors",,http://wikidata.org/entity/Q18674739
Q1378975,2,convention center,building designed to hold a convention,,http://wikidata.org/entity/Q1378975
Q52341833,4,state archives,archive of a state,Q636033,http://wikidata.org/entity/Q52341833
Q27032392,2,regional archive,archive with a regional scope,Q636033,http://wikidata.org/entity/Q27032392
Q1802122,2,German state agency,government agency of a German state,,http://wikidata.org/entity/Q1802122
Q71738398,1,Johan Schoonderbeek,Dutch musician,Q5,http://wikidata.org/entity/Q71738398
Q385994,2,special library,specialized library providing resources on a particular topic or discipline,Q25397890,http://wikidata.org/entity/Q385994
Q9134984,2,secularized monastery,,,http://wikidata.org/entity/Q9134984
Q445396,2,print room,"collection of prints, and sometimes drawings, watercolours and photographs",,http://wikidata.org/entity/Q445396
Q44361,1,Ludwig I of Bavaria,King of Bavaria (1786-1868),Q5,http://wikidata.org/entity/Q44361
Q2528876,1,Vittorio Cini,"Italian politician, entrepreneur and art collector (1885-1977)",Q5,http://wikidata.org/entity/Q2528876
Q588140,1,science museum,museum devoted primarily to science,Q63982911,http://wikidata.org/entity/Q588140
Q1970365,1,natural history museum,institution that displays exhibits of natural historical significance,Q63982911,http://wikidata.org/entity/Q1970365
Q474430,1,Pieter Teyler van der Hulst,Dutch Mennonite cloth merchant and art collector (1702-1778),Q5,http://wikidata.org/entity/Q474430
Q310326,1,Hans Sloane,"Irish botanist, doctor, and collector (1660-1753)",Q5,http://wikidata.org/entity/Q310326
Q429834,1,Metropolitan Borough of Holborn,metropolitan borough in London,Q9046617,http://wikidata.org/entity/Q429834
Q1664720,2,institute,organizational body created for a certain purpose,Q17197366,http://wikidata.org/entity/Q1664720
Q223393,5,literary genre,category of literary composition,Q19478619,http://wikidata.org/entity/Q223393
Q108329096,1,art genre by arts form,refers to a genre which is exactly the intersection between an art form and a more general art genre,Q19478619,http://wikidata.org/entity/Q108329096
Q627436,4,field of work,particular area of activity in industry and science,Q19478619,http://wikidata.org/entity/Q627436
Q15706467,1,biographical work,genre that dramatizes the life of an actual person or people,Q108466143,http://wikidata.org/entity/Q15706467
Q20540385,1,non-fiction work,piece of literary work that consists in covering a specific subject in a plausible manner,Q110169000,http://wikidata.org/entity/Q20540385
Q1047113,12,field of study,field limited to a specific area of ​​knowledge; specialization in an occupation or branch of learning; a specific use,Q110402867,http://wikidata.org/entity/Q1047113
Q11862829,26,academic discipline,academic field of study or profession,Q110402867,http://wikidata.org/entity/Q11862829
Q47728,3,hobby,regular leisure activity that is done usually for enjoyment,,http://wikidata.org/entity/Q47728
Q82604,2,design,creation of a plan or convention for the construction of an object or a system; process of creation; act of creativity and innovation,Q1047113,http://wikidata.org/entity/Q82604
Q862597,8,musical form,overall structure or plan of a piece of music,Q19478619,http://wikidata.org/entity/Q862597
Q2001982,1,notation,system of symbols to represent facts or quantities,,http://wikidata.org/entity/Q2001982
Q11177771,2,artistic technique,method by which art is produced,,http://wikidata.org/entity/Q11177771
Q56055944,7,type of arts,"form of the arts distinguished by its medium of expression (e.g. literature, music, visual arts)",Q19478619,http://wikidata.org/entity/Q56055944
Q268592,2,industry,"group of firms that produce a closely related set of raw materials, goods, or services",Q29028649,http://wikidata.org/entity/Q268592
Q1914636,7,activity,series of actions done by an agent which results in an external change of state,Q116505632,http://wikidata.org/entity/Q1914636
Q115211517,7,musical concept,type of artistic concept,,http://wikidata.org/entity/Q115211517
Q2188189,1,musical work,"generic term for any work of art related to music, i.e. songs, compositions, groups of compositions, sheet music, melodies, albums, musical films, etc.",Q116474095,http://wikidata.org/entity/Q2188189
Q2910675,1,unfinished creative work,creative work that has not been finished,,http://wikidata.org/entity/Q2910675
Q30142173,1,sign of authenticity,,,http://wikidata.org/entity/Q30142173
Q11341687,1,mark,medium of conveying meaning,,http://wikidata.org/entity/Q11341687
Q2267705,7,field of study,field of study leading to a specific degree,,http://wikidata.org/entity/Q2267705
Q173799,2,entertainment,activity that holds attention or gives pleasure,,http://wikidata.org/entity/Q173799
Q2018526,2,arts,"group of creative disciplines in which human expression and creativity, usually influenced by culture (use Q2018526 for the general concept of art)",Q3958441,http://wikidata.org/entity/Q2018526
Q188451,11,music genre,category that identifies pieces of music as belonging to a shared tradition or set of conventions,Q151885,http://wikidata.org/entity/Q188451
Q7777573,2,theatrical genre,division and subdivisions of various forms of theater,Q19478619,http://wikidata.org/entity/Q7777573
Q811102,1,type of building,Wikidata metaclass for building and architectural typology,Q5962346,http://wikidata.org/entity/Q811102
Q57821,1,fortification,military constructions and buildings designed for defense in warfare and military bases,,http://wikidata.org/entity/Q57821
Q96597597,1,castle courtyard,"inner courtyard of a castle, around which the different units are organized",Q391414,http://wikidata.org/entity/Q96597597
Q91165,1,keep,type of fortified tower built within castles during the Middle Ages by European nobility,Q811102,http://wikidata.org/entity/Q91165
Q57346,1,defensive wall,fortification used to protect an area from potential aggressors,,http://wikidata.org/entity/Q57346
Q107487333,4,type of musical work/composition,Wikidata metaclass,Q19478619,http://wikidata.org/entity/Q107487333
Q9730,2,classical music,broad tradition of Western art music,Q188451,http://wikidata.org/entity/Q9730
Q207628,6,composed musical work,"original piece or work of music, either vocal or instrumental",Q116474095,http://wikidata.org/entity/Q207628
Q115484611,2,music,"set of organized sounds considered melodic or, more generally, musical",,http://wikidata.org/entity/Q115484611
Q108634029,1,gathering,act of bringing items together,,http://wikidata.org/entity/Q108634029
Q60075825,1,Christian holy day,religious day within Christianity,Q134485872,http://wikidata.org/entity/Q60075825
Q1197685,1,public holiday,"holiday generally established by law, usually a non-working day for most people",Q134485872,http://wikidata.org/entity/Q1197685
Q5440532,1,federal holiday in the United States,federal holiday recognized by the Government of the USA,,http://wikidata.org/entity/Q5440532
Q3010205,1,celebration,social event,,http://wikidata.org/entity/Q3010205
Q106010,1,Christmas Eve,evening or entire day before Christmas Day,Q1197685,http://wikidata.org/entity/Q106010
Q2703710,1,Christmas Day,Christian holiday occurring on 25 December,Q1445650,http://wikidata.org/entity/Q2703710
Q1366863,1,Saint Stephen's Day,holiday occurring on 26 December,Q1445650,http://wikidata.org/entity/Q1366863
Q15113728,1,Second Day of Christmas,holiday celebrated on 26 December,Q375011,http://wikidata.org/entity/Q15113728
Q956699,1,Boxing Day,"bank or public holiday that occurs on 26 December, or the first or second weekday after Christmas Day",Q1197685,http://wikidata.org/entity/Q956699
Q833053,2,theme,musical melody on which a composition is based,Q115211517,http://wikidata.org/entity/Q833053
Q11019,2,machine,set of moving and fixed elements that uses energy to perform an intended action,Q104086571,http://wikidata.org/entity/Q11019
Q4198689,1,metrological mechanism,,,http://wikidata.org/entity/Q4198689
Q42622779,1,timepiece,device for measuring or recording the passage of time,,http://wikidata.org/entity/Q42622779
Q115923123,1,decorative object,object used as decoration,,http://wikidata.org/entity/Q115923123
Q33742,1,natural language,"language naturally spoken by humans, as opposed to ""constructed"" and ""formal"" languages",Q20829075,http://wikidata.org/entity/Q33742
Q1288568,1,modern language,language in current use,Q20829075,http://wikidata.org/entity/Q1288568
Q34770,2,language,"particular system of communication, often named for the region or peoples that use it",Q28923954,http://wikidata.org/entity/Q34770
Q152559,1,macrolanguage,language scope defined in the ISO 639-3 standard,Q28923954,http://wikidata.org/entity/Q152559
Q399495,1,standard language,language variety used by a population in their public discourse (for public purposes); standardized language that has at least one standard variety besides its other varieties; variety that has undergone standardization,Q20829075,http://wikidata.org/entity/Q399495
Q1097949,1,literary language,"form of a language used in its literary writing, either a non-standard dialect or standardized variety of the language",Q20829075,http://wikidata.org/entity/Q1097949
Q20162172,1,human language,"set of all languages currently or formerly spoken, written, or signed by humans (excluding computer languages and mathematical/logically-formal languages)",Q28923954,http://wikidata.org/entity/Q20162172
Q1346342,1,Anglic,group of languages including English and Scots,Q25295,http://wikidata.org/entity/Q1346342
Q5329170,1,Anglo-Frisian,group of West Germanic languages,Q25295,http://wikidata.org/entity/Q5329170
Q7985,1,received pronunciation,standard accent for British English,Q16001535,http://wikidata.org/entity/Q7985
Q7976,1,American English,set of dialects of the English language spoken in the United States,Q951873,http://wikidata.org/entity/Q7976
Q44679,1,Australian English,set of varieties of the English language native to Australia,Q951873,http://wikidata.org/entity/Q44679
Q1348800,1,Indian English,group of English dialects spoken primarily in the Indian subcontinent,Q33384,http://wikidata.org/entity/Q1348800
Q44676,1,Canadian English,set of varieties of the English language native to Canada,Q34770,http://wikidata.org/entity/Q44676
Q7979,1,British English,forms of the English language used in Britain,Q951873,http://wikidata.org/entity/Q7979
Q1553250,1,Scottish English,varieties of English spoken in Scotland,Q33384,http://wikidata.org/entity/Q1553250
Q665624,1,Hiberno-English,set of Irish-English dialects natively written and spoken within the island of Ireland,Q33384,http://wikidata.org/entity/Q665624
Q2363292,1,Welsh English,dialect within the English language,Q33384,http://wikidata.org/entity/Q2363292
Q7269768,1,Quebec English,form of the Germanic language as spoken in the Canadian province of Quebec,Q33384,http://wikidata.org/entity/Q7269768
Q4567134,1,Caribbean English,varieties of English,Q1208380,http://wikidata.org/entity/Q4567134
Q8002,1,African American Vernacular English,non-standard variety of English spoken by most working- and middle-class African Americans and some Black Canadians,Q4388326,http://wikidata.org/entity/Q8002
Q23580217,1,European English,set of varieties of English used in Continental Europe,Q33384,http://wikidata.org/entity/Q23580217
Q1156228,1,South African English,dialect and set of English dialects native to South Africans,Q33384,http://wikidata.org/entity/Q1156228
Q12859294,1,Pakistani English,group of English language varieties spoken and written in Pakistan,Q33384,http://wikidata.org/entity/Q12859294
Q7033019,1,Nigerian English,dialect of English spoken in Nigeria,Q33384,http://wikidata.org/entity/Q7033019
Q44661,1,New Zealand English,dialect within the English language,Q33384,http://wikidata.org/entity/Q44661
Q603200,1,Jamaican English,dialect,Q1288568,http://wikidata.org/entity/Q603200
Q111911970,1,Belizean English,variety of English,Q33384,http://wikidata.org/entity/Q111911970
Q1068863,1,Hong Kong English,variety of English,Q33384,http://wikidata.org/entity/Q1068863
Q66724591,1,non-English,language is not English,,http://wikidata.org/entity/Q66724591
Q110749524,1,show business profession,type of profession,Q24017414,http://wikidata.org/entity/Q110749524
Q4801269,1,artistic director,person who directs a musical ensemble,Q66715801,http://wikidata.org/entity/Q4801269
Q1776724,3,theatre manager,person who manages a theatre,Q28640,http://wikidata.org/entity/Q1776724
Q2961975,1,business executive,"person responsible for running a business, or an aspect of it",Q28640,http://wikidata.org/entity/Q2961975
Q47541952,1,producer,media and entertainment occupation,Q28640,http://wikidata.org/entity/Q47541952
Q110295396,3,type of musical instrument,Wikidata metaclass,Q19478619,http://wikidata.org/entity/Q110295396
Q34379,2,musical instrument,device created or adapted to make musical sounds,Q96251598,http://wikidata.org/entity/Q34379
Q49447,2,world view,fundamental cognitive orientation of an individual or society encompassing the entirety of the individual or society's knowledge and point of view,Q151885,http://wikidata.org/entity/Q49447
Q1387659,1,school of thought,group of people sharing common outlook on an academic issue or field,,http://wikidata.org/entity/Q1387659
Q58927801,1,ethical theory,philosophically coherent set of propositions related to ethics or morality,Q33104279,http://wikidata.org/entity/Q58927801
Q2198855,3,cultural movement,period and movement in cultural history,,http://wikidata.org/entity/Q2198855
Q290509,1,antihumanism,"philosophical and social theory, critical of traditional humanism",Q5389993,http://wikidata.org/entity/Q290509
Q71128988,1,pharmacological and toxicological phenomena and processes,"drug, toxin, and poison metabolism, and their interactions and effects on biological systems",,http://wikidata.org/entity/Q71128988
Q851990,1,population group,demographic classification of people,Q112807602,http://wikidata.org/entity/Q851990
Q134264207,1,class of human,collection of humans defined by common characteristics,Q19478619,http://wikidata.org/entity/Q134264207
Q1516282,1,juvenile,"individual organism that has not yet reached its adult form, sexual maturity, size",Q1811014,http://wikidata.org/entity/Q1516282
Q4263830,1,literary form,category of literary works distinguished by formal characteristics without consideration of content,Q19478619,http://wikidata.org/entity/Q4263830
Q13136,1,reference work,genre of work to which one can refer for confirmed facts,Q223393,http://wikidata.org/entity/Q13136
Q6423319,1,knowledge organization system,"generic term used in knowledge organization about authority files, classification schemes, thesauri, topic maps, ontologies etc.",Q96116695,http://wikidata.org/entity/Q6423319
Q1063801,1,tertiary source,index or textual consolidation of primary and secondary sources,,http://wikidata.org/entity/Q1063801
Q2217301,1,serial,"publication in any medium issued under the same title in a succession of discrete parts, usually numbered (or dated) and appearing at regular or irregular intervals with no predetermined conclusion",Q39725049,http://wikidata.org/entity/Q2217301
Q18168594,1,lexicon,type of reference work,Q4263830,http://wikidata.org/entity/Q18168594
Q1400264,1,artist collective,group of artists who create works together,Q16334295,http://wikidata.org/entity/Q1400264
Q136653105,1,type of industry,metaclass for industry,Q24017414,http://wikidata.org/entity/Q136653105
Q746359,1,music industry,companies and individuals that create and sell music and make money off of sales,Q136653105,http://wikidata.org/entity/Q746359
Q839546,1,machine element,elementary component of a machine,Q44409287,http://wikidata.org/entity/Q839546
Q239001,1,control panel,flat area where control or monitoring instruments are displayed,,http://wikidata.org/entity/Q239001
Q88563556,1,,,,http://wikidata.org/entity/Q88563556
Q4894405,1,journalism genre,"various journalism styles, fields or separate genres, in writing accounts of events",,http://wikidata.org/entity/Q4894405
Q3059502,1,critique,"method of disciplined, systematic analysis of a written or oral discourse",Q483394,http://wikidata.org/entity/Q3059502
Q107478770,1,type of document,type or class of documents,Q19478619,http://wikidata.org/entity/Q107478770
Q110452794,2,form of creative work,Wikidata metaclass,Q19478619,http://wikidata.org/entity/Q110452794
Q18593264,1,item of collection or exhibition,"defines an item, such as an object or document, that is a member of a collection or part of a repository",,http://wikidata.org/entity/Q18593264
Q49848,1,document,form for preservation of structured and identified information,,http://wikidata.org/entity/Q49848
Q3331189,1,"version, edition or translation","specific version of a work, resulting from its edition, adaptation, or translation; set of substantially similar copies of a work (use with P31 [""instance of""])",Q11723795,http://wikidata.org/entity/Q3331189
Q110304307,1,two-dimensional visual artwork,"artwork primarily or entirely limited to two spatial dimensions; most paintings, drawings, prints, etc.",,http://wikidata.org/entity/Q110304307
Q1668556,2,paper product,product made from paper,,http://wikidata.org/entity/Q1668556
Q133492,1,letter,written message from one to another,Q223393,http://wikidata.org/entity/Q133492
Q52560700,1,fold,sharp bend or curve in a material such that it lays over itself,,http://wikidata.org/entity/Q52560700
Q686831,1,book design,"styling, formatting and designing the layout of a book's contents",Q1047113,http://wikidata.org/entity/Q686831
Q998555,1,book illustration,illustration which appears in books,Q483394,http://wikidata.org/entity/Q998555
Q116037313,1,arts and crafts toy,"toy that children can use to make things themselves, like drawings, paintings, works of crafts",Q63981612,http://wikidata.org/entity/Q116037313
Q1523267,1,ephemera,things that are meant to exist or be used for only a short time,,http://wikidata.org/entity/Q1523267
Q4671286,11,academic major,focus of academic study leading to a degree,,http://wikidata.org/entity/Q4671286
Q2465832,3,branch of science,field of scientific study,Q110402867,http://wikidata.org/entity/Q2465832
Q483394,2,genre,"category of creative works based on stylistic, thematic or technical criteria",Q19478619,http://wikidata.org/entity/Q483394
Q105948247,1,knowledge system,systems of knowledge produced over time through interactions with other human beings,Q96116695,http://wikidata.org/entity/Q105948247
Q24034552,1,mathematical concept,abstract entity in mathematics,Q23958852,http://wikidata.org/entity/Q24034552
Q11696608,4,elements of music,"characteristic, dimension, or element taken as a part or component of music",Q115211517,http://wikidata.org/entity/Q11696608
Q65313765,1,disharmony,opposite of harmony,Q115211517,http://wikidata.org/entity/Q65313765
Q1824109,2,song form,"music form based on verse metrics (lines, stanzas) in common with the strophicity of dance music",Q862597,http://wikidata.org/entity/Q1824109
Q5185279,1,poem,"form of literature, work of poetry, often composed of verses",Q4263830,http://wikidata.org/entity/Q5185279
Q110592632,1,music of the Iberian Peninsula,music genre,Q75054287,http://wikidata.org/entity/Q110592632
Q816264,1,formal science,"set of disciplines concerned with formal systems, such as logic, mathematics, and game theory",Q2465832,http://wikidata.org/entity/Q816264
Q2878974,1,theoretical computer science,subfield of computer science and mathematics,Q123370638,http://wikidata.org/entity/Q2878974
Q538722,1,applied computer science,"area of computer science that do not fall under the umbrella of theoretical computer science, but based on practical technical implementations",Q4671286,http://wikidata.org/entity/Q538722
Q29431432,1,dyad,concrete group of 2 specific members,Q99469810,http://wikidata.org/entity/Q29431432
Q1292119,1,style,"manner of expression particular to a specific period, group, or person",Q151885,http://wikidata.org/entity/Q1292119
Q7777494,1,theatre music,"music for staged works, whether composed as an integral part of the work (e.g., operas) or to otherwise accompany or enhance it (e.g., incidental music)",Q188451,http://wikidata.org/entity/Q7777494
Q6023295,2,funerary structure,ceremonial structure built for funerals or burials,,http://wikidata.org/entity/Q6023295
Q5003624,1,memorial,"area or object, smaller than a monument, which serves as a focus for memory of something",,http://wikidata.org/entity/Q5003624
Q108325,1,chapel,"small place, building or room of Christian fellowship or worship, may be attached or not to a larger institution or part of a building",Q811102,http://wikidata.org/entity/Q108325
Q2196917,1,church chapel,part of church,Q50556809,http://wikidata.org/entity/Q2196917
Q133575421,1,auxiliary chapel,all the chapels inside a church except the main chapel,Q50556809,http://wikidata.org/entity/Q133575421
Q18783400,1,genre of sculpture,genre,Q19478619,http://wikidata.org/entity/Q18783400
Q337060,1,perceptible physical object,entity that is physically perceptible,,http://wikidata.org/entity/Q337060
Q11784425,1,physical model,tangible representation of an object or system,,http://wikidata.org/entity/Q11784425
Q220659,1,archaeological artefact,something made or modified by humans and of archaeological interest,,http://wikidata.org/entity/Q220659
Q8205328,1,artificial physical object,physical object made or shaped by humans,Q96251598,http://wikidata.org/entity/Q8205328
Q11422,1,toy,object intended to be played with,Q63981612,http://wikidata.org/entity/Q11422
Q17737,1,theory,"contemplative and rational type of abstract or generalizing thinking, or the results of such thinking",,http://wikidata.org/entity/Q17737
Q3306516,1,pace,the tempo or rhythm that events happen,,http://wikidata.org/entity/Q3306516
Q117898917,1,,,,http://wikidata.org/entity/Q117898917
Q125542526,1,type of activity,meta class for activity,Q19478619,http://wikidata.org/entity/Q125542526
Q9311671,1,residential child care community,type of residential care for children,,http://wikidata.org/entity/Q9311671
Q217602,1,analysis,"process of applying analytical methods to existing data of a specific type, breaking a complex topic or substance into smaller parts in order to gain a better understanding of it",,http://wikidata.org/entity/Q217602
Q33104279,1,philosophical concept,concept used in philosophy,Q137429456,http://wikidata.org/entity/Q33104279
Q2146099,1,impersonation,taking on an identity that is not one's own,,http://wikidata.org/entity/Q2146099
Q106238462,1,genre of piyyut,,Q19478619,http://wikidata.org/entity/Q106238462
Q111972893,1,type of structure,Wikidata metaclass of arrangement and organization of interrelated elements in an object or system,Q19478619,http://wikidata.org/entity/Q111972893
Q1639408,1,musical parameter,measurable aspect in music,Q115211517,http://wikidata.org/entity/Q1639408
Q1254773,3,family of musical instruments,grouping of different but related types of instruments,Q24017414,http://wikidata.org/entity/Q1254773
Q5307737,1,alcohol drinking establishment,business whose primary function is the serving of alcoholic beverages for consumption on the premises,,http://wikidata.org/entity/Q5307737
Q1051772,1,chordophone,class of musical instruments that makes sound by way of a vibrating string or strings stretched between two points,Q1254773,http://wikidata.org/entity/Q1051772
Q125092269,1,type of conflict,Wikidata metaclass for conflicts in various situations,Q19478619,http://wikidata.org/entity/Q125092269
Q17524420,2,aspect of history,topic viewed from a historical point of view,Q19478619,http://wikidata.org/entity/Q17524420
Q350604,1,armed conflict,conflict including violence where at least one of the acting groups is a state,Q125092269,http://wikidata.org/entity/Q350604
Q1920219,3,social issue,problem that influences a considerable number of individuals within a society,Q130286945,http://wikidata.org/entity/Q1920219
Q1190554,3,occurrence,occurrence of a fact or object in space-time; instantiation of a property in an object,,http://wikidata.org/entity/Q1190554
Q15835236,1,military action,use of the armed forces as a means of executive power,,http://wikidata.org/entity/Q15835236
Q17091170,1,group conflict,hostilities between different groups,Q125092269,http://wikidata.org/entity/Q17091170
Q6428674,1,era,"span of time marked by people, events, geological periods, etc.",,http://wikidata.org/entity/Q6428674
Q178561,1,battle,"part of a war which is well defined in duration, area and force commitment",Q125092269,http://wikidata.org/entity/Q178561
Q105370834,1,war phase,,,http://wikidata.org/entity/Q105370834
Q454,1,peace,state of harmony characterized by lack of violent conflict and freedom from fear of violence,Q129510955,http://wikidata.org/entity/Q454
Q517596,1,mechanism,device designed to transform input forces and movement into a desired set of output forces and movement,,http://wikidata.org/entity/Q517596
Q28640,4,profession,occupation requiring specialized training,Q19478619,http://wikidata.org/entity/Q28640
Q11488158,2,corporate title,titles given in an organization to show what duties and responsibilities a person has,,http://wikidata.org/entity/Q11488158
Q108290289,1,senior government officials,,Q108300140,http://wikidata.org/entity/Q108290289
Q599151,2,official,someone who holds a high government office,Q12737077,http://wikidata.org/entity/Q599151
Q372436,1,statesperson,civil servant or politician in high government offices,Q12737077,http://wikidata.org/entity/Q372436
Q108163,1,proposition,idea that is true or false and may be expressed in a declarative sentence,Q33104279,http://wikidata.org/entity/Q108163
Q321703,1,premise,statement that an argument claims will induce or justify a conclusion,,http://wikidata.org/entity/Q321703
Q386724,1,work,intellectual or artistic creation,,http://wikidata.org/entity/Q386724
Q96634632,1,psychology concept,concept used in psychology,Q137429456,http://wikidata.org/entity/Q96634632
Q125161275,1,type of intelligence,Wikidata metaclass for intelligence or cleverness,Q19478619,http://wikidata.org/entity/Q125161275
Q781413,1,cognitive process,,Q116505632,http://wikidata.org/entity/Q781413
Q105756498,3,type of musical group,"Wikidata metaclass; type of musical group, band or ensemble, defined by genre, by instrumentation, or some other criteria",Q19478619,http://wikidata.org/entity/Q105756498
Q108586636,1,form of event,"metaclass, grouping forms and types of events by specificity",Q19478619,http://wikidata.org/entity/Q108586636
Q1656682,2,event,"temporary and scheduled happening, like a conference, festival, competition or similar",,http://wikidata.org/entity/Q1656682
Q770723,1,auxiliary science of history,scholarly disciplines which help evaluate and use historical sources and are seen as auxiliary for historical research,Q11862829,http://wikidata.org/entity/Q770723
Q1066186,2,study of history,academic discipline that studies past events,Q11862829,http://wikidata.org/entity/Q1066186
Q216745,1,ostinato,"a melodic, rhythmic or harmonic motif that is constantly repeated in a composition or fragment",Q504514,http://wikidata.org/entity/Q216745
Q466439,2,Extremism,ideology and behavior considered as extreme in a pejorative sense,Q7257,http://wikidata.org/entity/Q466439
Q2571535,2,political crime,"offense against the state, its government, or the political system",,http://wikidata.org/entity/Q2571535
Q86923152,2,risk source,"fundamental driver, circumstance or action that causes risks in a project, organization, or any other entity",Q112234259,http://wikidata.org/entity/Q86923152
Q19890758,2,political activism,variety of activism focused on politics,Q179805,http://wikidata.org/entity/Q19890758
Q909459,2,counter-terrorism,activity to defend against or prevent terrorist actions,,http://wikidata.org/entity/Q909459
Q110401282,1,type of world view,Wikidata metaclass,Q19478619,http://wikidata.org/entity/Q110401282
Q11042,2,culture,shared aspects of a society's way of life,Q151885,http://wikidata.org/entity/Q11042
Q82821,2,tradition,custom passed down through generations,,http://wikidata.org/entity/Q82821
Q5390013,1,belief system,set of mutually supportive beliefs,,http://wikidata.org/entity/Q5390013
Q136485030,1,non-rational belief system,"a structured way of thinking and making sense of the world that is not primarily based on logic, empirical evidence, or scientific methods",Q2063340,http://wikidata.org/entity/Q136485030
Q111133779,1,list of saints,a list of people noted for their holiness or virtue,,http://wikidata.org/entity/Q111133779
Q565005,1,antireligion,"opposition to religion; used to describe opposition to organized religion, or to describe a broader opposition to any form of belief in the supernatural or the divine; distinct from atheism",Q49447,http://wikidata.org/entity/Q565005
Q124490,1,violence,"destructive action characterized by lack of empathy and involving communication, manipulation, coercion and/or punishment",Q26256810,http://wikidata.org/entity/Q124490
Q252000,1,oppression,control of people by others,,http://wikidata.org/entity/Q252000
Q66715801,3,musical profession,musical vocation founded upon specialized musical training or mastery of an instrument,,http://wikidata.org/entity/Q66715801
Q3529618,1,academic title,title to indicate the completion of a course of study or the extent of academic achievement,,http://wikidata.org/entity/Q3529618
Q974144,1,educator,"occupation which teaches others knowledge, skills, and habits",Q28640,http://wikidata.org/entity/Q974144
Q116751803,1,composing,cross-art creation of work of art,,http://wikidata.org/entity/Q116751803
Q1745370,1,film stock,medium used for recording motion pictures,Q104481353,http://wikidata.org/entity/Q1745370
Q830450,1,microform,"scaled-down reproductions of documents made for the purposes of transmission, storage, reading, and printing",,http://wikidata.org/entity/Q830450
Q14632398,1,physical science,branch of natural science that studies non-living systems,Q2465832,http://wikidata.org/entity/Q14632398
Q11351,1,organic chemistry,"subdiscipline within chemistry involving the scientific study of carbon-based compounds, hydrocarbons, and their derivatives",Q11790203,http://wikidata.org/entity/Q11351
Q11372,1,physical chemistry,"study of macroscopic, atomic, subatomic, and particulate phenomena in chemical systems in terms of laws and concepts of physics",Q11790203,http://wikidata.org/entity/Q11372
Q11165,1,inorganic chemistry,study of the synthesis and behavior of inorganic and organometallic compounds,Q11790203,http://wikidata.org/entity/Q11165
Q369472,1,computational chemistry,branch of chemistry,Q11790203,http://wikidata.org/entity/Q369472
Q321150,1,theoretical chemistry,branch of chemistry which develops and applies theoretical concepts,Q11790203,http://wikidata.org/entity/Q321150
Q7094,1,biochemistry,study of chemical processes in living organisms,Q1665984,http://wikidata.org/entity/Q7094
Q2346,1,analytical chemistry,"study of the separation, identification, and quantification of the chemical components of materials",Q11790203,http://wikidata.org/entity/Q2346
Q910172,1,food chemistry,study of chemical processes and interactions of all biological and non-biological components of foods,Q11790203,http://wikidata.org/entity/Q910172
Q321355,1,environmental chemistry,scientific study of the chemical and biochemical phenomena that occur in natural places,Q11790203,http://wikidata.org/entity/Q321355
Q750446,1,polymer chemistry,"chemistry subdiscipline that deals with the structures, chemical synthesis and properties of polymers",Q11790203,http://wikidata.org/entity/Q750446
Q4164871,2,position,social role with a set of powers and responsibilities within an organization,,http://wikidata.org/entity/Q4164871
Q117023459,2,type of institution,Wikidata metaclass,Q24017414,http://wikidata.org/entity/Q117023459
Q17587988,1,symmetry of music,,,http://wikidata.org/entity/Q17587988
Q11072804,1,instrumental ensemble,musical ensemble consisting solely of instruments,Q105756498,http://wikidata.org/entity/Q11072804
Q106834231,1,music by period of time,"overview of music from a historical perspective, where the described music cannot go beyond the historical scope",Q19478619,http://wikidata.org/entity/Q106834231
Q3958441,1,economic sector,conceptual grouping of economic activities,Q5962346,http://wikidata.org/entity/Q3958441
Q1801887,1,agriculture and forestry,industry combining agriculture and forestry,Q268592,http://wikidata.org/entity/Q1801887
Q357279,1,cultivation,creation and maintenance of conditions that ensure the growth of certain organisms,,http://wikidata.org/entity/Q357279
Q1792379,1,art genre,"form of art in terms of a medium, format or theme",Q19478619,http://wikidata.org/entity/Q1792379
Q12737077,5,occupation,label applied to a person based on an activity they participate in,Q24017414,http://wikidata.org/entity/Q12737077
Q215627,1,person,"being that has certain capacities or attributes constituting personhood (for humans, use Q5 [human] with P31 [instance of])",,http://wikidata.org/entity/Q215627
Q3099911,1,scientific instrument,equipment specifically designed to facilitate the acquisition of scientific data,Q123588392,http://wikidata.org/entity/Q3099911
Q628455,1,rite,ceremonial act marked by the liturgy of a religion,,http://wikidata.org/entity/Q628455
Q331055,1,burial,ritual act of placing a dead person into the ground,Q1190554,http://wikidata.org/entity/Q331055
Q207315,1,cremation,disposition of a dead body by burning,Q5282671,http://wikidata.org/entity/Q207315
Q630013,1,burial at sea,method of burial,Q11621153,http://wikidata.org/entity/Q630013
Q567603,1,unmarked grave,a grave without a marker or monument,,http://wikidata.org/entity/Q567603
Q4998809,1,burial tree,tree or simple structure used for supporting corpses,Q201676,http://wikidata.org/entity/Q4998809
Q124650093,1,funeral invoice,itemized expenses for a funeral,Q190581,http://wikidata.org/entity/Q124650093
Q184418,1,coffin,"container for transport, laying out and the burial of a corpse",,http://wikidata.org/entity/Q184418
Q203443,1,tombstone,"stele or marker, usually stone, that is placed over a grave",Q11028,http://wikidata.org/entity/Q203443
Q855743,1,hearse,large funeral vehicle,,http://wikidata.org/entity/Q855743
Q751982,1,funeral procession,public organized movement of mourners along a route as a funeral custom,Q25616502,http://wikidata.org/entity/Q751982
Q12909644,1,political ideology,"ideology that advocates social, political and economic organization of human life",Q110401282,http://wikidata.org/entity/Q12909644
Q3048444,1,school of economic thought,group of economic thinkers who share or shared a common perspective on the way economies work,Q130804054,http://wikidata.org/entity/Q3048444
Q19659292,2,musical instrument part,component used in the construction of a musical instrument,,http://wikidata.org/entity/Q19659292
Q131986441,1,pipe,name of a corps of musical instruments from the group of wind instruments,,http://wikidata.org/entity/Q131986441
Q3689704,1,oral communication,communication using speech,,http://wikidata.org/entity/Q3689704
Q4393922,1,vocal sound,sound produced by a human,,http://wikidata.org/entity/Q4393922
Q29881373,1,vocal ensemble,musical ensemble consisting solely of singers,Q105756498,http://wikidata.org/entity/Q29881373
Q106625143,1,choir singer,singer (male or female) in a choir made up of several people,Q12737077,http://wikidata.org/entity/Q106625143
Q1076502,1,choir director,person who directs a choir,Q66715801,http://wikidata.org/entity/Q1076502
Q181175,1,scalar quantity,quantity represented by a scalar: quantity having no direction,Q71758646,http://wikidata.org/entity/Q181175
Q58415929,1,spatio-temporal entity,"object with a position in time and/or space, and possibly an extent in time and/or space",Q124711104,http://wikidata.org/entity/Q58415929
Q2487752,1,independent variable,parameter that represents an arbitrary input of a mathematical expression,,http://wikidata.org/entity/Q2487752
Q133250,1,sequence,ordered list of the same type of elements (finite or infinite),,http://wikidata.org/entity/Q133250
Q3054889,1,measurable set,an element of the sigma-algebra of a measurable space,,http://wikidata.org/entity/Q3054889
Q186081,1,time interval,"temporal extent having a beginning, an end and a duration",,http://wikidata.org/entity/Q186081
Q216353,1,title,"qualified name, rank, or other indication of a class or role given to or inherited by a person, often affixed to a person's name",,http://wikidata.org/entity/Q216353
Q17573152,1,believer,person who believes in religious doctrine,Q4392985,http://wikidata.org/entity/Q17573152
Q4120621,1,rank,level in a hierarchy,,http://wikidata.org/entity/Q4120621
Q2588761,1,tradesperson,worker that specializes in a particular trade or craft requiring skill,Q12737077,http://wikidata.org/entity/Q2588761
Q44494,1,mill,"device that breaks solid materials into smaller pieces by grinding, crushing, or cutting",,http://wikidata.org/entity/Q44494
Q2111778,1,production structure,general term that groups all structures built for the purpose of industry,Q29028649,http://wikidata.org/entity/Q2111778
Q56822897,1,mill building,building that houses a mill,Q134496690,http://wikidata.org/entity/Q56822897
Q2221906,1,geographic location,"point, line or area on or near Earth",Q96253971,http://wikidata.org/entity/Q2221906
Q35825432,1,converter,"entity that converts, modifies, or transforms, producing an change of state, observable on the entity itself or on other objects",,http://wikidata.org/entity/Q35825432
Q58635633,1,media profession,variety of occupations,Q29028649,http://wikidata.org/entity/Q58635633
Q482980,3,author,writer of an original work,Q12737077,http://wikidata.org/entity/Q482980
Q103810966,1,circus profession,,Q19478619,http://wikidata.org/entity/Q103810966
Q483501,5,artist,person who engages in any form of artistic creation or practice,Q12737077,http://wikidata.org/entity/Q483501
Q187588,1,social class,group of people categorized in a hierarchy based on socioeconomic factors,,http://wikidata.org/entity/Q187588
Q127871326,1,estate of the realm,self-contained large social group in medieval and early modern Europe,,http://wikidata.org/entity/Q127871326
Q874405,2,social group,two or more humans who interact with one another,Q33104129,http://wikidata.org/entity/Q874405
Q16744001,1,noble,member of the nobility,Q189970,http://wikidata.org/entity/Q16744001
Q113291098,1,noble women,women of the nobility,Q151885,http://wikidata.org/entity/Q113291098
Q78088984,1,study type,"Wikidata metaclass and category of a research project, Wikidata metaclass for research",Q109542218,http://wikidata.org/entity/Q78088984
Q2155640,1,empirical research,research using empirical evidence,Q78088984,http://wikidata.org/entity/Q2155640
Q730675,1,quantitative research,all procedures for the numerical representation of empirical facts,Q1047113,http://wikidata.org/entity/Q730675
Q3695082,1,sign,"semiotic concept; object, quality, event, or entity whose presence or occurrence indicates the probable presence or occurrence of something else; includes words, punctuation, expressions, gestures, notices, road signs, symbols, pictures, etc.",,http://wikidata.org/entity/Q3695082
Q1272626,1,representation,"entity or process that portrays something else, usually in a simplified or approximated manner",Q151885,http://wikidata.org/entity/Q1272626
Q6942574,1,music performance technique,ability of musicians to exert optimal control of their instruments and/or bodies,,http://wikidata.org/entity/Q6942574
Q214961,1,improvisation,process of devising a solution to a requirement in an ad hoc fashion,,http://wikidata.org/entity/Q214961
Q1792623,1,arts educational institution,educational institution of any level teaching any of the arts,Q112872396,http://wikidata.org/entity/Q1792623
Q13226383,1,facility,"place, equipment, or service to support a specific function",Q12046615,http://wikidata.org/entity/Q13226383
Q843227,1,trope,"use of figurative language – via word, phrase, or even an image – for artistic effect",,http://wikidata.org/entity/Q843227
Q182545,1,stylistic device,"technique used to give an auxiliary meaning, idea, or feeling to a literal message, including assonance, consonance and alliteration",,http://wikidata.org/entity/Q182545
Q1151067,2,rule,"prescription, including laws, regulations, instructions, guidelines, and social conventions; determinate method for performing any operation",,http://wikidata.org/entity/Q1151067
Q6805989,1,media regulation,control or guidance of mass media by governments and other bodies,Q597339,http://wikidata.org/entity/Q6805989
Q192581,1,job activity,activity done by a person to earn money,,http://wikidata.org/entity/Q192581
Q22692,1,freedom of speech,right to communicate one's opinions and ideas and right to speak,Q29556,http://wikidata.org/entity/Q22692
Q15831325,1,class used in Universal Decimal Classification,,,http://wikidata.org/entity/Q15831325
Q33122512,2,social sciences and humanities,area of scholarly activity,Q2465832,http://wikidata.org/entity/Q33122512
Q97929320,1,"humanities, arts and social sciences","group of humanities, arts and social sciences disciplines",,http://wikidata.org/entity/Q97929320
Q8134,1,economics,"social science that studies the production, distribution, and consumption of goods and services",Q11862829,http://wikidata.org/entity/Q8134
Q36442,1,political science,scientific study of politics,Q4671286,http://wikidata.org/entity/Q36442
Q23404,2,anthropology,"scientific study of humans, human behavior, and societies",Q11862829,http://wikidata.org/entity/Q23404
Q2729863,1,hostility,form of emotionally charged angry behavior,Q9332,http://wikidata.org/entity/Q2729863
Q859781,1,bigotry,intolerance of different views or beliefs,Q31172650,http://wikidata.org/entity/Q859781
Q169207,1,discrimination,differential treatment based on membership of a certain group,Q33104129,http://wikidata.org/entity/Q169207
Q194189,1,sales,exchange of goods for money over a targeted time period,Q151885,http://wikidata.org/entity/Q194189
Q15079592,1,strategic game,specific mathematical model of interactions and payoffs of optimizing agents,Q151885,http://wikidata.org/entity/Q15079592
Q7915726,1,variable pricing,pricing strategy that relies on information exchange between buyers and sellers to set prices,,http://wikidata.org/entity/Q7915726
Q3276328,1,bidding,"offer, often competitive in nature, to set a price for a product or service",,http://wikidata.org/entity/Q3276328
Q1799072,2,method,planned path to reaching an objective,Q1047113,http://wikidata.org/entity/Q1799072
Q189533,1,academic degree,status awarded for completion of a academic program of study and having an exam at the end,,http://wikidata.org/entity/Q189533
Q136076495,1,musicking,act of using music,Q1914636,http://wikidata.org/entity/Q136076495
Q944537,1,Geisteswissenschaften,set of human sciences that are traditional in German universities,Q11862829,http://wikidata.org/entity/Q944537
Q1418771,1,culturology,"branch of social sciences concerned with the scientific understanding, description, analysis, and prediction of cultures as a whole",Q2465832,http://wikidata.org/entity/Q1418771
Q108306867,1,tone (work),defined by the emotion the work tries to convey,,http://wikidata.org/entity/Q108306867
Q622645,1,attitude,"psychological construct, a mental and emotional entity that inheres in, or characterizes a person",,http://wikidata.org/entity/Q622645
Q1149305,1,disposition,tendency of a person to act in a specified way,,http://wikidata.org/entity/Q1149305
Q9332,1,behavior,"range of actions by entities, living or not, within a system",Q96634632,http://wikidata.org/entity/Q9332
Q968159,1,art movement,"tendency or style in art with a specific common philosophy or goal, possibly associated with a specific historical period",,http://wikidata.org/entity/Q968159
Q11024,1,communication,act of conveying intended meaning,Q1413287,http://wikidata.org/entity/Q11024
Q45762,1,dead language,"language that is no longer the native language of any community, even if it is still in use",Q20829075,http://wikidata.org/entity/Q45762
Q436240,1,ancient language,language originated in times that may be referred to as ancient,Q20829075,http://wikidata.org/entity/Q436240
Q839470,1,sacred language,language that is cultivated for religious reasons,Q2313235,http://wikidata.org/entity/Q839470
Q33478,1,Latino-Faliscan,Italic language family consisting of Latin and Faliscan,Q25295,http://wikidata.org/entity/Q33478
Q85380120,1,Southern European language,language group,Q941501,http://wikidata.org/entity/Q85380120
Q78612407,1,Latin word,a word in Latin language,,http://wikidata.org/entity/Q78612407
Q29448469,1,Latin or Greek word,word,,http://wikidata.org/entity/Q29448469
Q133182,1,superstition,belief in irrational supernatural causality,,http://wikidata.org/entity/Q133182
Q1752818,1,stylizing,adaptation of a shape or representation to a certain style or the abstract reduction of a template,,http://wikidata.org/entity/Q1752818
Q17489659,2,group of works,any set of works,,http://wikidata.org/entity/Q17489659
Q59220886,1,archaeological numismatics,,Q4785472,http://wikidata.org/entity/Q59220886
Q819121,1,osteology,scientific study of bones,Q28598684,http://wikidata.org/entity/Q819121
Q637284,1,archaeological science,archaeological sub-discipline based on natural science methodes,Q4785472,http://wikidata.org/entity/Q637284
Q1345825,1,pseudoarchaeology,scientifically insubstantial theories interpreting archaeology,Q60031086,http://wikidata.org/entity/Q1345825
Q129133491,1,ethnological term,technical term; word or phrase that is part of the terminology of ethnology,Q19478619,http://wikidata.org/entity/Q129133491
Q11438,1,solid,solid matter; matter which does not deform easily under pressure,Q15831576,http://wikidata.org/entity/Q11438
Q2424752,1,product,anything that can be offered to a market,Q29028649,http://wikidata.org/entity/Q2424752
Q214609,2,material,"substance that can occur in different amounts, all with some similar [mixture of some] characteristics, and with which objects can be made",,http://wikidata.org/entity/Q214609
Q125274801,1,fine ceramic,,Q1531349,http://wikidata.org/entity/Q125274801
Q125275163,1,heavy clay ceramic,,Q1531349,http://wikidata.org/entity/Q125275163
Q113145171,1,type of chemical entity,Wikidata metaclass that covers physical entities of interest in chemistry including molecular entities and pure chemical substances,Q19478619,http://wikidata.org/entity/Q113145171
Q518350,1,copper-based alloy,metal alloy with copper as its principal component,Q214609,http://wikidata.org/entity/Q518350
Q753,1,copper,chemical element with symbol Cu and atomic number 29,Q11344,http://wikidata.org/entity/Q753
Q758,1,zinc,chemical element with symbol Zn and atomic number 30,Q11344,http://wikidata.org/entity/Q758
Q11344,1,chemical element,"species of atoms having the same number of protons in the atomic nucleus and the same chemical properties, but not necessarily the same mass, or the same stability (or half-lifetime if they are unstable)",Q24017414,http://wikidata.org/entity/Q11344
Q11426,1,metal,"element, compound, or alloy that is a good conductor of both electricity and heat",,http://wikidata.org/entity/Q11426
Q12140,1,medication,"substance used to diagnose, cure, treat, or prevent disease",,http://wikidata.org/entity/Q12140
Q3333419,1,primary metabolite,"intermediate or end product of metabolism which is directly involved in growth, development and reproduction",Q56256173,http://wikidata.org/entity/Q3333419
Q124291,1,electrical conductor,material that allows the flow of electrical current,,http://wikidata.org/entity/Q124291
Q161,1,fiber,natural or synthetic substance that is significantly longer than it is wide,Q19478619,http://wikidata.org/entity/Q161
Q55721745,1,set of bells,class of musical instruments consisting of multiple bells,Q1254773,http://wikidata.org/entity/Q55721745
Q7198871,1,melodic percussion instrument,percussion musical instrument that produces sounds with a definite pitch,Q1254773,http://wikidata.org/entity/Q7198871
Q211606,1,social structure,aggregate of patterned social arrangements in society,Q111972893,http://wikidata.org/entity/Q211606
Q106559804,1,person or organization,class of agents,,http://wikidata.org/entity/Q106559804
Q1077064,1,charity,"voluntary act of giving help (short-term, emotional, immediate response, focused primarily on rescue and relief)",Q1914636,http://wikidata.org/entity/Q1077064
Q265939,1,political patronage,support that one organization or individual bestows to another,,http://wikidata.org/entity/Q265939
Q64513524,1,economic term,technical term; word or phrase that is part of economics terminology,Q137426749,http://wikidata.org/entity/Q64513524
Q10541491,1,legal form,type of legal entity within certain legal system,Q24017414,http://wikidata.org/entity/Q10541491
Q122898840,1,publicly owned company,company owned by any public body,Q64513524,http://wikidata.org/entity/Q122898840
Q17990971,1,public enterprise,business organization wholly or partly owned by a government and controlled through a public authority,Q64513524,http://wikidata.org/entity/Q17990971
Q56876011,1,private corporation,,,http://wikidata.org/entity/Q56876011
Q836950,1,derivative work,work which incorporates or modifies a prior work,Q4897819,http://wikidata.org/entity/Q836950
Q1213562,1,adaptation,"re-making of a work for a different purpose or audience, or in a different form",Q483394,http://wikidata.org/entity/Q1213562
Q877729,1,handicraft,field of work where useful and decorative objects are made completely by hand or by using only simple tools,Q3958441,http://wikidata.org/entity/Q877729
Q8187769,1,economic activity,human activity involving the transfer of goods or services,Q2976602,http://wikidata.org/entity/Q8187769
Q31274273,1,bookbinding art,bookbinding as an art form,Q1792379,http://wikidata.org/entity/Q31274273
Q12769393,1,end,termination of something,,http://wikidata.org/entity/Q12769393
Q151885,2,concept,"semantic unit understood in different ways, e.g. as mental representation, ability or abstract object (philosophy)",Q23958852,http://wikidata.org/entity/Q151885
Q937228,1,property,"predominant feature that characterizes a being, a thing, a phenomenon, etc. and which differentiates one being from another, one thing from another",Q19478619,http://wikidata.org/entity/Q937228
Q2383867,1,cell death,biological processes that result in permanent cessation of all vital functions of a cell,Q2996394,http://wikidata.org/entity/Q2383867
Q22269697,1,multi-organism process,biological process which involves another organism of the same or different species,Q2996394,http://wikidata.org/entity/Q22269697
Q22269530,1,single-organism process,biological process that involves only one organism,,http://wikidata.org/entity/Q22269530
Q113540506,1,philosophy of death,philosophical investigations regarding death,,http://wikidata.org/entity/Q113540506
Q16889133,3,class,collection of items defined by common characteristics,Q19478619,http://wikidata.org/entity/Q16889133
Q735,1,art,"general concept that creates expressive work for its beauty or emotional power (use Q838948 for the resulting work, use Q2018526 for the group of creative disciplines)",Q4671286,http://wikidata.org/entity/Q735
Q7725634,1,literary work,written work read for enjoyment or edification,Q133449656,http://wikidata.org/entity/Q7725634
Q355567,1,noble title,legal privilege given to some members in monarchial and princely societies,,http://wikidata.org/entity/Q355567
Q3320743,1,title of honor,title bestowed upon individuals or organizations as an award in recognition of their merits,Q107467117,http://wikidata.org/entity/Q3320743
Q2478141,1,aristocrat,a person who either possesses hereditary titles granted by a monarch or is related to such people,Q187588,http://wikidata.org/entity/Q2478141
Q28495701,1,imperial prince,prince from an imperial family,Q28640,http://wikidata.org/entity/Q28495701
Q3403409,1,royal prince,a prince from a royal family,Q355567,http://wikidata.org/entity/Q3403409
Q294414,1,public office,elected or appointed political position,,http://wikidata.org/entity/Q294414
Q82955,31,politician,person who holds or seeks positions in government,Q28640,http://wikidata.org/entity/Q82955
Q48352,1,head of state,official who holds the highest-ranked protocol position in a sovereign state,Q136649946,http://wikidata.org/entity/Q48352
Q1097498,2,ruler,person who reigns over a certain region or country,Q4164871,http://wikidata.org/entity/Q1097498
Q5419944,1,executive president,president who exercises active executive power in an organization,,http://wikidata.org/entity/Q5419944
Q4064242,1,American Enlightenment,intellectual thriving period in the United States,Q74817647,http://wikidata.org/entity/Q4064242
Q1063038,1,Scottish Enlightenment,intellectual movement in 18th–19th century Scotland,Q74817647,http://wikidata.org/entity/Q1063038
Q3796477,1,Polish Enlightenment,aspect of Polish history in the 18th-19th centuries,Q74817647,http://wikidata.org/entity/Q3796477
Q3424747,1,Modern Greek Enlightenment,18th-century national revival and educational movement in Greece,Q2915955,http://wikidata.org/entity/Q3424747
Q3560581,1,Russian Enlightenment,18th-century period of arts and sciences in Russia,Q74817647,http://wikidata.org/entity/Q3560581
Q1322229,1,Spanish Enlightenment,intellectual and cultural movement in Spain,Q136329308,http://wikidata.org/entity/Q1322229
Q472670,1,Haskalah,period of Jewish enlightenment (1770-1890),Q11514315,http://wikidata.org/entity/Q472670
Q20574959,1,French Enlightenment,intellectual and cultural movement in 18th-century France,Q74817647,http://wikidata.org/entity/Q20574959
Q855395,1,interpretation,"assignment of meanings to various concepts, symbols, or objects under consideration",Q33104279,http://wikidata.org/entity/Q855395
Q2438541,2,manner of death,type of death (natural / not natural),Q24017414,http://wikidata.org/entity/Q2438541
Q130583773,3,type of crime,Wikimedia metaclass for crime activities,Q19478619,http://wikidata.org/entity/Q130583773
Q844482,2,killing,act of killing a living being,,http://wikidata.org/entity/Q844482
Q74948922,2,violent death,death caused by violence,Q2438541,http://wikidata.org/entity/Q74948922
Q29142,2,criminal attempt,occurs if a criminal has an intent to commit a crime and takes a substantial step toward completing the crime,Q11999303,http://wikidata.org/entity/Q29142
Q17991521,1,tale,prose fiction that can be either rooted in oral tradition or created by an author,Q223393,http://wikidata.org/entity/Q17991521
Q3306693,1,mirabilia,genre and tone in which the supernatural elements are accepted by the audience without questioning,Q20076756,http://wikidata.org/entity/Q3306693
Q109588548,1,allegorical story,,Q223393,http://wikidata.org/entity/Q109588548
Q109810475,1,customary folklore,sub-class of folklore,,http://wikidata.org/entity/Q109810475
Q109810467,1,material folklore,sub-class of folklore,,http://wikidata.org/entity/Q109810467
Q109810464,1,verbal folklore,cluster of words and phrases conforming to a traditional configuration recognized by both the speaker and the audience,,http://wikidata.org/entity/Q109810464
Q44342,1,legend,genre of folklore featuring human actions within history,Q223393,http://wikidata.org/entity/Q44342
Q2915955,1,philosophical movement,appearance or increased popularity of a specific school of philosophy,Q110401282,http://wikidata.org/entity/Q2915955
Q50641,1,history of art,"history of human creation of works for aesthetic, communicative, or expressive purposes",Q17524420,http://wikidata.org/entity/Q50641
Q659216,1,aerophone,musical instrument that produces sound from the vibration of a column of air within the instrument itself,Q1254773,http://wikidata.org/entity/Q659216
Q16334295,1,group of humans,any set of human beings,,http://wikidata.org/entity/Q16334295
Q10372568,1,society,group of animals who live together with some form of organisation,,http://wikidata.org/entity/Q10372568
Q2990601,1,sexual risk behavior,sexual behavior risking contracting sexually transmitted disease or pregnancy,,http://wikidata.org/entity/Q2990601
Q19862406,1,business activity,economic activity done by a businessperson,,http://wikidata.org/entity/Q19862406
Q7833728,1,transactional sex,"sexual relationships involving gifts, money, or other services",,http://wikidata.org/entity/Q7833728
Q859884,1,social exploitation,social relationship in which one agent takes unfair advantage of another agent,Q151885,http://wikidata.org/entity/Q859884
Q181784,1,human trafficking,"trade of humans for the purpose of forced labor, sexual slavery, or commercial sexual exploitation for the trafficker or others",Q26256810,http://wikidata.org/entity/Q181784
Q1741825,1,trafficking of children,"form of human trafficking defined as the ""recruitment, transportation, transfer, harboring, and/or receipt"" of a child for the purpose of exploitation",,http://wikidata.org/entity/Q1741825
Q875521,1,sexual slavery,attachment of any ownership right over one or more people with the intent of coercing or otherwise forcing them to engage in sexual activities,,http://wikidata.org/entity/Q875521
Q5801919,1,sex crime,crime of a sexual nature,Q130583773,http://wikidata.org/entity/Q5801919
Q516367,1,André-Joseph Blavier,Belgian composer,Q5,http://wikidata.org/entity/Q516367
Q1993558,1,Vergnies,"section of Froidchapelle, Belgium",Q2785216,http://wikidata.org/entity/Q1993558
Q1241308,2,Passy,"neighborhood in Paris, France; originally a village on the outskirts of Paris, then a commune of Seine department",Q484170,http://wikidata.org/entity/Q1241308
Q18528713,1,Thomas Arne,English upholsterer and theatre servant,Q5,http://wikidata.org/entity/Q18528713
Q6232818,1,John Fawcett,British actor (1769-1793),Q5,http://wikidata.org/entity/Q6232818
Q18674127,1,Margaret Kennedy,British singer and actress,Q5,http://wikidata.org/entity/Q18674127
Q214917,84,playwright,person who writes plays,Q15839299,http://wikidata.org/entity/Q214917
Q8178443,49,librettist,author of the libretto (words) of an opera or a similar extended musical composition,Q28640,http://wikidata.org/entity/Q8178443
Q6581097,257,male,"to be used in ""sex or gender"" (P21) to indicate that the human subject is a male or ""semantic gender"" (P10339) to indicate that a word refers to a male person",Q48264,http://wikidata.org/entity/Q6581097
Q281460,31,pipe organ,wind instrument that produces sound by driving pressurized air (called wind) through pipes selected via a keyboard,Q110295396,http://wikidata.org/entity/Q281460
Q130191,7,Norwich,"city in Norfolk, England",Q515,http://wikidata.org/entity/Q130191
Q81997,4,Boulogne-sur-Mer,"French commune in Pas-de-Calais, Hauts-de-France",Q484170,http://wikidata.org/entity/Q81997
Q106311097,1,Henri Moreau,composer (1728-1803),Q5,http://wikidata.org/entity/Q106311097
Q1525836,1,Giovanni Battista Casali,Italian composer,Q5,http://wikidata.org/entity/Q1525836
Q3452020,1,Rue des Récollets,"thoroughfare in Liège, Belgium",Q83620,http://wikidata.org/entity/Q3452020
Q316891,2,Montmorency,"commune in Val-d'Oise, France",Q484170,http://wikidata.org/entity/Q316891
Q19974113,1,Fondation Lambert Darchis,Belgian foundation (created in 1699),Q157031,http://wikidata.org/entity/Q19974113
Q19845384,1,Jean Marmontel,,Q5,http://wikidata.org/entity/Q19845384
Q203182,1,Bort-les-Orgues,"commune in Corrèze, France",Q484170,http://wikidata.org/entity/Q203182
Q544613,1,Saint-Aubin-sur-Gaillon,"commune in Eure, France",Q484170,http://wikidata.org/entity/Q544613
Q788022,1,Bâtiments du Roi,French division of the Maison du Roi,Q327333,http://wikidata.org/entity/Q788022
Q351733,1,House of Carafa,Italian noble family,Q13417114,http://wikidata.org/entity/Q351733
Q28864754,1,Jérôme Guillard,French politician,Q5,http://wikidata.org/entity/Q28864754
Q13144,1,Jesi,Italian comune,Q747074,http://wikidata.org/entity/Q13144
Q72425,1,Pozzuoli,Italian comune,Q747074,http://wikidata.org/entity/Q72425
Q170174,1,Papal States,territories mostly in the Appenine Peninsula under the sovereign direct rule of the pope between 756–1870,Q3024240,http://wikidata.org/entity/Q170174
Q333634,34,translator,person who translates written text from one language to another,Q137841866,http://wikidata.org/entity/Q333634
Q32120,10,Martin Luther University Halle-Wittenberg,"university in the cities of Halle and Wittenberg, Germany",Q875538,http://wikidata.org/entity/Q32120
Q309470,1,Johann Ambrosius Bach,"German musician, father to Johann Sebastian Bach (1645-1695)",Q5,http://wikidata.org/entity/Q309470
Q1862395,1,Johann Christoph Bach III,Organist in Ohrdruf,Q5,http://wikidata.org/entity/Q1862395
Q138197944,1,,,Q5,http://wikidata.org/entity/Q138197944
Q108763503,1,Rust family,,Q8436,http://wikidata.org/entity/Q108763503
Q551984,1,Steinbach-Hallenberg,municipality of Germany,Q42744322,http://wikidata.org/entity/Q551984
Q1930990,1,Michèl Yost,French clarinetist,Q5,http://wikidata.org/entity/Q1930990
Q708911,1,Bernhard Crusell,"Swedish-Finnish clarinetist, composer and translator (1775–1838)",Q5,http://wikidata.org/entity/Q708911
Q17765219,1,colonial administrator,person who participates in administrating a colony,Q28640,http://wikidata.org/entity/Q17765219
Q487596,5,dramaturge,"person fulfilling an advisory role regarding the literary or dramaturgical aspects of theatre, opera or dance productions or within a theatre, opera or dance organization",Q15839299,http://wikidata.org/entity/Q487596
Q744738,3,encyclopédistes,contributors to the development of the Encyclopédie from June 1751 to December 1765,Q2198855,http://wikidata.org/entity/Q744738
Q820042,1,Salins-les-Bains,"commune in Jura, France",Q484170,http://wikidata.org/entity/Q820042
Q213307,1,Sainte-Menehould,"commune in Marne, France",Q484170,http://wikidata.org/entity/Q213307
Q15967935,1,Angélique-Dorothée Babaud,French poet and salon-holder,Q5,http://wikidata.org/entity/Q15967935
Q71560588,1,Charlotte Babaud de La Chaussade,,Q5,http://wikidata.org/entity/Q71560588
Q1626130,1,homme de lettres,,Q28640,http://wikidata.org/entity/Q1626130
Q47064,4,military personnel,people who serve in an organized armed military force,Q28640,http://wikidata.org/entity/Q47064
Q1511216,1,courtier,person who is often in attendance at the court of a king or other royal personage,Q12737077,http://wikidata.org/entity/Q1511216
Q3159509,1,Jacques Masson,French private banker of Genevan origin,Q5,http://wikidata.org/entity/Q3159509
Q47528270,1,Marie Boësnier,,Q5,http://wikidata.org/entity/Q47528270
Q7732,1,Louis XVI of France,"King of France and Navarre from 1774 to 1791, then King of the French from 1791 to 1792 (1754-1793)",Q5,http://wikidata.org/entity/Q7732
Q2983728,1,collège d’Harcourt,college of the University of Paris,Q2983546,http://wikidata.org/entity/Q2983728
Q137399087,1,,,Q5,http://wikidata.org/entity/Q137399087
Q961325,1,Holešov,town in the Czech Republic,Q3957,http://wikidata.org/entity/Q961325
Q486450,1,Baden,"municipality in Lower Austria, Austria",Q667509,http://wikidata.org/entity/Q486450
Q153136,1,Habsburg monarchy,monarchy in Europe (1282–1918),Q5156764,http://wikidata.org/entity/Q153136
Q131964,1,Austrian Empire,Central European multinational Empire from 1804 to 1867,Q3624078,http://wikidata.org/entity/Q131964
Q55853412,1,Alois Ferdinand Kiesewetter,(1737-1793),Q5,http://wikidata.org/entity/Q55853412
Q207145,1,Béthune,"commune in Pas-de-Calais, France",Q484170,http://wikidata.org/entity/Q207145
Q1024881,1,Velvary,town in the Czech Republic,Q5153359,http://wikidata.org/entity/Q1024881
Q673075,1,Rohrau,"municipality in Bruck/Leitha District, Lower Austria, Austria",Q562061,http://wikidata.org/entity/Q673075
Q502662,1,Bad Salzungen,municipality of Germany,Q4946461,http://wikidata.org/entity/Q502662
Q19279,2,Aversa,Italian comune,Q747074,http://wikidata.org/entity/Q19279
Q661083,1,Claude Rameau,French organist,Q5,http://wikidata.org/entity/Q661083
Q123281721,1,Collège des Godrans,"former college in Dijon, France",Q1459186,http://wikidata.org/entity/Q123281721
Q10862983,5,etcher,artist who practices the art of etching,Q28640,http://wikidata.org/entity/Q10862983
Q15296811,12,draftsperson,person who makes drawings (artist/cartoonist/drafter/illustrator),Q28640,http://wikidata.org/entity/Q15296811
Q16947657,3,lithographer,person who primarily uses lithography for making prints,Q16335296,http://wikidata.org/entity/Q16947657
Q75731871,1,type caster,person who casts type,Q28640,http://wikidata.org/entity/Q75731871
Q2444286,1,Herman Frederik Carel ten Kate,Dutch painter (1822-1891),Q5,http://wikidata.org/entity/Q2444286
Q18603266,1,Mari ten Kate,Dutch painter (1831-1910),Q5,http://wikidata.org/entity/Q18603266
Q128031645,1,Jan Herman ten Kate,civil servant at the Ministry of the Navy,Q5,http://wikidata.org/entity/Q128031645
Q128031655,1,Johanna de Witte van Haamstede,person,Q5,http://wikidata.org/entity/Q128031655
Q686364,1,Wendemark,human settlement in Germany,Q253019,http://wikidata.org/entity/Q686364
Q4282389,1,Friedrich Marpurg,German conductor and composer (1825–1884),Q5,http://wikidata.org/entity/Q4282389
Q5990,3,Vercelli,Italian comune,Q747074,http://wikidata.org/entity/Q5990
Q320042,1,Antiochus of Ascalon,ancient Greek philosopher,Q5,http://wikidata.org/entity/Q320042
Q365110,1,Philo of Larissa,ancient Greek philosopher,Q5,http://wikidata.org/entity/Q365110
Q462992,1,Apollonius Molon,1st-century BC Greek rhetorician,Q5,http://wikidata.org/entity/Q462992
Q561367,1,Lucius Aelius Stilo Praeconinus,Roman philologist (c. 154 – 74 BC),Q5,http://wikidata.org/entity/Q561367
Q695534,1,Tyrannion of Amisus,ancient Greek grammarian,Q5,http://wikidata.org/entity/Q695534
Q316054,1,Quintus Tullius Cicero,brother of Marcus Tullius Cicero,Q5,http://wikidata.org/entity/Q316054
Q116440,1,Arpino,Italian comune,Q747074,http://wikidata.org/entity/Q116440
Q128086,1,Formia,Italian comune,Q747074,http://wikidata.org/entity/Q128086
Q1747689,25,Ancient Rome,country that began growing on the Italian Peninsula from the 8th century BC,Q3024240,http://wikidata.org/entity/Q1747689
Q3846543,1,Marcus Tullius Cicero,father of the orator Cicero,Q5,http://wikidata.org/entity/Q3846543
Q92432276,1,Helvia,mother of the orator Cicero,Q5,http://wikidata.org/entity/Q92432276
Q435163,1,Servius Sulpicius Rufus,"Roman orator, jurist and consul (c.105 BC–43 BC)",Q5,http://wikidata.org/entity/Q435163
Q587621,1,Trebatius Testa,"1st-century BC Roman jurist, protégé of Cicero",Q5,http://wikidata.org/entity/Q587621
Q11953381,1,Tullii Cicerones,branch of the gens Tullia,Q104258569,http://wikidata.org/entity/Q11953381
Q3411612,1,Upper Paiania,ancient Athenian deme,Q672490,http://wikidata.org/entity/Q3411612
Q724394,1,Poros,Greek island of the Saronic Gulf,Q23442,http://wikidata.org/entity/Q724394
Q844930,8,Classical Athens,city-state in ancient Greece,Q148837,http://wikidata.org/entity/Q844930
Q1555317,1,Kleobule,mother of orator Demosthenes,Q5,http://wikidata.org/entity/Q1555317
Q29654265,1,Gylon,maternal grandfather of Demosthenes,Q5,http://wikidata.org/entity/Q29654265
Q1186429,1,Demon,ancient attic Greek priest and rhetorician,Q5,http://wikidata.org/entity/Q1186429
Q216993,1,Ios,Greek island,Q23442,http://wikidata.org/entity/Q216993
Q1568260,1,Ionian League,confederation of thirteen ancient Greek city-states in the region Ionia on the western coast of Anatolia (present-day Turkey),Q1778834,http://wikidata.org/entity/Q1568260
Q126709504,1,Kretheis,nymph (Nymphe),Q182037,http://wikidata.org/entity/Q126709504
Q885122,1,piano maker,profession,Q28640,http://wikidata.org/entity/Q885122
Q1937431,2,organ builder,"profession that designs, builds, and maintains pipe organs",Q28640,http://wikidata.org/entity/Q1937431
Q566284,1,Holle,municipality of Germany,Q116457956,http://wikidata.org/entity/Q566284
Q13418253,16,philologist,person who practices philology,Q66666607,http://wikidata.org/entity/Q13418253
Q1231865,4,pedagogue,person working in the academic field of pedagogy,Q28640,http://wikidata.org/entity/Q1231865
Q1751974,1,Neuhausen,"human settlement in Germany, part of Worms",Q253019,http://wikidata.org/entity/Q1751974
Q3758,1,Kaiserslautern,"city in Rhineland-Palatinate, Germany",Q42744322,http://wikidata.org/entity/Q3758
Q1234713,55,theologian,scholar of theology,Q28640,http://wikidata.org/entity/Q1234713
Q530794,1,Sömmerda,municipality of Germany,Q42744322,http://wikidata.org/entity/Q530794
Q94764146,1,Otto Röse,,Q5,http://wikidata.org/entity/Q94764146
Q4938967,1,Caterina Bianconelli,Italian actress,Q5,http://wikidata.org/entity/Q4938967
Q64689315,1,Isabella Biancolelli,,Q5,http://wikidata.org/entity/Q64689315
Q2259451,7,stage actor,actor who performs live before an in-person audience,Q15839299,http://wikidata.org/entity/Q2259451
Q2813792,1,Dominique Biancolelli,French actor,Q5,http://wikidata.org/entity/Q2813792
Q863631,1,Bindersleben,human settlement in Germany,Q253019,http://wikidata.org/entity/Q863631
Q134346,2,Angoulême,"commune in Charente, France",Q484170,http://wikidata.org/entity/Q134346
Q661056,2,University of Poitiers,French university located in Poitiers,Q45400320,http://wikidata.org/entity/Q661056
Q3260394,1,Louis-Camus Destouches,French military officer,Q5,http://wikidata.org/entity/Q3260394
Q209842,9,University of Paris,French university (c. 1150–1970),Q15893266,http://wikidata.org/entity/Q209842
Q979600,1,Collège des Quatre-Nations,educational institution in Paris (1661-1793),Q2385804,http://wikidata.org/entity/Q979600
Q3383745,1,Pierre Antoine de Châteauneuf,French diplomat,Q5,http://wikidata.org/entity/Q3383745
Q250867,21,Catholic priest,priest of the Catholic Church,Q63188808,http://wikidata.org/entity/Q250867
Q6673651,4,literary scholar,person who works on literature,Q28640,http://wikidata.org/entity/Q6673651
Q123439317,1,Jacques Louis de Castagnery,,Q5,http://wikidata.org/entity/Q123439317
Q134892784,1,,,Q13417114,http://wikidata.org/entity/Q134892784
Q517107,3,Rudolstadt,"town in Thuringia, Germany",Q42744322,http://wikidata.org/entity/Q517107
Q695316,1,Schwarzburg-Rudolstadt,principality,Q208500,http://wikidata.org/entity/Q695316
Q486945,1,Sotion,ancient Greek philosopher,Q5,http://wikidata.org/entity/Q486945
Q897523,1,Papirius Fabianus,1st century AD Roman rhetorician and philosopher,Q5,http://wikidata.org/entity/Q897523
Q452194,1,Lucius Junius Gallio Annaeanus,"Roman senator, brother of Seneca",Q5,http://wikidata.org/entity/Q452194
Q19715687,2,Marcus Annaeus Mela,brother of Seneca,Q5,http://wikidata.org/entity/Q19715687
Q2997165,2,Corduba,ancient Roman city of the Iberian Peninsula that corresponds to the current Córdoba (Spain),Q756780,http://wikidata.org/entity/Q2997165
Q273671,1,Seneca the Elder,"Roman scholar, writer and historian (54 BC-c.39 AD)",Q5,http://wikidata.org/entity/Q273671
Q11926234,1,Helvia,mother of Seneca,Q5,http://wikidata.org/entity/Q11926234
Q805213,1,Ballersbach,human settlement in Germany,Q253019,http://wikidata.org/entity/Q805213
Q774310,1,János Apáczai Csere,"Hungarian teacher, philosopher, Calvinist theologist (1625-1659)",Q5,http://wikidata.org/entity/Q774310
Q556697,1,Metzels,former municipality of Germany,Q253019,http://wikidata.org/entity/Q556697
Q489147,1,Schmalkalden,municipality of Thuringia,Q1547289,http://wikidata.org/entity/Q489147
Q464573,1,Johann Christian Friedrich Hæffner,German-born Swedish composer (1759-1833),Q5,http://wikidata.org/entity/Q464573
Q3106111,1,Gilles Boileau,French translator (1631-1669),Q5,http://wikidata.org/entity/Q3106111
Q683410,1,Norbert Burgmüller,German composer (1810-1836),Q5,http://wikidata.org/entity/Q683410
Q1458169,1,Johann August Franz Burgmüller,German composer and pianist,Q5,http://wikidata.org/entity/Q1458169
Q1365842,1,Therese Burgmüller,German pianist and singer (1771-1858),Q5,http://wikidata.org/entity/Q1365842
Q16742175,1,speleologist,person who specializes in speleology (caves),Q28640,http://wikidata.org/entity/Q16742175
Q611644,10,Catholic bishop,"ordained minister in the Catholic Church (for other religious denominations, use Q29182)",Q138024519,http://wikidata.org/entity/Q611644
Q507036,1,Lucius Annaeus Cornutus,1st century AD Roman Stoic philosopher,Q5,http://wikidata.org/entity/Q507036
Q24548,2,Remmius Palaemon,Roman grammarian,Q5,http://wikidata.org/entity/Q24548
Q11954893,1,Verginius Flavus,Roman rhetorician,Q5,http://wikidata.org/entity/Q11954893
Q103305,1,Volterra,Italian comune,Q747074,http://wikidata.org/entity/Q103305
Q16267607,10,classical philologist,person studying ancient Greek or Latin texts,Q28640,http://wikidata.org/entity/Q16267607
Q9920,20,Haarlem,municipality in the Netherlands and capital city of North Holland,Q515,http://wikidata.org/entity/Q9920
Q2202637,1,Theodorus Schrevelius,"Dutch writer (1572-1649), owner/creator of the album amicorum of Theodorus Schrevelius (1572–1649)",Q5,http://wikidata.org/entity/Q2202637
Q136311063,1,Maria|Marijcke van Teylingen,15 Mar 1569/1570 Alkmaar - 26 Jul 1652 Leiden,Q5,http://wikidata.org/entity/Q136311063
Q694947,1,Heudeber,human settlement in Germany,Q253019,http://wikidata.org/entity/Q694947
Q1792450,7,art historian,humanist who is engaged in history of art,Q28640,http://wikidata.org/entity/Q1792450
Q23090,1,Lincolnshire,ceremonial county in the east of England,Q180673,http://wikidata.org/entity/Q23090
Q18880201,2,"Sir Richard Sutton, 2nd Baronet","sportsman, 1798–1855",Q5,http://wikidata.org/entity/Q18880201
Q75304138,2,Mary Elizabeth Burton,(1797-1842),Q5,http://wikidata.org/entity/Q75304138
Q1146700,3,Jesus College,"constituent college of the University of Cambridge, England",Q1055028,http://wikidata.org/entity/Q1146700
Q23666,1,Great Britain,island in the North Atlantic Ocean off the northwest coast of continental Europe,Q23442,http://wikidata.org/entity/Q23666
Q12191,2,Nantes,"city in Loire-Atlantique, Pays de la Loire, France",Q484170,http://wikidata.org/entity/Q12191
Q201788,55,historian,scholar who deals with the exploration and presentation of history,Q28640,http://wikidata.org/entity/Q201788
Q808967,3,barrister,lawyer specialized in court representation in certain jurisdictions,Q12737077,http://wikidata.org/entity/Q808967
Q6731168,1,magistrate,legal office held by lay people in England and Wales,Q4164871,http://wikidata.org/entity/Q6731168
Q937857,1,association football player,person who plays association football (soccer),Q28640,http://wikidata.org/entity/Q937857
Q75292488,1,"Sir John William Pitt Muir Mackenzie of Delvine, 2nd Bt.",(1806-1855),Q5,http://wikidata.org/entity/Q75292488
Q75735400,1,Sophia Matilda Johnstone,(1814-1900),Q5,http://wikidata.org/entity/Q75735400
Q1067870,2,Charterhouse School,English collegiate independent boarding school,Q269770,http://wikidata.org/entity/Q1067870
Q913,1,Socrates,5th-century BCE Greek philosopher,Q5,http://wikidata.org/entity/Q913
Q297402,1,Prodicus,Greek philosopher (c. 465 – c. 395 BC),Q5,http://wikidata.org/entity/Q297402
Q221182,1,Isocrates,Greek rhetorician and writer (436–338 BC),Q5,http://wikidata.org/entity/Q221182
Q178197,1,mercenary,soldier who fights for hire,Q28640,http://wikidata.org/entity/Q178197
Q13502175,1,Erchia,ancient Athenian deme,Q672490,http://wikidata.org/entity/Q13502175
Q103011,1,Corinth,"seaside city in Peloponnese, Greece",Q515,http://wikidata.org/entity/Q103011
Q42973,11,architect,"person trained to plan and design buildings, and oversee their construction",Q28640,http://wikidata.org/entity/Q42973
Q185351,11,jurist,"legal scholar or academic, a professional who studies, teaches, and develops law",Q15987302,http://wikidata.org/entity/Q185351
Q207463,1,Pergola,Italian comune,Q747074,http://wikidata.org/entity/Q207463
Q69519417,1,Elisabeth-Josèphe de Laborde,French XVIIIth century aristocrat,Q5,http://wikidata.org/entity/Q69519417
Q3165957,1,Jean-François de La Borde,French private banker,Q5,http://wikidata.org/entity/Q3165957
Q16635758,1,,family,Q13417114,http://wikidata.org/entity/Q16635758
Q1147614,1,Ferme générale,historical tax collection system in France,Q327333,http://wikidata.org/entity/Q1147614
Q950303,2,Cratippus of Pergamon,ancient Greek philosopher,Q5,http://wikidata.org/entity/Q950303
Q667385,2,Aristos of Ascalon,ancient Greek philosopher,Q5,http://wikidata.org/entity/Q667385
Q52691,2,Venosa,Italian comune,Q747074,http://wikidata.org/entity/Q52691
Q1650915,1,researcher,"person who engages in research, professionally or otherwise. If a more specific occupation is known, use that instead",Q4164871,http://wikidata.org/entity/Q1650915
Q93239,1,Großnaundorf,municipality of Germany,Q116457956,http://wikidata.org/entity/Q93239
Q1622272,42,university teacher,person teaching at a university or college,Q66666607,http://wikidata.org/entity/Q1622272
Q505639,10,Athenaeum Illustre of Amsterdam,predecessor to university of Amsterdam,Q6005015,http://wikidata.org/entity/Q505639
Q11914886,4,comedy writer,playwright specializing in humor,Q28640,http://wikidata.org/entity/Q11914886
Q99956,1,Sarsina,Italian comune,Q747074,http://wikidata.org/entity/Q99956
Q121594,9,professor,academic position at universities and other education and research institutions,Q480319,http://wikidata.org/entity/Q121594
Q2468727,7,classical scholar,"person who studies classics, the culture of (mainly) Ancient Greece and Ancient Rome",Q28640,http://wikidata.org/entity/Q2468727
Q18916625,1,hellenist,philologist in the field of Hellenic languages,Q28640,http://wikidata.org/entity/Q18916625
Q9363889,1,literary translator,translator of literary works,Q28640,http://wikidata.org/entity/Q9363889
Q213344,1,Montreuil-sur-Mer,"French commune in Pas-de-Calais, Hauts-de-France",Q484170,http://wikidata.org/entity/Q213344
Q5818,1,Córdoba,"municipality in the province of Córdoba, Spain",Q2074737,http://wikidata.org/entity/Q5818
Q64854646,1,Acilia,mother of Lucan,Q5,http://wikidata.org/entity/Q64854646
Q47526365,1,Jacob Lasson,"classicist from Antwerp, Head Latin Schools in Holland",Q5,http://wikidata.org/entity/Q47526365
Q2596609,1,Jan Cornets de Groot,Dutch politician (1554-1640),Q5,http://wikidata.org/entity/Q2596609
Q110557871,1,Aeltje van Overschie,22 Oct 1561 - 20 Jan 1643,Q5,http://wikidata.org/entity/Q110557871
Q14467526,19,linguist,language scholar specialized in linguistics,Q28640,http://wikidata.org/entity/Q14467526
Q37226,10,teacher,"person who helps others to acquire knowledge, competences or values",Q28640,http://wikidata.org/entity/Q37226
Q473302,1,John Whitgift,Archbishop of Canterbury from 1583 to 1604,Q5,http://wikidata.org/entity/Q473302
Q777609,1,"Jean Hotman, Marquis de Villers-St-Paul",French diplomat and noble,Q5,http://wikidata.org/entity/Q777609
Q16153254,1,Elizabeth Bacon,English Tudor gentlewoman,Q5,http://wikidata.org/entity/Q16153254
Q358587,1,Anthony Bacon,English politician (1558-1601),Q5,http://wikidata.org/entity/Q358587
Q6969488,1,Nathaniel Bacon,politician,Q5,http://wikidata.org/entity/Q6969488
Q5341698,1,Edward Bacon,English politician,Q5,http://wikidata.org/entity/Q5341698
Q7528375,1,"Sir Nicholas Bacon, 1st Baronet, of Redgrave",English politician,Q5,http://wikidata.org/entity/Q7528375
Q56085905,1,Anne Bacon,Peerage person ID=663846,Q5,http://wikidata.org/entity/Q56085905
Q8055471,1,"York House, Strand","former string of mansions on the Strand in London, England",Q811979,http://wikidata.org/entity/Q8055471
Q608866,1,Nicholas Bacon,English politician (1510-1579),Q5,http://wikidata.org/entity/Q608866
Q475067,1,Anne Bacon,English scholar,Q5,http://wikidata.org/entity/Q475067
Q332342,3,Trinity College,constituent college of the University of Cambridge in England,Q1055028,http://wikidata.org/entity/Q332342
Q43332,1,Pompeii,"ancient Roman city near modern Naples, Italy",Q839954,http://wikidata.org/entity/Q43332
Q1734662,10,cartographer,person preparing geographical maps,Q28640,http://wikidata.org/entity/Q1734662
Q901402,5,geographer,scholar whose area of study is geography,Q28640,http://wikidata.org/entity/Q901402
Q215536,3,merchant,businessperson who trades in commodities that were produced by others,Q28640,http://wikidata.org/entity/Q215536
Q108541642,1,Izaak Bilderdijk,M.D,Q5,http://wikidata.org/entity/Q108541642
Q10084,4,Vlissingen,"municipality in Zeeland, the Netherlands",Q2039348,http://wikidata.org/entity/Q10084
Q20748658,1,Federico Pendasio,Renaissance logician (-1603),Q5,http://wikidata.org/entity/Q20748658
Q72672,1,Sorrento,Italian city,Q747074,http://wikidata.org/entity/Q72672
Q823060,1,Bernardo Tasso,Italian poet,Q5,http://wikidata.org/entity/Q823060
Q21425279,1,House of Tasso,Italian family,Q8436,http://wikidata.org/entity/Q21425279
Q193510,5,University of Padua,university in Italy,Q3918,http://wikidata.org/entity/Q193510
Q864503,2,biologist,scientist studying living organisms,Q28640,http://wikidata.org/entity/Q864503
Q2998308,1,cosmologist,astronomer who studies cosmology,Q28640,http://wikidata.org/entity/Q2998308
Q14565331,1,logician,person specializing in formal logic,Q28640,http://wikidata.org/entity/Q14565331
Q350979,4,zoologist,someone who studies or practices zoology,Q28640,http://wikidata.org/entity/Q350979
Q4263842,3,literary critic,cultural journalist who reviews new literary books,Q28640,http://wikidata.org/entity/Q4263842
Q170790,13,mathematician,person with an extensive knowledge of mathematics,Q28640,http://wikidata.org/entity/Q170790
Q5403434,1,ethicist,moral principle analyst,Q28640,http://wikidata.org/entity/Q5403434
Q15632482,1,epistemologist,person with an extensive knowledge of epistemology,Q28640,http://wikidata.org/entity/Q15632482
Q18930007,1,political philosopher,scholar of political philosophy,Q28640,http://wikidata.org/entity/Q18930007
Q270141,1,polymath,individual whose knowledge spans a significant number of subjects,Q12737077,http://wikidata.org/entity/Q270141
Q18930236,1,philosopher of language,,Q28640,http://wikidata.org/entity/Q18930236
Q846127,1,Stageira,"ancient city in Macedonia, Greece",Q839954,http://wikidata.org/entity/Q846127
Q21235810,2,Chalcis,ancient polis of Euboea,Q148837,http://wikidata.org/entity/Q21235810
Q193093,1,Platonic Academy,"ancient philosophical, research and educative center, founded by Plato in Athens",Q3914,http://wikidata.org/entity/Q193093
Q11924294,1,Giuniano Maio,Italian humanist,Q5,http://wikidata.org/entity/Q11924294
Q714946,1,Iovianus Pontanus,Italian poet (1426-1503),Q5,http://wikidata.org/entity/Q714946
Q3619505,1,Antonio de Ferraris,Italian physician and man of letters (1444–1517),Q5,http://wikidata.org/entity/Q3619505
Q143886,1,Accademia Pontaniana,academy of sciences,Q414147,http://wikidata.org/entity/Q143886
Q156023,1,Franz Xaver Wolfgang Mozart,"Austrian composer, teacher and performer; youngest son of Wolfgang Amadeus Mozart (1791-1844)",Q5,http://wikidata.org/entity/Q156023
Q713451,1,Franz Lachner,German composer and conductor (1803-1890),Q5,http://wikidata.org/entity/Q713451
Q1144673,2,Royal Academy of Music,conservatoire in London,Q184644,http://wikidata.org/entity/Q1144673
Q2490358,5,choreographer,person who creates choreographies,Q28640,http://wikidata.org/entity/Q2490358
Q3268638,1,Lycée Pierre-Corneille,"public school in Rouen, France",Q41176,http://wikidata.org/entity/Q3268638
Q207575,1,Riom,"commune in Puy-de-Dôme, France",Q484170,http://wikidata.org/entity/Q207575
Q125500905,1,Louis de la Grange-Chancel,1678-1747,Q5,http://wikidata.org/entity/Q125500905
Q1076734,2,Razac-sur-l'Isle,"commune in Dordogne, France",Q484170,http://wikidata.org/entity/Q1076734
Q288,3,Tours,"city and commune in Indre-et-Loire, Centre-Val de Loire, France",Q484170,http://wikidata.org/entity/Q288
Q83712177,1,Fortoiseau Castle,,Q751876,http://wikidata.org/entity/Q83712177
Q152002,8,pastor,ordained leader of a Christian congregation,Q63188683,http://wikidata.org/entity/Q152002
Q477766,1,Sauve,"commune in Gard, France",Q484170,http://wikidata.org/entity/Q477766
Q3064032,2,fabulist,writer of fables,Q28640,http://wikidata.org/entity/Q3064032
Q194145,1,Château-Thierry,"commune in Aisne, France",Q484170,http://wikidata.org/entity/Q194145
Q47118457,1,Charles de La fontaine,1594 - 1658,Q5,http://wikidata.org/entity/Q47118457
Q47010281,1,Françoise Pidoux,14 Oct 1582 - 1644,Q5,http://wikidata.org/entity/Q47010281
Q2983769,2,College of Juilly,Catholic teaching seminary in France,Q3914,http://wikidata.org/entity/Q2983769
Q883533,1,Muggendorf,district of Wiesenttal,Q253019,http://wikidata.org/entity/Q883533
Q502450,1,Burgbernheim,municipality of Germany,Q42744322,http://wikidata.org/entity/Q502450
Q700388,1,Benneckenstein,settlement in the German town of Oberharz am Brocken,Q253019,http://wikidata.org/entity/Q700388
Q322361,1,Ribe,town in Denmark,Q3957,http://wikidata.org/entity/Q322361
Q756617,2,Kingdom of Denmark,transcontinental sovereign state and constitutional monarchy,Q3624078,http://wikidata.org/entity/Q756617
Q186285,5,University of Copenhagen,"public research university in Copenhagen, Denmark",Q62078547,http://wikidata.org/entity/Q186285
Q209344,1,Sapienza University of Rome,Italian university founded in Rome in 1303,Q875538,http://wikidata.org/entity/Q209344
Q131262,5,University of Bologna,"university in Bologna, Italy",Q875538,http://wikidata.org/entity/Q131262
Q1985029,1,Frederik Willem van Eeden,Dutch botanist (1829-1901),Q5,http://wikidata.org/entity/Q1985029
Q214341,2,University of Amsterdam,"public university in Amsterdam, Netherlands",Q3918,http://wikidata.org/entity/Q214341
Q88288866,1,Marie-Hortense Racot de Grandval,French stage actress,Q5,http://wikidata.org/entity/Q88288866
Q104577495,1,Daniel Racot,,Q5,http://wikidata.org/entity/Q104577495
Q22517,1,Erstein,"French commune in Bas-Rhin, Alsace, Grand Est",Q484170,http://wikidata.org/entity/Q22517
Q22737,1,Sélestat,"commune in Bas-Rhin, France",Q484170,http://wikidata.org/entity/Q22737
Q27660160,1,Nicolina Giordani,Italian singer,Q5,http://wikidata.org/entity/Q27660160
Q15710617,1,Borgo Virgilio,Italian comune,Q747074,http://wikidata.org/entity/Q15710617
Q491753,1,Andes,ancient village near Mantua in the Roman province of Cisalpine Gallia,Q532,http://wikidata.org/entity/Q491753
Q60841634,1,Magia Polla,mother of Virgil,Q5,http://wikidata.org/entity/Q60841634
Q17172850,18,voice,human voice as musical instrument,Q110295396,http://wikidata.org/entity/Q17172850
Q2384,1,Bergedorf,"quarter of Hamburg, Germany",Q15830667,http://wikidata.org/entity/Q2384
Q81162,3,Magdalen College,constituent college of the University of Oxford in England,Q2581649,http://wikidata.org/entity/Q81162
Q117326472,1,Vincent Cavaillé-Coll,"19th century French organ builder, elder brother of the famous Aristide with whom he worked in Paris before settling personally in Nîmes",Q5,http://wikidata.org/entity/Q117326472
Q6441,4,Montpellier,"city in Hérault, France",Q484170,http://wikidata.org/entity/Q6441
Q117327403,1,Dominique Cavaillé-Coll,"French organ builder of the last quarter of the 18th century and the first half of the 19th century, father of the famous Aristide with whom he worked in Paris for 20 years",Q5,http://wikidata.org/entity/Q117327403
Q71482,1,Friedrich Ladegast,German pipe organ builder (1818–1905),Q5,http://wikidata.org/entity/Q71482
Q47545883,1,Jean-Pierre Cavaillé,"18th century French organ builder, grandfather of the famous Aristide Cavaillé-Coll",Q5,http://wikidata.org/entity/Q47545883
Q106274,1,Legnica,city with powiat rights of Poland,Q925381,http://wikidata.org/entity/Q106274
Q242926,2,Marino,"comune in Lazio, Italy",Q747074,http://wikidata.org/entity/Q242926
Q3778,1,Zwickau,"town in Saxony, Germany",Q448801,http://wikidata.org/entity/Q3778
Q13570226,2,literary historian,humanist who is engaged in history of literature,Q28640,http://wikidata.org/entity/Q13570226
Q797892,2,Emmanuel College,college of the University of Cambridge,Q1055028,http://wikidata.org/entity/Q797892
Q29245,1,Hastings,"town in East Sussex, on the south coast of England",Q3957,http://wikidata.org/entity/Q29245
Q17152,1,Central Macedonia Region,one of the 13 administrative regions of Greece,Q207299,http://wikidata.org/entity/Q17152
Q15875412,1,François van Hoogstraten,Dutch publisher and poet (1632-1696),Q5,http://wikidata.org/entity/Q15875412
Q107305567,1,Hester de Koningh,24 Dec 1628 Rotterdam -,Q5,http://wikidata.org/entity/Q107305567
Q157324,1,François Guizot,"French historian, orator and statesman (1787–1874)",Q5,http://wikidata.org/entity/Q157324
Q318337,1,Abel-François Villemain,French politician and writer (1790-1870),Q5,http://wikidata.org/entity/Q318337
Q6625963,4,novelist,writer of novels,Q28640,http://wikidata.org/entity/Q6625963
Q748307,2,Lycée Charlemagne,Parisian high-school,Q20860083,http://wikidata.org/entity/Q748307
Q3064259,1,Paris Law Faculty,Paris Law Faculty of the former University of Paris,Q180958,http://wikidata.org/entity/Q3064259
Q1809792,1,Le Charivari,French satirical periodical,Q11032,http://wikidata.org/entity/Q1809792
Q3212830,1,La Silhouette,newspaper,Q11032,http://wikidata.org/entity/Q3212830
Q949749,1,La Caricature,magazine,Q41298,http://wikidata.org/entity/Q949749
Q544646,1,Léon Cogniet,French painter (1794-1880),Q5,http://wikidata.org/entity/Q544646
Q1281618,3,sculptor,artist specializing in sculpture,Q88789639,http://wikidata.org/entity/Q1281618
Q724148,1,Édouard Detaille,French painter (1848-1912),Q5,http://wikidata.org/entity/Q724148
Q52550243,1,Gabriel Coffinières de Nordeck,French officer and artist (1844-1898),Q5,http://wikidata.org/entity/Q52550243
Q4521641,1,Vyacheslav Schwarz,Russian painter and academician (1838-1869),Q5,http://wikidata.org/entity/Q4521641
Q1528171,1,Giuseppe Besozzi,oboist,Q5,http://wikidata.org/entity/Q1528171
Q7132198,1,Paolo Girolamo Besozzi,Oboist and bassoonist,Q5,http://wikidata.org/entity/Q7132198
Q5186476,1,Cristoforo Besozzi,Oboist and bassoonist,Q5,http://wikidata.org/entity/Q5186476
Q326582,1,Kwidzyn,city in northern Poland on the Liwa River,Q2616791,http://wikidata.org/entity/Q326582
Q54096,1,University of Cologne,university in Germany,Q875538,http://wikidata.org/entity/Q54096
Q30247850,1,Jacob Luther,son of Hans Luther,Q5,http://wikidata.org/entity/Q30247850
Q20494923,1,Hans Luther,father of Martin Luther,Q5,http://wikidata.org/entity/Q20494923
Q28657970,1,Margarethe Luther,mother of Martin Luther,Q5,http://wikidata.org/entity/Q28657970
Q75667,1,Martin Helwig,German cartographer of Silesia (1516–1574),Q5,http://wikidata.org/entity/Q75667
Q98742,1,Jacob Heerbrand,German theologian (1521-1600),Q5,http://wikidata.org/entity/Q98742
Q105649,1,Michael Neander,German educationist and philologist (1525-1585),Q5,http://wikidata.org/entity/Q105649
Q316592,4,University of Wittenberg,German university (1502–1814),Q3918,http://wikidata.org/entity/Q316592
Q1585513,1,University of Erfurt (1392-1816),former university,Q123602198,http://wikidata.org/entity/Q1585513
Q1399977,1,Schwiegershausen,human settlement in Germany,Q253019,http://wikidata.org/entity/Q1399977
Q958049,1,Crete,"city in Saline County, Nebraska, United States",Q1093829,http://wikidata.org/entity/Q958049
Q27306,3,Kingdom of Prussia,"former European state (1701–1918), part of the German Empire after 1871",Q3024240,http://wikidata.org/entity/Q27306
Q116415,1,Aquino,"comune in Lazio, Italy",Q747074,http://wikidata.org/entity/Q116415
Q1662737,2,Rehestädt,human settlement in Germany,Q253019,http://wikidata.org/entity/Q1662737
Q77336,1,Maria Josepha of Bavaria,Holy Roman empress,Q5,http://wikidata.org/entity/Q77336
Q85021,1,Duchess Maria Anna Josepha of Bavaria,German princess (1734-1776),Q5,http://wikidata.org/entity/Q85021
Q16740105,1,Theresa Benedicta of Bavaria,German princess,Q5,http://wikidata.org/entity/Q16740105
Q18411753,1,Franz Ludwig von Holnstein,(1723-1780),Q5,http://wikidata.org/entity/Q18411753
Q57841,1,"Maximilian III Joseph, Elector of Bavaria",Duke of Bavaria (1727-1777),Q5,http://wikidata.org/entity/Q57841
Q76736,1,"Charles VII, Holy Roman Emperor",Holy Roman Emperor,Q5,http://wikidata.org/entity/Q76736
Q231441,1,Maria Amalia of Austria,queen of Bohemia,Q5,http://wikidata.org/entity/Q231441
Q350587,1,Adam Pantke,German church historian,Q5,http://wikidata.org/entity/Q350587
Q182436,11,librarian,"person who works professionally in a library, and is usually trained in librarianship",Q12737077,http://wikidata.org/entity/Q182436
Q17486330,1,historian of mathematics,humanist who is engaged in history of mathematics,Q28640,http://wikidata.org/entity/Q17486330
Q1209498,2,poet lawyer,poet with legal training,Q28640,http://wikidata.org/entity/Q1209498
Q169470,7,physicist,scientist who does research in physics,Q28640,http://wikidata.org/entity/Q169470
Q11063,4,astronomer,scientist who studies celestial bodies,Q28640,http://wikidata.org/entity/Q11063
Q94877553,1,Abraham Kästner,,Q5,http://wikidata.org/entity/Q94877553
Q2374149,7,botanist,person who practices botany,Q28640,http://wikidata.org/entity/Q2374149
Q740241,1,Chojnice,city and urban gmina of Poland,Q2616791,http://wikidata.org/entity/Q740241
Q6837,3,Lutherstadt Wittenberg,town in Germany,Q42744322,http://wikidata.org/entity/Q6837
Q73014,1,Erhard Weigel,"Mathematician, astronomer and philosopher",Q5,http://wikidata.org/entity/Q73014
Q118711,1,Johannes Musaeus,German Protestant theologian (1613-1681),Q5,http://wikidata.org/entity/Q118711
Q1281017,1,Johann Ernst Gerhard,German theologian,Q5,http://wikidata.org/entity/Q1281017
Q432386,6,preacher,person who delivers sermons or gives homilies,Q28640,http://wikidata.org/entity/Q432386
Q18805,6,naturalist,"person who studies and knows a lot about plants, animals and natural history (esp in the field)",Q28640,http://wikidata.org/entity/Q18805
Q154561,7,Friedrich Schiller University Jena,"university located in Jena, Thuringia, Germany",Q875538,http://wikidata.org/entity/Q154561
Q2865819,4,opera singer,singer who sings in operas,Q66715801,http://wikidata.org/entity/Q2865819
Q1209,3,Bremen,federated state of Germany,Q1221156,http://wikidata.org/entity/Q1209
Q21546571,1,Philippus,father of Aristophanes,Q5,http://wikidata.org/entity/Q21546571
Q134929,1,Pindar,ancient Greek lyric poet,Q5,http://wikidata.org/entity/Q134929
Q23670612,3,Roman Carthage,city of Ancient Rome,Q15661340,http://wikidata.org/entity/Q23670612
Q113438302,1,Joseph Campra,"(b Aix-en-Provence, Sept 10, 1662; d Versailles, March 31, 1744). French composer, younger brother of André Campra. Joseph Campra was not, as described by the brothers Parfaict, a ‘fort honnête homme’ who never knew a note of music (Histoire de",Q5,http://wikidata.org/entity/Q113438302
Q47465,1,Aix-en-Provence,"French commune in Bouches-du-Rhône, Provence-Alpes-Côte d'Azur",Q484170,http://wikidata.org/entity/Q47465
Q2920855,1,Académie royale de musique,official name given to the Paris Opera in 1671; founded in 1669 as Académie d'Opéra,Q162633,http://wikidata.org/entity/Q2920855
Q3172862,1,Jean Julien Michel Savary,French politician (1753-1839),Q5,http://wikidata.org/entity/Q3172862
Q234704,1,Vitré,"commune in Ille-et-Vilaine, France",Q484170,http://wikidata.org/entity/Q234704
Q485990,1,Félix Savary,French astronomer (1797-1841),Q5,http://wikidata.org/entity/Q485990
Q1341516,7,Westminster School,"public school in Westminster, London, England",Q269770,http://wikidata.org/entity/Q1341516
Q15991187,5,grammarian,student or scholar of grammar,Q66666607,http://wikidata.org/entity/Q15991187
Q525612,1,Braunfels,"town in Lahn-Dill-Kreis in Hesse, Germany",Q3957,http://wikidata.org/entity/Q525612
Q1694555,1,Johan Henrich Reitz,German translator and theologian,Q5,http://wikidata.org/entity/Q1694555
Q110611569,1,Anna Maria Meerman,"31 Aug 1667 Frankfurt, Germany - 10 Oct 1734 Goes, Zeeland",Q5,http://wikidata.org/entity/Q110611569
Q11774202,4,essayist,person who writes essays,Q28640,http://wikidata.org/entity/Q11774202
Q70744319,1,theatre historian,person who studies the history of theatre arts,Q28640,http://wikidata.org/entity/Q70744319
Q61943885,1,Achille Guillard,French botanist (1799-1876),Q5,http://wikidata.org/entity/Q61943885
Q860500,2,Augusta Bilbilis,city of Ancient Rome in Hispania,Q213468,http://wikidata.org/entity/Q860500
Q121305813,1,Flaccilla,mother of Martial,Q5,http://wikidata.org/entity/Q121305813
Q243133,1,Palestrina,"comune in Lazio, Italy",Q747074,http://wikidata.org/entity/Q243133
Q9149093,1,mountaineer,person who climbs mountains,Q28640,http://wikidata.org/entity/Q9149093
Q642604,1,Jakob Gronovius,Dutch classical scholar (1645–1716),Q5,http://wikidata.org/entity/Q642604
Q82372,2,Kirchberg an der Jagst,municipality in Germany,Q42744322,http://wikidata.org/entity/Q82372
Q2743689,1,auctioneer,person who runs a sale by auction,Q28640,http://wikidata.org/entity/Q2743689
Q10732476,6,art collector,person who collects art,Q12737077,http://wikidata.org/entity/Q10732476
Q3145483,1,Hôtel Drouot,Paris auction house,Q11755959,http://wikidata.org/entity/Q3145483
Q1998354,2,Hoxton,"district in the East End of London, England",Q3957,http://wikidata.org/entity/Q1998354
Q8018208,1,William Scott,English High Church clergyman,Q5,http://wikidata.org/entity/Q8018208
Q1902016,1,Marlborough College,"school in Wiltshire, England, UK",Q3238833,http://wikidata.org/entity/Q1902016
Q1164598,1,Wormerveer,"village in Zaanstad, Netherlands",Q1852859,http://wikidata.org/entity/Q1164598
Q272243,1,Saint-Josse-ten-Noode,"municipality in the Brussels-Capital Region, Belgium",Q493522,http://wikidata.org/entity/Q272243
Q137375515,1,,,Q5,http://wikidata.org/entity/Q137375515
Q20738928,1,Douwe Simons Gorter,Dutch publisher,Q5,http://wikidata.org/entity/Q20738928
Q12027957,1,canon law jurist,jurist or lawyer specialised in church law and guidelines,Q15987302,http://wikidata.org/entity/Q12027957
Q4479442,1,founder,person who creates an institution intended to perpetuate itself after the founder's association ends,Q4164871,http://wikidata.org/entity/Q4479442
Q170062,1,Pannonia,province of the Roman Empire (20 - 107 AD),Q182547,http://wikidata.org/entity/Q170062
Q83247,1,Braga,municipality in Portugal,Q13217644,http://wikidata.org/entity/Q83247
Q1553052,1,Nusaybin,"district and town in Mardin, Turkey",Q149621,http://wikidata.org/entity/Q1553052
Q570801,1,Hugues Doneau,French lawyer,Q5,http://wikidata.org/entity/Q570801
Q5052948,1,Catherine Tishem,,Q5,http://wikidata.org/entity/Q5052948
Q714921,2,Jean Daurat,French writer and scholar (1508-1588),Q5,http://wikidata.org/entity/Q714921
Q376210,1,Adrianus Turnebus,French classical scholar,Q5,http://wikidata.org/entity/Q376210
Q36697320,1,Juan Gelida,,Q5,http://wikidata.org/entity/Q36697320
Q707285,1,Jacques Cujas,French jurist (1522–1590),Q5,http://wikidata.org/entity/Q707285
Q6625,1,Agen,"commune in Lot-et-Garonne, France",Q484170,http://wikidata.org/entity/Q6625
Q503473,4,University of Geneva,"public research university located in Geneva, Switzerland",Q62078547,http://wikidata.org/entity/Q503473
Q10079,1,Schouwen-Duiveland,municipality in the Netherlands,Q2039348,http://wikidata.org/entity/Q10079
Q108410348,1,Adriaen Cornelisz. Cats,,Q5,http://wikidata.org/entity/Q108410348
Q108410349,1,Leenken Jacob Janszdr. Breyde,,Q5,http://wikidata.org/entity/Q108410349
Q110423893,1,Mr. Pieter Feith,Est 1729 - 19 May 1802 's-Gravenhage,Q5,http://wikidata.org/entity/Q110423893
Q110423908,1,Elsabé Spaer,Est 1724 - 31 Oct 1778 Zwolle,Q5,http://wikidata.org/entity/Q110423908
Q543891,1,Vincenzo Albrici,Italian composer,Q5,http://wikidata.org/entity/Q543891
Q572891,1,Geising,"municipal district of Altenberg, Saxony",Q532,http://wikidata.org/entity/Q572891
Q1526368,4,Kreuzschule,school,Q3914,http://wikidata.org/entity/Q1526368
Q4991371,2,soldier,member of the armed forces,Q6857706,http://wikidata.org/entity/Q4991371
Q79980,1,Varanasi,city on the banks of the Ganges in the Uttar Pradesh state of India,Q515,http://wikidata.org/entity/Q79980
Q1348,3,Kolkata,"capital city of West Bengal, India",Q105074756,http://wikidata.org/entity/Q1348
Q16069,2,Biberach an der Riss,town and district capital in the Upper Swabia region of the German state of Baden-Württemberg,Q134626,http://wikidata.org/entity/Q16069
Q159631,1,Kingdom of Württemberg,"kingdom in Central Europe between 1806–1918, from January 1871 part of the German Empire",Q3024240,http://wikidata.org/entity/Q159631
Q51240726,1,Anne Marie van Deventer-Busken Huet,Dutch author,Q5,http://wikidata.org/entity/Q51240726
Q97668127,1,Charles Busken Huet,Dutch politician,Q5,http://wikidata.org/entity/Q97668127
Q367203,1,Gymnasium Haganum,school in The Hague,Q55043,http://wikidata.org/entity/Q367203
Q326123,1,Drawsko Pomorskie,city of Poland,Q515,http://wikidata.org/entity/Q326123
Q931871,1,Franciscus Gomarus,Dutch theologian (1563-1641),Q5,http://wikidata.org/entity/Q931871
Q219477,3,missionary,member of a religious group sent to do evangelism,Q28640,http://wikidata.org/entity/Q219477
Q9845,1,Heusden,municipality in the Netherlands,Q2039348,http://wikidata.org/entity/Q9845
Q39297398,9,Utrecht,"capital city of the province of Utrecht, Netherlands",Q515,http://wikidata.org/entity/Q39297398
Q1510259,1,Gerardus de Vries,Dutch theologian and philosopher,Q5,http://wikidata.org/entity/Q1510259
Q444858,1,Martin Schoock,Dutch historian (1614-1669),Q5,http://wikidata.org/entity/Q444858
Q454594,1,Sixtinus Amama,Dutch Reformed theologian and orientalist,Q5,http://wikidata.org/entity/Q454594
Q635734,3,archivist,"professional who assesses, collects, organizes, preserves, maintains control over, and provides access to information determined to have long-term value",Q28640,http://wikidata.org/entity/Q635734
Q98833883,1,Protestant theologian,Christian theologian who is Protestant,Q28640,http://wikidata.org/entity/Q98833883
Q1743122,1,church historian,humanist who is engaged in history of Church,Q28640,http://wikidata.org/entity/Q1743122
Q5758653,3,secondary school teacher,teacher of high school (12-18 years),Q28640,http://wikidata.org/entity/Q5758653
Q137178813,1,,,,http://wikidata.org/entity/Q137178813
Q388107,1,Oisemont,"commune in Somme, France",Q484170,http://wikidata.org/entity/Q388107
Q41976,1,Dokkum,"city in Noardeast-Fryslân, Netherlands",Q13539802,http://wikidata.org/entity/Q41976
Q24262584,2,Bible translator,person translating the Bible,Q12737077,http://wikidata.org/entity/Q24262584
Q52101,9,Middelburg,"capital city of Zeeland, the Netherlands",Q515,http://wikidata.org/entity/Q52101
Q131372967,1,Karl von Wolzogen,,Q5,http://wikidata.org/entity/Q131372967
Q95191623,1,Louise Sophie Charlotte Henriette von Wolzogen,,Q5,http://wikidata.org/entity/Q95191623
Q19238855,1,Wilhelm von Wolzogen,25 Nov 1762 - 17 Dec 1809,Q5,http://wikidata.org/entity/Q19238855
Q94849875,1,Ernst Ludwig I von Wolzogen,,Q5,http://wikidata.org/entity/Q94849875
Q55897735,1,Wilhelmine Christine Henriette Johanna von Wolzogen Marschalk von Ostheim,,Q5,http://wikidata.org/entity/Q55897735
Q1558133,1,Gymnasium Hammonense,gymnasium,Q55043,http://wikidata.org/entity/Q1558133
Q1766218,1,Reformierte Kirche Lübeck,"church building in Lübeck's Old City, Schleswig-Holstein, Germany",Q16970,http://wikidata.org/entity/Q1766218
Q1610477,1,Hermann Tast School,High school in Husum,Q3914,http://wikidata.org/entity/Q1610477
Q100111,1,Vignola,Italian comune,Q747074,http://wikidata.org/entity/Q100111
Q175566,1,Giacomo della Porta,Italian architect and sculptor (1532-1602),Q5,http://wikidata.org/entity/Q175566
Q177213,1,Baldassare Peruzzi,Italian painter (1481–1536),Q5,http://wikidata.org/entity/Q177213
Q33439340,1,Gouda,"city in South Holland, the Netherlands",Q1852859,http://wikidata.org/entity/Q33439340
Q116471848,1,Johan van Alphen,(1710–1750),Q5,http://wikidata.org/entity/Q116471848
Q116471867,1,Wilhelmina Lucia van Alphen,13 Apr 1713 's-Gravenhage - 15 Dec 1779 Utrecht,Q5,http://wikidata.org/entity/Q116471867
Q173950,3,art dealer,person that buys and sells works of art,Q28640,http://wikidata.org/entity/Q173950
Q9777,1,Venlo,municipality in southern Netherlands,Q2039348,http://wikidata.org/entity/Q9777
Q889413,1,SS Bodegraven,ship,Q11446,http://wikidata.org/entity/Q889413
Q127324830,1,Eduard Jacques Goudstikker,Dutch art gallerist (1866-1924),Q5,http://wikidata.org/entity/Q127324830
Q14972848,8,lexicographer,"writer, editor, or compiler of dictionaries",Q28640,http://wikidata.org/entity/Q14972848
Q627941,1,Jacopo Zabarella,Italian philosopher (1533-1589),Q5,http://wikidata.org/entity/Q627941
Q250089,1,Alessandro Piccolomini,"Italian writer and philosopher, titular archbishop of Patrae",Q5,http://wikidata.org/entity/Q250089
Q435296,2,Hieronymus Fabricius,"Italian physician, anatomist and surgeon (1533–1619)",Q5,http://wikidata.org/entity/Q435296
Q116094,2,Theodor Zwinger,Swiss physician,Q5,http://wikidata.org/entity/Q116094
Q1348126,2,Pierre-Joseph-Guillaume Zimmermann,French pianist,Q5,http://wikidata.org/entity/Q1348126
Q706096,1,Victor Dourlen,French composer and pedagogue,Q5,http://wikidata.org/entity/Q706096
Q42168,2,Clermont-Ferrand,"commune in Puy-de-Dôme, France",Q484170,http://wikidata.org/entity/Q42168
Q275118,1,9th arrondissement of Paris,"one of the 20 administrative districts of Paris, France",Q702842,http://wikidata.org/entity/Q275118
Q280936,1,,French engraver (1707-1783),Q5,http://wikidata.org/entity/Q280936
Q20658591,1,Johann Ernst Mansfeld,copperplate engraver,Q5,http://wikidata.org/entity/Q20658591
Q329439,11,engraver,craftsman with the profession of engraving,Q28640,http://wikidata.org/entity/Q329439
Q13365770,10,copper engraver,"artisan or artist who uses the technique of engraving images or text into a copper plate, which is then used to produce prints",Q28640,http://wikidata.org/entity/Q13365770
Q2516866,22,publisher,person heading a publishing company or who publishes media,Q28640,http://wikidata.org/entity/Q2516866
Q21543081,1,Johannes Christiaan Bendorp,"Dutch printmaker, draftsperson and graphic artist (1766-1849)",Q5,http://wikidata.org/entity/Q21543081
Q4947332,1,Sophia Wilhelmina Evans,,Q5,http://wikidata.org/entity/Q4947332
Q17391638,1,art theorist,profession that works in the field of art theory,Q28640,http://wikidata.org/entity/Q17391638
Q116923588,1,Haagsche Teekenacademie,Dutch art school,Q383092,http://wikidata.org/entity/Q116923588
Q1934922,1,Noël Gallon,French composer (1891-1966),Q5,http://wikidata.org/entity/Q1934922
Q154949,1,Jean Gallon,"French composer, choir conductor, and music educator (1878–1959)",Q5,http://wikidata.org/entity/Q154949
Q40898,7,Nancy,"city and commune in Meurthe-et-Moselle, Grand Est, France",Q484170,http://wikidata.org/entity/Q40898
Q2958620,1,Charles Broche,French composer (1752-1803),Q5,http://wikidata.org/entity/Q2958620
Q13391399,7,chansonnier,"type of poet songwriter in France and Quebec, Canada",Q66715801,http://wikidata.org/entity/Q13391399
Q57575075,1,Aeghje Hooft,,Q5,http://wikidata.org/entity/Q57575075
Q1133564,1,Cornelis Hooft,Dutch mayor (1547-1626),Q5,http://wikidata.org/entity/Q1133564
Q1871628,1,Louis De Geer,"Dutch politician, industrialist, gun merchant (1587-1652)",Q5,http://wikidata.org/entity/Q1871628
Q58900,2,Doncaster,"city in South Yorkshire, England, UK",Q7897276,http://wikidata.org/entity/Q58900
Q956501,2,Pembroke College,college of the University of Cambridge,Q1055028,http://wikidata.org/entity/Q956501
Q4821037,1,Auguste-Siméon Garneray,French painter (1785-1824),Q5,http://wikidata.org/entity/Q4821037
Q155545,1,Eugène de Beauharnais,French statesman and military officer (1781–1824),Q5,http://wikidata.org/entity/Q155545
Q456122,1,Alexandre de Beauharnais,French general; president of the National Constituent Assembly in 1791 (1760–1794),Q5,http://wikidata.org/entity/Q456122
Q277700,1,House of Beauharnais,French noble family,Q13417114,http://wikidata.org/entity/Q277700
Q112581,1,House of Bonaparte,imperial and royal European dynasty,Q164950,http://wikidata.org/entity/Q112581
Q75960528,1,Walter Scott,(1729-1799),Q5,http://wikidata.org/entity/Q75960528
Q75960529,1,Anne Rutherford,(1739-1819),Q5,http://wikidata.org/entity/Q75960529
Q623398,1,King James Version,1611 English translation of the Christian Bible,Q655192,http://wikidata.org/entity/Q623398
Q312562,1,James Macpherson,"British writer, poet, translator and politician (1736-1796)",Q5,http://wikidata.org/entity/Q312562
Q15460165,1,François-Hippolyte Barthélémon,French composer,Q5,http://wikidata.org/entity/Q15460165
Q7225843,1,Polly Young,"Soprano, composer and harpsichordist",Q5,http://wikidata.org/entity/Q7225843
Q60149588,1,Anton Albrechtsberger,,Q5,http://wikidata.org/entity/Q60149588
Q487522,1,Klosterneuburg,"municipality in Tulln District, Lower Austria, Austria",Q3957,http://wikidata.org/entity/Q487522
Q260581,1,Stiftsgymnasium Melk,Austrian monastic school,Q2348743,http://wikidata.org/entity/Q260581
Q3501329,1,Osiek Łużycki,village of Poland,Q3558970,http://wikidata.org/entity/Q3501329
Q57944,2,Annaberg-Buchholz,German town,Q448801,http://wikidata.org/entity/Q57944
Q2360795,1,Stötteritz,"quarter in Leipzig, Germany",Q79423884,http://wikidata.org/entity/Q2360795
Q94761054,1,Christian Heinrich Weiße,German high school teacher and classical philologist (1688-1730),Q5,http://wikidata.org/entity/Q94761054
Q1693594,1,Johann Friedrich Jünger,German author,Q5,http://wikidata.org/entity/Q1693594
Q3933,2,Celle,"city in Lower Saxony, Germany",Q1548525,http://wikidata.org/entity/Q3933
Q494299,2,Landsberg am Lech,"city in Bavaria, Germany",Q448801,http://wikidata.org/entity/Q494299
Q64990775,1,François d'Arouet,French lawyer,Q5,http://wikidata.org/entity/Q64990775
Q21177229,1,Marguerite d'Aumard,mother of Voltaire,Q5,http://wikidata.org/entity/Q21177229
Q1059546,7,Lycée Louis-le-Grand,"public school in Paris, France",Q20860083,http://wikidata.org/entity/Q1059546
Q1844562,1,University of Pont-à-Mousson,former French university,Q3918,http://wikidata.org/entity/Q1844562
Q9005,2,Brussels metropolitan area,"metropolitan area of Brussels, in Belgium",Q1907114,http://wikidata.org/entity/Q9005
Q21512299,1,,,Q2385804,http://wikidata.org/entity/Q21512299
Q368998,1,University of Trnava,"university founded in 1635, which continued to operate in Pest (now Budapest) from 1777. The predecessor of three modern universities",Q3918,http://wikidata.org/entity/Q368998
Q6999082,1,Giovanni Gherardi,Italian actor,Q5,http://wikidata.org/entity/Q6999082
Q5140793,1,Coenraet Decker,Dutch Golden Age engraver,Q5,http://wikidata.org/entity/Q5140793
Q6776939,1,Martin Zaagmolen,Dutch painter,Q5,http://wikidata.org/entity/Q6776939
Q628304,1,Schöningen,"town in the District of Helmstedt, Germany",Q42744322,http://wikidata.org/entity/Q628304
Q365463,1,Cornelis Drebbel,Dutch inventor and submarine pioneer,Q5,http://wikidata.org/entity/Q365463
Q97340217,1,Adriaen Rottermont,Netherlandish goldsmith and mintmaster (1579–1652),Q5,http://wikidata.org/entity/Q97340217
Q926814,1,Hendrik Hondius I,"engraver, cartographer and publisher from the Netherlands",Q5,http://wikidata.org/entity/Q926814
Q108823172,1,Johan Dedel,,Q5,http://wikidata.org/entity/Q108823172
Q52154034,1,Maurits Huygens,secretary in the Hague (1595-1642),Q5,http://wikidata.org/entity/Q52154034
Q17418337,1,Christiaan Huygens,Dutch politician (1551-1624),Q5,http://wikidata.org/entity/Q17418337
Q20031904,1,Susanna Hoefnagel,(1561-1633),Q5,http://wikidata.org/entity/Q20031904
Q21544862,1,Lambert Barlaeus,"Dutch pastor, assistant headmaster of the Amsterdam Grammar Schools and professor of Greek language (1592-1655)",Q5,http://wikidata.org/entity/Q21544862
Q559010,2,Parchim,"town and administrative center of the Ludwigslust-Parchim district in Mecklenburg-Vorpommern, Germany",Q42744322,http://wikidata.org/entity/Q559010
Q55123140,1,Johann Gottlieb Lessing,German pedagogue (1732-1808),Q5,http://wikidata.org/entity/Q55123140
Q1731277,1,Karl Gotthelf Lessing,"German mint director, writer and newspaper publisher (1740-1812)",Q5,http://wikidata.org/entity/Q1731277
Q55854807,1,Gottlob Samuel Lessing,Prussian legal adviser to the Prussian domain office (1739-1803),Q5,http://wikidata.org/entity/Q55854807
Q822146,1,lyricist,writer of song lyrics,Q66715801,http://wikidata.org/entity/Q822146
Q1694126,1,Johann Gottfried Lessing,theologian,Q5,http://wikidata.org/entity/Q1694126
Q94742602,1,Justina Salome Lessing,mother of Gotthold Ephraim Lessing (1703-1777),Q5,http://wikidata.org/entity/Q94742602
Q321381,1,Abingdon-on-Thames,"market town in Vale of White Horse, England, UK",Q18511725,http://wikidata.org/entity/Q321381
Q202059,1,London Borough of Lambeth,borough in the London Region in England,Q211690,http://wikidata.org/entity/Q202059
Q17167049,1,literary scholar,specialist in the study of literature,Q28640,http://wikidata.org/entity/Q17167049
Q356449,1,Aderstedt,,Q253019,http://wikidata.org/entity/Q356449
Q1897000,1,Zheleznodorozhny,"human settlement in Pravdinsk Urban Okrug, Kaliningrad Oblast, Russia",Q15078955,http://wikidata.org/entity/Q1897000
Q4120832,5,Königsberg,"historic capital of East Prussia, since 1945 Russian territory",Q515,http://wikidata.org/entity/Q4120832
Q672420,3,University of Königsberg,former university of Königsberg in Eastern Prussia (1544-1945),Q3918,http://wikidata.org/entity/Q672420
Q122914811,1,André-Charles Caron,French clockmaker,Q5,http://wikidata.org/entity/Q122914811
Q502559,1,Olbersdorf,municipality of Germany,Q116457956,http://wikidata.org/entity/Q502559
Q626792,1,Fehrbellin,"municipality in Brandenburg state, Germany",Q116457956,http://wikidata.org/entity/Q626792
Q659955,1,Richelieu,"commune in Indre-et-Loire, France",Q484170,http://wikidata.org/entity/Q659955
Q502865,1,Hersbruck,city in Landkreis Nürnberger Land in Germany,Q42744322,http://wikidata.org/entity/Q502865
Q116034,1,Daniel Albert Wyttenbach,German-Swiss classical scholar,Q5,http://wikidata.org/entity/Q116034
Q1936132,1,Watergraafsmeer,"city area and poldered former lake in Amsterdam, Netherlands",Q106259,http://wikidata.org/entity/Q1936132
Q15449248,1,Simon Speijert van der Eijk,Philosophiae Dr. Universiteit Leiden (1771–1837),Q5,http://wikidata.org/entity/Q15449248
Q189960,3,Westminster,area of the City of Westminster in the London Region in England,Q2755753,http://wikidata.org/entity/Q189960
Q124237,2,Pentonville,Central London area located north-northeast of Charing Cross,Q2755753,http://wikidata.org/entity/Q124237
Q3154768,1,Isaac Rousseau,Genevan watchmaker (1672–1747),Q5,http://wikidata.org/entity/Q3154768
Q573715,1,Cécile Stanislas Xavier de Girardin,French politician and general (1762-1827),Q5,http://wikidata.org/entity/Q573715
Q534715,1,Teuchern,municipality of Germany,Q42744322,http://wikidata.org/entity/Q534715
Q1630506,1,Brozas,"municipality in Cáceres province, Extremadura, Spain.",Q2074737,http://wikidata.org/entity/Q1630506
Q308963,5,University of Salamanca,"public university in Salamanca, Spain",Q875538,http://wikidata.org/entity/Q308963
Q14887,1,Neumarkt in der Oberpfalz,"city in Bavaria, Germany",Q448801,http://wikidata.org/entity/Q14887
Q94873130,1,Kaspar Schoppe,,Q5,http://wikidata.org/entity/Q94873130
Q57941,1,Schneeberg,"town in Saxony, Germany",Q42744322,http://wikidata.org/entity/Q57941
Q498575,1,Northeim,"city in Lower Saxony, Germany",Q2267870,http://wikidata.org/entity/Q498575
Q181238,2,Africa,"Roman province on the northern African coast covering parts of present-day Tunisia, Algeria, and Libya",Q182547,http://wikidata.org/entity/Q181238
Q1731155,4,orientalist,person who studies Oriental cultures,Q28640,http://wikidata.org/entity/Q1731155
Q10527030,1,humanist,occupation,Q12737077,http://wikidata.org/entity/Q10527030
Q1553123,1,lector,teaching position in higher education,Q486983,http://wikidata.org/entity/Q1553123
Q236579,1,Semur-en-Auxois,"commune in Côte-d'Or, France",Q484170,http://wikidata.org/entity/Q236579
Q21763303,1,Spa,"town in Spa municipality, Belgium",Q3957,http://wikidata.org/entity/Q21763303
Q70972,4,Kingdom of France,kingdom in Western Europe (987–1792; 1815–1848),Q3624078,http://wikidata.org/entity/Q70972
Q108734145,1,Benigne Saumaise,Abbott 1580 - 15 Jan 1640,Q5,http://wikidata.org/entity/Q108734145
Q96072564,1,Peter Bicknell,1842,Q5,http://wikidata.org/entity/Q96072564
Q27861509,1,Charles Bicknell,Person; male; Solicitor to the Admiralty; legal; British; 1751-1828,Q5,http://wikidata.org/entity/Q27861509
Q96072974,1,Mary Bicknell,,Q5,http://wikidata.org/entity/Q96072974
Q96072972,1,Robert Bicknell,,Q5,http://wikidata.org/entity/Q96072972
Q96072978,1,Joseph Bicknell,,Q5,http://wikidata.org/entity/Q96072978
Q96072976,1,Catherine Bicknell,,Q5,http://wikidata.org/entity/Q96072976
Q96072575,1,Robert Bicknell,(1720-1781),Q5,http://wikidata.org/entity/Q96072575
Q96072576,1,Sarah Bredalbane Campbell,(1717-1806),Q5,http://wikidata.org/entity/Q96072576
Q11569986,11,printmaker,person who makes prints from plates or blocks,Q28640,http://wikidata.org/entity/Q11569986
Q550200,1,Ingersleben,"municipality in the Börde district, Saxony-Anhalt, Germany, since 2010 part of Flechtingen",Q116457956,http://wikidata.org/entity/Q550200
Q10718088,2,Västerås domkyrkoförsamling,,Q615980,http://wikidata.org/entity/Q10718088
Q29468986,1,Abraham Hülphers the Older,Swedish industrialist (1704–1770),Q5,http://wikidata.org/entity/Q29468986
Q106404303,1,Christina Westdahl,(1711-1767),Q5,http://wikidata.org/entity/Q106404303
Q650012,1,engineer of the French Corps of Bridges and Roads,"specialized profession, also designates members of the former French Corps of Bridges and Roads",Q4164871,http://wikidata.org/entity/Q650012
Q629760,1,Bélesta,"commune in Ariège, France",Q484170,http://wikidata.org/entity/Q629760
Q184392,1,Foix,"commune in Ariège, France",Q484170,http://wikidata.org/entity/Q184392
Q131725041,1,NN van den Vondel,,Q5,http://wikidata.org/entity/Q131725041
Q19802255,1,Sara Cranen,ca. 1565-1637,Q5,http://wikidata.org/entity/Q19802255
Q42603,3,priest,person who consecrates his life to some divinity and whose main functions are to direct religious rites and offer sacrifices to the divinity (for a minister use Q1423891),Q63187345,http://wikidata.org/entity/Q42603
Q188553,1,Batavian Republic,republic of the Netherlands in Western Europe between 1795–1806,Q3024240,http://wikidata.org/entity/Q188553
Q1694242,1,Johann Graf,German composer,Q5,http://wikidata.org/entity/Q1694242
Q136345345,1,Jakob van de Kasteele,Est 1711 - 11 Feb 1774 's-Gravenhage,Q5,http://wikidata.org/entity/Q136345345
Q136345355,1,Rachel de Lo,Est 1715 - 25 Jul 1794 's-Gravenhage,Q5,http://wikidata.org/entity/Q136345355
Q4372693,1,HU University of Applied Sciences Utrecht,"university in Utrecht, Netherlands",Q1941786,http://wikidata.org/entity/Q4372693
Q517381,1,Dillenburg,"town in Lahn-Dill-Kreis in Hesse, Germany",Q3957,http://wikidata.org/entity/Q517381
Q76181361,1,George Booth Tyndale,(born 1772),Q5,http://wikidata.org/entity/Q76181361
Q76232554,1,Margaret Catherine Rundell,(born 1776),Q5,http://wikidata.org/entity/Q76232554
Q76282275,1,Gerrit Willem Wolter Carel van Hoëvell,(1778-1865),Q5,http://wikidata.org/entity/Q76282275
Q76282276,1,Emerentia Luthera Isabella van der Capellen,(1787-1872),Q5,http://wikidata.org/entity/Q76282276
Q2371231,1,Van Hövell,family,Q13417114,http://wikidata.org/entity/Q2371231
Q72927737,1,Curiel family,dynasty,Q13417114,http://wikidata.org/entity/Q72927737
Q65622057,1,Friedrich Leberecht Gellert,,Q5,http://wikidata.org/entity/Q65622057
Q1084158,1,Christlieb Ehregott Gellert,German metallurgist,Q5,http://wikidata.org/entity/Q1084158
Q71123,1,Hainichen,municipality of Germany,Q42744322,http://wikidata.org/entity/Q71123
Q126944789,1,Christian Gellert,1671-1747,Q5,http://wikidata.org/entity/Q126944789
Q700434,1,Oberlichtenau,human settlement in Germany,Q253019,http://wikidata.org/entity/Q700434
Q26897,1,Gallia Narbonensis,Roman Empire province from 121 BC until 5th century,Q182547,http://wikidata.org/entity/Q26897
Q58328,1,Jean-Baptiste Biot,French scientist (1774-1862),Q5,http://wikidata.org/entity/Q58328
Q81096,3,engineer,professional practitioner of engineering,Q28640,http://wikidata.org/entity/Q81096
Q16011499,1,Mézières,former commune of France,Q484170,http://wikidata.org/entity/Q16011499
Q3856470,2,Michelangelo Vella,Maltese composer and organist (1710-1792),Q5,http://wikidata.org/entity/Q3856470
Q752348,2,Rabat,"capital of Gozo, an island of the Maltese archipelago",Q515,http://wikidata.org/entity/Q752348
Q41185,3,Caen,"commune in Calvados, France",Q484170,http://wikidata.org/entity/Q41185
Q15117546,1,Adolphe Laferrière,French actor,Q5,http://wikidata.org/entity/Q15117546
Q446126,1,Rosine Stoltz,French operatic mezzo-soprano,Q5,http://wikidata.org/entity/Q446126
Q3811544,1,Adrien de La Fage,composer (1801–1862),Q5,http://wikidata.org/entity/Q3811544
Q273626,1,École polytechnique,French engineering grande école (selective higher education institution),Q847027,http://wikidata.org/entity/Q273626
Q22667445,1,Jacobus Hendrik Scheltema,Dutch bookseller and author (1829-1909),Q5,http://wikidata.org/entity/Q22667445
Q105806095,1,Jan de Carpentier,15 Aug 1511 - 14 Dec 1580,Q5,http://wikidata.org/entity/Q105806095
Q105806097,1,Isabella de Villers,1512 - 15 Sep 1584,Q5,http://wikidata.org/entity/Q105806097
Q131730428,1,Martinus Alewijn,Est 1634 - 26 Nov 1684 Amsterdam,Q5,http://wikidata.org/entity/Q131730428
Q131730433,1,Anna Hooftman,25 Jul 1641 Haarlem - 28 Oct 1689 Amsterdam,Q5,http://wikidata.org/entity/Q131730433
Q20669622,1,music journalist,occupation,Q28640,http://wikidata.org/entity/Q20669622
Q160986,1,Münchberg,municipality of Germany,Q42744322,http://wikidata.org/entity/Q160986
Q2022164,1,Philip Loots,Dutch composer (1865–1916),Q5,http://wikidata.org/entity/Q2022164
Q972,2,Alkmaar,"municipality in the province of North Holland, the Netherlands",Q2039348,http://wikidata.org/entity/Q972
Q155984,1,Saalfeld,"capital of the Saalfeld-Rudolstadt district of Thuringia, Germany",Q42744322,http://wikidata.org/entity/Q155984
Q3055126,3,entomologist,zoologist specializing the study of insects (and often other arthropods),Q28640,http://wikidata.org/entity/Q3055126
Q5038982,1,Carel Borchaert Voet,18th century painter from the Northern Netherlands (1671-1743),Q5,http://wikidata.org/entity/Q5038982
Q2550518,1,Wasielewski,family,Q61881926,http://wikidata.org/entity/Q2550518
Q17166634,2,hagiographer,writer of the lives of the saints,Q28640,http://wikidata.org/entity/Q17166634
Q2434046,1,Julémont,"section of Herve, Belgium",Q2785216,http://wikidata.org/entity/Q2434046
Q539175,1,Daniel Papebroch,Flemish Jesuit hagiographer (1628–1714),Q5,http://wikidata.org/entity/Q539175
Q9775,1,Venray,municipality in the Netherlands,Q2039348,http://wikidata.org/entity/Q9775
Q2326156,1,Merkem,"section of Houthulst, Belgium",Q2785216,http://wikidata.org/entity/Q2326156
Q190113,1,Tongeren,"former city and municipality in Limburg, Belgium",Q15273785,http://wikidata.org/entity/Q190113
Q6581823,2,Southern Netherlands,historical region in Belgium,Q161243,http://wikidata.org/entity/Q6581823
Q13188714,2,Nijmegen,city in the Netherlands,Q515,http://wikidata.org/entity/Q13188714
Q31467408,1,Antwerp,"town in Antwerp municipality, Belgium",Q515,http://wikidata.org/entity/Q31467408
Q770639,3,University of Douai,University of Douai (1559-1887) become University of Lille,Q3918,http://wikidata.org/entity/Q770639
Q921115,1,Léonard de Hodémont,Belgian musician,Q5,http://wikidata.org/entity/Q921115
Q1416117,1,Lambert Pietkin,Belgian conductor and composer,Q5,http://wikidata.org/entity/Q1416117
Q499609,1,Borgloon,"former city in Limburg, Belgium",Q493522,http://wikidata.org/entity/Q499609
Q4471036,1,University printer,printer employed by a university and responsible for printing official documents,Q28640,http://wikidata.org/entity/Q4471036
Q1990882,1,Langerak,"town in South Holland, Netherlands",Q1852859,http://wikidata.org/entity/Q1990882
Q6624,1,Ascoli Piceno,"comune in Marche, Italy",Q747074,http://wikidata.org/entity/Q6624
Q1409767,1,Plou,"commune in Cher, France",Q484170,http://wikidata.org/entity/Q1409767
Q209549,1,2nd arrondissement of Paris,"municipality of Paris, France",Q702842,http://wikidata.org/entity/Q209549
Q581543,1,Wülfershausen,municipality in Lower Franconia,Q116457956,http://wikidata.org/entity/Q581543
Q27576,1,Wettingen,municipality in the canton of Aargau in Switzerland,Q70208,http://wikidata.org/entity/Q27576
Q2176658,1,Ruppersthal,locality in Tulln District,Q11183787,http://wikidata.org/entity/Q2176658
Q207632,1,Apt,"commune in Vaucluse, France",Q484170,http://wikidata.org/entity/Q207632
Q600955,1,Antonio Boroni,Italian composer,Q5,http://wikidata.org/entity/Q600955
Q76152420,1,Nicolo Clementi,(1720-1789),Q5,http://wikidata.org/entity/Q76152420
Q76163165,1,Magdalena Kaiser,Peerage person ID=573741,Q5,http://wikidata.org/entity/Q76163165
Q23656765,1,Leonardo Brugnoli,Italian violonist,Q5,http://wikidata.org/entity/Q23656765
Q23656769,1,Giovanni Benvenuti,Italian violinist,Q5,http://wikidata.org/entity/Q23656769
Q52982,1,Fusignano,Italian comune,Q747074,http://wikidata.org/entity/Q52982
Q179815,1,Durham,city and the county town of County Durham in North East England,Q515,http://wikidata.org/entity/Q179815
Q213181,1,Darlington,"town in County Durham, England",Q3957,http://wikidata.org/entity/Q213181
Q818540,1,Benátky nad Jizerou,town in the Czech Republic,Q5153359,http://wikidata.org/entity/Q818540
Q12056184,1,Staré Benátky,,Q20871353,http://wikidata.org/entity/Q12056184
Q11131228,1,Benátky nad Jizerou II,neighborhood of Benátky nad Jizerou,Q61089180,http://wikidata.org/entity/Q11131228
Q4431,1,Bad Köstritz,"town in the district of Greiz, in Thuringia, Germany",Q42744322,http://wikidata.org/entity/Q4431
Q208793,1,Saint-Omer,"commune in Pas-de-Calais, France",Q484170,http://wikidata.org/entity/Q208793
Q2294640,1,Pasquale Cafaro,Italian composer (1716-1787),Q5,http://wikidata.org/entity/Q2294640
Q13498,1,Taranto,Italian comune,Q747074,http://wikidata.org/entity/Q13498
Q3687243,1,Conservatorio di Sant'Onofrio in Capuana,,Q184644,http://wikidata.org/entity/Q3687243
Q19306,2,Altamura,Italian comune,Q747074,http://wikidata.org/entity/Q19306
Q60449257,1,Music conservatories of Naples,Italian music schools,Q13406463,http://wikidata.org/entity/Q60449257
Q6850,1,Peine,"town in Lower Saxony, Germany",Q2267870,http://wikidata.org/entity/Q6850
Q734324,1,TU Braunschweig,university,Q1371037,http://wikidata.org/entity/Q734324
Q2675537,1,music teacher,person who teaches music,Q66715801,http://wikidata.org/entity/Q2675537
Q5083466,1,Charles Wesley junior,English organist and composer,Q5,http://wikidata.org/entity/Q5083466
Q23154,2,Bristol,"city in South West England, United Kingdom",Q515,http://wikidata.org/entity/Q23154
Q349070,1,Charles Wesley,English Methodist and hymn writer (1707-1788),Q5,http://wikidata.org/entity/Q349070
Q16258569,1,Sarah Wesley,Welsh wife of Methodist Charles Wesley (1726–1822),Q5,http://wikidata.org/entity/Q16258569
Q4766585,2,Ann Mounsey,"English composer, pianist, and organist",Q5,http://wikidata.org/entity/Q4766585
Q108763709,1,Wesley family,"The ancestors and descendants of Rev John Wesley, Anglican priest, theologian and founder of the worldwide Methodist movement. An early spelling of the surname was Westley.",Q8436,http://wikidata.org/entity/Q108763709
Q7033,1,Nordhausen,town and administritative center of Nordhausen District in Thuringia in central Germany,Q1547289,http://wikidata.org/entity/Q7033
Q464955,2,Windsor,"town in the Royal Borough of Windsor and Maidenhead in Berkshire, England",Q3957,http://wikidata.org/entity/Q464955
Q6761,2,Livorno,"city in Italy, Central Italy",Q747074,http://wikidata.org/entity/Q6761
Q264819,1,Schwanenstadt,"municipality in Vöcklabruck District, Upper Austria, Austria",Q667509,http://wikidata.org/entity/Q264819
Q40161,1,Longarone,Italian comune,Q747074,http://wikidata.org/entity/Q40161
Q101328,1,Gustav Volkmar,German church historian and theologian (1809–1893),Q5,http://wikidata.org/entity/Q101328
Q16145,1,Bad Hersfeld,"spa town and district seat of the Hersfeld-Rotenburg district in northeastern Hesse, Germany",Q134626,http://wikidata.org/entity/Q16145
Q558616,1,Homberg (Efze),"seat of Schwalm-Eder-Kreis and town in Hesse, Germany",Q134626,http://wikidata.org/entity/Q558616
Q55847122,1,Adam Valentin Volkmar,,Q5,http://wikidata.org/entity/Q55847122
Q1404997,1,Thaddäus Weigl,"Austrian composer, conductor and music publisher",Q5,http://wikidata.org/entity/Q1404997
Q713253,1,Joseph Franz Weigl,Austrian cellist,Q5,http://wikidata.org/entity/Q713253
Q15492736,1,John Travers,English composer,Q5,http://wikidata.org/entity/Q15492736
Q11687759,1,Bernard Gates,composer,Q5,http://wikidata.org/entity/Q11687759
Q23311,1,City of London,"city, ceremonial county and local government district containing the historic centre and the primary central business district in the London Region in England, UK",Q515,http://wikidata.org/entity/Q23311
Q2334065,1,Witzhelden,human settlement in Germany,Q253019,http://wikidata.org/entity/Q2334065
Q6555,1,Narbonne,"commune in Aude, France",Q484170,http://wikidata.org/entity/Q6555
Q1440685,2,Belleville,"former commune in the Seine département, east of Paris, France",Q484170,http://wikidata.org/entity/Q1440685
Q13134,3,Pesaro,town and comune in the Italian region of the Marche,Q747074,http://wikidata.org/entity/Q13134
Q6582,1,Carcassonne,"French commune in Aude, Occitania",Q484170,http://wikidata.org/entity/Q6582
Q63252670,1,Hans Konrad Nägeli,(1768-1828),Q5,http://wikidata.org/entity/Q63252670
Q68305,1,Wetzikon,Swiss municipality and city,Q70208,http://wikidata.org/entity/Q68305
Q63241254,1,Hans Jakob Nägeli,(1736-1806),Q5,http://wikidata.org/entity/Q63241254
Q63252671,1,Johann Caspar Nägeli,(1696-1742),Q5,http://wikidata.org/entity/Q63252671
Q738142,1,clerk,white-collar worker who conducts general office tasks,Q28640,http://wikidata.org/entity/Q738142
Q3330547,1,chronicler,writer of a chronicle,Q28640,http://wikidata.org/entity/Q3330547
Q16840198,1,greffier,clerk to a legislature or a court,Q28640,http://wikidata.org/entity/Q16840198
Q3649966,1,Caius Gabriel Cibber,British artist (1630–1700),Q5,http://wikidata.org/entity/Q3649966
Q7744473,1,"The King's School, Grantham","school in Lincolnshire, UK",Q967098,http://wikidata.org/entity/Q7744473
Q57982939,1,Honsolgen,"village in the municipality of Buchloe, Germany",Q532,http://wikidata.org/entity/Q57982939
Q510845,1,Irsee,market municipality of Germany,Q100341898,http://wikidata.org/entity/Q510845
Q1364424,1,Guillaume de Marcillat,French painter (1470-1529),Q5,http://wikidata.org/entity/Q1364424
Q40222919,1,Antonio Vasari,father of Giorgio Vasari,Q5,http://wikidata.org/entity/Q40222919
Q112761455,1,Maddalena Tacci,,Q5,http://wikidata.org/entity/Q112761455
Q315803,1,Peter Candid,Flemish painter and graphic designer (1548-1628),Q5,http://wikidata.org/entity/Q315803
Q2459386,1,Giovanni Battista Naldini,Italian Mannerist painter (1535-1591),Q5,http://wikidata.org/entity/Q2459386
Q528968,1,Jacopo Zucchi,Florentine painter (1542-1596),Q5,http://wikidata.org/entity/Q528968
Q345605,1,Federico Zuccari,Italian painter (1539-1609),Q5,http://wikidata.org/entity/Q345605
Q7031,1,Luca Signorelli,Italian Renaissance painter (c.1450-1523),Q5,http://wikidata.org/entity/Q7031
Q110424056,1,Adriaan Heynsius,25 Jan 1615 Delft - 15 Jul 1679 Delft,Q5,http://wikidata.org/entity/Q110424056
Q110424060,1,Maria Dedel,14 Dec 1615 - 6 Mar 1692 's-Gravenhage,Q5,http://wikidata.org/entity/Q110424060
Q75728027,1,Alexander Edward Buchan,(born 1961),Q5,http://wikidata.org/entity/Q75728027
Q75728029,1,Sarah Pickles,Peerage person ID=305089,Q5,http://wikidata.org/entity/Q75728029
Q21234,1,Dauendorf,"commune in Bas-Rhin, France",Q484170,http://wikidata.org/entity/Q21234
Q13616,1,Matera,Italian comune,Q747074,http://wikidata.org/entity/Q13616
Q323633,1,Fauquembergues,"commune in Pas-de-Calais, France",Q484170,http://wikidata.org/entity/Q323633
Q3154738,1,Isaac Cruikshank,Scottish painter and caricaturist (1764-1811),Q5,http://wikidata.org/entity/Q3154738
Q3658608,2,caricaturist,artist who draws comical or otherwise exaggerated visual cartoons,Q28640,http://wikidata.org/entity/Q3658608
Q644687,5,illustrator,narrative artist who makes images for printed and electronic products,Q28640,http://wikidata.org/entity/Q644687
Q33231,4,photographer,person who takes photographs,Q12737077,http://wikidata.org/entity/Q33231
Q1523208,1,Giebichenstein,"district in the city of Halle, Germany",Q253019,http://wikidata.org/entity/Q1523208
Q43003,2,Ostiano,Italian comune,Q747074,http://wikidata.org/entity/Q43003
Q219317,1,University of Pavia,university in Italy,Q875538,http://wikidata.org/entity/Q219317
Q1617267,1,Alban Butler,English Roman Catholic priest and hagiographer (1710-1773),Q5,http://wikidata.org/entity/Q1617267
Q2983716,1,English College,Catholic seminary in Douai,Q14911880,http://wikidata.org/entity/Q2983716
Q69482,1,Lincoln's Inn,"one of the four Inns of Court in London, England",Q278697,http://wikidata.org/entity/Q69482
Q280411,1,Augustus Wall Callcott,British artist (1779-1844),Q5,http://wikidata.org/entity/Q280411
Q288781,2,Kensington,district within the Royal Borough of Kensington and Chelsea in central London,Q2755753,http://wikidata.org/entity/Q288781
Q96087511,1,Thomas Callcott,1735 - before 12 Nov 1796,Q5,http://wikidata.org/entity/Q96087511
Q96087513,1,Charlotte Wall,,Q5,http://wikidata.org/entity/Q96087513
Q868066,1,Gnaeus Domitius Afer,1st century AD Roman orator and advocate,Q5,http://wikidata.org/entity/Q868066
Q1232970,1,Marcus Servilius Nonianus,Roman historian and senator (died 59 AD),Q5,http://wikidata.org/entity/Q1232970
Q361809,2,rhetorician,teacher of rhetoric; theorist of rhetoric,Q28640,http://wikidata.org/entity/Q361809
Q642046,1,Calahorra,"municipality in Rioja Baja, La Rioja, Spain",Q123680441,http://wikidata.org/entity/Q642046
Q19603600,1,Calagurris,ancient city of Spain,Q213468,http://wikidata.org/entity/Q19603600
Q12859263,2,orator,public speaker; for conference speaker use Q100742049,Q28640,http://wikidata.org/entity/Q12859263
Q259903,1,Aire-sur-la-Lys,"commune in Pas-de-Calais, France",Q484170,http://wikidata.org/entity/Q259903
Q864380,3,biographer,person who creates biographies,Q28640,http://wikidata.org/entity/Q864380
Q202374,1,Châteaulin,"commune in Finistère, France",Q484170,http://wikidata.org/entity/Q202374
Q2251926,1,Milston,"village in Wiltshire, England",Q532,http://wikidata.org/entity/Q2251926
Q6483601,1,Lancelot Addison,Anglican priest,Q5,http://wikidata.org/entity/Q6483601
Q96083786,1,Jane Gulston,(1635-1684),Q5,http://wikidata.org/entity/Q96083786
Q131725728,1,Richard Steele,1638 - 1709,Q5,http://wikidata.org/entity/Q131725728
Q131725729,1,Elinor Sheyles,est. 1645 - 1713,Q5,http://wikidata.org/entity/Q131725729
Q82513,1,Merton College,college of the University of Oxford,Q2581649,http://wikidata.org/entity/Q82513
Q539630,1,Freinsheim,"town in the rural district Bad Dürkheim, Rhineland-Palatinate, Germany",Q42744322,http://wikidata.org/entity/Q539630
Q7047,1,Bad Kreuznach,"city in Rhineland-Palatinate, Germany",Q42744322,http://wikidata.org/entity/Q7047
Q154195,1,Kingdom of Bavaria,"kingdom in Central Europe between 1806 and 1918, from January 1871 part of the German Empire",Q3024240,http://wikidata.org/entity/Q154195
Q3386087,1,Pierre Maleden,"French composer, musicologist and music teacher",Q5,http://wikidata.org/entity/Q3386087
Q70942,1,Claußnitz,municipality of Germany,Q116457956,http://wikidata.org/entity/Q70942
Q706796,3,Alexander Hegius von Heek,German Renaissance humanist,Q5,http://wikidata.org/entity/Q706796
Q716415,1,Jan Standonck,Dutch theologian,Q5,http://wikidata.org/entity/Q716415
Q957527,1,John Colet,English priest,Q5,http://wikidata.org/entity/Q957527
Q3077328,1,George Hermonymus,"15th-century Greek scribe, diplomat, scholar and lecturer",Q5,http://wikidata.org/entity/Q3077328
Q114323974,1,Pieter Gerard,"Pieter Gerard, brother of Desiderius Erasmus, and one of his correspondets, cf. Contemporaries of Erasmus I, 441-442",Q5,http://wikidata.org/entity/Q114323974
Q2129332,2,Gabriel Mudaeus,Flemish jurist and humanist,Q5,http://wikidata.org/entity/Q2129332
Q2149257,1,Richard Croke,English academic,Q5,http://wikidata.org/entity/Q2149257
Q114323937,1,Nikolaus Bensrott,"Nikolaus Bensrott of Üffeln (documented 1500-1509), a correspondent of Desiderius Erasmus, cf. Contemporaries of Erasmus I, 123",Q5,http://wikidata.org/entity/Q114323937
Q693380,5,Old University of Leuven,university in Leuven (Louvain) (founded 1425 - closed 1797),Q1083980,http://wikidata.org/entity/Q693380
Q765642,1,Queens' College,college of the University of Cambridge,Q1055028,http://wikidata.org/entity/Q765642
Q179541,1,Epicureanism,philosophical movement developed by Epicurus,Q12765852,http://wikidata.org/entity/Q179541
Q2566598,3,religious,member of a Catholic order,Q63188683,http://wikidata.org/entity/Q2566598
Q1110002,3,Collège Sainte-Barbe,secondary education in France,Q2511322,http://wikidata.org/entity/Q1110002
Q1310,9,Arnhem,"city, municipality and capital of province Gelderland, the Netherlands",Q2039348,http://wikidata.org/entity/Q1310
Q3532814,2,Quirijn Maurits Rudolph Ver Huell,Dutch writer and painter (1787-1860),Q5,http://wikidata.org/entity/Q3532814
Q4039371,2,Ver Huell,Dutch noble family,Q15054477,http://wikidata.org/entity/Q4039371
Q131524,2,entrepreneur,person who owns and operates a business,Q28640,http://wikidata.org/entity/Q131524
Q16508726,1,Maison d'Alphonse Daudet,"villa in Draveil, France",Q3950,http://wikidata.org/entity/Q16508726
Q216047,1,Le Figaro,French daily newspaper,Q1110794,http://wikidata.org/entity/Q216047
Q926749,2,Lycée Condorcet,"public school in Paris, France",Q20860083,http://wikidata.org/entity/Q926749
Q318082,1,Lunel,commune in the Hérault department in southern France,Q484170,http://wikidata.org/entity/Q318082
Q1225716,2,ornithologist,scientist who studies birds,Q28640,http://wikidata.org/entity/Q1225716
Q108117521,1,François-Nicolas Marquet,,Q5,http://wikidata.org/entity/Q108117521
Q20188,1,Mondovì,Italian comune,Q747074,http://wikidata.org/entity/Q20188
Q3101548,1,"George Edgcumbe, 1st Earl of Mount Edgcumbe",Royal Navy admiral (1720-1795),Q5,http://wikidata.org/entity/Q3101548
Q38520177,1,"Emma Edgcumbe, Countess of Mount Edgcumbe",(1729-1807),Q5,http://wikidata.org/entity/Q38520177
Q1247373,3,Harrow School,"school in Harrow, UK",Q1972829,http://wikidata.org/entity/Q1247373
Q2640561,1,Zuilen,"neighborhood in Utrecht, The Netherlands",Q123705,http://wikidata.org/entity/Q2640561
Q175151,10,printer,person involved in manufacturing printed materials; operator of a printing press,Q28640,http://wikidata.org/entity/Q175151
Q42623606,1,Steendrukkerij van P. Blommers,,Q6500733,http://wikidata.org/entity/Q42623606
Q2504617,1,romanist,scholar specialising in Romance studies,Q28640,http://wikidata.org/entity/Q2504617
Q736333,1,Saint-Hilaire-du-Harcouët,"commune in Manche, France",Q484170,http://wikidata.org/entity/Q736333
Q105939057,1,Martinus Nicolaas Beets,19 Apr 1780 Haarlem - 5 Aug 1869 Haarlem (1780–1869),Q5,http://wikidata.org/entity/Q105939057
Q105939066,1,Maria Elisabeth de Waal Malefijt,1782,Q5,http://wikidata.org/entity/Q105939066
Q953957,2,Wantage,"market town and civil parish in Vale of White Horse, Oxfordshire, England",Q3957,http://wikidata.org/entity/Q953957
Q81170,2,Oriel College,college of the University of Oxford,Q2581649,http://wikidata.org/entity/Q81170
Q699191,1,Jan van Marnix,politician,Q5,http://wikidata.org/entity/Q699191
Q111901161,1,Brussels,largest city of Belgium,Q515,http://wikidata.org/entity/Q111901161
Q110519503,1,"Jacques van Marnix van Tholouze, Heer van Mont de St.Aldegonde",Abt 1510 - 23 Jun 1557/12 Aug 1557,Q5,http://wikidata.org/entity/Q110519503
Q110519509,1,"Marie de Hemericourt, Vrouwe van Mont de St.Aldegonde",Abt 1510 Brugge - 1540,Q5,http://wikidata.org/entity/Q110519509
Q110519484,1,"Baron Wessel VII van den Boetzelaer, Heer van Asperen en Merwede",Abt 1562 - 10 Oct 1632,Q5,http://wikidata.org/entity/Q110519484
Q58435822,1,Laurens Buysero,advisor to William III of Orange,Q5,http://wikidata.org/entity/Q58435822
Q62480284,2,Collegium Chirurgicum Amstelaedamense,former surgeon's guild & college in Amsterdam,Q38723,http://wikidata.org/entity/Q62480284
Q501900,1,Tournus,"commune in Saône-et-Loire, France",Q484170,http://wikidata.org/entity/Q501900
Q15883852,1,Warnsborn,,Q12292478,http://wikidata.org/entity/Q15883852
Q47545847,1,,family,Q8436,http://wikidata.org/entity/Q47545847
Q148849,1,Żary,"town and urban gmina in Lubusz Voivodeship, Poland (German: Sorau)",Q2616791,http://wikidata.org/entity/Q148849
Q5076847,1,Charles Isaac Mungo Dibdin,"English dramatist, composer, writer and theatre proprietor (1768-1833)",Q5,http://wikidata.org/entity/Q5076847
Q150120,1,Bloomsbury,"district in West End, London",Q2755753,http://wikidata.org/entity/Q150120
Q845619,2,Taunton,"town and civil parish in Somerset, England",Q1357964,http://wikidata.org/entity/Q845619
Q745967,5,Christ Church,constituent college of the University of Oxford in England,Q2581649,http://wikidata.org/entity/Q745967
Q94990,1,San Giovanni in Persiceto,Italian comune,Q747074,http://wikidata.org/entity/Q94990
Q3384718,1,Pierre Descartes,(1591-1660),Q5,http://wikidata.org/entity/Q3384718
Q320299,1,Descartes,"commune in Indre-et-Loire, France",Q484170,http://wikidata.org/entity/Q320299
Q10680648,1,Stockholm City,urban municipality in Sweden until the end of 1970,Q2261863,http://wikidata.org/entity/Q10680648
Q3179456,1,Joachim Descartes,French jurist (1563-1640),Q5,http://wikidata.org/entity/Q3179456
Q112384119,1,Jeanne Brochard,1565 - 1597,Q5,http://wikidata.org/entity/Q112384119
Q2421235,1,Gilles-François Boulduc,French chemist (1675-1741),Q5,http://wikidata.org/entity/Q2421235
Q18197541,1,René Fédé,,Q5,http://wikidata.org/entity/Q18197541
Q2372894,1,Catherine Descartes,French poet and philosopher (1637–1706),Q5,http://wikidata.org/entity/Q2372894
Q2983591,1,collège Henri-IV de La Flèche,French school,Q3914,http://wikidata.org/entity/Q2983591
Q53657,1,Montepaone,Italian comune,Q747074,http://wikidata.org/entity/Q53657
Q20076182,1,Charles-Antoine Chabanon de Maugris,French author and musician,Q5,http://wikidata.org/entity/Q20076182
Q861551,1,Saint-Domingue,French colony on the isle of Hispaniola,Q133156,http://wikidata.org/entity/Q861551
Q107352059,1,Madame de Villeblanche,French composer,Q5,http://wikidata.org/entity/Q107352059
Q108675747,1,Bernardo Miralles,Spanish composer,Q5,http://wikidata.org/entity/Q108675747
Q771314,1,Aliaga,"municipality of Aragon, Spain",Q2074737,http://wikidata.org/entity/Q771314
Q11959,1,Alicante,"city in Valencian Community, Spain",Q2074737,http://wikidata.org/entity/Q11959
Q1024699,1,Ouwerkerk,"village in Schouwen-Duiveland, Netherlands",Q1852859,http://wikidata.org/entity/Q1024699
Q43845,1,businessperson,person involved in activities for the purpose of generating revenue,Q28640,http://wikidata.org/entity/Q43845
Q998550,11,bookseller,person selling books,Q28640,http://wikidata.org/entity/Q998550
Q9681,1,Hertford,"county town of Hertfordshire, England",Q1115575,http://wikidata.org/entity/Q9681
Q216853,1,Camaiore,commune in Italy,Q747074,http://wikidata.org/entity/Q216853
Q137839083,1,,,Q5,http://wikidata.org/entity/Q137839083
Q1382,1,Piran,coastal town of Slovenia,Q3957,http://wikidata.org/entity/Q1382
Q7330854,1,Richmond High School,"secondary school in Richmond, Indiana, United States of America",Q9826,http://wikidata.org/entity/Q7330854
Q25393460,1,Catholic deacon,"in the Catholic Church, minister of an order immediately inferior to the priest, with functions of assistance in the exercise of worship and works of charity; His insignia are the crossed stole and the dalmatic",Q63188808,http://wikidata.org/entity/Q25393460
Q1011162,1,Bourscheid Castle,castle,Q23413,http://wikidata.org/entity/Q1011162
Q110705328,1,"Johann Gerhard von Metternich, Herr zu Bourscheid",,Q5,http://wikidata.org/entity/Q110705328
Q110705342,1,Maria von der Leyen,- 16 Dec 1660,Q5,http://wikidata.org/entity/Q110705342
Q3499072,2,chef,person that directs preparation of meals,Q28640,http://wikidata.org/entity/Q3499072
Q551835,1,physician writer,physicians who write creatively in fields outside their practice of medicine,Q28640,http://wikidata.org/entity/Q551835
Q96099341,1,Edward Pożerski,,Q5,http://wikidata.org/entity/Q96099341
Q110923166,1,Olimpia Bielajew,,Q5,http://wikidata.org/entity/Q110923166
Q124627151,1,,,Q27062351,http://wikidata.org/entity/Q124627151
Q391083,1,Pasteur Institute,French research institute (1887-),Q31855,http://wikidata.org/entity/Q391083
Q3064332,1,Science Faculty of Paris,principal institution of scientific higher education in France,Q180958,http://wikidata.org/entity/Q3064332
Q845878,1,Sainte-Olive,"commune in Ain, France",Q484170,http://wikidata.org/entity/Q845878
Q213389,1,Bouligneux,"commune in Ain, France",Q484170,http://wikidata.org/entity/Q213389
Q200397,1,Abraham de Moivre,French mathematician (*1667 – †1754),Q5,http://wikidata.org/entity/Q200397
Q2259532,2,cleric,member of the clergy of a religion,Q63187345,http://wikidata.org/entity/Q2259532
Q5086153,1,Charlotte Street,street in London,Q79007,http://wikidata.org/entity/Q5086153
Q650068,1,Peterhouse,college of the University of Cambridge,Q1055028,http://wikidata.org/entity/Q650068
Q501090,1,Castro Urdiales,municipality of Spain,Q515,http://wikidata.org/entity/Q501090
Q9974,1,Weesp,town and former municipality in the Netherlands,Q2039348,http://wikidata.org/entity/Q9974
Q1423891,2,Christian minister,function of service in Christianity,Q63188683,http://wikidata.org/entity/Q1423891
Q2583037,1,Deurne,"town in the Dutch municipality of Deurne, the Netherlands",Q3957,http://wikidata.org/entity/Q2583037
Q22073916,2,tragedy writer,,Q28640,http://wikidata.org/entity/Q22073916
Q202422,2,Salamis Island,"island in the Saronic Gulf near Piraeus, Greece",Q23442,http://wikidata.org/entity/Q202422
Q83958,1,Macedonia,ancient Hellenic kingdom,Q1250464,http://wikidata.org/entity/Q83958
Q213679,1,Pella,capital of the ancient kingdom of Macedon,Q15661340,http://wikidata.org/entity/Q213679
Q117246181,1,Mnesarchus,,Q5,http://wikidata.org/entity/Q117246181
Q117246183,1,Cleito,,Q5,http://wikidata.org/entity/Q117246183
Q1235930,1,Colonus,ancient Athenian deme,Q672490,http://wikidata.org/entity/Q1235930
Q2910312,1,Durgerdam,"village in Amsterdam, Netherlands",Q532,http://wikidata.org/entity/Q2910312
Q355406,1,Paulus Potter,Dutch painter (1625-1654),Q5,http://wikidata.org/entity/Q355406
Q70949,1,Eppendorf,municipality of Germany,Q116457956,http://wikidata.org/entity/Q70949
Q488205,1,singer-songwriter,"musician who writes, composes and sings own songs",Q66715801,http://wikidata.org/entity/Q488205
Q79848,1,Southampton,"city and major port in Hampshire, South-East England, United Kingdom",Q515,http://wikidata.org/entity/Q79848
Q76289382,1,Thomas Dibden,Peerage person ID=665547,Q5,http://wikidata.org/entity/Q76289382
Q5479173,1,Francesco Antonio Calegari,"Italian baroque music theorist, composer and priest",Q5,http://wikidata.org/entity/Q5479173
Q3551581,1,University of Dole,university based in Dole founded in the 15th century,Q4671277,http://wikidata.org/entity/Q3551581
Q16533,2,judge,official who presides over court proceedings,Q15987302,http://wikidata.org/entity/Q16533
Q806798,1,banker,"person who works for, manages or owns a bank",Q28640,http://wikidata.org/entity/Q806798
Q16271261,1,malacologist,scientist who studies molluscs,Q28640,http://wikidata.org/entity/Q16271261
Q2004963,4,numismatist,"person studying currencies, coins or paper money",Q28640,http://wikidata.org/entity/Q2004963
Q726564,1,Gustave Boulanger,French painter (1824-1888),Q5,http://wikidata.org/entity/Q726564
Q433973,1,Jules Lefebvre,French painter (1836-1911),Q5,http://wikidata.org/entity/Q433973
Q3337,1,1st arrondissement of Lyon,"arrondissements of the City of Lyon, France",Q702842,http://wikidata.org/entity/Q3337
Q3358,1,6th arrondissement of Lyon,"arrondissement of Lyon, France",Q702842,http://wikidata.org/entity/Q3358
Q3578245,1,École nationale supérieure des beaux-arts de Lyon,"school of art and design in Lyon, France",Q383092,http://wikidata.org/entity/Q3578245
Q337480,1,Académie Julian,"former art school in Paris, France",Q383092,http://wikidata.org/entity/Q337480
Q159685,1,Bolsena,Italian comune,Q747074,http://wikidata.org/entity/Q159685
Q605785,1,Antonio Zanchi,Italian Painter (1631-1722),Q5,http://wikidata.org/entity/Q605785
Q536726,1,Angelo Trevisani,Italian painter (1669-1753),Q5,http://wikidata.org/entity/Q536726
Q1015,1,Koper,city in southwest Slovenia,Q515,http://wikidata.org/entity/Q1015
Q15964469,1,Francesco Civalli,Italian painter (1660-1703),Q5,http://wikidata.org/entity/Q15964469
Q3839132,1,Ludovico Mazzanti,Italian painter (1686-1775),Q5,http://wikidata.org/entity/Q3839132
Q214589,1,Johann Dominicus Fiorillo,German artist (1748-1821),Q5,http://wikidata.org/entity/Q214589
Q324678,1,Ignazio Fiorillo,Italian composer,Q5,http://wikidata.org/entity/Q324678
Q2461546,1,Turoszów,human settlement in Pohland,Q486972,http://wikidata.org/entity/Q2461546
Q1684675,2,Jean-Baptiste Moreau,French composer,Q5,http://wikidata.org/entity/Q1684675
Q3327238,1,Nicolas Goupillet,French composer,Q5,http://wikidata.org/entity/Q3327238
Q1332796,1,Andelot-Blancheville,"commune in Haute-Marne, France",Q484170,http://wikidata.org/entity/Q1332796
Q1166602,1,Domont,"commune in Val-d'Oise, France",Q484170,http://wikidata.org/entity/Q1166602
Q13376,1,Pistoia,Italian comune,Q747074,http://wikidata.org/entity/Q13376
Q622582,1,"Ihlow, Fläming","municipality in Brandenburg state, Germany",Q116457956,http://wikidata.org/entity/Q622582
Q214640,1,Brzeg,city in Opole Voivodeship in southwestern Poland,Q2616791,http://wikidata.org/entity/Q214640
Q156199,1,Electorate of Saxony,"state of the Holy Roman Empire, established when Emperor Charles IV raised the Ascanian duchy of Saxe-Wittenberg to the status of an Electorate 1356",Q20521456,http://wikidata.org/entity/Q156199
Q984232,1,Bydlino,village of Poland,Q3558970,http://wikidata.org/entity/Q984232
Q13370,1,Massa,capital of the Province of Massa and Carrara,Q747074,http://wikidata.org/entity/Q13370
Q3805885,1,Jacopo Guglielmi,Italian composer,Q5,http://wikidata.org/entity/Q3805885
Q109361901,1,Guglielmi,Italian family of musicians,Q8436,http://wikidata.org/entity/Q109361901
Q1363622,1,Erwin Zschokke,Swiss veterinarian and politician (1855-1929),Q5,http://wikidata.org/entity/Q1363622
Q1286238,1,Richard Zschokke,Swiss politician (1865-1946),Q5,http://wikidata.org/entity/Q1286238
Q19502066,1,Bruno Zschokke,Swiss chemist and university teacher (1860-1926),Q5,http://wikidata.org/entity/Q19502066
Q2649559,3,University of Frankfurt an der Oder,1506-1811,Q3918,http://wikidata.org/entity/Q2649559
Q2841400,1,Amaury Duval,"French lawyer, historian and diplomat (1760-1838)",Q5,http://wikidata.org/entity/Q2841400
Q110492629,1,Henri Duval,French writer,Q5,http://wikidata.org/entity/Q110492629
Q647,1,Rennes,"capital city of the region of Brittany, France",Q484170,http://wikidata.org/entity/Q647
Q208794,1,Lunéville,"commune in Meurthe-et-Moselle, France",Q484170,http://wikidata.org/entity/Q208794
Q4945862,1,Catharina Egges,Dutch publisher,Q5,http://wikidata.org/entity/Q4945862
Q22941826,1,manoir de la Coudraye,human settlement in France,Q2116450,http://wikidata.org/entity/Q22941826
Q2845753,4,former 2nd arrondissement of Paris,"one of the 12 administrative districts of Paris, France, before 1860",Q2845944,http://wikidata.org/entity/Q2845753
Q106650876,1,collège royal de Tours,,Q1459186,http://wikidata.org/entity/Q106650876
Q23197733,5,Old University of Orléans,former university of Orléans,Q3551775,http://wikidata.org/entity/Q23197733
Q33379022,1,Johann Jakob Rambach,,Q5,http://wikidata.org/entity/Q33379022
Q1694825,1,Johann Jakob Rambach,German theologian (1737-1818),Q5,http://wikidata.org/entity/Q1694825
Q28024477,1,Imperial University of Dorpat,(1802-1917) — the second of the twelve Imperial Universities of the Russian Empire. In 1893 it was renamed the Imperial University of Yuryev.,Q28667313,http://wikidata.org/entity/Q28024477
Q1081402,1,Christian Philipp Iffland,Mayor of Hanover (1750-1835),Q5,http://wikidata.org/entity/Q1081402
Q95696413,1,Louise Eisendecher,,Q5,http://wikidata.org/entity/Q95696413
Q136487991,1,,,Q5,http://wikidata.org/entity/Q136487991
Q136487993,1,Friederike Caroline Schröder,,Q5,http://wikidata.org/entity/Q136487993
Q69707,1,Karoline Jagemann,German opera singer,Q5,http://wikidata.org/entity/Q69707
Q1358805,1,Ernst Iffland,"German administrative law, politician and jurist (1820-1904)",Q5,http://wikidata.org/entity/Q1358805
Q290852,1,National Theatre Mannheim,"theatre and opera company in Mannheim, Germany, with a variety of performance spaces",Q11812394,http://wikidata.org/entity/Q290852
Q18783589,1,Charles Francis Sheridan,Irish author and politician,Q5,http://wikidata.org/entity/Q18783589
Q55999191,1,Betsy Sheridan,"Anglo Irish diarist, Sister of Richard Brinsley Sheridan",Q5,http://wikidata.org/entity/Q55999191
Q4726303,1,Alicia Sheridan LeFanu,Irish writer,Q5,http://wikidata.org/entity/Q4726303
Q75803950,1,Sackville Sheridan,Peerage person ID=341596,Q5,http://wikidata.org/entity/Q75803950
Q3525567,1,Thomas Sheridan,Irish stage actor and educator,Q5,http://wikidata.org/entity/Q3525567
Q5478941,1,Frances Sheridan,British writer,Q5,http://wikidata.org/entity/Q5478941
Q17176171,1,François Chéron,French writer (1764-1829),Q5,http://wikidata.org/entity/Q17176171
Q128901,1,Saint-Guyomard,"commune in Morbihan, France",Q484170,http://wikidata.org/entity/Q128901
Q131329,3,Arras,"commune in Pas-de-Calais, France",Q484170,http://wikidata.org/entity/Q131329
Q462534,2,Clermont,"commune in Oise, France",Q484170,http://wikidata.org/entity/Q462534
Q98397,1,Charlotte Maria Magdalena Ackermann,German actress (1757–1775),Q5,http://wikidata.org/entity/Q98397
Q5298228,1,Dorothea Ackermann,German actress,Q5,http://wikidata.org/entity/Q5298228
Q94896420,1,Johann Diedrich Schröder,,Q5,http://wikidata.org/entity/Q94896420
Q92246,1,Sophie Charlotte Ackermann,German actress,Q5,http://wikidata.org/entity/Q92246
Q1109215,1,Collegium Fridericianum,school,Q3914,http://wikidata.org/entity/Q1109215
Q2845756,2,former 5th arrondissement of Paris,"one of the twelve administrative districts of Paris, France, before 1860",Q2845944,http://wikidata.org/entity/Q2845756
Q1110014,1,collège des Grassins,educational institution,Q2385804,http://wikidata.org/entity/Q1110014
Q89355,1,Matthäus Casimir von Collin,"Austrian poet, dramatist and playwright",Q5,http://wikidata.org/entity/Q89355
Q1522900,1,Meppershall,"village and civil parish in Bedfordshire, UK",Q532,http://wikidata.org/entity/Q1522900
Q23306,1,Greater London,"ceremonial county of England, United Kingdom",Q180673,http://wikidata.org/entity/Q23306
Q516463,3,heraldist,expert in the field of heraldry,Q28640,http://wikidata.org/entity/Q516463
Q458108,1,Apion,1st century BC / 1st century AD Hellenized Egyptian grammarian and sophist,Q5,http://wikidata.org/entity/Q458108
Q2857528,1,Antonius Castor,ancient botanist,Q5,http://wikidata.org/entity/Q2857528
Q113230788,1,Plinia Marcella,sister of Pliny the Elder and mother of Pliny the Younger,Q5,http://wikidata.org/entity/Q113230788
Q50711037,1,Novum Comum,"Roman city located on the site of present-day Como, Italy",Q756780,http://wikidata.org/entity/Q50711037
Q547910,1,Stabiae,"ancient city, located near the current Castellammare di Stabia",Q22674925,http://wikidata.org/entity/Q547910
Q113230874,1,Gaius Plinius Celer,father of Pliny the Elder,Q5,http://wikidata.org/entity/Q113230874
Q113231006,1,Marcella,mother of Pliny the Elder,Q5,http://wikidata.org/entity/Q113231006
Q46940,1,Alcalá de Henares,city of Spain in the Community of Madrid,Q2074737,http://wikidata.org/entity/Q46940
Q6110848,1,Rodrigo de Cervantes,father of Miguel de Cervantes,Q5,http://wikidata.org/entity/Q6110848
Q16303005,1,Leonor de Cortinas,"Spanish ladyh, mother of Miguel de Cervantes",Q5,http://wikidata.org/entity/Q16303005
Q5849846,1,Estudio de la Villa,"school in Madrid, Crown of Castile",Q3914,http://wikidata.org/entity/Q5849846
Q313011,1,Heliodorus of Emesa,3rd/4th century Greco-Roman writer,Q5,http://wikidata.org/entity/Q313011
Q108802338,1,Jean Poquelin,"French merchant, father of Molière",Q5,http://wikidata.org/entity/Q108802338
Q579194,1,John Major,Scottish philosopher,Q5,http://wikidata.org/entity/Q579194
Q1010543,1,Killearn,"village in Stirling, Scotland, UK",Q532,http://wikidata.org/entity/Q1010543
Q76238261,1,Thomas Buchanan,Peerage person ID=628102 (1480-1512),Q5,http://wikidata.org/entity/Q76238261
Q76331785,1,Agnes Heriot,Peerage person ID=694615,Q5,http://wikidata.org/entity/Q76331785
Q2983766,1,College of Guienne,"school in Bordeaux, France",Q3914,http://wikidata.org/entity/Q2983766
Q216273,2,University of St Andrews,"university in St Andrews, Fife, Scotland, UK",Q875538,http://wikidata.org/entity/Q216273
Q2845896,3,University of Paris,French university (c. 1150–1793),Q15893266,http://wikidata.org/entity/Q2845896
Q3065892,1,de Malherbe,family,Q13417114,http://wikidata.org/entity/Q3065892
Q209821,1,Vouziers,"former commune in Ardennes, France",Q484170,http://wikidata.org/entity/Q209821
Q31075128,1,Sulmo,,Q15661340,http://wikidata.org/entity/Q31075128
Q50157,1,Sulmona,Italian comune,Q747074,http://wikidata.org/entity/Q50157
Q2441154,1,Tomis,ancient coastal city in Romania,Q15661340,http://wikidata.org/entity/Q2441154
Q3022495,1,Denis-François Secousse,French lawyer,Q5,http://wikidata.org/entity/Q3022495
Q995,1,Appingedam,"city and former municipality in Eemsdelta, Netherlands",Q2039348,http://wikidata.org/entity/Q995
Q6662,1,Cesena,Italian comune,Q747074,http://wikidata.org/entity/Q6662
Q1528314,1,Giuseppe Felice Tosi,Italian composer,Q5,http://wikidata.org/entity/Q1528314
Q975299,1,Tommaso Crudeli,Italian poet,Q5,http://wikidata.org/entity/Q975299
Q6343,3,Carthage,historical city in Tunisia,Q133442,http://wikidata.org/entity/Q6343
Q1251026,1,Lake Stymphalia,"lake in Peloponnese, Greece",Q23397,http://wikidata.org/entity/Q1251026
Q747614,1,Dommelen,"village in Valkenswaard, the Netherlands",Q532,http://wikidata.org/entity/Q747614
Q326653,1,accountant,practitioner of accounting or accountancy,Q28640,http://wikidata.org/entity/Q326653
Q66095885,1,textile merchant,someone who buys and sells textiles and textile products,Q12737077,http://wikidata.org/entity/Q66095885
Q510531,1,Andries Schoemaker,"Dutch numismatist, cloth merchant and collector (1660-1735)",Q5,http://wikidata.org/entity/Q510531
Q768934,1,Sainte-Mondane,"commune in Dordogne, France",Q484170,http://wikidata.org/entity/Q768934
Q181285,1,Cambrai,"commune in Nord, France",Q484170,http://wikidata.org/entity/Q181285
Q120147280,1,"Pons de Salignac, Marquis de La Mothe-Fénelon",1601 - 1663,Q5,http://wikidata.org/entity/Q120147280
Q115741084,1,François de Salignac de la Motte-Fénelon,,Q5,http://wikidata.org/entity/Q115741084
Q123846879,1,,,Q13417114,http://wikidata.org/entity/Q123846879
Q82615,1,Barberino Val d'Elsa,former Italian comune,Q3685476,http://wikidata.org/entity/Q82615
Q631833,2,Quintus Aurelius Memmius Symmachus,6th century Roman historian and politician,Q5,http://wikidata.org/entity/Q631833
Q660170,1,Isidore of Alexandria,philosopher,Q5,http://wikidata.org/entity/Q660170
Q579432,1,Manlius Boethius,Roman aristocrat and politician,Q5,http://wikidata.org/entity/Q579432
Q69055,1,Doullens,"commune in Somme, France",Q484170,http://wikidata.org/entity/Q69055
Q212420,1,Sens,"commune in Yonne, France",Q484170,http://wikidata.org/entity/Q212420
Q106904789,1,Pierre Bonnet Bourdelot,,Q5,http://wikidata.org/entity/Q106904789
Q185075,1,Saint-Germain-en-Laye,"former commune in Yvelines, France",Q484170,http://wikidata.org/entity/Q185075
Q473381,1,Ammonius of Athens,1st century AD Greek philosopher,Q5,http://wikidata.org/entity/Q473381
Q123740158,1,Lamprias,Plutarch's brother,Q5,http://wikidata.org/entity/Q123740158
Q4594605,3,magistrate,civilian officer who administers the law,Q15987302,http://wikidata.org/entity/Q4594605
Q13574678,1,Chaeronea,ancient Greek city-state of Boeotia,Q148837,http://wikidata.org/entity/Q13574678
Q2567890,1,Sextus of Chaeronea,Greek philosopher and teacher (c. 95 - c. 185),Q5,http://wikidata.org/entity/Q2567890
Q188776,1,Castres,"commune in Tarn, France",Q484170,http://wikidata.org/entity/Q188776
Q1215328,2,Academy of Saumur,Huguenot university at Saumur in western France,Q3918,http://wikidata.org/entity/Q1215328
Q15874068,1,Cornelis van Lennep,(1823-1874),Q5,http://wikidata.org/entity/Q15874068
Q3949,1,Unna,"town in Unna District, in North Rhine-Westphalia, Germany",Q42744322,http://wikidata.org/entity/Q3949
Q94883742,1,Adolph Spemann,"lawyer, notary",Q5,http://wikidata.org/entity/Q94883742
Q4174,1,Emden,"biggest city in East Friesland, Lower Saxony, Germany",Q2264924,http://wikidata.org/entity/Q4174
Q5697103,1,antiquarian,specialist or aficionado of antiquities or things of the past,Q28640,http://wikidata.org/entity/Q5697103
Q12407875,1,Hugh Holland,Welsh writer,Q5,http://wikidata.org/entity/Q12407875
Q1227526,2,St Paul's School,"school in Richmond upon Thames, UK",Q2418495,http://wikidata.org/entity/Q1227526
Q677579,1,Christ's Hospital,"school in West Sussex, UK",Q2418495,http://wikidata.org/entity/Q677579
Q82606,1,Pembroke College,constituent college of the University of Oxford,Q2581649,http://wikidata.org/entity/Q82606
Q50886,1,Ballenstedt,"town in Landkreis Harz, Germany",Q42744322,http://wikidata.org/entity/Q50886
Q686965,1,Anhalt-Bernburg,former country,Q3024240,http://wikidata.org/entity/Q686965
Q314466,1,University of Helmstedt,university,Q3918,http://wikidata.org/entity/Q314466
Q157575,2,University of Strasbourg,university in France (1621– ),Q3551775,http://wikidata.org/entity/Q157575
Q372608,3,University of Basel,"public university in Basel, Switzerland",Q62078547,http://wikidata.org/entity/Q372608
Q14614,1,Reiden,"municipality in the canton of Lucerne, Switzerland",Q70208,http://wikidata.org/entity/Q14614
Q951184,1,Pontifical Biblical Institute,Catholic education institution in Rome,Q118918125,http://wikidata.org/entity/Q951184
Q1970681,1,Civitella del Lago,"human settlement in Baschi, Province of Terni, Umbria, Italy",Q1134686,http://wikidata.org/entity/Q1970681
Q475007,1,Pontifical Lateran University,"pontifical university in Rome, Italy",Q2120466,http://wikidata.org/entity/Q475007
Q19507792,2,scientific illustrator,"person who paints, sketches or otherwise illustrates scientifical subjects",Q28640,http://wikidata.org/entity/Q19507792
Q7190947,1,Pickwell,"village in Somerby, Melton, Leicestershire, England",Q532,http://wikidata.org/entity/Q7190947
Q18530238,1,John Cave,Church of England clergyman,Q5,http://wikidata.org/entity/Q18530238
Q691283,7,St John's College,constituent college of the University of Cambridge,Q1055028,http://wikidata.org/entity/Q691283
Q7073892,1,Oakham School,"school in Rutland, UK",Q2418495,http://wikidata.org/entity/Q7073892
Q121375750,1,Sallustia,sister of the Roman historian Sallust,Q5,http://wikidata.org/entity/Q121375750
Q177061,1,Amiternum,"ancient city, now roman archeological site, near the city of L'Aquila, Abruzzo; italy",Q839954,http://wikidata.org/entity/Q177061
Q901,1,scientist,person who use scientific methods to study in an area of interest,Q28640,http://wikidata.org/entity/Q901
Q2351493,1,Alexis Fontaine des Bertins,French mathematician (1704-1771),Q5,http://wikidata.org/entity/Q2351493
Q123987775,1,,,Q2385804,http://wikidata.org/entity/Q123987775
Q7027,1,Straubing,"independent city in Lower Bavaria, southern Germany",Q253030,http://wikidata.org/entity/Q7027
Q3409375,3,Anglican priest,minister of the Anglican church,Q63188683,http://wikidata.org/entity/Q3409375
Q1068693,2,Cheapside,street in the City of London,Q79007,http://wikidata.org/entity/Q1068693
Q643160,1,Farnham,"town in Surrey, England, UK",Q3957,http://wikidata.org/entity/Q643160
Q99240503,1,"Peter Beckford, of Jamaica",- Aft 1669,Q5,http://wikidata.org/entity/Q99240503
Q99240508,1,Phillis,,Q5,http://wikidata.org/entity/Q99240508
Q53824028,1,Remonstrants seminary,Educational institution in Amsterdam,Q2385804,http://wikidata.org/entity/Q53824028
Q540333,1,Dorking,"historic market town in Surrey, England",Q18511725,http://wikidata.org/entity/Q540333
Q207639,2,Chichester,"city in West Sussex, England",Q515,http://wikidata.org/entity/Q207639
Q805221,1,ballet dancer,person who practices the art of ballet,Q28640,http://wikidata.org/entity/Q805221
Q2421111,1,Antoine Le Maistre,"French translator, writer and lawyer (1608-1658)",Q5,http://wikidata.org/entity/Q2421111
Q719942,1,Pierre Nicole,French Jansenists,Q5,http://wikidata.org/entity/Q719942
Q1096867,1,Claude Lancelot,French monk and grammarian,Q5,http://wikidata.org/entity/Q1096867
Q3172486,1,Jean Hamon,French doctor and writer,Q5,http://wikidata.org/entity/Q3172486
Q454511,1,La Ferté-Milon,"commune in Aisne, France",Q484170,http://wikidata.org/entity/Q454511
Q108839139,1,Jean Racine,,Q5,http://wikidata.org/entity/Q108839139
Q108839140,1,Jeanne Sconin,,Q5,http://wikidata.org/entity/Q108839140
Q471980,1,Lycée Saint-Louis,post-secondary school in Paris,Q20860083,http://wikidata.org/entity/Q471980
Q108740666,1,,,Q189004,http://wikidata.org/entity/Q108740666
Q264323,1,chamberlain,officer in charge of managing a royal household,Q28640,http://wikidata.org/entity/Q264323
Q809585,1,Bartoszyce,city and urban gmina of Poland,Q2616791,http://wikidata.org/entity/Q809585
Q205929,1,Ilmenau,"town in Thuringia, Germany",Q42744322,http://wikidata.org/entity/Q205929
Q2524210,1,Viktor Amadeus Henckel von Donnersmarck,(1727-1793),Q5,http://wikidata.org/entity/Q2524210
Q1328078,1,Eleonore Maximiliane Ottilie Henckel von Donnersmarck,(1756-1843),Q5,http://wikidata.org/entity/Q1328078
Q459697,1,Henckel von Donnersmarck,Austrian-German noble family,Q13417114,http://wikidata.org/entity/Q459697
Q909696,1,Princeton Theological Seminary,"private school of theology in Princeton, New Jersey, US",Q233324,http://wikidata.org/entity/Q909696
Q156725,1,University of Hamburg,"university in Hamburg, Germany",Q875538,http://wikidata.org/entity/Q156725
Q7842,2,University of Tokyo,"national university in Tokyo, Japan",Q15936437,http://wikidata.org/entity/Q7842
Q1143235,1,Rikkyo University,"private university in Tokyo, Japan",Q902104,http://wikidata.org/entity/Q1143235
Q13381863,1,fencer,sportsperson taking part in fencing competitions,Q12737077,http://wikidata.org/entity/Q13381863
Q1976924,1,Aimée Van de Wiele,"Belgian composer, musicologist and music educator (1907–1991)",Q5,http://wikidata.org/entity/Q1976924
Q106676989,1,Matthew Playford,"rector of Great Stanmore, Middlesex",Q5,http://wikidata.org/entity/Q106676989
Q532622,1,Ruppertshofen,"municipality in Baden-Württemberg, Germany",Q116457956,http://wikidata.org/entity/Q532622
Q2744963,1,Grivegnée,"section of Liège, Belgium",Q2785216,http://wikidata.org/entity/Q2744963
Q2404083,1,Acquoy,"village in West Betuwe, Netherlands",Q532,http://wikidata.org/entity/Q2404083
Q102728,2,Ypres,"city in West Flanders, Belgium",Q493522,http://wikidata.org/entity/Q102728
Q784390,1,Peter Paul Maria Alberdingk Thijm,Dutch writer and professor (1827-1904),Q5,http://wikidata.org/entity/Q784390
Q60310928,1,Antoinette Alberdingk Thijm,Dutch singer (1829-1898),Q5,http://wikidata.org/entity/Q60310928
Q118495679,1,Joannes Alberdingk,merchant and father of Joseph Alberdingk Thijm,Q5,http://wikidata.org/entity/Q118495679
Q118495701,1,Catharina Thijm,mother of Joseph Alberdingk Thijm,Q5,http://wikidata.org/entity/Q118495701
Q1816228,1,Rijksakademie van beeldende kunsten,"art school in Amsterdam, Netherlands",Q383092,http://wikidata.org/entity/Q1816228
Q768270,1,Bouvignes-sur-Meuse,municipality section,Q493522,http://wikidata.org/entity/Q768270
Q12538,1,Haute-Garonne,French department,Q6465,http://wikidata.org/entity/Q12538
Q370498,1,Sceaux,"commune in Hauts-de-Seine, France",Q484170,http://wikidata.org/entity/Q370498
Q212238,3,civil servant,person employed by a government department or agency,Q28640,http://wikidata.org/entity/Q212238
Q4776936,1,Antonio Rodríguez de Hita,Spanish composer (1722-1787),Q5,http://wikidata.org/entity/Q4776936
Q5292534,1,Don Domingo d'Yriarte,Spanish diplomat,Q5,http://wikidata.org/entity/Q5292534
Q5726969,1,Bernardo de Iriarte,Spanish diplomat (1735-1814),Q5,http://wikidata.org/entity/Q5726969
Q953876,1,Los Realejos,"municipality in Tenerife, Spain",Q2074737,http://wikidata.org/entity/Q953876
Q107526980,1,Christian Kellner,Swedish organist,Q5,http://wikidata.org/entity/Q107526980
Q1506750,1,Liebertwolkwitz,quarter of Leipzig,Q79423884,http://wikidata.org/entity/Q1506750
Q126904448,1,Philipp Kellner,,Q5,http://wikidata.org/entity/Q126904448
Q101575231,1,Robert Hogarth,- 20 Oct 1819,Q5,http://wikidata.org/entity/Q101575231
Q101575237,1,Margaret Scott,- 1 Mar 1809,Q5,http://wikidata.org/entity/Q101575237
Q16009380,1,Procureur de la République,position,Q28640,http://wikidata.org/entity/Q16009380
Q243649,1,Saint-Pierre-sur-Dives,"former commune in Calvados, France",Q484170,http://wikidata.org/entity/Q243649
Q246199,1,Garches,"commune in Hauts-de-Seine, France",Q484170,http://wikidata.org/entity/Q246199
Q17586,2,Teos,maritime city of Ionia,Q15661340,http://wikidata.org/entity/Q17586
Q184163,2,Colchester,"city in Essex, England, UK",Q3957,http://wikidata.org/entity/Q184163
Q6969619,1,Nathaniel Forster,British writer,Q5,http://wikidata.org/entity/Q6969619
Q96084314,1,Rhoda,,Q5,http://wikidata.org/entity/Q96084314
Q805285,2,Balliol College,constituent college of the University of Oxford,Q2581649,http://wikidata.org/entity/Q805285
Q3381488,2,Norwich School,"school in Norfolk, UK",Q2418495,http://wikidata.org/entity/Q3381488
Q8826,1,Palma,"city in Mallorca and capital of the Balearic Islands, Spain",Q515,http://wikidata.org/entity/Q8826
Q3176377,1,Royal Palace of La Almudaina,"cultural property in Palma de Mallorca, Spain",Q23413,http://wikidata.org/entity/Q3176377
Q1350157,3,music critic,person who writes reviews about music performances or recordings,Q28640,http://wikidata.org/entity/Q1350157
Q94907283,1,Christian Detlev Claudius,,Q5,http://wikidata.org/entity/Q94907283
Q539463,1,Reinfeld,town of Germany,Q42744322,http://wikidata.org/entity/Q539463
Q136158681,1,,,Q5,http://wikidata.org/entity/Q136158681
Q136158691,1,,,Q5,http://wikidata.org/entity/Q136158691
Q216638,2,Wakefield,"city in West Yorkshire, England",Q515,http://wikidata.org/entity/Q216638
Q1234712,1,Havant,"town in Hampshire, England, UK",Q3957,http://wikidata.org/entity/Q1234712
Q61914224,1,,,Q8436,http://wikidata.org/entity/Q61914224
Q986070,1,Chrudim,town in the Czech Republic,Q5153359,http://wikidata.org/entity/Q986070
Q193501,1,La Fontenelle,"former commune in Ille-et-Vilaine, France",Q21869758,http://wikidata.org/entity/Q193501
Q3274943,1,Émile Decombes,French pianist (1829-1912),Q5,http://wikidata.org/entity/Q3274943
Q64027,1,Nyon,municipality and city in the canton of Vaud in Switzerland,Q70208,http://wikidata.org/entity/Q64027
Q23165,1,Gloucestershire,ceremonial county in England (use Q21694733 for administrative non-metropolitan county),Q180673,http://wikidata.org/entity/Q23165
Q221193,1,Seravezza,Italian comune,Q747074,http://wikidata.org/entity/Q221193
Q207253,1,Mantes-la-Jolie,"commune in Yvelines, France",Q484170,http://wikidata.org/entity/Q207253
Q52439,1,Burano,"island in the Venetian Lagoon, Italy",Q23442,http://wikidata.org/entity/Q52439
Q3687246,1,Conservatorio di S. Maria di Loreto,"Naples, Italy",Q184644,http://wikidata.org/entity/Q3687246
Q728905,1,Yevstigney Fomin,Russian composer,Q5,http://wikidata.org/entity/Q728905
Q110212142,1,David Mortier,"* 1673 , † 1728 , bookseller (1673–1728)",Q5,http://wikidata.org/entity/Q110212142
Q24205162,3,printseller,"person who sells prints, especially engravings",Q28640,http://wikidata.org/entity/Q24205162
Q520327,2,Willem Blaeu,"Dutch cartographer, atlas maker and publisher (1571–1638)",Q5,http://wikidata.org/entity/Q520327
Q26271231,1,Cornelis Blaeu,publisher from the Northern Netherlands (1610–1642),Q5,http://wikidata.org/entity/Q26271231
Q2341443,1,instrument maker,profession,Q28640,http://wikidata.org/entity/Q2341443
Q40881196,1,book printer,profession; printer specialized in printing books,Q12737077,http://wikidata.org/entity/Q40881196
Q136276772,1,Maritgen Cornelisdr.,Uitgeest - 2 Nov 1637 Amsterdam,Q5,http://wikidata.org/entity/Q136276772
Q27902599,1,Blaeu,family of cartographers,Q8436,http://wikidata.org/entity/Q27902599
Q625228,1,Erasmus Quellinus II,Flemish painter (1607-1678),Q5,http://wikidata.org/entity/Q625228
Q3391743,5,visual artist,artist involved with the visual arts,Q88789639,http://wikidata.org/entity/Q3391743
Q26240746,1,Jean Mariette,"French printmaker and art dealer, 1660-1742 (1660-1742)",Q5,http://wikidata.org/entity/Q26240746
Q3165470,1,Jean Francois Blondel,French architect (1683-1756),Q5,http://wikidata.org/entity/Q3165470
Q958293,1,Gilles-Marie Oppenord,French architect (1672–1742),Q5,http://wikidata.org/entity/Q958293
Q131062,1,urban planner,professional who practices in the field of urban planning,Q28640,http://wikidata.org/entity/Q131062
Q316227,1,Nicolas de Pigage,French architect,Q5,http://wikidata.org/entity/Q316227
Q546540,1,Marie-Joseph Peyre,French architect,Q5,http://wikidata.org/entity/Q546540
Q552700,1,Claude Nicolas Ledoux,French Neoclassical architect (1736-1806),Q5,http://wikidata.org/entity/Q552700
Q1342645,1,Alexandre-Théodore Brongniart,French architect (1739-1813),Q5,http://wikidata.org/entity/Q1342645
Q3386869,1,Pierre Rousseau,French architect,Q5,http://wikidata.org/entity/Q3386869
Q3260405,1,Louis Charles François Petit-Radel,French archaeologist,Q5,http://wikidata.org/entity/Q3260405
Q17352286,1,Philippe Petit-Radel,French physician and botanist (1749-1815),Q5,http://wikidata.org/entity/Q17352286
Q337586,1,Académie Royale d'Architecture,French Royal Academy of Architecture,Q162633,http://wikidata.org/entity/Q337586
Q1342086,1,Engelen,"village in 's-Hertogenbosch, the Netherlands",Q532,http://wikidata.org/entity/Q1342086
Q752663,4,Delft University of Technology,Dutch university,Q1371037,http://wikidata.org/entity/Q752663
Q1925963,1,graphic artist,"artist who makes lines on paper through various drawing and print techniques, or the digital equivalent",Q28640,http://wikidata.org/entity/Q1925963
Q450147,1,Nicolas Métru,French composer,Q5,http://wikidata.org/entity/Q450147
Q16063546,1,historian of science,humanist who is engaged in history of science,Q28640,http://wikidata.org/entity/Q16063546
Q75726336,1,Thomas Wood,(1580-1643),Q5,http://wikidata.org/entity/Q75726336
Q27506218,1,Pieter van  Cuyck (I),,Q5,http://wikidata.org/entity/Q27506218
Q3303330,1,calligrapher,artist who practices calligraphy,Q28640,http://wikidata.org/entity/Q3303330
Q16017,2,Zweibrücken,"town in Rhineland-Palatinate, Germany",Q42744322,http://wikidata.org/entity/Q16017
Q496066,1,Revel,"commune in Haute-Garonne, France",Q484170,http://wikidata.org/entity/Q496066
Q63323570,1,Pieter van der  Plas (II),Dutch painter (1655-1708),Q5,http://wikidata.org/entity/Q63323570
Q58101479,1,Judith Zinspenning,,Q5,http://wikidata.org/entity/Q58101479
Q4775439,2,Antoine Bouzonnet-Stella,French painter (1637–1682),Q5,http://wikidata.org/entity/Q4775439
Q195634,1,Caux,"commune in Hérault, France",Q484170,http://wikidata.org/entity/Q195634
Q59331665,1,Jean-François Lépine,18th century French organ builder,Q5,http://wikidata.org/entity/Q59331665
Q15962457,1,Maria Margaretha la Fargue,painter from the Northern Netherlands (1738–1813),Q5,http://wikidata.org/entity/Q15962457
Q15962459,1,Karel la Fargue,painter from the Northern Netherlands (1738–1793),Q5,http://wikidata.org/entity/Q15962459
Q15962460,1,Jacob Elias la Fargue,painter from the Northern Netherlands (1735–1778),Q5,http://wikidata.org/entity/Q15962460
Q15962455,1,Isaac Lodewijk la Fargue van Nieuwland,painter from the Northern Netherlands (1726–1805),Q5,http://wikidata.org/entity/Q15962455
Q461413,1,Pont-à-Mousson,"commune in Meurthe-et-Moselle, France",Q484170,http://wikidata.org/entity/Q461413
Q20171745,1,Augustin Heinrich Fasch,botanist (1639-1690),Q5,http://wikidata.org/entity/Q20171745
Q56006731,1,Friedrich Hoffmann,German physician and physicist (1626-1675),Q5,http://wikidata.org/entity/Q56006731
Q702524,1,University of Erfurt,"public university in Thuringia, Germany",Q3918,http://wikidata.org/entity/Q702524
Q1018197,1,Eresos,village on the Greek island of Lesbos,Q486972,http://wikidata.org/entity/Q1018197
Q194414,2,peripatetic school,school of philosophy in Ancient Greece,Q2915955,http://wikidata.org/entity/Q194414
Q130287971,1,François de Bourdeilles,,Q5,http://wikidata.org/entity/Q130287971
Q80001103,1,Perpetua of Hippo,sister Augustine of Hippo and abbess,Q5,http://wikidata.org/entity/Q80001103
Q113558212,1,Navigius of Hippo,brother of Augustine of Hippo,Q5,http://wikidata.org/entity/Q113558212
Q1324444,1,Thagaste,ancient city,Q15661340,http://wikidata.org/entity/Q1324444
Q27381,2,North Africa,northernmost region of the African continent,Q82794,http://wikidata.org/entity/Q27381
Q858024,1,Hippo Regius,"ancient name for the modern city of Annaba, Algeria",Q839954,http://wikidata.org/entity/Q858024
Q108838549,1,Patricius,father of Augustine of Hippo,Q5,http://wikidata.org/entity/Q108838549
Q234689,1,Monica of Hippo,Christian saint; mother of St. Augustine,Q5,http://wikidata.org/entity/Q234689
Q108308379,1,Heraclius of Hippo,bishop of Hippo,Q5,http://wikidata.org/entity/Q108308379
Q43689,1,Ambrose,Roman theologian and Bishop of Milan (c. 340–397),Q5,http://wikidata.org/entity/Q43689
Q113957666,1,Valerii Catulli,branch of the gens Valeria,Q104258569,http://wikidata.org/entity/Q113957666
Q614510,1,Gabii,"ancient city of Latium, located 18 km (11 mi) due east of Rome along the Via Praenestina",Q15661340,http://wikidata.org/entity/Q614510
Q545343,1,Florens Radewyns,Dutch priest and scholar,Q5,http://wikidata.org/entity/Q545343
Q467242,1,Geert Groote,Dutch humanist and mystic (1340-1384),Q5,http://wikidata.org/entity/Q467242
Q6072938,1,Perses,Hesiod's brother,Q5,http://wikidata.org/entity/Q6072938
Q679305,2,Cyme,"ancient city of Ionia, in modern-day Turkey",Q486972,http://wikidata.org/entity/Q679305
Q936920,2,Ascra,ancient city-state of Boeotia,Q148837,http://wikidata.org/entity/Q936920
Q42307600,1,Megara,ancient Greek city-state,Q148837,http://wikidata.org/entity/Q42307600
Q1457477,1,Megara Hyblaea,city of ancient Sicily and Italian archaeological site,Q839954,http://wikidata.org/entity/Q1457477
Q208742,1,Peloponnesian League,military alliance in Ancient Greece,Q1778834,http://wikidata.org/entity/Q208742
Q739812,1,Philetas of Cos,ancient Greek scholar and poet,Q5,http://wikidata.org/entity/Q739812
Q4420718,2,Syracuse,city of ancient Sicily,Q839954,http://wikidata.org/entity/Q4420718
Q187027,1,Kos,Greek island,Q23442,http://wikidata.org/entity/Q187027
Q2320005,1,Ptolemaic Kingdom,Hellenistic kingdom in ancient Egypt from 305 to 30 BC,Q3932025,http://wikidata.org/entity/Q2320005
Q463364,1,Bion of Smyrna,1st century BC Greek bucolic poet,Q5,http://wikidata.org/entity/Q463364
Q2481551,1,Arnoldus Senguerdius,"Dutch philosopher, professor of philosophy, librarian and author (1610-1667/68)",Q5,http://wikidata.org/entity/Q2481551
Q834727,2,Melchior Volmar,German philologist,Q5,http://wikidata.org/entity/Q834727
Q49831,1,Noyon,"commune in Oise, France",Q484170,http://wikidata.org/entity/Q49831
Q2983796,1,Collège de la Marche,,Q1459186,http://wikidata.org/entity/Q2983796
Q2983781,1,Collège de Montaigu,constituent college of the Faculty of Arts of the University of Paris,Q1459186,http://wikidata.org/entity/Q2983781
Q2495994,1,University of Bourges,university in France,Q3918,http://wikidata.org/entity/Q2495994
Q13334,2,University of Orléans,French university in Orléans created in 1966,Q3551775,http://wikidata.org/entity/Q13334
Q23047,1,Cahors,"commune in Lot, France",Q484170,http://wikidata.org/entity/Q23047
Q377324,1,Jean Marot,French poet,Q5,http://wikidata.org/entity/Q377324
Q4988856,1,Hebraist,someone who deals with Hebrew studies,Q28640,http://wikidata.org/entity/Q4988856
Q279681,1,Thouars,"commune in Deux-Sèvres, France",Q484170,http://wikidata.org/entity/Q279681
Q658975,2,University of Lausanne,"university located in Lausanne, Switzerland",Q875538,http://wikidata.org/entity/Q658975
Q645663,1,University of Pisa,Italian public research university located in Pisa,Q875538,http://wikidata.org/entity/Q645663
Q9898,1,Amstelveen,"town and municipality in North Holland, the Netherlands",Q2039348,http://wikidata.org/entity/Q9898
Q1297719,1,French moralist,philosopher or theologian who works in moralism or morality,Q28640,http://wikidata.org/entity/Q1297719
Q213288,1,Montbrison,"commune in Loire, France",Q484170,http://wikidata.org/entity/Q213288
Q135985181,1,,,Q5,http://wikidata.org/entity/Q135985181
Q135985182,1,,,Q5,http://wikidata.org/entity/Q135985182
Q110939296,1,Pieter van Winter,21 Sep 1689 Amsterdam - 31 May 1776 Amsterdam,Q5,http://wikidata.org/entity/Q110939296
Q110939303,1,Elisabeth van Leeuwarden,21 Oct 1694 Amsterdam - 14 Mar 1746 Amsterdam,Q5,http://wikidata.org/entity/Q110939303
Q899030,1,Brasenose College,college of the University of Oxford,Q2581649,http://wikidata.org/entity/Q899030
Q96083373,1,Elizabeth Evelyn,(1614-1634),Q5,http://wikidata.org/entity/Q96083373
Q5539052,1,George Evelyn,English politician; (1617-1699),Q5,http://wikidata.org/entity/Q5539052
Q96083366,1,Jane Evelyn,(1616-1651),Q5,http://wikidata.org/entity/Q96083366
Q3140857,1,horticulturist,"person who works and conducts research in the science and art of growing flowers, fruits, vegetables or ornamental plants",Q28640,http://wikidata.org/entity/Q3140857
Q758780,1,gardener,person who tends gardens,Q12737077,http://wikidata.org/entity/Q758780
Q18939491,1,diarist,person who writes a personal journal,Q12737077,http://wikidata.org/entity/Q18939491
Q2656219,1,Wotton,"village and civil parish in Surrey, England, UK",Q1115575,http://wikidata.org/entity/Q2656219
Q76022928,1,Richard Evelyn,(1590-1640),Q5,http://wikidata.org/entity/Q76022928
Q76022929,1,Eleanor Stansfield,(1599-1635),Q5,http://wikidata.org/entity/Q76022929
Q716347,1,"Francis Godolphin, 2nd Earl of Godolphin",British politician (1678-1766),Q5,http://wikidata.org/entity/Q716347
Q6536131,1,Lewes Old Grammar School,"school in East Sussex, UK",Q3914,http://wikidata.org/entity/Q6536131
Q824501,2,Van Haren,"Dutch noble family (for surname, see Q55636934)",Q13417114,http://wikidata.org/entity/Q824501
Q2658339,1,Sulpicius Apollinaris,Roman grammarian,Q5,http://wikidata.org/entity/Q2658339
Q66421127,1,Aulus Gellius Celer,ancient Roman navy prefect,Q5,http://wikidata.org/entity/Q66421127
Q9997,1,Borne,municipality and village in the Netherlands,Q532,http://wikidata.org/entity/Q9997
Q26692689,1,Jan Jansz,,Q5,http://wikidata.org/entity/Q26692689
Q47458979,1,Johannes Janssonius van Waesberge I,"Dutch printer, publisher and bookseller (1616–1681)",Q5,http://wikidata.org/entity/Q47458979
Q816699,1,Culemborg,city and municipality in the Netherlands,Q2039348,http://wikidata.org/entity/Q816699
Q114735574,1,Antonius Joannes van Schaik,,Q5,http://wikidata.org/entity/Q114735574
Q1622189,1,Hochschule für Katholische Kirchenmusik und Musikpädagogik Regensburg,,Q1365560,http://wikidata.org/entity/Q1622189
Q6031761,1,Gabriel Oxenstierna,10 Oct 1642 Stckholm - 28 Feb 1707,Q5,http://wikidata.org/entity/Q6031761
Q19838180,1,Ture Oxenstierna,"Swedish count, colonel and county governor",Q5,http://wikidata.org/entity/Q19838180
Q2834170,1,Alexander of Cotiaeum,Greek grammarian,Q5,http://wikidata.org/entity/Q2834170
Q311879,1,Herodes Atticus,Greek sophist and Roman senator (101–177),Q5,http://wikidata.org/entity/Q311879
Q317055,1,Marcus Cornelius Fronto,2nd century Roman rhetorician and advocate,Q5,http://wikidata.org/entity/Q317055
Q18999,1,Junius Rusticus,Stoic philosopher (100-170),Q5,http://wikidata.org/entity/Q18999
Q717647,1,Gnaeus Claudius Severus Arabianus,2nd century Roman senator and philosopher,Q5,http://wikidata.org/entity/Q717647
Q1284248,1,Annia Cornificia Faustina,sister of Roman emperor Marcus Aurelius,Q5,http://wikidata.org/entity/Q1284248
Q1292169,1,Marcus Annius Verus,father of Marcus Aurelius,Q5,http://wikidata.org/entity/Q1292169
Q1429,1,Antoninus Pius,15th Roman Emperor (138–161),Q5,http://wikidata.org/entity/Q1429
Q1815905,1,Calvisia Domitia Lucilla,mother of Roman emperor Marcus Aurelius,Q5,http://wikidata.org/entity/Q1815905
Q111205705,1,Malemnius,supposed king of the Sallentini during the reign of Numa Pompilius,Q21070568,http://wikidata.org/entity/Q111205705
Q3291176,1,Antonines,part of the Nerva–Antonine dynasty,Q164950,http://wikidata.org/entity/Q3291176
Q11907287,1,Aurelies,line of the gens Aurelia which the emperors Antoninus Pius and Marcus Aurelius were part of,Q1642895,http://wikidata.org/entity/Q11907287
Q3202662,1,Nerva–Antonine dynasty,dynasty of Roman Emperors,Q164950,http://wikidata.org/entity/Q3202662
Q11936307,1,Madauros,ancient Roman city in Algeria,Q839954,http://wikidata.org/entity/Q11936307
Q6548,1,Orléans,"large city and commune in Loiret, Centre-Val de Loire, France",Q484170,http://wikidata.org/entity/Q6548
Q163795,1,Valenciennes,"French commune in Nord, Hauts-de-France",Q484170,http://wikidata.org/entity/Q163795
Q2743448,1,Julia Major,eldest sister of Julius Caesar,Q5,http://wikidata.org/entity/Q2743448
Q241143,1,Julia Minor,"sister of Julius Caesar, and grandmother of Augustus",Q5,http://wikidata.org/entity/Q241143
Q11774156,2,memoirist,type of autobiographer,Q28640,http://wikidata.org/entity/Q11774156
Q314710,1,Gaius Julius Caesar,Roman senator and father of Julius Caesar (c.140 BC - 85 BC),Q5,http://wikidata.org/entity/Q314710
Q232725,1,Aurelia,mother of Julius Caesar,Q5,http://wikidata.org/entity/Q232725
Q255870,1,Julia,wife of Gaius Marius,Q5,http://wikidata.org/entity/Q255870
Q231696,1,Atia,mother of Roman emperor Augustus,Q5,http://wikidata.org/entity/Q231696
Q127420850,1,Suena,folklore character who was the wife of Silvius Brabo and niece of Julius Caesar,Q25810847,http://wikidata.org/entity/Q127420850
Q3268376,1,Julii Caesares,patrician branch of the gens Julia,Q104258569,http://wikidata.org/entity/Q3268376
Q192841,1,Julio-Claudian dynasty,"Roman imperial dynasty consisting of the first five emperors: Augustus, Tiberius, Caligula, Claudius and Nero",Q164950,http://wikidata.org/entity/Q192841
Q20101028,1,Magius Celer Velleianus,,Q5,http://wikidata.org/entity/Q20101028
Q55054,1,Mirabella Eclano,Italian comune,Q747074,http://wikidata.org/entity/Q55054
Q128716,1,Sarzeau,"commune in Morbihan, France",Q484170,http://wikidata.org/entity/Q128716
Q7928931,1,Vigilantia,sister of Byzantine emperor Justinian I,Q5,http://wikidata.org/entity/Q7928931
Q4175034,1,legislator,member of a legislature,Q12737077,http://wikidata.org/entity/Q4175034
Q39018,1,emperor,type of monarch,Q355567,http://wikidata.org/entity/Q39018
Q119611049,1,Taurision (Serbia),,,http://wikidata.org/entity/Q119611049
Q16869,1,Constantinople,"capital of the Eastern Roman, Latin and Ottoman Empires, currently Istanbul, Turkey",Q515,http://wikidata.org/entity/Q16869
Q12544,1,Byzantine Empire,Roman Empire during Late Antiquity and the Middle Ages,Q48349,http://wikidata.org/entity/Q12544
Q107437998,1,Vigilantia,mother of Justinian I,Q5,http://wikidata.org/entity/Q107437998
Q1133400,1,Justinian dynasty,dynasty,Q164950,http://wikidata.org/entity/Q1133400
Q578750,1,Rothbury,"town and civil parish in Northumberland, England",Q532,http://wikidata.org/entity/Q578750
Q192896,1,Carlisle,"city in Cumberland, Cumbria, England",Q515,http://wikidata.org/entity/Q192896
Q2598,1,Watford,"town in Hertfordshire, England",Q3957,http://wikidata.org/entity/Q2598
Q623382,1,Killarney,"town in County Kerry, Ireland",Q3957,http://wikidata.org/entity/Q623382
Q163584,1,Derry,City in Northern Ireland,Q515,http://wikidata.org/entity/Q163584
Q6407035,2,Kilkenny College,"school in Kilkenny, County Kilkenny, Ireland",Q159334,http://wikidata.org/entity/Q6407035
Q1520005,1,Little Barford,"village and civil parish in Bedfordshire, UK",Q532,http://wikidata.org/entity/Q1520005
Q96087772,1,John Rowe,,Q5,http://wikidata.org/entity/Q96087772
Q96087773,1,Elizabeth Edwards,,Q5,http://wikidata.org/entity/Q96087773
Q3560910,1,Highgate School,"school in Haringey, UK",Q2418495,http://wikidata.org/entity/Q3560910
Q75399420,1,Francis Colman,British envoy to the grand duke of Tuscany,Q5,http://wikidata.org/entity/Q75399420
Q75399418,1,Mary Gumley,Peerage person ID=117881,Q5,http://wikidata.org/entity/Q75399418
Q1759246,1,theatrical producer,person or firm that oversees the staging of theatre productions,Q15839299,http://wikidata.org/entity/Q1759246
Q6411536,1,King Edward VI School,"school in Staffordshire, UK",Q159334,http://wikidata.org/entity/Q6411536
Q7528204,1,Sir Joseph Williamson's Mathematical School,"school in Medway, UK",Q967098,http://wikidata.org/entity/Q7528204
Q201970,2,Shrewsbury,"county town of Shropshire, England",Q1357964,http://wikidata.org/entity/Q201970
Q146747,2,Vauxhall,"area in the London Borough of Lambeth, England",Q2755753,http://wikidata.org/entity/Q146747
Q2280221,2,Shrewsbury School,"school in Shropshire, UK",Q159334,http://wikidata.org/entity/Q2280221
Q3579035,1,travel writer,person who writes travel literature,Q28640,http://wikidata.org/entity/Q3579035
Q10498147,1,scientific explorer,"type of explorer travelling to exotic places in order to explore flora, fauna, or geology",Q12737077,http://wikidata.org/entity/Q10498147
Q12356615,1,traveler,person who travels or makes voyages,Q12737077,http://wikidata.org/entity/Q12356615
Q3621491,4,archaeologist,person studying human activity in the past,Q28640,http://wikidata.org/entity/Q3621491
Q109558480,1,afsetter,occupation,Q28640,http://wikidata.org/entity/Q109558480
Q124605835,1,map drawer,drawer of maps,Q28640,http://wikidata.org/entity/Q124605835
Q949530,1,Demonax,2nd century Greek philosopher,Q5,http://wikidata.org/entity/Q949530
Q1026347,1,Samosata,"ancient city of Commagene, in modern-day Turkey",Q15661340,http://wikidata.org/entity/Q1026347
Q1697394,2,Joannes Daniel Lennep,Dutch author and university professor,Q5,http://wikidata.org/entity/Q1697394
Q4966577,1,Alexis,4th century BC Athenian comic poet,Q5,http://wikidata.org/entity/Q4966577
Q13415481,1,Kephisia,ancient Athenian deme,Q672490,http://wikidata.org/entity/Q13415481
Q5494306,1,Freattyda,"neighborhood of Piraeus, Greece",Q123705,http://wikidata.org/entity/Q5494306
Q11225429,1,Thebes,ancient Greek city-state,Q148837,http://wikidata.org/entity/Q11225429
Q11160,1,Cassel,"commune in Nord, France",Q484170,http://wikidata.org/entity/Q11160
Q104712,1,Elbląg,"place in Warmian-Masurian, Poland",Q925381,http://wikidata.org/entity/Q104712
Q1031430,1,Habsburg Netherlands,region of the Low Countries ruled by the Habsburg House from 1482 to 1795,Q11514315,http://wikidata.org/entity/Q1031430
Q55074038,1,Giovanni Domenico Sala,,Q5,http://wikidata.org/entity/Q55074038
Q504352,1,Rasmus Bartholin,"Danish scientist, physician and grammarian (1625-1698)",Q5,http://wikidata.org/entity/Q504352
Q264593,1,Caspar Bartholin the Elder,Danish polymath (1585-1629),Q5,http://wikidata.org/entity/Q264593
Q77520,1,Thomas Fincke,Danish mathematician and physician (1561-1656),Q5,http://wikidata.org/entity/Q77520
Q49476,1,archbishop,bishop of higher rank in many Christian denominations,Q21114371,http://wikidata.org/entity/Q49476
Q676711,1,Tressan,"commune in Hérault, France",Q484170,http://wikidata.org/entity/Q676711
Q1989567,1,Château de Gaillon,"French Renaissance castle located in Gaillon, Normandy",Q751876,http://wikidata.org/entity/Q1989567
Q24387326,1,mythographer,writer on mythology,Q12737077,http://wikidata.org/entity/Q24387326
Q3606949,2,Agyrion,human settlement in Italy,Q15661340,http://wikidata.org/entity/Q3606949
Q16034211,1,Famille Morel,family,Q13417114,http://wikidata.org/entity/Q16034211
Q5506107,1,Fronto of Emesa,3rd-century Greek rhetorician,Q5,http://wikidata.org/entity/Q5506107
Q131301,1,Homs,city in western Syria,Q1549591,http://wikidata.org/entity/Q131301
Q5747,1,Palmyra,"ancient city in Homs Governorate, Syria",Q15661340,http://wikidata.org/entity/Q5747
Q2396671,1,Étienne-Maurice Chompré,French writer (1701–1784),Q5,http://wikidata.org/entity/Q2396671
Q614449,1,Narcy,"commune in Haute-Marne, France",Q484170,http://wikidata.org/entity/Q614449
Q1007545,1,Galatasaray High School,high school in Turkey,Q159334,http://wikidata.org/entity/Q1007545
Q204979,1,Vézelay,"commune in Yonne, France",Q484170,http://wikidata.org/entity/Q204979
Q2473815,1,Dominicus Baudius,Dutch historian and poet,Q5,http://wikidata.org/entity/Q2473815
Q19977066,1,Gottlob Schuberth,German oboist and clarinetist,Q5,http://wikidata.org/entity/Q19977066
Q75540217,1,"William Pierrepont, Earl of Kingston",(born 1692),Q5,http://wikidata.org/entity/Q75540217
Q75249221,1,Evelyn Pierrepont,noblewoman; (1691-1727),Q5,http://wikidata.org/entity/Q75249221
Q75269500,1,Frances Pierrepont,(1690-1761),Q5,http://wikidata.org/entity/Q75269500
Q11900058,2,explorer,person who by means of travel searches out new information,Q12737077,http://wikidata.org/entity/Q11900058
Q5416411,1,"Evelyn Pierrepont, 1st Duke of Kingston-upon-Hull",English nobleman and politician,Q5,http://wikidata.org/entity/Q5416411
Q27912179,1,Mary Feilding,English noblewoman; (1668 - 1697 (1692?),Q5,http://wikidata.org/entity/Q27912179
Q121411533,1,John Broughton,English clergyman and philosopher (1670s-1720),Q5,http://wikidata.org/entity/Q121411533
Q24203658,1,Leopoldo Metastasio,,Q5,http://wikidata.org/entity/Q24203658
Q686522,5,University of Music and Performing Arts Vienna,"university in Vienna, Austria",Q875538,http://wikidata.org/entity/Q686522
Q3527165,1,Aldwincle,"village in North Northamptonshire, Northamptonshire, United Kingdom",Q532,http://wikidata.org/entity/Q3527165
Q75652077,1,Erasmus Dryden,(1602-1654),Q5,http://wikidata.org/entity/Q75652077
Q75652078,1,Mary Pickering,d.1676,Q5,http://wikidata.org/entity/Q75652078
Q617407,1,Eton,"Town in Berkshire, England",Q3957,http://wikidata.org/entity/Q617407
Q18730102,1,Christopher Milton,"Milton, Sir Christopher (1615–1693), judge",Q5,http://wikidata.org/entity/Q18730102
Q96089253,1,Anne Milton,(1604-1640),Q5,http://wikidata.org/entity/Q96089253
Q3809493,1,John Milton,Father of poet John Milton and English composer (1563-1647),Q5,http://wikidata.org/entity/Q3809493
Q96089257,1,Sara Jeffrey,(1566-1637),Q5,http://wikidata.org/entity/Q96089257
Q5344849,1,Edward Phillips,English author (1630-1696),Q5,http://wikidata.org/entity/Q5344849
Q714717,1,Christ's College,college of the University of Cambridge,Q1055028,http://wikidata.org/entity/Q714717
Q4463183,1,Johann Trier,German organist,Q5,http://wikidata.org/entity/Q4463183
Q123438,1,Bogatynia,city of Poland,Q3957,http://wikidata.org/entity/Q123438
Q213906,1,Friedrich Schneider,German composer and conductor,Q5,http://wikidata.org/entity/Q213906
Q214436,1,August Ferdinand Anacker,German Music cantor/conductor,Q5,http://wikidata.org/entity/Q214436
Q747254,1,Ernst Julius Otto,German composer (1804–1877),Q5,http://wikidata.org/entity/Q747254
Q32074,1,Neustadt bei Coburg,"city in Bavaria, Germany",Q448801,http://wikidata.org/entity/Q32074
Q2252262,1,rapper,artist who speaks rhymes in a rhythm over music,Q66715801,http://wikidata.org/entity/Q2252262
Q753110,1,songwriter,person who writes the words or music to songs,Q66715801,http://wikidata.org/entity/Q753110
Q183945,1,record producer,individual who oversees and manages the recording of an artist's music,Q66715801,http://wikidata.org/entity/Q183945
Q1156982,1,Bedford–Stuyvesant,"neighborhood in Brooklyn, New York City, United States",Q61298320,http://wikidata.org/entity/Q1156982
Q65,1,Los Angeles,"seat of Los Angeles County, and largest city in California, United States",Q13218391,http://wikidata.org/entity/Q65
Q55999469,1,Voletta Wallace,mother of the Notorious B.I.G.,Q5,http://wikidata.org/entity/Q55999469
Q5546181,1,George Westinghouse Career and Technical Education High School,"high school in Brooklyn, New York City",Q9826,http://wikidata.org/entity/Q5546181
Q4917627,1,Bishop Loughlin Memorial High School,"high school in Brooklyn, New York City",Q9826,http://wikidata.org/entity/Q4917627
Q75514485,1,"Sir William Ellys, 2nd Bt.",(died 1727),Q5,http://wikidata.org/entity/Q75514485
Q76331709,1,Isabella Hampden,Peerage person ID=694550,Q5,http://wikidata.org/entity/Q76331709
Q132499,1,Höchst,district of Frankfurt am Main,Q79416466,http://wikidata.org/entity/Q132499
Q14274,1,Aarau,"capital of Canton Aargau, Switzerland",Q70208,http://wikidata.org/entity/Q14274
Q808532,1,Barnstaple,"town and civil parish in Devon, England",Q3957,http://wikidata.org/entity/Q808532
Q193196,2,University College London,"public research university in London, England, United Kingdom",Q15407956,http://wikidata.org/entity/Q193196
Q593321,1,University of Genoa,"university in Genoa, Italy",Q3918,http://wikidata.org/entity/Q593321
Q10872101,1,anatomist,scientist with a specialty in anatomy,Q28640,http://wikidata.org/entity/Q10872101
Q202883,1,veterinarian,"professional who treats disease, disorder, and injury in animals",Q66811410,http://wikidata.org/entity/Q202883
Q10429346,2,bibliographer,person who describes and lists books and other publications,Q28640,http://wikidata.org/entity/Q10429346
Q525439,1,Franqueville-Saint-Pierre,"commune in Seine-Maritime, France",Q484170,http://wikidata.org/entity/Q525439
Q182188,1,Samatan,"commune in Gers, France",Q484170,http://wikidata.org/entity/Q182188
Q2828086,1,Aimé Paris,French music educator and inventor of writing system (1798-1866),Q5,http://wikidata.org/entity/Q2828086
Q151197,1,military engineer,military vocation,Q6857706,http://wikidata.org/entity/Q151197
Q189290,2,military officer,member of an armed force or uniformed service who holds a position of authority,Q6857706,http://wikidata.org/entity/Q189290
Q165090,1,Chambéry,"commune in Savoie, France",Q484170,http://wikidata.org/entity/Q165090
Q12193,1,Brest,"port city in the Finistère department, Brittany, France",Q484170,http://wikidata.org/entity/Q12193
Q426025,1,Duchy of Savoy,state in Western Europe that existed from 1416 to 1860,Q26830017,http://wikidata.org/entity/Q426025
Q2958262,1,Charles-Nicolas Cochin the Elder,French line-engraver (1688-1754),Q5,http://wikidata.org/entity/Q2958262
Q3263641,1,Louise-Magdeleine Horthemels,French printmaker (1686–1767),Q5,http://wikidata.org/entity/Q3263641
Q3383919,1,Pierre Beljambe,,Q5,http://wikidata.org/entity/Q3383919
Q61735219,1,Louis Cellot,"Cellot, Louis (1731–1815)",Q5,http://wikidata.org/entity/Q61735219
Q505909,1,Höchstädt an der Donau,town of Germany,Q42744322,http://wikidata.org/entity/Q505909
Q10547393,1,local politician,"politician involved in local, as opposed to national, government",Q12737077,http://wikidata.org/entity/Q10547393
Q558901,1,Willmars,municipality of Germany,Q116457956,http://wikidata.org/entity/Q558901
Q63197341,1,Anselmo Feijoo Montenegro,Spanish military personnel,Q5,http://wikidata.org/entity/Q63197341
Q12385587,1,Casdemiro,"human settlement in O Pereiro de Aguiar, Ourense Province, Spain",Q20541692,http://wikidata.org/entity/Q12385587
Q2303432,1,University of Oviedo,"public university in Asturias, Spain",Q875538,http://wikidata.org/entity/Q2303432
Q667315,1,Blainville-sur-Mer,"commune in Manche, France",Q484170,http://wikidata.org/entity/Q667315
Q12460,2,Lier,"city in Antwerp province, Belgium",Q493522,http://wikidata.org/entity/Q12460
Q31824079,2,Lier,"town in the municipality of the same name, Belgium",Q3957,http://wikidata.org/entity/Q31824079
Q11727152,1,Chotěborky,village in Trutnov District of Hradec Králové region,Q61089180,http://wikidata.org/entity/Q11727152
Q960222,1,Giovanni Battista Somis,Italian violinist and composer (1686-1763),Q5,http://wikidata.org/entity/Q960222
Q103640,1,Breno,Italian comune,Q747074,http://wikidata.org/entity/Q103640
Q23894249,1,Erasbach,church village in Upper Palatinate,Q253019,http://wikidata.org/entity/Q23894249
Q31519,1,Charles University,oldest and largest university in the Czech Republic,Q875538,http://wikidata.org/entity/Q31519
Q7324338,1,Richard Brind,English musician,Q5,http://wikidata.org/entity/Q7324338
Q16191541,1,Franz Eck,German violinist,Q5,http://wikidata.org/entity/Q16191541
Q27995018,1,Charles Louis Maucourt,,Q5,http://wikidata.org/entity/Q27995018
Q55891242,1,Karl Heinrich Spohr,,Q5,http://wikidata.org/entity/Q55891242
Q135639478,1,,,Q5,http://wikidata.org/entity/Q135639478
Q215083,1,Ferdinand David,German musician (1810–1873),Q5,http://wikidata.org/entity/Q215083
Q327024,1,Fredrik Pacius,German composer resided in Finland (1809-1891),Q5,http://wikidata.org/entity/Q327024
Q571562,1,Bernhard Molique,German violinist and composer (1802-1869),Q5,http://wikidata.org/entity/Q571562
Q896269,1,Hubert Ries,German composer (1802–1886),Q5,http://wikidata.org/entity/Q896269
Q11792067,1,Nikodem Biernacki,Polish violinist and composer (1825-1892),Q5,http://wikidata.org/entity/Q11792067
Q43955814,1,Karl Julius Abt,,Q5,http://wikidata.org/entity/Q43955814
Q16096,1,Vechta,"town in the German state of Lower Saxony, and capital of the district of Vechta",Q2267870,http://wikidata.org/entity/Q16096
Q503640,1,Gunzenhausen,German town in Bavaria,Q42744322,http://wikidata.org/entity/Q503640
Q116182872,1,Andreas Osiander,"Abt 1443/1444 Auhausen, Württemberg - Aft 1524 Nürnberg",Q5,http://wikidata.org/entity/Q116182872
Q116182875,1,Anna Herzog,1458 Nürnberg - 1540 Nürnberg,Q5,http://wikidata.org/entity/Q116182875
Q462039,1,University of Ingolstadt,"former university in Ingolstadt, Bavaria (1472–1800)",Q3918,http://wikidata.org/entity/Q462039
Q12792,1,Vaucluse,"department in Provence-Alpes-Côte d'Azur, France",Q6465,http://wikidata.org/entity/Q12792
Q1364637,1,Giacobbe Cervetto,Italian composer active in England,Q5,http://wikidata.org/entity/Q1364637
Q18671675,1,Joanna Maria Lindehleim,British soprano (d. 1724),Q5,http://wikidata.org/entity/Q18671675
Q1473756,1,Royal Academy of Music,company founded to support the performance of operas by Händel in London,Q783794,http://wikidata.org/entity/Q1473756
Q18593211,1,John Festing,"music teacher, elder brother of Michael Christian Festing",Q5,http://wikidata.org/entity/Q18593211
Q110427056,1,John Festing,Abt 1672/1673 -,Q5,http://wikidata.org/entity/Q110427056
Q110427057,1,Elizabeth Casey,Abt 1680/1681 -,Q5,http://wikidata.org/entity/Q110427057
Q1313794,1,Grimani,Venetian patrician family,Q13417114,http://wikidata.org/entity/Q1313794
Q22640,1,Thionville,"commune in Moselle, France",Q484170,http://wikidata.org/entity/Q22640
Q1058168,1,Roissy-en-Brie,"commune in Seine-et-Marne, France",Q484170,http://wikidata.org/entity/Q1058168
Q1339827,2,Gaetano Greco,Italian composer,Q5,http://wikidata.org/entity/Q1339827
Q54522,1,Strongoli,"comune and town in the province of Crotone, in Calabria, Italy",Q747074,http://wikidata.org/entity/Q54522
Q605643,1,Antonio Veracini,Italian composer,Q5,http://wikidata.org/entity/Q605643
Q8645,1,Lanciano,Italian comune,Q747074,http://wikidata.org/entity/Q8645
Q20808141,1,University of Strasbourg,German or French university (1538-1970),Q3918,http://wikidata.org/entity/Q20808141
Q24982149,1,Claude Godard d'Aucour,French writer (1716-1795),Q5,http://wikidata.org/entity/Q24982149
Q2854028,1,Antoine Groignard,French architect (1727–1799),Q5,http://wikidata.org/entity/Q2854028
Q682607,1,Rainbach im Mühlkreis,"municipality in Freistadt District, Upper Austria, Austria",Q562061,http://wikidata.org/entity/Q682607
Q173065,1,Kingdom of Naples,Italian state (1282–1816),Q3024240,http://wikidata.org/entity/Q173065
Q23103,1,Shropshire,ceremonial county in the United Kingdom,Q180673,http://wikidata.org/entity/Q23103
Q498078,1,Bad Arolsen,"town in Landkreis Waldeck-Frankenberg in Hesse, Germany",Q6882870,http://wikidata.org/entity/Q498078
Q341777,1,Čáslav,town in the Czech Republic,Q5153359,http://wikidata.org/entity/Q341777
Q60847808,1,Saint-Germain-en-Laye,"commune in Yvelines, France",Q484170,http://wikidata.org/entity/Q60847808
Q183111,1,Jihlava,city in Czechia,Q15978299,http://wikidata.org/entity/Q183111
Q270532,1,University of Aberdeen,"university in Aberdeen, Scotland, United Kingdom",Q62078547,http://wikidata.org/entity/Q270532
Q4138967,1,Christian Friedrich Johann Girschner,"German organist, composer, and music teacher (1794–1860)",Q5,http://wikidata.org/entity/Q4138967
Q959789,1,Josef Proksch,Czech music educator and pianist,Q5,http://wikidata.org/entity/Q959789
Q504499,1,Freystadt,municipality in Landkreis Neumarkt in der Oberpfalz in Germany,Q42744322,http://wikidata.org/entity/Q504499
Q6172004,1,Jeanne-Hippolyte Devismes,French composer,Q5,http://wikidata.org/entity/Q6172004
Q8897,1,Blasewitz,"borough of Dresden, Germany",Q253019,http://wikidata.org/entity/Q8897
Q687026,1,Himmelpfortgrund,quarter of Vienna,Q123705,http://wikidata.org/entity/Q687026
Q414936,1,Akademisches Gymnasium,high school building in Vienna,Q55043,http://wikidata.org/entity/Q414936
Q23380,1,Jean-Auguste-Dominique Ingres,French painter (1780–1867),Q5,http://wikidata.org/entity/Q23380
Q2833555,1,Alexandre-Marie Colin,French painter (1798-1875),Q5,http://wikidata.org/entity/Q2833555
Q161145,1,Horace Vernet,French painter (1789–1863),Q5,http://wikidata.org/entity/Q161145
Q18508256,1,Gustave Janet,French draughtsman and lithographer (1829-1898),Q5,http://wikidata.org/entity/Q18508256
Q273593,1,Beaux-Arts de Paris,national school of fine arts in France,Q383092,http://wikidata.org/entity/Q273593
Q209898,2,Johan Wagenaar,"Dutch composer, teacher, and organist",Q5,http://wikidata.org/entity/Q209898
Q2196484,1,Willem Voormolen,Dutch politician (1856–1909),Q5,http://wikidata.org/entity/Q2196484
Q136009268,1,Aleida Maria Wentholt,28 Apr 1866 Hellevoetsluis - 7 Apr 1913 Rijsenburg,Q5,http://wikidata.org/entity/Q136009268
Q3661158,1,Casa Rossini,"Museum in Pesaro, Italy",Q19979289,http://wikidata.org/entity/Q3661158
Q3687222,2,Conservatorio Giovanni Battista Martini,"music conservatory in Bologna, Italy",Q4671277,http://wikidata.org/entity/Q3687222
Q14808,1,Oranienburg,"town in Brandenburg state, Germany",Q1548518,http://wikidata.org/entity/Q14808
Q1254772,1,Yannis Ioannidis,Greek composer and conductor (1930 - 2026),Q5,http://wikidata.org/entity/Q1254772
Q55038,2,Berlin University of the Arts,"public art school in Berlin, Germany",Q1021290,http://wikidata.org/entity/Q55038
Q21620169,1,Johannes Aafjes,,Q5,http://wikidata.org/entity/Q21620169
Q21620194,1,Nicolasina Aafjes,,Q5,http://wikidata.org/entity/Q21620194
Q234735,1,Meudon,"commune in Hauts-de-Seine, France",Q484170,http://wikidata.org/entity/Q234735
Q500588,1,L'Aigle,"commune in Orne, France",Q484170,http://wikidata.org/entity/Q500588
Q95094,1,Cento,"comune in Emilia-Romagna, Italy",Q747074,http://wikidata.org/entity/Q95094
Q20352,1,Neustrelitz,"town in Mecklenburg-Vorpommern, Germany",Q42744322,http://wikidata.org/entity/Q20352
Q7078,1,Rottenburg am Neckar,"city in Baden-Württemberg, Germany",Q42744322,http://wikidata.org/entity/Q7078
Q571925,1,Gröningen,municipality of Germany,Q42744322,http://wikidata.org/entity/Q571925
Q124428561,1,Wolfgang Kirmayr,,Q5,http://wikidata.org/entity/Q124428561
Q42807,1,Nîmes,city and prefecture of the Gard department in the Occitanie region of Southern France,Q484170,http://wikidata.org/entity/Q42807
Q51878,1,San Vito dei Normanni,Italian comune,Q515,http://wikidata.org/entity/Q51878
Q72118,1,Frattamaggiore,Italian comune,Q747074,http://wikidata.org/entity/Q72118
Q822752,1,Bernard Václav Štiasný,Czech composer (1760-1835),Q5,http://wikidata.org/entity/Q822752
Q105454215,1,Jan Šťastný,Czech musician,Q5,http://wikidata.org/entity/Q105454215
Q47542426,1,Louis Lee,German cellist and composer,Q5,http://wikidata.org/entity/Q47542426
Q21494,1,Muttersholtz,"commune in Bas-Rhin, France",Q484170,http://wikidata.org/entity/Q21494
Q725308,1,George Jamesone,Scottish painter (1587-1644),Q5,http://wikidata.org/entity/Q725308
Q338523,1,Accademia di San Luca,Italian association of artists in Rome,Q162633,http://wikidata.org/entity/Q338523
Q174019,1,Béziers,"city in Hérault, Occitanie, France",Q484170,http://wikidata.org/entity/Q174019
Q15430949,1,Christina Houbraken,Dutch artist,Q5,http://wikidata.org/entity/Q15430949
Q2523302,1,Antonina Houbraken,Dutch artist (1686-1736),Q5,http://wikidata.org/entity/Q2523302
Q2310145,1,meteorologist,scientist specialising in meteorology,Q28640,http://wikidata.org/entity/Q2310145
Q165980,3,University of Vienna,"public university in Vienna, Austria",Q3918,http://wikidata.org/entity/Q165980
Q326358,1,joiner,"profession; artisan, tradesperson, who builds things by joining pieces of wood, particularly lighter and more ornamental work than that done by a carpenter, including furniture",Q56604560,http://wikidata.org/entity/Q326358
Q1284709,1,master craftsman,occupational rank,Q12737077,http://wikidata.org/entity/Q1284709
Q559597,1,cabinetmaker,profession; person practicing cabinetry,Q12737077,http://wikidata.org/entity/Q559597
Q1840608,1,guildmaster,head of a guild,Q4164871,http://wikidata.org/entity/Q1840608
Q5322166,1,designer,person who designs,Q28640,http://wikidata.org/entity/Q5322166
Q13077251,1,Bernard Montaut,French politician (1823-1899),Q5,http://wikidata.org/entity/Q13077251
Q97603276,1,Gabriel Xavier Montaut,French artist,Q5,http://wikidata.org/entity/Q97603276
Q192229,1,County Tyrone,county in Northern Ireland,Q1317848,http://wikidata.org/entity/Q192229
Q914040,1,Bridport,"market town in Dorset, England",Q3957,http://wikidata.org/entity/Q914040
Q743535,1,Chelsea,area of London and former civil parish,Q2755753,http://wikidata.org/entity/Q743535
Q2330979,1,polygraph,author who writes in a variety of fields,Q28640,http://wikidata.org/entity/Q2330979
Q3130629,1,Henry Basnage,French lawyer,Q5,http://wikidata.org/entity/Q3130629
Q1858637,1,Jacques Thomelin,French composer and organist,Q5,http://wikidata.org/entity/Q1858637
Q2187815,2,Charles Couperin,French organist,Q5,http://wikidata.org/entity/Q2187815
Q39121,1,Leeds,"city in West Yorkshire, England, United Kingdom",Q515,http://wikidata.org/entity/Q39121
Q497060,1,Plön,"municipality in Schleswig-Holstein, Germany",Q134626,http://wikidata.org/entity/Q497060
Q7595111,1,St Paul's Cathedral School,independent school associated with St Paul's Cathedral in London,Q2418495,http://wikidata.org/entity/Q7595111
Q1350189,1,egyptologist,person who studies Ancient Egypt and its antiquities,Q28640,http://wikidata.org/entity/Q1350189
Q1162163,1,director,person who leads a particular area of a company or organization,Q28640,http://wikidata.org/entity/Q1162163
Q73462,1,Zaltbommel,city in the Netherlands,Q13539802,http://wikidata.org/entity/Q73462
Q1860378,1,Rijksmuseum van Oudheden,national archaeological museum of the Netherlands,Q17431399,http://wikidata.org/entity/Q1860378
Q2540461,1,Wahrenbrück,"village in Brandenburg state, Germany",Q253019,http://wikidata.org/entity/Q2540461
Q516707,1,Uebigau-Wahrenbrück,"town in Brandenburg state, Germany",Q42744322,http://wikidata.org/entity/Q516707
Q110011,1,Kołobrzeg,city and urban gmina of Poland,Q2616791,http://wikidata.org/entity/Q110011
Q52084,1,Lucignano,Italian comune,Q747074,http://wikidata.org/entity/Q52084
Q1229288,1,Diss,"town in Norfolk, England",Q3957,http://wikidata.org/entity/Q1229288
Q18954633,1,Walter Cecil Macfarren,English pianist and composer,Q5,http://wikidata.org/entity/Q18954633
Q7981628,1,Wells Cathedral School,"school in Somerset, UK",Q2418495,http://wikidata.org/entity/Q7981628
Q1376987,1,New College,constituent college of the University of Oxford in the United Kingdom,Q2581649,http://wikidata.org/entity/Q1376987
Q43987857,1,"Giovanni Battista Pamphili, 2nd Prince of San Martino al Cimino and Valmontone",Italian prince (1648-1709),Q5,http://wikidata.org/entity/Q43987857
Q110748987,1,Teresa Pamphili,"Duchess of Massa, Princess of Carrara (1654-1704)",Q5,http://wikidata.org/entity/Q110748987
Q124527822,1,Anna Pamphili,Italian noblewoman (1652-1728),Q5,http://wikidata.org/entity/Q124527822
Q110459208,1,Maria Virginia Borghese,Princess Chigi (1642-1718),Q5,http://wikidata.org/entity/Q110459208
Q2935138,1,"Camillo Francesco Maria Pamphili, 1st Prince of San Martino al Cimino and Valmontone",Italian prince and Catholic cardinal (1622-1666),Q5,http://wikidata.org/entity/Q2935138
Q7086876,1,Olimpia Aldobrandini,Aldobrandini family member,Q5,http://wikidata.org/entity/Q7086876
Q962192,1,Pamphili family,Italian noble family,Q13417114,http://wikidata.org/entity/Q962192
Q3291232,1,Cornelis Johannes Kneppelhout,Dutch writer and jurist (1778-1818),Q5,http://wikidata.org/entity/Q3291232
Q15874067,1,Cornelis de Gijselaar,Dutch politician (1751–1815),Q5,http://wikidata.org/entity/Q15874067
Q84244453,1,Margaretha Verwey,Dutch textile artist (1867-1947),Q5,http://wikidata.org/entity/Q84244453
Q2013690,1,John Ricus Couperus,Dutch lawyer (1816-1902),Q5,http://wikidata.org/entity/Q2013690
Q110731245,1,Jkvr. Catharina Geertruida Reynst,18 Apr 1829 Batavia - 12 Feb 1893 's-Gravenhage,Q5,http://wikidata.org/entity/Q110731245
Q1019603,1,Böcklin von Böcklinsau family,noble family,Q13417114,http://wikidata.org/entity/Q1019603
Q14953,1,Lage,"town in North Rhine-Westphalia, Germany",Q54935786,http://wikidata.org/entity/Q14953
Q11727716,1,Johann Georg Kulmus,,Q5,http://wikidata.org/entity/Q11727716
Q26132815,1,Byzantinist,"person specialized in the study of history, culture and civilization of Byzantine empire",Q28640,http://wikidata.org/entity/Q26132815
Q247868,1,Zörbig,"town in Saxony-Anhalt, Germany",Q42744322,http://wikidata.org/entity/Q247868
Q3174599,1,Johann Schweighäuser,French classical scholar (1742 – 1830),Q5,http://wikidata.org/entity/Q3174599
Q1903440,1,Martin Bernigeroth,German drawer and copperplate engraver (1670-1733),Q5,http://wikidata.org/entity/Q1903440
Q108603079,1,Andries Pels,3 Feb 1591 - 27 Feb 1666 Amsterdam,Q5,http://wikidata.org/entity/Q108603079
Q108603084,1,Catharina Vegelmans,13 Aug 1599 - 29 Sep 1669,Q5,http://wikidata.org/entity/Q108603084
Q67310,1,Seegräben,municipality in the canton of Zürich in Switzerland,Q70208,http://wikidata.org/entity/Q67310
Q61996872,1,musicographer,writer on music and musicians; amateur musicologist,Q28640,http://wikidata.org/entity/Q61996872
Q2459383,1,Hardingstone,"village and civil parish in Northamptonshire, United Kingdom",Q532,http://wikidata.org/entity/Q2459383
Q81153,1,Lincoln College,college of the University of Oxford,Q2581649,http://wikidata.org/entity/Q81153
Q13654033,1,Northampton School for Boys,"school in Northamptonshire, UK",Q159334,http://wikidata.org/entity/Q13654033
Q2033911,1,Oskar Pichler,German architect (1826-1865),Q5,http://wikidata.org/entity/Q2033911
Q72060342,1,Valentin,family of scholars from Frankfurt am Main,Q8436,http://wikidata.org/entity/Q72060342
Q131726376,1,Georg Graevius,,Q5,http://wikidata.org/entity/Q131726376
Q131726378,1,Catharina Pfretzschner,1611 - 1657,Q5,http://wikidata.org/entity/Q131726378
Q12885854,1,François Portus,Greek scholar and translator,Q5,http://wikidata.org/entity/Q12885854
Q75550010,1,Arnauld Casaubon,(1525-1586),Q5,http://wikidata.org/entity/Q75550010
Q75550012,1,Jeanne Rousseau,(died 1607),Q5,http://wikidata.org/entity/Q75550012
Q2222721,1,,family,Q8436,http://wikidata.org/entity/Q2222721
Q19824207,1,William Harrison,English Member of Parliament and Royalist soldier,Q5,http://wikidata.org/entity/Q19824207
Q19823270,1,Richard Harrison,English politician (1646–1726),Q5,http://wikidata.org/entity/Q19823270
Q6237990,1,John Harrison,"English politician, died 1669",Q5,http://wikidata.org/entity/Q6237990
Q7789515,1,"Thomas Fanshawe, 1st Viscount Fanshawe",English politician,Q5,http://wikidata.org/entity/Q7789515
Q3410,1,Hertfordshire,non-metropolitan and ceremonial county in England,Q180673,http://wikidata.org/entity/Q3410
Q5721107,1,Henry Fanshawe,English politician,Q5,http://wikidata.org/entity/Q5721107
Q75428385,1,Elizabeth Smythe,Peerage person ID=135549,Q5,http://wikidata.org/entity/Q75428385
Q174247,1,Mâcon,"commune in Saône-et-Loire, France",Q484170,http://wikidata.org/entity/Q174247
Q2837302,1,Alix de Lamartine,French writer (1766-1829),Q5,http://wikidata.org/entity/Q2837302
Q24625745,1,François de Montherot,French poet,Q5,http://wikidata.org/entity/Q24625745
Q1172888,1,Dauernheim,human settlement in Germany,Q253019,http://wikidata.org/entity/Q1172888
Q569680,1,Butzbach,"town in Wetteraukreis in Hesse, Germany",Q3957,http://wikidata.org/entity/Q569680
Q12166078,1,art photographer,"photographer whose work is primarily art, not primarily documentary",Q28640,http://wikidata.org/entity/Q12166078
Q1572315,1,collotype technique,photographic process,Q172839,http://wikidata.org/entity/Q1572315
Q2737155,1,Meltham,"village in West Yorkshire, England, UK",Q532,http://wikidata.org/entity/Q2737155
Q4935182,1,Ruth Almén,Swedish writer and composer (1870-1945),Q5,http://wikidata.org/entity/Q4935182
Q924265,1,Aarhus University,"public university in Aarhus, Denmark",Q875538,http://wikidata.org/entity/Q924265
Q1201057,1,Royal Danish Academy of Music,"music conservatoire in Copenhagen, Denmark",Q184644,http://wikidata.org/entity/Q1201057
Q3148760,1,botanical illustrator,"person who paints, sketches or otherwise illustrates botanical subjects",Q28640,http://wikidata.org/entity/Q3148760
Q4773904,2,anthropologist,person with an extensive knowledge of anthropology,Q28640,http://wikidata.org/entity/Q4773904
Q133069,1,Bourg-en-Bresse,"commune in Ain, France",Q484170,http://wikidata.org/entity/Q133069
Q109571760,1,Tournon,"former commune in Ardèche, France",Q484170,http://wikidata.org/entity/Q109571760
Q8484,1,lycée du Parc,public secondary school,Q811979,http://wikidata.org/entity/Q8484
Q368888,1,Sedlec-Prčice,town in the Czech Republic,Q5153359,http://wikidata.org/entity/Q368888
Q193721,1,Tábor,town in the Czech Republic,Q5153359,http://wikidata.org/entity/Q193721
Q12051222,1,Sedlec,neighborhood of Sedlec-Prčice,Q61089180,http://wikidata.org/entity/Q12051222
Q1946900,1,Sedlec,village in Litoměřice District of Ústí nad Labem region,Q5153359,http://wikidata.org/entity/Q1946900
Q3107973,1,Giuseppe Amendola,Italian composer,Q5,http://wikidata.org/entity/Q3107973
Q44573,1,Żebbuġ,city in Malta,Q515,http://wikidata.org/entity/Q44573
Q193896,1,Malta,island of Malta,Q23442,http://wikidata.org/entity/Q193896
Q94802201,1,Francesco Salieri,brother of Antonio Salieri,Q5,http://wikidata.org/entity/Q94802201
Q18609918,1,Giuseppe Simoni,organist of the Legnago Cathedral,Q5,http://wikidata.org/entity/Q18609918
Q48027,1,Legnago,Italian comune,Q747074,http://wikidata.org/entity/Q48027
Q4892657,1,Carme Karr Alfonsetti,"Spanish composer and feminist, editor",Q5,http://wikidata.org/entity/Q4892657
Q61912,1,Wertheim,"municipality in Main-Tauber-Kreis, Germany",Q42744322,http://wikidata.org/entity/Q61912
Q94869616,1,Václav Jan Stamitz,,Q5,http://wikidata.org/entity/Q94869616
Q954596,1,Havlíčkův Brod,town in the Czech Republic,Q5153359,http://wikidata.org/entity/Q954596
Q380588,2,Melanchthon-Gymnasium Nürnberg,"school in Nuremberg, Germany",Q3914,http://wikidata.org/entity/Q380588
Q880228,1,University of Altdorf,"cultural heritage monument in Landkreis Nürnberger Land, Bavaria, Germany",Q3918,http://wikidata.org/entity/Q880228
Q28949675,1,Simon-Pierre Mérard de Saint-Just,French writer (1749-1812),Q5,http://wikidata.org/entity/Q28949675
Q8078085,1,Édoard Creuzé,sport shooter,Q5,http://wikidata.org/entity/Q8078085
Q3219148,1,Laurent Cunin-Gridaine,French politician,Q5,http://wikidata.org/entity/Q3219148
Q16034163,1,Creuzé family,French family,Q13417114,http://wikidata.org/entity/Q16034163
Q555808,1,Giovanni Furno,Italian composer,Q5,http://wikidata.org/entity/Q555808
Q4395043,1,Félix Rault,,Q5,http://wikidata.org/entity/Q4395043
Q817418,1,Joinville,"commune in Haute-Marne, France",Q484170,http://wikidata.org/entity/Q817418
Q183356,1,Charenton asylum,lunatic asylum,Q16917,http://wikidata.org/entity/Q183356
Q212793,2,Charenton-le-Pont,"commune in Val-de-Marne, France",Q484170,http://wikidata.org/entity/Q212793
Q274327,1,Saint-Maurice,"commune in Val-de-Marne, France",Q484170,http://wikidata.org/entity/Q274327
Q39069833,1,harpsichord maker,"profession that designs, builds, and maintains harpsichords",Q28640,http://wikidata.org/entity/Q39069833
Q95202848,1,Clara Consdorff,,Q5,http://wikidata.org/entity/Q95202848
Q717938,2,Wschowa,city of Poland,Q3957,http://wikidata.org/entity/Q717938
Q94842574,1,Martin Herbrigk,,Q5,http://wikidata.org/entity/Q94842574
Q207593,1,Muret,"commune in Haute-Garonne, France",Q484170,http://wikidata.org/entity/Q207593
Q864102,1,Eymet,"commune in Dordogne, France",Q484170,http://wikidata.org/entity/Q864102
Q27514986,1,goguettier,goguette singer,Q28640,http://wikidata.org/entity/Q27514986
Q182287,1,Crépy-en-Valois,"commune in Oise, France",Q484170,http://wikidata.org/entity/Q182287
Q729071,1,Pablo Bruna,Spanish composer and organist (1611-1679),Q5,http://wikidata.org/entity/Q729071
Q1637315,1,Alagón,municipality of Spain,Q61763947,http://wikidata.org/entity/Q1637315
Q113660787,1,Juan Francisco Sayas,Spanish composer,Q5,http://wikidata.org/entity/Q113660787
Q3229812,1,Leopold von Zenetti,Austrian composer (1805-1892),Q5,http://wikidata.org/entity/Q3229812
Q257130,1,Ansfelden,"municipality in Linz-Land District, Upper Austria, Austria",Q667509,http://wikidata.org/entity/Q257130
Q1875798,1,Jacob Levecq,painter from the Northern Netherlands (1634-1675),Q5,http://wikidata.org/entity/Q1875798
Q13466267,1,Christina Maria Elliger,Dutch artist,Q5,http://wikidata.org/entity/Q13466267
Q78151841,1,Nederlands-Indische Bestuursacademie,academy in The Hague,Q162633,http://wikidata.org/entity/Q78151841
Q131938024,1,Cornelis Schouman,"Dutch, 18th century, male. Active in Middelburg. Born in Dordrecht; died before 15 July 1749. Painter. Cornelis Schouman was a guild master in Middelburg in 1729. He was the brother of Aert Schouman.",Q5,http://wikidata.org/entity/Q131938024
Q29377239,1,Jabes Heenck,Dutch painter (1752–1782),Q5,http://wikidata.org/entity/Q29377239
Q55792154,1,Aart  Schouman (II),,Q5,http://wikidata.org/entity/Q55792154
Q724497,1,Asger Hamerik,Danish composer (1843–1923),Q5,http://wikidata.org/entity/Q724497
Q4495311,1,Frederik Hammerich,Danish theologian and historian (1809-1877),Q5,http://wikidata.org/entity/Q4495311
Q135642498,1,Julia Augusta Scheuermann,,Q5,http://wikidata.org/entity/Q135642498
Q12329534,1,Nær og Fjern,,Q41298,http://wikidata.org/entity/Q12329534
Q1766608,1,Illustreret Tidende,Danish weekly illustrated magazine (1859–1924),Q1002697,http://wikidata.org/entity/Q1766608
Q12340828,1,Vestre Borgerdydskole,,Q16969697,http://wikidata.org/entity/Q12340828
Q625078,2,Treuenbrietzen,"town in Brandenburg state,Germany",Q42744322,http://wikidata.org/entity/Q625078
Q6260435,1,John Temple,Irish politician,Q5,http://wikidata.org/entity/Q6260435
Q6260433,1,John Temple,"Irish lawyer, courtier and politician",Q5,http://wikidata.org/entity/Q6260433
Q76336040,1,Mary Hammond,Peerage person ID=697912,Q5,http://wikidata.org/entity/Q76336040
Q33843,1,Tannay,"commune in Nièvre, France",Q484170,http://wikidata.org/entity/Q33843
Q12013238,1,ophthalmologist,physician who practices ophthalmology,Q66811410,http://wikidata.org/entity/Q12013238
Q774306,1,surgeon,physician with surgical specialty,Q66811410,http://wikidata.org/entity/Q774306
Q3261316,1,Louis Bossuet,French parlementaire,Q5,http://wikidata.org/entity/Q3261316
Q43048,1,Rhodes,"island in Aegean sea, Greece",Q23442,http://wikidata.org/entity/Q43048
Q2639498,1,Boethus of Sidon,Peripatetic philosopher from Sidon 75-10BC,Q5,http://wikidata.org/entity/Q2639498
Q3180612,1,Johann Michael Heineccius,German theologian,Q5,http://wikidata.org/entity/Q3180612
Q486568,1,Eisenberg,"town in Thuringia, Germany",Q134626,http://wikidata.org/entity/Q486568
Q1450915,1,François Benoist,French musician (1794–1878),Q5,http://wikidata.org/entity/Q1450915
Q2845754,1,former 3rd arrondissement of Paris,"one of the 12 administrative districts of Paris, France, before 1860",Q2845944,http://wikidata.org/entity/Q2845754
Q560757,1,Wilhelm Hensel,German painter (1794–1861),Q5,http://wikidata.org/entity/Q560757
Q1216692,1,Cheminon,"commune in Marne, France",Q484170,http://wikidata.org/entity/Q1216692
Q401557,1,Charles de Wailly,French architect (1730-1798),Q5,http://wikidata.org/entity/Q401557
Q532000,1,Missen-Wilhams,"municipality in the district of Oberallgäu, Bavaria, Germany",Q116457956,http://wikidata.org/entity/Q532000
Q209554,1,Western concert flute,transverse woodwind instrument made of metal or wood,Q110295396,http://wikidata.org/entity/Q209554
Q557427,1,Scheden,municipality of Germany,Q116457956,http://wikidata.org/entity/Q557427
Q572615,1,Beeskow,"town in Brandenburg state, Germany",Q42744322,http://wikidata.org/entity/Q572615
Q501661,1,Schleswig,"town in Schleswig-Holstein, Germany",Q3957,http://wikidata.org/entity/Q501661
Q19668253,1,Howard Helmick,American painter (1845-1907),Q5,http://wikidata.org/entity/Q19668253
Q3243461,1,collector,person whose occupation or hobby is collecting things,Q12737077,http://wikidata.org/entity/Q3243461
Q98544732,1,scientific collector,person who collects scientific or biological specimens,Q12737077,http://wikidata.org/entity/Q98544732
Q1807266,1,Shepherdstown,"town in Jefferson County, West Virginia, United States",Q15127012,http://wikidata.org/entity/Q1807266
Q5092,1,Baltimore,"city in Maryland, United States",Q1266818,http://wikidata.org/entity/Q5092
Q114770281,1,Adam Stephen Dandridge,1845 - certain 12 Jan 1924,Q5,http://wikidata.org/entity/Q114770281
Q5221079,1,Danske Dandridge,"American poet, writer, historian, gardener (1854–1914)",Q5,http://wikidata.org/entity/Q5221079
Q614801,1,Barton Warren Evermann,American ichthyologist (1853–1932),Q5,http://wikidata.org/entity/Q614801
Q3142058,1,Hubert Lyman Clark,U.S. zoologist (1870–1947),Q5,http://wikidata.org/entity/Q3142058
Q517132,1,Auguste Franchomme,French musician (1808-1884),Q5,http://wikidata.org/entity/Q517132
Q1332960,1,Bourmont,"former commune in Haute-Marne, France",Q484170,http://wikidata.org/entity/Q1332960
Q499921,1,Andreas Peter Berggreen,"Danish composer, organist and pedagogue (1801-1880)",Q5,http://wikidata.org/entity/Q499921
Q323435,1,Jacob Adolf Hägg,Swedish composer (1850–1928),Q5,http://wikidata.org/entity/Q323435
Q6124765,1,seminary of nobles,"Jesuit higher educational institution, which formerly existed in Spain",Q127688951,http://wikidata.org/entity/Q6124765
Q288760,1,Chapaize,"commune in Saône-et-Loire, France",Q484170,http://wikidata.org/entity/Q288760
Q191115,1,Albano Laziale,Italian comune,Q747074,http://wikidata.org/entity/Q191115
Q138648,1,Maubeuge,"commune in Nord, France",Q484170,http://wikidata.org/entity/Q138648
Q434390,1,Philip of Burgundy,Dutch bishop,Q5,http://wikidata.org/entity/Q434390
Q67442430,1,Perthshire,historic county of Scotland,Q67376938,http://wikidata.org/entity/Q67442430
Q565963,1,Sulza,municipality of Germany,Q116457956,http://wikidata.org/entity/Q565963
Q2316315,1,,"human settlement in Vittorio Veneto, Province of Treviso, Veneto, Italy",Q1134686,http://wikidata.org/entity/Q2316315
Q47578,1,Vittorio Veneto,Italian comune,Q747074,http://wikidata.org/entity/Q47578
Q805608,1,Balthasar Haug,German author,Q5,http://wikidata.org/entity/Q805608
Q61890,1,Marbach am Neckar,town in Germany,Q42744322,http://wikidata.org/entity/Q61890
Q884150,1,Karlsschule Stuttgart,former Military Academy and Fine Arts Academy in Gerlingen and later Stuttgart (1770-1794),Q3914,http://wikidata.org/entity/Q884150
Q870764,1,Theater Aachen,"theatre company in Aachen, Germany",Q11812394,http://wikidata.org/entity/Q870764
Q553076,1,Elgersburg,"municipality in Thuringia, Germany",Q116457956,http://wikidata.org/entity/Q553076
Q2596612,1,Wümbach,human settlement in Germany,Q253019,http://wikidata.org/entity/Q2596612
Q3042,1,Offenbach am Main,"city in Hesse, Germany",Q1549591,http://wikidata.org/entity/Q3042
Q1984932,1,Teicha,human settlement in Germany,Q253019,http://wikidata.org/entity/Q1984932
Q20050,1,Fossano,Italian comune,Q747074,http://wikidata.org/entity/Q20050
Q1756908,1,Nechanice,town in the Czech Republic,Q5153359,http://wikidata.org/entity/Q1756908
Q843021,1,Tolna,town in Hungary,Q13218690,http://wikidata.org/entity/Q843021
Q193478,1,Buda,"western part of Budapest, Hungary, former independent city",Q515,http://wikidata.org/entity/Q193478
Q137322477,1,reproductive printmaker,,Q28640,http://wikidata.org/entity/Q137322477
Q61155183,1,mezzotinter,someone who makes mezzotint prints,Q28640,http://wikidata.org/entity/Q61155183
Q65123129,1,print publisher,person or organization that publishes prints,Q28640,http://wikidata.org/entity/Q65123129
Q28873481,1,Huyck Allart,,Q5,http://wikidata.org/entity/Q28873481
Q34607,1,Este,Italian comune,Q747074,http://wikidata.org/entity/Q34607
Q546,1,Trieste,city and seaport in northeastern Italy,Q747074,http://wikidata.org/entity/Q546
Q4888380,1,Benjamin Carr,American composer (1768–1831),Q5,http://wikidata.org/entity/Q4888380
Q111141348,1,Johannes Gerrit Willem Merkes van Gendt,,Q5,http://wikidata.org/entity/Q111141348
Q502467,1,Oderwitz,municipality of Germany,Q116457956,http://wikidata.org/entity/Q502467
Q6406,1,Bad Schandau,"town in Saxon Switzerland, Germany",Q42744322,http://wikidata.org/entity/Q6406
Q157200,1,Zittau,"city in the south east of Saxony, Germany",Q448801,http://wikidata.org/entity/Q157200
Q55361432,1,Wilhelm Gottlieb Hauff,,Q5,http://wikidata.org/entity/Q55361432
Q255913,1,Söll,"municipality in Kufstein District, Tyrol, Austria",Q1802801,http://wikidata.org/entity/Q255913
Q3261922,1,Louis Francœur,French composer and violinist,Q5,http://wikidata.org/entity/Q3261922
Q323650,1,Louis-Benjamin Francoeur,"French mathematician, astronomer and naturalist (1773-1849)",Q5,http://wikidata.org/entity/Q323650
Q3080673,1,Stanwell,"village in the borough of Spelthorne, Surrey, England, UK",Q532,http://wikidata.org/entity/Q3080673
Q1359434,1,Ernst Martin Chladni,German jurist,Q5,http://wikidata.org/entity/Q1359434
Q4345832,1,Saint Petersburg Academy of Sciences,historical academy (1724–1917),Q414147,http://wikidata.org/entity/Q4345832
Q2599593,1,germanist,scholar specialising in the German language or culture or literature,Q28640,http://wikidata.org/entity/Q2599593
Q13416354,1,mineralogist,person studying minerals,Q28640,http://wikidata.org/entity/Q13416354
Q20732284,1,Johannes Enschedé V,26 Aug 1851 - certain 26 Nov 1911,Q5,http://wikidata.org/entity/Q20732284
Q20732293,1,Charles Enschedé,23 Mar 1855 - certain 25 Aug 1919 (1855–1919),Q5,http://wikidata.org/entity/Q20732293
Q20732278,1,Johannes Enschedé IV,19th century newspaper editor from the Northern Netherlands,Q5,http://wikidata.org/entity/Q20732278
Q15869701,1,Albéric du Bus de Gisignies,Belgian politician (1810-1874),Q5,http://wikidata.org/entity/Q15869701
Q1662561,1,paleontologist,scientist specialising in paleontology,Q28640,http://wikidata.org/entity/Q1662561
Q2790744,1,Leonard du Bus de Gisignies,Dutch politician,Q5,http://wikidata.org/entity/Q2790744
Q16034128,1,,family,Q13417114,http://wikidata.org/entity/Q16034128
Q2014020,1,State University of Leuven,"former university in Leuven (Louvain), Belgium (1817–1835)",Q3918,http://wikidata.org/entity/Q2014020
Q220732,1,Le Faou,"commune in Finistère, France",Q484170,http://wikidata.org/entity/Q220732
Q60059,1,Albertus Magnus,German-Dominican friar and saint (c. 1200–1280),Q5,http://wikidata.org/entity/Q60059
Q100437766,1,Adenolfo d'Aquino,1218 - before 1271,Q5,http://wikidata.org/entity/Q100437766
Q100439696,1,Teodora d'Aquino,- Aft 1294,Q5,http://wikidata.org/entity/Q100439696
Q1469535,1,Latin Catholic priest,"minister in the Catholic Church of the West, of the Roman rite, who have received the second degree of the sacrament of orders. They can administer five of the seven sacraments, except confirmation and ordination, reserved for the bishop",Q63188808,http://wikidata.org/entity/Q1469535
Q106766784,1,castle of the counts of Aquino,"castle in Roccasecca, province of Frosinone, Italy",Q23413,http://wikidata.org/entity/Q106766784
Q1775258,1,Fossanova Abbey,"abbey in Priverno, Italy",Q91315817,http://wikidata.org/entity/Q1775258
Q21283581,1,Landulphe d'Aquino,1245,Q5,http://wikidata.org/entity/Q21283581
Q100437775,1,Teodora Galluccio,1180 - uncertain 1250,Q5,http://wikidata.org/entity/Q100437775
Q676267,1,Henry Bate of Malines,Flemish philosopher,Q5,http://wikidata.org/entity/Q676267
Q1636083,1,Remigio dei Girolami,medieval Italian theologian,Q5,http://wikidata.org/entity/Q1636083
Q3700123,1,House of D'Aquino,Italian noble family,Q62796544,http://wikidata.org/entity/Q3700123
Q691851,2,University of Naples Federico II,university in Naples,Q875538,http://wikidata.org/entity/Q691851
Q94932230,1,Johann Franz Albrecht Gerbert von Hornau,,Q5,http://wikidata.org/entity/Q94932230
Q82690,1,Horb am Neckar,municipality in Germany,Q42744322,http://wikidata.org/entity/Q82690
Q2845758,1,former 6th arrondissement of Paris,"one of the twelve administrative districts of Paris, France, before 1860",Q2845944,http://wikidata.org/entity/Q2845758
Q2834476,1,Alexis Chassang,French classical philologist (1827–1888),Q5,http://wikidata.org/entity/Q2834476
Q55140215,1,Pensionnat normal,,Q269770,http://wikidata.org/entity/Q55140215
Q2135485,1,law librarian,librarian who works in the legal field,Q15987302,http://wikidata.org/entity/Q2135485
Q9182180,1,Burgsteinfurt,"district of Steinfurt in North Rhine-Westphalia, Germany",Q253019,http://wikidata.org/entity/Q9182180
Q71738410,1,Johan Hendrik Sikemeier,Dutch pianist,Q5,http://wikidata.org/entity/Q71738410
Q5172058,1,Cornélie van Oosterzee,Dutch pianist and composer,Q5,http://wikidata.org/entity/Q5172058
Q137785440,1,,French librettist (1708-1778),Q5,http://wikidata.org/entity/Q137785440
Q732788,1,Martel,"commune in Lot, France",Q484170,http://wikidata.org/entity/Q732788
Q19544736,1,Wilhelm Hanser,,Q5,http://wikidata.org/entity/Q19544736
Q241940,1,Givet,"commune in Ardennes, France",Q484170,http://wikidata.org/entity/Q241940
Q222836,1,music publisher,profession; publisher of music works,Q28640,http://wikidata.org/entity/Q222836
Q1262731,1,Louis-Philippe de Ségur,"French military, planter, poet and diplomat (1753-1830)",Q5,http://wikidata.org/entity/Q1262731
Q2087492,1,"Philippe Henri, marquis de Ségur",Marshal of France (1724-1801),Q5,http://wikidata.org/entity/Q2087492
Q109012127,1,Louise Anne Madeleine de Vernon,Abt 1729/1733 - 12 May 1778 Paris,Q5,http://wikidata.org/entity/Q109012127
Q3066038,1,house of Ségur,family,Q13417114,http://wikidata.org/entity/Q3066038
Q950173,1,Charles Dupaty,French sculptor (1771-1825),Q5,http://wikidata.org/entity/Q950173
Q220592,1,Blanquefort,"commune in Gironde, France",Q484170,http://wikidata.org/entity/Q220592
Q103820442,1,,,Q8436,http://wikidata.org/entity/Q103820442
Q615347,1,Hořín,village in Mělník District of Central Bohemian region,Q5153359,http://wikidata.org/entity/Q615347
Q7501153,1,shopkeeper,individual who owns or manages a shop,Q28640,http://wikidata.org/entity/Q7501153
Q539386,1,Rheinau,"municipality in Baden-Württemberg, Germany",Q42744322,http://wikidata.org/entity/Q539386
Q184371,1,Sedan,"commune in Ardennes, France",Q484170,http://wikidata.org/entity/Q184371
Q413941,1,Academy of Sedan,,Q162633,http://wikidata.org/entity/Q413941
Q94781497,1,Joachim Neander,German pedagogue,Q5,http://wikidata.org/entity/Q94781497
Q3922,1,Detmold,"city in North Rhine-Westphalia, Germany",Q1548518,http://wikidata.org/entity/Q3922
Q94787604,1,Henrich Lampe,(1649-1690),Q5,http://wikidata.org/entity/Q94787604
Q16034141,1,Egid von Kobell,Greek politician (1772-1847),Q5,http://wikidata.org/entity/Q16034141
Q138318577,1,,,Q5,http://wikidata.org/entity/Q138318577
Q1167664,1,Ferdinand Kobell,German artist (1740-1799),Q5,http://wikidata.org/entity/Q1167664
Q138318570,1,,,Q5,http://wikidata.org/entity/Q138318570
Q414052,1,"Academy of Fine Arts, Munich","art school in Munich, Germany",Q2822241,http://wikidata.org/entity/Q414052
Q16006205,1,Mannheimer Zeichnungsakademie,,Q1792623,http://wikidata.org/entity/Q16006205
Q2288622,1,Schelte a Bolswert,Dutch engraver (1586-1659),Q5,http://wikidata.org/entity/Q2288622
Q329582,1,Bolsward,former municipality,Q2039348,http://wikidata.org/entity/Q329582
Q871073,1,Kreenheinstetten,"quarter of Leibertingen, Baden-Württemberg, Germany",Q253019,http://wikidata.org/entity/Q871073
Q3387662,1,Pierre de Nyert,French singer,Q5,http://wikidata.org/entity/Q3387662
Q948593,1,Lolif,"commune in Manche, France",Q484170,http://wikidata.org/entity/Q948593
Q130333865,1,Jacques Conrart,,Q5,http://wikidata.org/entity/Q130333865
Q130333869,1,Péronne Targer,- 1645,Q5,http://wikidata.org/entity/Q130333869
Q128323,1,Trinidad,larger of the two major islands which make up Trinidad and Tobago,Q23442,http://wikidata.org/entity/Q128323
Q75420199,1,"Sir John Swinburne, 3rd Baronet",(1698-1745),Q5,http://wikidata.org/entity/Q75420199
Q75906690,1,Mary Bedingfield,(died 1761),Q5,http://wikidata.org/entity/Q75906690
Q7435435,1,Scorton Grammar School,"Defunct grammar school in North Yorkshire, England",Q3914,http://wikidata.org/entity/Q7435435
Q5288837,1,East Smithfield,street in the London Borough of Tower Hamlets,Q34442,http://wikidata.org/entity/Q5288837
Q5081258,1,"Charles Noel, 2nd Earl of Gainsborough",British politician and peer,Q5,http://wikidata.org/entity/Q5081258
Q5081256,1,"Charles Noel, 1st Earl of Gainsborough",British politician and peer,Q5,http://wikidata.org/entity/Q5081256
Q43840394,1,"Frances Noel, Countess of Gainsborough",British courtier,Q5,http://wikidata.org/entity/Q43840394
Q8024265,1,Windlesham House School,"school in West Sussex, UK",Q3914,http://wikidata.org/entity/Q8024265
Q42810,1,Le Havre,"commune in Seine-Maritime, France",Q484170,http://wikidata.org/entity/Q42810
Q1878600,2,Lycée Henri-IV,"public school in Paris, France",Q20860083,http://wikidata.org/entity/Q1878600
Q165061,1,Giverny,"commune in Eure, France",Q484170,http://wikidata.org/entity/Q165061
Q20980257,1,Friedrich Lindenbrog,"Roman jurist, erudite and philologist (1573-1648)",Q5,http://wikidata.org/entity/Q20980257
Q5955279,1,Erpold Lindenbrog,,Q5,http://wikidata.org/entity/Q5955279
Q62160,1,"John Adolphus, Duke of Schleswig-Holstein-Gottorp",duke of Holstein-Gottorp (1575-1616),Q5,http://wikidata.org/entity/Q62160
Q61360,1,"Frederick III, Duke of Schleswig-Holstein-Gottorp",Duke of Schleswig-Holstein-Gottorp (1597-1659),Q5,http://wikidata.org/entity/Q61360
Q3581,1,Roanne,"commune in Loire, France",Q484170,http://wikidata.org/entity/Q3581
Q279310,1,Marcigny,"commune in Saône-et-Loire, France",Q484170,http://wikidata.org/entity/Q279310
Q39207212,1,Journal des Dames,literary journal,Q11032,http://wikidata.org/entity/Q39207212
Q46761,1,Martellago,Italian comune,Q747074,http://wikidata.org/entity/Q46761
Q4977481,1,"Wałdowo, Pomeranian Voivodeship","village in Pomeranian, Poland",Q3558970,http://wikidata.org/entity/Q4977481
Q123062,1,Jacques Necker,"Genevan minister resident in France, French statesman, and finance minister of Louis XVI (1732-1804)",Q5,http://wikidata.org/entity/Q123062
Q115738,1,Suzanne Curchod,French-Swiss salonist and writer (1737-1794),Q5,http://wikidata.org/entity/Q115738
Q2364807,1,Louis Necker,"Genevan mathematician, physicist, professor, banker (1730–1804)",Q5,http://wikidata.org/entity/Q2364807
Q94931688,1,Jacques Necker-de Saussure,"Genevan military officer, botanist and politician (1757-1825)",Q5,http://wikidata.org/entity/Q94931688
Q94932792,1,Johann Christoph Rost,theologian 1671 - 1739,Q5,http://wikidata.org/entity/Q94932792
Q705011,1,Wandersleben,village in Germany,Q253019,http://wikidata.org/entity/Q705011
Q12144794,1,prose writer,person who writes in prose,Q28640,http://wikidata.org/entity/Q12144794
Q1012772,1,Burg Königsberg,castle,Q23413,http://wikidata.org/entity/Q1012772
Q567010,1,Laubach,"town in Landkreis Gießen in Hesse, Germany",Q3957,http://wikidata.org/entity/Q567010
Q76451083,1,Johannes Vossius,,Q5,http://wikidata.org/entity/Q76451083
Q490058,1,Andernach,municipality of Germany,Q42744322,http://wikidata.org/entity/Q490058
Q1797990,1,Wiesdorf,human settlement in Germany,Q253019,http://wikidata.org/entity/Q1797990
Q2732142,1,statistician,person who works with theoretical or applied statistics,Q28640,http://wikidata.org/entity/Q2732142
Q809821,1,Voorburg,"town in South Holland, the Netherlands",Q515,http://wikidata.org/entity/Q809821
Q715671,1,Bourg,"commune in Gironde, France",Q484170,http://wikidata.org/entity/Q715671
Q508231,1,Marktredwitz,"city in Bavaria, Germany",Q448801,http://wikidata.org/entity/Q508231
Q23111,1,Suffolk,county of England,Q769603,http://wikidata.org/entity/Q23111
Q75271671,1,John Simpson,Peerage person ID=27769; (1698-1784),Q5,http://wikidata.org/entity/Q75271671
Q924085,1,Horní Slavkov,town in the Czech Republic,Q5153359,http://wikidata.org/entity/Q924085
Q4023278,1,Yusuf ibn Abu Dhaqn,Egyptian Copt,Q5,http://wikidata.org/entity/Q4023278
Q4695527,1,Ahmad ibn Qasim Al-Hajarī,Moroccan translator of Morisco origin,Q5,http://wikidata.org/entity/Q4695527
Q3710095,1,William Bedwell,English priest and scholar,Q5,http://wikidata.org/entity/Q3710095
Q119291,1,Celestyn Myślenta,Polish theologian (1588-1653),Q5,http://wikidata.org/entity/Q119291
Q366020,1,Adolphus Vorstius,Dutch botanist (1597-1663),Q5,http://wikidata.org/entity/Q366020
Q1368345,1,Jacobus Golius,Dutch mathematician and orientalist,Q5,http://wikidata.org/entity/Q1368345
Q55018249,1,Samuel Bochart,French Protestant theologian (1599–1667),Q5,http://wikidata.org/entity/Q55018249
Q819568,1,Montmirail,"commune in Marne, France",Q484170,http://wikidata.org/entity/Q819568
Q3379149,1,Filippo Emanuele di Gondi,French military personnel,Q5,http://wikidata.org/entity/Q3379149
Q89210138,1,Françoise-Marguerite de Silly,(1580-1625),Q5,http://wikidata.org/entity/Q89210138
Q16981758,2,genootschap,"Dutch form of company, association, society or cooperative",,http://wikidata.org/entity/Q16981758
Q1019303,1,Moordrecht,"village and former municipality in South Holland, the Netherlands",Q532,http://wikidata.org/entity/Q1019303
Q2419460,1,Lucas de Heere,"Flemish painter, draughtsman and poet (1534-1584)",Q5,http://wikidata.org/entity/Q2419460
Q19883243,1,Pieter Vlerick,Flemish painter and draughtsman,Q5,http://wikidata.org/entity/Q19883243
Q67379555,1,Adam van Mander,painter and poet,Q5,http://wikidata.org/entity/Q67379555
Q822783,1,Meulebeke,"former municipality in West Flanders, Belgium",Q493522,http://wikidata.org/entity/Q822783
Q380892,1,Aemilius Magnus Arborius,4th century Gallo-Roman Latin poet and rhetorician,Q5,http://wikidata.org/entity/Q380892
Q11907408,1,Avitianus,4th-century child with talent for medicine,Q5,http://wikidata.org/entity/Q11907408
Q100903271,1,Julia Dryadia,daughter of Julius Ausonius,Q5,http://wikidata.org/entity/Q100903271
Q100905428,1,Aemilia Melania,daughter of Julius Ausonius,Q5,http://wikidata.org/entity/Q100905428
Q11929360,1,Julius Ausonius,Galloroman physician,Q5,http://wikidata.org/entity/Q11929360
Q55226038,1,Benedetto Brugnoli,Italian humanist,Q5,http://wikidata.org/entity/Q55226038
Q273413,1,Écija,"city and municipality in the province of Seville, Spain",Q2074737,http://wikidata.org/entity/Q273413
Q7896031,1,University of Osuna,"university in Osuna, Kingdom of Seville, Spain",Q3918,http://wikidata.org/entity/Q7896031
Q19375711,1,stage manager,"person in charge of a theatre stage, equipment, scenery, etc during the rehearsals and performances of a play",Q12737077,http://wikidata.org/entity/Q19375711
Q7585343,1,Swarnakumari Devi,"Indian writer, editor, essayist, poet, novelist, musician and social worker (1855/1856-1932)",Q5,http://wikidata.org/entity/Q7585343
Q5711295,1,Hemendranath Tagore,Indian Brahmo (1844–1884),Q5,http://wikidata.org/entity/Q5711295
Q6319456,1,Jyotirindranath Tagore,"Playwright, musician, editor and painter (1849-1925)",Q5,http://wikidata.org/entity/Q6319456
Q5318288,1,Dwijendranath Tagore,"Indian poet, song composer, philosopher, mathematician, painter (1840–1926)",Q5,http://wikidata.org/entity/Q5318288
Q7426958,1,Satyendranath Tagore,first civil servant of India,Q5,http://wikidata.org/entity/Q7426958
Q40621545,1,Soudamini Debi,Bengali writer,Q5,http://wikidata.org/entity/Q40621545
Q129286,1,British Raj,British colonial rule on the Indian subcontinent (1858–1947),Q133156,http://wikidata.org/entity/Q129286
Q3020852,1,Debendranath Tagore,Indian philosopher (1817–1905),Q5,http://wikidata.org/entity/Q3020852
Q13009,1,Lakshmiswar Sinha,Esperanto Indian teacher (1905–1977),Q5,http://wikidata.org/entity/Q13009
Q6933638,1,Mukul Dey,Indian printmaker (1895-1989),Q5,http://wikidata.org/entity/Q6933638
Q2983685,1,St. Xavier's Collegiate School,"school in Kolkata, India",Q67388747,http://wikidata.org/entity/Q2983685
Q111460160,1,Geneviève de Gomez de Vasconcelle,,Q5,http://wikidata.org/entity/Q111460160
Q4961044,1,Hadrianus Marius,Belgian poet,Q5,http://wikidata.org/entity/Q4961044
Q4582531,1,Nicolaus Grudius,,Q5,http://wikidata.org/entity/Q4582531
Q676273,1,Nicolaas Everaerts,Dutch judge,Q5,http://wikidata.org/entity/Q676273
Q93725421,1,Everardi family,,Q8436,http://wikidata.org/entity/Q93725421
Q2994439,1,library curator,profession,Q28640,http://wikidata.org/entity/Q2994439
Q3765897,1,pubblicista journalist,Italian classification of journalist,Q28640,http://wikidata.org/entity/Q3765897
Q634108,1,Melle,"former commune in Deux-Sèvres, France",Q21869758,http://wikidata.org/entity/Q634108
Q1080941,1,Christian Ludwig von Hagedorn,painter (1712-1780),Q5,http://wikidata.org/entity/Q1080941
Q55851156,1,Hans Statius von Hagedorn,Hans Statius vonHagedorn,Q5,http://wikidata.org/entity/Q55851156
Q136663365,1,Agesilaus,"Athenian, brother of Themistocles; sent as a spy to Xerxes before Artemisium; anecdote of the hand on the altar of the Sun",Q5,http://wikidata.org/entity/Q136663365
Q107138602,1,Neocles,father of Themistocles,Q5,http://wikidata.org/entity/Q107138602
Q21996128,1,Abrotonon,mother of Themistocles,Q5,http://wikidata.org/entity/Q21996128
Q17391659,1,architectural theoretician,,Q28640,http://wikidata.org/entity/Q17391659
Q11486702,1,architectural historian,person who is engaged in history of architecture,Q28640,http://wikidata.org/entity/Q11486702
Q234274,1,Manosque,"commune in Alpes-de-Haute-Provence, France",Q484170,http://wikidata.org/entity/Q234274
Q16914031,1,Edward Clarke,"English politician, died 1723",Q5,http://wikidata.org/entity/Q16914031
Q863940,2,Gonville and Caius College,college of the University of Cambridge,Q1055028,http://wikidata.org/entity/Q863940
Q1790948,1,Anglican Diocese of Norwich,forms part of the Province of Canterbury in England,Q18917976,http://wikidata.org/entity/Q1790948
Q743918,2,Henricus Regius,Dutch philosopher,Q5,http://wikidata.org/entity/Q743918
Q4684778,1,Adriaan Heereboord,Dutch philosopher (1614-1661),Q5,http://wikidata.org/entity/Q4684778
Q102315006,1,Johann von Flammerdinge,"Philosophiae Doctor, Medicinae Doctor Universiteit Leiden 1667, 1671",Q5,http://wikidata.org/entity/Q102315006
Q710836,1,Macropedius,Dutch humanist,Q5,http://wikidata.org/entity/Q710836
Q3171888,1,Jean Duret,French physician and professor,Q5,http://wikidata.org/entity/Q3171888
Q110659113,1,Otto Janszoon van Hoorn,Abt 1515 - Abt 28 Aug 1583 Utrecht,Q5,http://wikidata.org/entity/Q110659113
Q110659119,1,Geertruyt van Velsen,- Bef 12 Jan 1604 Utrecht,Q5,http://wikidata.org/entity/Q110659119
Q531788,1,Pieter Pauw,Dutch botanist and anatomist (1564-1617),Q5,http://wikidata.org/entity/Q531788
Q1709082,1,Reiner Bontius,Dutch physician (1576–1623),Q5,http://wikidata.org/entity/Q1709082
Q1345657,2,Muretus,French philosopher,Q5,http://wikidata.org/entity/Q1345657
Q599127,1,Overijse,"municipality in Flemish Brabant, Belgium",Q493522,http://wikidata.org/entity/Q599127
Q380814,1,Aelius Everardus Vorstius,Dutch physician and botanist (1565-1624),Q5,http://wikidata.org/entity/Q380814
Q551799,1,Jean du Vergier de Hauranne,French theologian,Q5,http://wikidata.org/entity/Q551799
Q672898,1,Thomas Dempster,"British philologist, historian, poet and etruscologist",Q5,http://wikidata.org/entity/Q672898
Q59620,1,Paulus Moreelse,Dutch portrait painter (1571–1638),Q5,http://wikidata.org/entity/Q59620
Q102599,1,Lamporecchio,Italian comune,Q747074,http://wikidata.org/entity/Q102599
Q283034,1,Mugello,"historic region and valley in northern Tuscany, in Italy",Q107425,http://wikidata.org/entity/Q283034
Q820887,1,University of Florence,university in Italy,Q3918,http://wikidata.org/entity/Q820887
Q172593,1,Montauban,"commune in Tarn-et-Garonne, France",Q484170,http://wikidata.org/entity/Q172593
Q214432,1,Nogent-le-Rotrou,"commune in Eure-et-Loir, France",Q484170,http://wikidata.org/entity/Q214432
Q200441,1,Antioch,ancient Greek city in southern Turkey,Q839954,http://wikidata.org/entity/Q200441
Q287485,1,Theodoros Gaza,Greek Renaissance humanist scholar,Q5,http://wikidata.org/entity/Q287485
Q810966,1,Battista Guarino,Italian humanist,Q5,http://wikidata.org/entity/Q810966
Q799792,1,Baflo,"village in Het Hogeland, Netherlands",Q532,http://wikidata.org/entity/Q799792
Q60625,1,Conrad Celtes,German Renaissance humanist scholar and poet (1459-1508),Q5,http://wikidata.org/entity/Q60625
Q1636680,1,Renaissance humanist,occupation,Q12737077,http://wikidata.org/entity/Q1636680
Q6046,1,Novara,Italian comune,Q747074,http://wikidata.org/entity/Q6046
Q22692183,1,,human settlement in Germany,Q350895,http://wikidata.org/entity/Q22692183
Q858130,1,Bierutów,town in Poland,Q515,http://wikidata.org/entity/Q858130
Q15485762,1,Hoste da Reggio,Italian composer,Q5,http://wikidata.org/entity/Q15485762
Q15124,1,South Tyrol,autonomous province of Italy,Q15089,http://wikidata.org/entity/Q15124
Q133680345,1,Jeanne-Françoise Dandrieu,,Q5,http://wikidata.org/entity/Q133680345
Q2093363,1,Pierre Dandrieu,French organist and composer,Q5,http://wikidata.org/entity/Q2093363
Q979037,1,Tasdorf,"village in Brandenburg state, Germany",Q253019,http://wikidata.org/entity/Q979037
Q1420015,1,Johann Quistorp,,Q5,http://wikidata.org/entity/Q1420015
Q764353,1,August Varenius,German theologian,Q5,http://wikidata.org/entity/Q764353
Q1047974,1,Caspar Mauritius,German theologian,Q5,http://wikidata.org/entity/Q1047974
Q13424456,1,hymnwriter,"person who writes words, or both words and music, for religious songs",Q66715801,http://wikidata.org/entity/Q13424456
Q1506188,1,Georg Thegen,German mathematician,Q5,http://wikidata.org/entity/Q1506188
Q2551514,1,Jelsum,"village in Leeuwarden, Netherlands",Q532,http://wikidata.org/entity/Q2551514
Q550878,1,Grossbreitenbach,"main settlement of Grossbreitenbach municipality, Thuringia, Germany",Q253019,http://wikidata.org/entity/Q550878
Q310955,1,Oberweißbach,former municipality of Germany,Q42744322,http://wikidata.org/entity/Q310955
Q16888027,1,Simon Loeffler,German theologian and author,Q5,http://wikidata.org/entity/Q16888027
Q134087730,1,Anna Katharina Loeffler,Sister of mathematician and philosopher Gottfried Wilhelm Leibniz,Q5,http://wikidata.org/entity/Q134087730
Q503559,1,André Boniface Louis Riquetti de Mirabeau,French noble (1754-1792),Q5,http://wikidata.org/entity/Q503559
Q119158341,1,Louise de Mirabeau,,Q5,http://wikidata.org/entity/Q119158341
Q1101832,1,Le Bignon-Mirabeau,"commune in Loiret, France",Q484170,http://wikidata.org/entity/Q1101832
Q947485,1,"Victor de Riqueti, marquis de Mirabeau",French physiocrat economist (1715–1789),Q5,http://wikidata.org/entity/Q947485
Q2664441,1,Riquet de Caraman family,French and Belgian noble family,Q15054484,http://wikidata.org/entity/Q2664441
Q26857409,1,Aix University,"former university in Aix-en-Provence, France",Q3918,http://wikidata.org/entity/Q26857409
Q1204304,1,Paul Cézanne University,"former French university founded in 1973, merged (and hence abolished) in 2012 with Aix-Marseille I and Aix-Marseille II to form Aix-Marseille University",Q3551775,http://wikidata.org/entity/Q1204304
Q18756860,1,John Parke,English oboist,Q5,http://wikidata.org/entity/Q18756860
Q3843039,1,House of Maffei,Italian noble family,Q13417114,http://wikidata.org/entity/Q3843039
Q69685,1,Georg Friedrich Creuzer,Philologist and archaeologist,Q5,http://wikidata.org/entity/Q69685
Q77616,1,Johann Gottfried Jakob Hermann,German classical scholar and philologist,Q5,http://wikidata.org/entity/Q77616
Q1458259,1,Friedrich August Wilhelm Spohn,German classical philologist (1792–1824),Q5,http://wikidata.org/entity/Q1458259
