qid,occurrence,label,description,instance_of,uri
Q2277,5,Roman Empire,period of ancient Rome following the Republic,Q48349,http://wikidata.org/entity/Q2277
Q110888,1,Kingdom of Essex,former kingdom on the island of Britain (527–825 CE),Q3024240,http://wikidata.org/entity/Q110888
Q105092,1,Kingdom of Mercia,one of the kingdoms of the Anglo-Saxon Heptarchy,Q3024240,http://wikidata.org/entity/Q105092
Q105313,1,Kingdom of Wessex,Anglo-Saxon kingdom in the south of Great Britain,Q3024240,http://wikidata.org/entity/Q105313
Q101352,4,family name,"part of a naming scheme for individuals, used in many cultures worldwide",Q121493639,http://wikidata.org/entity/Q101352
Q1549591,2,big city,"city with a population of at least 100,000",Q98966309,http://wikidata.org/entity/Q1549591
Q42744322,4,urban municipality in Germany,"municipality with town privileges in Germany (may e.g. legally prepend ""Stadt"" to its name)",,http://wikidata.org/entity/Q42744322
Q85635630,2,urban district of North Rhine-Westphalia,,,http://wikidata.org/entity/Q85635630
Q76267394,1,Hugo Ferdinand van Zuylen van Nijevelt,(1821-1872),Q5,http://wikidata.org/entity/Q76267394
Q19883978,1,Jean Zacharie Mazel,Dutch lithographer (1792–1884),Q5,http://wikidata.org/entity/Q19883978
Q3815630,1,David Bles,19th-century painter from the Northern Netherlands (1821-1899),Q5,http://wikidata.org/entity/Q3815630
Q6689899,1,Louwrens Hanedoes,19th-century landscape painter from the Netherlands (1822-1905),Q5,http://wikidata.org/entity/Q6689899
Q4885435,1,Carel Vosmaer,"Dutch lawyer, court clerk, art historian, art collector, writer and poet (1826-1888)",Q5,http://wikidata.org/entity/Q4885435
Q2416994,1,Henri Camp,Dutch architect (1821–1875),Q5,http://wikidata.org/entity/Q2416994
Q3929544,1,Agnites Vrolik,Dutch politician (1810–1894),Q5,http://wikidata.org/entity/Q3929544
Q6255010,1,John Ritchie Findlay,British newspaper owner and philanthropist (1824-1898),Q5,http://wikidata.org/entity/Q6255010
Q504952,1,collective noun,collection of things taken as a whole,,http://wikidata.org/entity/Q504952
Q13866185,4,museum library,library that is part of a museum,Q25397890,http://wikidata.org/entity/Q13866185
Q846659,2,Jewish cemetery,cemetery for Jewish people,Q39614,http://wikidata.org/entity/Q846659
Q162633,2,academy,institution of higher learning,Q17197366,http://wikidata.org/entity/Q162633
Q4830453,10,business,"organization undertaking commercial, industrial, or professional activity",Q2135465,http://wikidata.org/entity/Q4830453
Q5774403,2,historical society,"organization that collects, researches, interprets and preserves information or items of historical interest",,http://wikidata.org/entity/Q5774403
Q18811582,2,fraternity,collegiate social organization for men,,http://wikidata.org/entity/Q18811582
Q10549978,2,cultural association,association active within culture,Q17197366,http://wikidata.org/entity/Q10549978
Q1337365,1,Emilij Laszowski,Croatian historian and archivist of Polish origin (1868-1949),Q5,http://wikidata.org/entity/Q1337365
Q12644529,1,Velimir Deželić Sr.,Croatian writer and lexicographer (1864-1941),Q5,http://wikidata.org/entity/Q12644529
Q22806,26,national library,library specifically established by the government,,http://wikidata.org/entity/Q22806
Q1622062,2,university library,general library at an institution of higher education,Q25397890,http://wikidata.org/entity/Q1622062
Q856234,8,academic library,library attached to a higher education institution,Q25397890,http://wikidata.org/entity/Q856234
Q43229,30,organization,social entity established to meet needs or pursue goals,Q131362181,http://wikidata.org/entity/Q43229
Q245065,2,intergovernmental organization,organization composed primarily of sovereign states,Q17197366,http://wikidata.org/entity/Q245065
Q484652,2,international organization,organization established by treaty between governments,,http://wikidata.org/entity/Q484652
Q163740,24,nonprofit organization,organization operated for a collective benefit,Q10541491,http://wikidata.org/entity/Q163740
Q13426199,2,Republic of China,1912–1949 country in Asia,Q3024240,http://wikidata.org/entity/Q13426199
Q133356,1,Ukrainian Soviet Socialist Republic,sovereign state (1919–1922) and a republic of the Soviet Union (1922–1991); one of the founding members of the UN in 1945,Q3024240,http://wikidata.org/entity/Q133356
Q2895,1,Byelorussian Soviet Socialist Republic,one of fifteen constituent republics of the Soviet Union (USSR); founding member of the United Nations Organization in 1945; now Belarus,Q236036,http://wikidata.org/entity/Q2895
Q115,1,Ethiopia,country in the Horn of Africa,Q3624078,http://wikidata.org/entity/Q115
Q33946,2,Czechoslovakia,"country in Central Europe, 1918–1992",Q3624078,http://wikidata.org/entity/Q33946
Q664,6,New Zealand,island country in the southwest Pacific Ocean,Q202686,http://wikidata.org/entity/Q664
Q851,1,Saudi Arabia,country in West Asia,Q3624078,http://wikidata.org/entity/Q851
Q796,1,Iraq,sovereign state in Western Asia,Q3624078,http://wikidata.org/entity/Q796
Q822,1,Lebanon,country in West Asia,Q3624078,http://wikidata.org/entity/Q822
Q750,1,Bolivia,sovereign state in South America,Q3624078,http://wikidata.org/entity/Q750
Q739,3,Colombia,country in South America,Q3624078,http://wikidata.org/entity/Q739
Q800,1,Costa Rica,country in Central America,Q3624078,http://wikidata.org/entity/Q800
Q736,2,Ecuador,sovereign state in South America,Q3624078,http://wikidata.org/entity/Q736
Q792,1,El Salvador,sovereign state in Central America,Q3624078,http://wikidata.org/entity/Q792
Q774,1,Guatemala,sovereign state in Central America,Q3624078,http://wikidata.org/entity/Q774
Q790,1,Haiti,country in the Caribbean Sea,Q3624078,http://wikidata.org/entity/Q790
Q783,1,Honduras,sovereign state in Central America,Q3624078,http://wikidata.org/entity/Q783
Q1014,1,Liberia,sovereign state in West Africa,Q7270,http://wikidata.org/entity/Q1014
Q811,1,Nicaragua,sovereign state in Central America,Q3624078,http://wikidata.org/entity/Q811
Q804,1,Panama,sovereign state in Central America,Q3624078,http://wikidata.org/entity/Q804
Q733,1,Paraguay,sovereign state in South America,Q7270,http://wikidata.org/entity/Q733
Q928,1,Philippines,archipelagic country in Southeast Asia,Q3624078,http://wikidata.org/entity/Q928
Q717,1,Venezuela,country in South America,Q3624078,http://wikidata.org/entity/Q717
Q166118,18,archives,agency or institution responsible for the preservation and communication of records selected for permanent preservation,,http://wikidata.org/entity/Q166118
Q414147,6,academy of sciences,national academy or another learned society dedicated to sciences,,http://wikidata.org/entity/Q414147
Q31855,8,research institute,organization whose primary purpose is research,Q17197366,http://wikidata.org/entity/Q31855
Q902104,2,private university,higher education institution not operated by a government,Q130388971,http://wikidata.org/entity/Q902104
Q15936437,2,research university,university committed to research as a central part of its mission,Q130388971,http://wikidata.org/entity/Q15936437
Q1188663,2,Colonial Colleges,nine institutions of higher education in the United States,,http://wikidata.org/entity/Q1188663
Q23002054,2,private not-for-profit educational institution,private educational institution,Q112872396,http://wikidata.org/entity/Q23002054
Q1453540,1,Massachusetts General Court,"legislature of Massachusetts, USA",Q3270264,http://wikidata.org/entity/Q1453540
Q32178211,7,music organization,type of organization linked with music,,http://wikidata.org/entity/Q32178211
Q11834910,2,state public library,type of library in Italy,,http://wikidata.org/entity/Q11834910
Q11422631,10,United Nations Depository Library,approved libraries that hold United Nations documents and publications,,http://wikidata.org/entity/Q11422631
Q53536964,4,royal palace,palace used by a royal family,,http://wikidata.org/entity/Q53536964
Q15848826,1,city palace,urban residence for the nobility,,http://wikidata.org/entity/Q15848826
Q2651004,3,Palazzo,"in Italian-speaking countries, the term for a building with large proportions",Q784969,http://wikidata.org/entity/Q2651004
Q1497375,5,architectural ensemble,"group of multiple related objects, such as buildings",Q12379553,http://wikidata.org/entity/Q1497375
Q19979289,3,birth house,"building where someone was deemed to be born, not a hospital. Add this in P31 in addition to properties about the architecture or function of the building. If it's the actual place of birth of the person, add the house in P19 of the person's item",Q811102,http://wikidata.org/entity/Q19979289
Q157031,6,foundation,type of nonprofit organization,Q2135465,http://wikidata.org/entity/Q157031
Q2087181,7,historic house museum,house that has been transformed into a museum,Q63982911,http://wikidata.org/entity/Q2087181
Q2085381,13,publishing house,organization that prints and distributes pressed goods or electronic media,Q17197366,http://wikidata.org/entity/Q2085381
Q6500733,1,printing company,company for printed products,,http://wikidata.org/entity/Q6500733
Q11755880,3,residential building,building mainly used for residential purposes,Q811102,http://wikidata.org/entity/Q11755880
Q2327632,2,city museum,"a museum that displays local history, art, or other collections",Q63982911,http://wikidata.org/entity/Q2327632
Q48204,8,voluntary association,group of people with shared interests or aims,Q2135465,http://wikidata.org/entity/Q48204
Q2061246,4,music library,library containing music-related materials for patron use,,http://wikidata.org/entity/Q2061246
Q53759838,4,music archive,archive of musical recordings and documents,,http://wikidata.org/entity/Q53759838
Q3950,2,villa,"house, generally of some pretension, and often including outbuildings and gardens",,http://wikidata.org/entity/Q3950
Q497893,2,literary society,Organization preserving and fostering literature,Q19610271,http://wikidata.org/entity/Q497893
Q11396960,3,production company,company or studio that produces media,Q17197366,http://wikidata.org/entity/Q11396960
Q2326815,6,municipal library,public library operated by a city or municipality,Q25397890,http://wikidata.org/entity/Q2326815
Q2945282,2,documentation centre,organisation that deals with documentation,Q25397890,http://wikidata.org/entity/Q2945282
Q56242215,14,Catholic cathedral,church that is the seat of the bishop of a diocese of the Catholic Church,Q811102,http://wikidata.org/entity/Q56242215
Q20857065,1,United States federal agency,agency in the administrative division of the United States federal government,,http://wikidata.org/entity/Q20857065
Q221096,1,public–private partnership,government service or private business venture which is funded and operated through a partnership of government and one or more private sector companies,Q17197366,http://wikidata.org/entity/Q221096
Q446858,1,Andrew W. Mellon,"American diplomat, banker, businessman, industrialist, philanthropist, and art collector (1855–1937)",Q5,http://wikidata.org/entity/Q446858
Q11268,1,United States Congress,bicameral legislature of the United States,Q189445,http://wikidata.org/entity/Q11268
Q112258376,2,music society,association whose interest is music,Q988108,http://wikidata.org/entity/Q112258376
Q7328910,11,art collection,set of purposefully gathered artworks,,http://wikidata.org/entity/Q7328910
Q118130417,2,Shakespeariana,objects related to William Shakespeare,,http://wikidata.org/entity/Q118130417
Q856584,14,library building,building housing a library,Q811102,http://wikidata.org/entity/Q856584
Q5719487,2,Henry Clay Folger,"American Shakespeare collector, philanthropist, and co-founder of the Folger Shakespeare Library",Q5,http://wikidata.org/entity/Q5719487
Q16957,6,German Democratic Republic,"1949–1990 country in central Europe, unified into modern Germany",Q3024240,http://wikidata.org/entity/Q16957
Q327333,6,government agency,"organisational part of a government responsible for specific public services, such as health, judiciary, education, transportation, foreign affairs, etc",Q10541491,http://wikidata.org/entity/Q327333
Q56037,1,East Berlin,former Soviet sector of Berlin and capital of the GDR,Q1549591,http://wikidata.org/entity/Q56037
Q1655145,1,Nicolaihaus,house in Berlin,Q11755880,http://wikidata.org/entity/Q1655145
Q3182579,1,John Taylor Johnston,American businessman (1820–1893),Q5,http://wikidata.org/entity/Q3182579
Q7526834,1,"Sir George Beaumont, 7th Baronet",art patron and amateur painter (1753–1827),Q5,http://wikidata.org/entity/Q7526834
Q2120466,2,pontifical university,university established or approved by the Roman Catholic Church,Q112872396,http://wikidata.org/entity/Q2120466
Q45400320,10,open-access publisher,publisher which gives free online access to all its articles,,http://wikidata.org/entity/Q45400320
Q2385804,8,educational institution,institution that provides education,Q104086571,http://wikidata.org/entity/Q2385804
Q557206,2,Catholic university,type of university affiliated with the Catholic Church,Q112872396,http://wikidata.org/entity/Q557206
Q11986619,2,lifestance organisation,organized group who share one view on life,,http://wikidata.org/entity/Q11986619
Q3619199,1,Antonio Avena,Italian historian,Q5,http://wikidata.org/entity/Q3619199
Q4671277,4,academic institution,educational institution dedicated to education and research,Q117023459,http://wikidata.org/entity/Q4671277
Q15911314,4,association,group of individuals (natural persons) or entities (legal persons) of all kinds,Q10541491,http://wikidata.org/entity/Q15911314
Q751876,14,château,type of manor house mostly built by noble families for representative purposes,Q811102,http://wikidata.org/entity/Q751876
Q41176,5,building,"structure, typically enclosed with a roof and walls, standing more or less permanently in one place",,http://wikidata.org/entity/Q41176
Q3918,13,university,academic institution for further education,Q112872396,http://wikidata.org/entity/Q3918
Q991937,2,German Historical Institute,independent academic research institutes of the Max Weber Foundation,Q4671277,http://wikidata.org/entity/Q991937
Q153562,6,opera house,theatre building used for opera performances,,http://wikidata.org/entity/Q153562
Q62078547,4,public research university,type of higher learning institution; research university predominantly funded by public means,Q130388971,http://wikidata.org/entity/Q62078547
Q615150,2,land-grant university,institution of higher education in the United States designated by a state to receive the benefits of the Morrill Acts of 1862 and 1890,,http://wikidata.org/entity/Q615150
Q23002039,2,public educational institution of the United States,U.S. public educational institution,,http://wikidata.org/entity/Q23002039
Q3867560,6,Italian national museum,Wikimedia list article,Q13406463,http://wikidata.org/entity/Q3867560
Q121076356,5,Istituto museale ad autonomia speciale,,,http://wikidata.org/entity/Q121076356
Q740437,3,pinacotheca,public art gallery,Q63982911,http://wikidata.org/entity/Q740437
Q124830411,6,Museum of the Italian Ministry of Culture,,Q63982911,http://wikidata.org/entity/Q124830411
Q209465,2,campus,cluster of buildings and land used by an educational institution,,http://wikidata.org/entity/Q209465
Q1767829,12,comprehensive university,type of university where it is possible to study the most basic scientific disciplines,Q130388971,http://wikidata.org/entity/Q1767829
Q115427560,2,University of Excellence,University which is considered to be excellence according to the Excellence University Initiative,Q705657,http://wikidata.org/entity/Q115427560
Q63749,1,"Rupert I, Elector Palatine",Elector Palatine,Q5,http://wikidata.org/entity/Q63749
Q114053,1,Johann Kirchmann,German librarian and writer (1575-1643),Q5,http://wikidata.org/entity/Q114053
Q2642601,1,Alexander Lüneburg,German politician,Q5,http://wikidata.org/entity/Q2642601
Q1717544,1,Jürgen Pavels,politician (1568-1645),Q5,http://wikidata.org/entity/Q1717544
Q1323071,1,Georg Stampel,,Q5,http://wikidata.org/entity/Q1323071
Q304409,1,Leopold II,Margrave of Austria,Q5,http://wikidata.org/entity/Q304409
Q2683710,1,,,Q11204,http://wikidata.org/entity/Q2683710
Q124936,4,major basilica,title given to the four highest-ranking Catholic churches,Q3320743,http://wikidata.org/entity/Q124936
Q2713379,4,papal basilica,,,http://wikidata.org/entity/Q2713379
Q1492823,4,ecclesiastical district,Christian administrative territorial entity of any size or name,Q121144598,http://wikidata.org/entity/Q1492823
Q840482,2,shrine of Our Lady,typically Catholic shrines,Q811102,http://wikidata.org/entity/Q840482
Q167065,1,Sixtus III,Pope and bishop of Rome from 432 to 440,Q5,http://wikidata.org/entity/Q167065
Q1156831,2,umbrella organization,"organization that consists of several thematically, professionally, or regionally related sub-organizations",Q17197366,http://wikidata.org/entity/Q1156831
Q3152824,8,cultural institution,organization that works for the preservation or promotion of culture,Q117023459,http://wikidata.org/entity/Q3152824
Q7315155,1,research center,facility dedicated to research,Q134496690,http://wikidata.org/entity/Q7315155
Q43899662,1,Antonio Fanna,,Q5,http://wikidata.org/entity/Q43899662
Q3052382,2,fonds,"aggregation of records, documents, or works originating from the same creator",Q59211454,http://wikidata.org/entity/Q3052382
Q17105874,2,cultural history museum,type of museum,Q63982911,http://wikidata.org/entity/Q17105874
Q18233199,2,state museum,museum owned by a state organization,Q63982911,http://wikidata.org/entity/Q18233199
Q44530,1,Maximilian II of Bavaria,King of Bavaria between 1848 and 1864 (1811–1864),Q5,http://wikidata.org/entity/Q44530
Q2088357,6,musical ensemble,"group of people who perform instrumental and/or vocal music, with the ensemble typically known by a distinct name",Q17197366,http://wikidata.org/entity/Q2088357
Q2495568,6,universal library,library with universal collections,,http://wikidata.org/entity/Q2495568
Q1438040,9,research library,library that collects materials on one or more subjects to support scholarly or scientific research,Q25397890,http://wikidata.org/entity/Q1438040
Q1769139,4,reference library,collection of texts that can be consulted on site,Q25397890,http://wikidata.org/entity/Q1769139
Q1386438,8,state library of Germany,,,http://wikidata.org/entity/Q1386438
Q2577114,4,co-cathedral,type of church,,http://wikidata.org/entity/Q2577114
Q120560,11,minor basilica,title given to some Roman Catholic churches,Q3320743,http://wikidata.org/entity/Q120560
Q317557,8,parish church,church which acts as the religious centre of a parish,,http://wikidata.org/entity/Q317557
Q2742167,2,religious community,group of people who practice the same religious faith,Q121144515,http://wikidata.org/entity/Q2742167
Q817056,4,benedictine abbey,monastic community of monks of the Benedictine order,Q160742,http://wikidata.org/entity/Q817056
Q20057682,1,regional library,type of library,,http://wikidata.org/entity/Q20057682
Q166853,1,"Albert III, Duke of Austria",Duke of Austria,Q5,http://wikidata.org/entity/Q166853
Q55876909,2,Catholic parish church,church building that acts as the religious center of a Catholic parish,Q811102,http://wikidata.org/entity/Q55876909
Q875538,22,public university,university predominantly funded by public means,Q130388971,http://wikidata.org/entity/Q875538
Q1129743,2,filial church,church building that is not the main church of a parish,Q811102,http://wikidata.org/entity/Q1129743
Q56395672,2,Jesuit church,"church founded by the Society of Jesus, generally attached to a school",Q811102,http://wikidata.org/entity/Q56395672
Q1679899,2,,,,http://wikidata.org/entity/Q1679899
Q14623646,4,fictional organization,organization which only appears in works of fiction,Q133091164,http://wikidata.org/entity/Q14623646
Q641347,4,local Internet registry,"organization that has been allocated a block of IP addresses by a regional Internet registry, and assigns most parts of this block to its own customers",,http://wikidata.org/entity/Q641347
Q1143635,2,business school,university-level institution granting degrees in business administration,Q112872396,http://wikidata.org/entity/Q1143635
Q334383,2,abbey church,"church of an abbey (monastery), seat of an abbot",,http://wikidata.org/entity/Q334383
Q2496382,2,university church,,,http://wikidata.org/entity/Q2496382
Q58911074,2,Denkmalfachbehörde,cultural heritage office on state level in Germany,,http://wikidata.org/entity/Q58911074
Q570116,6,tourist attraction,place of interest where tourists visit,,http://wikidata.org/entity/Q570116
Q349086,1,Leopold III,Margrave of Austria,Q5,http://wikidata.org/entity/Q349086
Q5219006,1,Daniel Wadsworth,American artist and collector,Q5,http://wikidata.org/entity/Q5219006
Q3889692,4,college of music,Higher education institution for the study of music,,http://wikidata.org/entity/Q3889692
Q604177,2,municipal archive,accumulation of historical records of a town or city,Q636033,http://wikidata.org/entity/Q604177
Q28564,2,public library,"free community resource offering access to books, media, and information, promoting literacy and education for all ages",Q25397890,http://wikidata.org/entity/Q28564
Q11396180,2,library branch,"branch of a library organisation, e.g. in a city, town of village",Q25397890,http://wikidata.org/entity/Q11396180
Q15823107,2,Carmelite monastery,house or foundation of the Carmelite friars,,http://wikidata.org/entity/Q15823107
Q107591,1,Hans von und zu Aufseß,"German antiquarian (1801-1872), founder of the Germanisches Nationalmuseum, Nuremberg, Germany",Q5,http://wikidata.org/entity/Q107591
Q32798322,2,,type of quango in the Netherlands,,http://wikidata.org/entity/Q32798322
Q1966910,2,national academy,"organizational body, usually operating with state financial support and approval, that co-ordinates scholarly research activities and standards for academic disciplines, most frequently in the sciences but also the humanities",,http://wikidata.org/entity/Q1966910
Q96888669,3,academic publisher,publisher whose works are primarily produced and consumed by academics,,http://wikidata.org/entity/Q96888669
Q7729,2,Louis Bonaparte,"king of Holland, brother of Napoleon Bonaparte, member of the House of Buonaparte (1778-1846)",Q5,http://wikidata.org/entity/Q7729
Q38723,6,higher education institution,"institution that provides higher education (e.g., universities, vocational universities, community colleges, liberal arts colleges, institutes of technology, and others)",Q112872396,http://wikidata.org/entity/Q38723
Q1406569,1,leper colony,place to quarantine people with leprosy,,http://wikidata.org/entity/Q1406569
Q2288140,2,Federal Scientific Institute,denotes Belgian scientific and cultural organisations,,http://wikidata.org/entity/Q2288140
Q1789476,2,bibliographic database,database providing an authoritative source of bibliographic information,,http://wikidata.org/entity/Q1789476
Q71084,1,First French Empire,"empire of Napoleon I of France, from 1804 to 1815",Q3024240,http://wikidata.org/entity/Q71084
Q15864,1,United Kingdom of the Netherlands,Kingdom of the Netherlands from 1815 to 1839,Q3024240,http://wikidata.org/entity/Q15864
Q16147981,2,royal chapel,"chapel associated with a monarch, a royal court, or in a royal palace",,http://wikidata.org/entity/Q16147981
Q18654830,2,palatine chapel,chapel pertaining to a palace,,http://wikidata.org/entity/Q18654830
Q243122,2,Ferdinand III of Castille,"13th-century saint and king of Castile, Leon and Galicia",Q5,http://wikidata.org/entity/Q243122
Q56242063,2,Protestant church building,church building affiliated with a protestant denomination,Q811102,http://wikidata.org/entity/Q56242063
Q15304003,2,country of the Kingdom of the Netherlands,constituent country of the Kingdom of the Netherlands,,http://wikidata.org/entity/Q15304003
Q6256,8,country,distinct territorial body or political entity,Q15617994,http://wikidata.org/entity/Q6256
Q117531692,2,creative residency,cultural venue promoting residency programmes,Q151885,http://wikidata.org/entity/Q117531692
Q271676,1,Charles Le Brun,17th-century French painter and art theorist (1619—1690),Q5,http://wikidata.org/entity/Q271676
Q1015103,2,castle chapel,chapel built within a castle,,http://wikidata.org/entity/Q1015103
Q2772772,2,military museum,museum of military and war,Q63982911,http://wikidata.org/entity/Q2772772
Q3914,2,school,institution for the education of students by teachers,Q122754124,http://wikidata.org/entity/Q3914
Q2348743,2,Stiftsgymnasium,gymnasium supportet/operated by a foundation,,http://wikidata.org/entity/Q2348743
Q28653,3,mendicant order,Type of religious lifestyle,Q23847174,http://wikidata.org/entity/Q28653
Q315640,1,Francisco,"Italian mendicant friar, founder of the Order of Minims",Q5,http://wikidata.org/entity/Q315640
Q98807406,2,oratory,church belonging to a community within the Congregation of the Oratory of Saint Philip Neri,Q811102,http://wikidata.org/entity/Q98807406
Q375307,2,Ferenc Széchényi,Hungarian philanthropist (1754–1820),Q5,http://wikidata.org/entity/Q375307
Q3624078,6,sovereign state,state that has the highest authority over a territory,,http://wikidata.org/entity/Q3624078
Q20181813,6,colonial power,country that controls colonies,,http://wikidata.org/entity/Q20181813
Q51576574,6,Mediterranean country,country located near the Mediterranean Sea,,http://wikidata.org/entity/Q51576574
Q7270,6,republic,form of government where the head of state is elected,Q183039,http://wikidata.org/entity/Q7270
Q132296770,2,Roman Catholic monastery,monastery held by Roman Catholic monks,Q811102,http://wikidata.org/entity/Q132296770
Q907116,2,Monument (Spain),Spanish heritage structures of cultural interest and legal figure of protection for this kind of heritage. Subcategory of BIC,Q30634609,http://wikidata.org/entity/Q907116
Q20819922,5,opera company,group or organization that produces and stages operas,Q105756498,http://wikidata.org/entity/Q20819922
Q1666235,1,Johann I. von Egloffstein,,Q5,http://wikidata.org/entity/Q1666235
Q59181052,1,Ugo Levi,Member of the Venetian jewish upper middle class of the 20th century.,Q5,http://wikidata.org/entity/Q59181052
Q59644055,1,Olga Brunner,Middle class Venetian jewish of the XX Century,Q5,http://wikidata.org/entity/Q59644055
Q2822241,2,academy of fine arts,academy specializing in fine arts,,http://wikidata.org/entity/Q2822241
Q321520,1,Peter Strudel,Austrian artist (1660-1714),Q5,http://wikidata.org/entity/Q321520
Q811979,4,architectural structure,human-designed and -made structure,Q111972893,http://wikidata.org/entity/Q811979
Q1763828,2,multi-purpose hall,"building usable for various events (sports, culture, etc.)",,http://wikidata.org/entity/Q1763828
Q135456436,2,musical society,organizations formed for the promotion or performance of music,,http://wikidata.org/entity/Q135456436
Q2079957,2,William I of the Netherlands,King of the Netherlands and Grand Duke of Luxembourg 1815–1840 (1772-1843),Q5,http://wikidata.org/entity/Q2079957
Q105763925,2,conservation library,type of library,Q25397890,http://wikidata.org/entity/Q105763925
Q380829,2,private library,library held by individual(s) or private organisations for members only,Q25397890,http://wikidata.org/entity/Q380829
Q4989906,4,monument,"imposing structure created to commemorate a person or event, or used for that purpose",,http://wikidata.org/entity/Q4989906
Q3645846,1,Bruno Molajoli,Italian art historian (1905-1985),Q5,http://wikidata.org/entity/Q3645846
Q112572558,2,Departments of the Roman Curia,department,Q118905629,http://wikidata.org/entity/Q112572558
Q4002648,2,office of the Roman Curia,three specific departments of the Roman Curia,Q118905629,http://wikidata.org/entity/Q4002648
Q15487029,2,patriarchal basilica,,,http://wikidata.org/entity/Q15487029
Q162090,1,Miltiades,pope,Q5,http://wikidata.org/entity/Q162090
Q15893266,1,former entity,entity that no longer operates or is terminated,Q86098365,http://wikidata.org/entity/Q15893266
Q210588,1,umbrella term,term that brings a broad range of disparate cases under a single headword,Q137426749,http://wikidata.org/entity/Q210588
Q2061186,1,religious order,subgroup within a larger confessional community with a distinctive high-religiosity lifestyle and clear membership,,http://wikidata.org/entity/Q2061186
Q391009,1,Catholic order,catholic religious community living under solemn vows,Q1530022,http://wikidata.org/entity/Q391009
Q676555,1,Francis of Assisi,"Italian Catholic saint, friar, deacon and preacher and founder of the Franciscan Order (1181/2–1226)",Q5,http://wikidata.org/entity/Q676555
Q3167873,1,Jean-Marie de Silguy,French engineer and art collector (1785-1864),Q5,http://wikidata.org/entity/Q3167873
Q1030034,3,GLAM,"acronym for ""galleries, libraries, archives, and museums"" that refers to cultural institutions that have access to knowledge as their mission",Q3958441,http://wikidata.org/entity/Q1030034
Q18123390,2,exhibition area,area of a museum open to visitors,,http://wikidata.org/entity/Q18123390
Q708676,2,charitable organization,nonprofit organization with charitable purpose,Q10541491,http://wikidata.org/entity/Q708676
Q4287745,2,medical organization,organization which supports the field of medicine,,http://wikidata.org/entity/Q4287745
Q2668072,3,collection,set of purposely gathered physical or digital objects with some common characteristics,Q1128340,http://wikidata.org/entity/Q2668072
Q1254933,2,astronomical observatory,location used for observing celestial events,,http://wikidata.org/entity/Q1254933
Q879146,2,Christian denomination,identifiable Christian body with common characteristics,,http://wikidata.org/entity/Q879146
Q29300714,2,international association,association at international level,,http://wikidata.org/entity/Q29300714
Q829080,2,professional association,mission-driven organization seeking to further a particular profession,Q17197366,http://wikidata.org/entity/Q829080
Q856564,2,library association,organization of libraries for a common goal,,http://wikidata.org/entity/Q856564
Q17455058,3,music museum,museum specialising in the history of music and musical instruments,Q63982911,http://wikidata.org/entity/Q17455058
Q124750618,4,library of an Italian territorial body,,Q25397890,http://wikidata.org/entity/Q124750618
Q135713224,1,specialized museum,type of museum,Q63982911,http://wikidata.org/entity/Q135713224
Q152727,2,Frederick William of Brandenburg,Elector of Brandenburg and Duke of Prussia,Q5,http://wikidata.org/entity/Q152727
Q62659,1,"William Ernest, Duke of Saxe-Weimar",German Duke (1662–1728),Q5,http://wikidata.org/entity/Q62659
Q19860854,1,destroyed building or structure,building or structure that has been demolished or destroyed,Q55553838,http://wikidata.org/entity/Q19860854
Q3343298,3,non-departmental public body,UK quasi-autonomous non-governmental organisation,Q10541491,http://wikidata.org/entity/Q3343298
Q1200701,3,design museum,type of museum that focuses on design,Q63982911,http://wikidata.org/entity/Q1200701
Q17000320,1,theatre museum,type of museum,Q63982911,http://wikidata.org/entity/Q17000320
Q726941,1,François-Xavier Fabre,"French painter, teacher & philanthropist (1766-1837)",Q5,http://wikidata.org/entity/Q726941
Q3371051,1,Paul Deschamps,French historian (1888-1974),Q5,http://wikidata.org/entity/Q3371051
Q3386503,1,Pierre Paquet,French architect (1875–1959),Q5,http://wikidata.org/entity/Q3386503
Q5341295,4,educational organization,body with an aim of education,Q17197366,http://wikidata.org/entity/Q5341295
Q35112127,1,historic building,structure of historic nature,Q811102,http://wikidata.org/entity/Q35112127
Q317710,1,Maurice of Saxony,Duke of Saxony and later Elector of Saxony (1521–1553),Q5,http://wikidata.org/entity/Q317710
Q5,6,human,"any single member of Homo sapiens, unique extant species of the genus Homo",Q55983715,http://wikidata.org/entity/Q5
Q13226541,2,human spaceflight program,type of space program,,http://wikidata.org/entity/Q13226541
Q21605492,2,NASA program,series of space missions of NASA,,http://wikidata.org/entity/Q21605492
Q170584,2,project,"collaborative enterprise, frequently involving research or design, that is carefully planned to achieve a particular aim",,http://wikidata.org/entity/Q170584
Q8436,2,family,"group of people affiliated by consanguinity, law, affinity, or co-residence",Q112807602,http://wikidata.org/entity/Q8436
Q1292111,2,family of artists,family,,http://wikidata.org/entity/Q1292111
Q59629223,1,Giovanni Antonio Remondini,Italian printmaker (1634–1711),Q5,http://wikidata.org/entity/Q59629223
Q93709,1,Henry Clay Frick,American industrialist (1849-1919),Q5,http://wikidata.org/entity/Q93709
Q1200957,1,tourist destination,place attracting many tourists,Q29028649,http://wikidata.org/entity/Q1200957
Q36234,1,Charles III of Spain,King of Spain from 1759 to 1788,Q5,http://wikidata.org/entity/Q36234
Q1497649,1,memory institution,institution which has curatorial care over a collection and whose mission it is to preserve the collection for future generations,,http://wikidata.org/entity/Q1497649
Q17620767,2,State Archive,Italian State Archives,,http://wikidata.org/entity/Q17620767
Q1329623,1,cultural center,facility where culture and arts are promoted (wide definition),,http://wikidata.org/entity/Q1329623
Q13358519,2,parish,"district, where a priest preaches and exercises ecclesiastical duties",,http://wikidata.org/entity/Q13358519
Q68295960,3,Swedish government agency,state-controlled organization that act independently to carry out the policies of the Government of Sweden,,http://wikidata.org/entity/Q68295960
Q1180262,2,residenz,building or town where a sovereign ruler resided,,http://wikidata.org/entity/Q1180262
Q1401585,2,medium regional center,concept,Q151885,http://wikidata.org/entity/Q1401585
Q134626,2,district capital,capital of a German rural district,,http://wikidata.org/entity/Q134626
Q116621859,1,Greater district town in Baden-Württemberg,,,http://wikidata.org/entity/Q116621859
Q1060829,4,concert hall,,Q115211517,http://wikidata.org/entity/Q1060829
Q56242275,2,Lutheran church,religious building of the Lutheran church,,http://wikidata.org/entity/Q56242275
Q105378,2,Henry the Lion,"Welf dynasty, Duke of Saxony, as Henry III, and Duke of Bavaria, as Henry XII (1129-1195)",Q5,http://wikidata.org/entity/Q105378
Q19754035,1,Martin Brimmer,American politician and first director of the Boston Museum of Fine Arts (1829–1896),Q5,http://wikidata.org/entity/Q19754035
Q5076048,1,Charles Callahan Perkins,American artist,Q5,http://wikidata.org/entity/Q5076048
Q162157,2,chartered company,company created to colonize and trade,Q10541491,http://wikidata.org/entity/Q162157
Q6881511,2,enterprise,"organizational unit producing goods or services, which benefits from a certain degree of autonomy in decision-making, especially for the allocation of its current resources",Q2135465,http://wikidata.org/entity/Q6881511
Q26236686,2,East India company,company trading between Europe and India,Q1700154,http://wikidata.org/entity/Q26236686
Q891723,2,public company,company that offers its securities for sale to the general public,Q10541491,http://wikidata.org/entity/Q891723
Q2208411,2,heritage library,library that preserves specific elements from a collection permanently,,http://wikidata.org/entity/Q2208411
Q454645,1,Titus Brandsma,"Dutch Carmelite friar, Catholic priest, professor of philosophy and saint (1881–1942)",Q5,http://wikidata.org/entity/Q454645
Q1666019,4,pressure group,"class, group, or organization that wants to influence public policy and state action in its favor",,http://wikidata.org/entity/Q1666019
Q53251146,2,parliamentary archives,political archives,,http://wikidata.org/entity/Q53251146
Q115456878,2,legislative branch agency,public organization type in the U.S.,,http://wikidata.org/entity/Q115456878
Q505976,1,"Christian Albert I, Duke of Schleswig-Holstein-Gottorp",duke of Schleswig-Holstein-Gottorp,Q5,http://wikidata.org/entity/Q505976
Q583157,2,regional council,elected assembly of a French region,,http://wikidata.org/entity/Q583157
Q1007870,1,art gallery,place where art is exhibited and sometimes also sold,,http://wikidata.org/entity/Q1007870
Q223293,1,"Filippo I, Duke of Parma","Monarch of Parma, Piacenza",Q5,http://wikidata.org/entity/Q223293
Q2917176,2,savings bank,type of financial institution in Spain,Q10541491,http://wikidata.org/entity/Q2917176
Q22687,2,bank,financial institution that accepts deposits,,http://wikidata.org/entity/Q22687
Q650241,2,financial institution,institution that provides financial services for its clients or members,Q17197366,http://wikidata.org/entity/Q650241
Q64578911,1,former hospital,"building or architectural structure no longer used as a hospital, currently existing or not",,http://wikidata.org/entity/Q64578911
Q180370,2,hospital,"building for pilgrims, travelers, or the needy; term originally reserved for similar establishments of the Knights Hospitallers",,http://wikidata.org/entity/Q180370
Q1686006,2,summer residence,castle used mainly in Summer,,http://wikidata.org/entity/Q1686006
Q18330146,2,cultural foundation,foundation for the promotion of culture,,http://wikidata.org/entity/Q18330146
Q2586205,2,scientific library,research library,Q25397890,http://wikidata.org/entity/Q2586205
Q180936,1,Saint Gall,Irish disciple and saint,Q5,http://wikidata.org/entity/Q180936
Q34067897,1,Louis Hugot,"French archivist, librarian and historian",Q5,http://wikidata.org/entity/Q34067897
Q17487523,2,conservatories with regional coverage,type of music school in France,,http://wikidata.org/entity/Q17487523
Q3551775,2,university in France,public university in France,Q74817647,http://wikidata.org/entity/Q3551775
Q3487903,1,Society of Bibliophiles,group of book hobbyists,,http://wikidata.org/entity/Q3487903
Q18115193,1,Henri Helbig,Belgian historian and bibliophile (1813-1890),Q5,http://wikidata.org/entity/Q18115193
Q20605499,1,Stanislas Bormans,Belgian archivist and historian,Q5,http://wikidata.org/entity/Q20605499
Q3298839,1,Mathieu Lambert Polain,Belgian writer (1808–1872),Q5,http://wikidata.org/entity/Q3298839
Q130279335,1,Épiphane Martial,belgian lawyer,Q5,http://wikidata.org/entity/Q130279335
Q3548134,1,Ulysse Capitaine,Belgian historian (1828–1871),Q5,http://wikidata.org/entity/Q3548134
Q748019,1,scientific society,society dealing with a special field of science,,http://wikidata.org/entity/Q748019
Q1902446,2,plate glass university,group of universities established or expanded in the United Kingdom during the mid-twentieth century,,http://wikidata.org/entity/Q1902446
Q66763728,1,Hinman B. Hurlbut,American businessman and a founder of the Cleveland Museum of Art,Q5,http://wikidata.org/entity/Q66763728
Q80874005,1,John Huntington,American businessman and philanthropist (1832–1893),Q5,http://wikidata.org/entity/Q80874005
Q66448841,1,Horace Kelley,American industrialist and philanthropist,Q5,http://wikidata.org/entity/Q66448841
Q21794020,1,Jeptha Wade,"American entrepreneur, daguerreotypist and portrait painter (1811-1890)",Q5,http://wikidata.org/entity/Q21794020
Q23954868,1,Jeptha Homer Wade II,"American financier, philanthropist, and art collector (1857–1926)",Q5,http://wikidata.org/entity/Q23954868
Q105338594,2,diocesan library,type of library,Q25397890,http://wikidata.org/entity/Q105338594
Q1700154,2,colonial society,,Q17197366,http://wikidata.org/entity/Q1700154
Q219407,2,Ponzi scheme,fraudulent investment scheme that pays earlier investors with proceeds from later investors,Q130583773,http://wikidata.org/entity/Q219407
Q51056,1,Franz Joseph I of Austria,Emperor of Austria and King of Hungary (1830-1916),Q5,http://wikidata.org/entity/Q51056
Q18674739,2,event venue,"location suitable for hosting events, indoors or outdoors",Q120232154,http://wikidata.org/entity/Q18674739
Q1378975,2,convention center,building designed to hold a convention,,http://wikidata.org/entity/Q1378975
Q52341833,4,state archives,archive of a state,Q636033,http://wikidata.org/entity/Q52341833
Q27032392,2,regional archive,archive with a regional scope,Q636033,http://wikidata.org/entity/Q27032392
Q1802122,2,German state agency,government agency of a German state,,http://wikidata.org/entity/Q1802122
Q71738398,1,Johan Schoonderbeek,Dutch musician,Q5,http://wikidata.org/entity/Q71738398
Q385994,2,special library,specialized library providing resources on a particular topic or discipline,Q25397890,http://wikidata.org/entity/Q385994
Q9134984,2,secularized monastery,,,http://wikidata.org/entity/Q9134984
Q445396,1,print room,"collection of prints, and sometimes drawings, watercolours and photographs",,http://wikidata.org/entity/Q445396
Q44361,1,Ludwig I of Bavaria,King of Bavaria (1786-1868),Q5,http://wikidata.org/entity/Q44361
Q2528876,1,Vittorio Cini,"Italian politician, entrepreneur and art collector (1885-1977)",Q5,http://wikidata.org/entity/Q2528876
Q588140,1,science museum,museum devoted primarily to science,Q63982911,http://wikidata.org/entity/Q588140
Q1970365,1,natural history museum,institution that displays exhibits of natural historical significance,Q63982911,http://wikidata.org/entity/Q1970365
Q474430,1,Pieter Teyler van der Hulst,Dutch Mennonite cloth merchant and art collector (1702-1778),Q5,http://wikidata.org/entity/Q474430
Q310326,1,Hans Sloane,"Irish botanist, doctor, and collector (1660-1753)",Q5,http://wikidata.org/entity/Q310326
Q1664720,2,institute,organizational body created for a certain purpose,Q17197366,http://wikidata.org/entity/Q1664720
Q223393,5,literary genre,category of literary composition,Q19478619,http://wikidata.org/entity/Q223393
Q108329096,1,art genre by arts form,refers to a genre which is exactly the intersection between an art form and a more general art genre,Q19478619,http://wikidata.org/entity/Q108329096
Q627436,3,field of work,particular area of activity in industry and science,Q19478619,http://wikidata.org/entity/Q627436
Q15706467,1,biographical work,genre that dramatizes the life of an actual person or people,Q108466143,http://wikidata.org/entity/Q15706467
Q20540385,1,non-fiction work,piece of literary work that consists in covering a specific subject in a plausible manner,Q110169000,http://wikidata.org/entity/Q20540385
Q1047113,5,field of study,field limited to a specific area of ​​knowledge; specialization in an occupation or branch of learning; a specific use,Q110402867,http://wikidata.org/entity/Q1047113
Q862597,8,musical form,overall structure or plan of a piece of music,Q19478619,http://wikidata.org/entity/Q862597
Q2001982,1,notation,system of symbols to represent facts or quantities,,http://wikidata.org/entity/Q2001982
Q11177771,2,artistic technique,method by which art is produced,,http://wikidata.org/entity/Q11177771
Q115211517,7,musical concept,type of artistic concept,,http://wikidata.org/entity/Q115211517
Q2188189,1,musical work,"generic term for any work of art related to music, i.e. songs, compositions, groups of compositions, sheet music, melodies, albums, musical films, etc.",Q116474095,http://wikidata.org/entity/Q2188189
Q2910675,1,unfinished creative work,creative work that has not been finished,,http://wikidata.org/entity/Q2910675
Q30142173,1,sign of authenticity,,,http://wikidata.org/entity/Q30142173
Q11341687,1,mark,medium of conveying meaning,,http://wikidata.org/entity/Q11341687
Q56055944,5,type of arts,"form of the arts distinguished by its medium of expression (e.g. literature, music, visual arts)",Q19478619,http://wikidata.org/entity/Q56055944
Q2267705,2,field of study,field of study leading to a specific degree,,http://wikidata.org/entity/Q2267705
Q188451,10,music genre,category that identifies pieces of music as belonging to a shared tradition or set of conventions,Q151885,http://wikidata.org/entity/Q188451
Q7777573,2,theatrical genre,division and subdivisions of various forms of theater,Q19478619,http://wikidata.org/entity/Q7777573
Q811102,1,type of building,Wikidata metaclass for building and architectural typology,Q5962346,http://wikidata.org/entity/Q811102
Q57821,1,fortification,military constructions and buildings designed for defense in warfare and military bases,,http://wikidata.org/entity/Q57821
Q96597597,1,castle courtyard,"inner courtyard of a castle, around which the different units are organized",Q391414,http://wikidata.org/entity/Q96597597
Q91165,1,keep,type of fortified tower built within castles during the Middle Ages by European nobility,Q811102,http://wikidata.org/entity/Q91165
Q57346,1,defensive wall,fortification used to protect an area from potential aggressors,,http://wikidata.org/entity/Q57346
Q107487333,4,type of musical work/composition,Wikidata metaclass,Q19478619,http://wikidata.org/entity/Q107487333
Q9730,2,classical music,broad tradition of Western art music,Q188451,http://wikidata.org/entity/Q9730
Q207628,6,composed musical work,"original piece or work of music, either vocal or instrumental",Q116474095,http://wikidata.org/entity/Q207628
Q115484611,2,music,"set of organized sounds considered melodic or, more generally, musical",,http://wikidata.org/entity/Q115484611
Q47728,1,hobby,regular leisure activity that is done usually for enjoyment,,http://wikidata.org/entity/Q47728
Q108634029,1,gathering,act of bringing items together,,http://wikidata.org/entity/Q108634029
Q60075825,1,Christian holy day,religious day within Christianity,Q134485872,http://wikidata.org/entity/Q60075825
Q1197685,1,public holiday,"holiday generally established by law, usually a non-working day for most people",Q134485872,http://wikidata.org/entity/Q1197685
Q5440532,1,federal holiday in the United States,federal holiday recognized by the Government of the USA,,http://wikidata.org/entity/Q5440532
Q3010205,1,celebration,social event,,http://wikidata.org/entity/Q3010205
Q106010,1,Christmas Eve,evening or entire day before Christmas Day,Q1197685,http://wikidata.org/entity/Q106010
Q2703710,1,Christmas Day,Christian holiday occurring on 25 December,Q1445650,http://wikidata.org/entity/Q2703710
Q1366863,1,Saint Stephen's Day,holiday occurring on 26 December,Q1445650,http://wikidata.org/entity/Q1366863
Q15113728,1,Second Day of Christmas,holiday celebrated on 26 December,Q375011,http://wikidata.org/entity/Q15113728
Q956699,1,Boxing Day,"bank or public holiday that occurs on 26 December, or the first or second weekday after Christmas Day",Q1197685,http://wikidata.org/entity/Q956699
Q833053,2,theme,musical melody on which a composition is based,Q115211517,http://wikidata.org/entity/Q833053
Q11019,2,machine,set of moving and fixed elements that uses energy to perform an intended action,Q104086571,http://wikidata.org/entity/Q11019
Q4198689,1,metrological mechanism,,,http://wikidata.org/entity/Q4198689
Q42622779,1,timepiece,device for measuring or recording the passage of time,,http://wikidata.org/entity/Q42622779
Q115923123,1,decorative object,object used as decoration,,http://wikidata.org/entity/Q115923123
Q33742,1,natural language,"language naturally spoken by humans, as opposed to ""constructed"" and ""formal"" languages",Q20829075,http://wikidata.org/entity/Q33742
Q1288568,1,modern language,language in current use,Q20829075,http://wikidata.org/entity/Q1288568
Q34770,2,language,"particular system of communication, often named for the region or peoples that use it",Q28923954,http://wikidata.org/entity/Q34770
Q152559,1,macrolanguage,language scope defined in the ISO 639-3 standard,Q28923954,http://wikidata.org/entity/Q152559
Q399495,1,standard language,language variety used by a population in their public discourse (for public purposes); standardized language that has at least one standard variety besides its other varieties; variety that has undergone standardization,Q20829075,http://wikidata.org/entity/Q399495
Q1097949,1,literary language,"form of a language used in its literary writing, either a non-standard dialect or standardized variety of the language",Q20829075,http://wikidata.org/entity/Q1097949
Q20162172,1,human language,"set of all languages currently or formerly spoken, written, or signed by humans (excluding computer languages and mathematical/logically-formal languages)",Q28923954,http://wikidata.org/entity/Q20162172
Q1346342,1,Anglic,group of languages including English and Scots,Q25295,http://wikidata.org/entity/Q1346342
Q5329170,1,Anglo-Frisian,group of West Germanic languages,Q25295,http://wikidata.org/entity/Q5329170
Q7985,1,received pronunciation,standard accent for British English,Q16001535,http://wikidata.org/entity/Q7985
Q7976,1,American English,set of dialects of the English language spoken in the United States,Q951873,http://wikidata.org/entity/Q7976
Q44679,1,Australian English,set of varieties of the English language native to Australia,Q951873,http://wikidata.org/entity/Q44679
Q1348800,1,Indian English,group of English dialects spoken primarily in the Indian subcontinent,Q33384,http://wikidata.org/entity/Q1348800
Q44676,1,Canadian English,set of varieties of the English language native to Canada,Q34770,http://wikidata.org/entity/Q44676
Q7979,1,British English,forms of the English language used in Britain,Q951873,http://wikidata.org/entity/Q7979
Q1553250,1,Scottish English,varieties of English spoken in Scotland,Q33384,http://wikidata.org/entity/Q1553250
Q665624,1,Hiberno-English,set of Irish-English dialects natively written and spoken within the island of Ireland,Q33384,http://wikidata.org/entity/Q665624
Q2363292,1,Welsh English,dialect within the English language,Q33384,http://wikidata.org/entity/Q2363292
Q7269768,1,Quebec English,form of the Germanic language as spoken in the Canadian province of Quebec,Q33384,http://wikidata.org/entity/Q7269768
Q4567134,1,Caribbean English,varieties of English,Q1208380,http://wikidata.org/entity/Q4567134
Q8002,1,African American Vernacular English,non-standard variety of English spoken by most working- and middle-class African Americans and some Black Canadians,Q4388326,http://wikidata.org/entity/Q8002
Q23580217,1,European English,dialect of the English language spoken in the European Union,Q33384,http://wikidata.org/entity/Q23580217
Q1156228,1,South African English,dialect and set of English dialects native to South Africans,Q33384,http://wikidata.org/entity/Q1156228
Q12859294,1,Pakistani English,group of English language varieties spoken and written in Pakistan,Q33384,http://wikidata.org/entity/Q12859294
Q7033019,1,Nigerian English,dialect of English spoken in Nigeria,Q33384,http://wikidata.org/entity/Q7033019
Q44661,1,New Zealand English,dialect within the English language,Q33384,http://wikidata.org/entity/Q44661
Q603200,1,Jamaican English,dialect,Q1288568,http://wikidata.org/entity/Q603200
Q111911970,1,Belizean English,variety of English,Q33384,http://wikidata.org/entity/Q111911970
Q1068863,1,Hong Kong English,variety of English,Q33384,http://wikidata.org/entity/Q1068863
Q66724591,1,non-English,language is not English,,http://wikidata.org/entity/Q66724591
Q110749524,1,show business profession,type of profession,Q24017414,http://wikidata.org/entity/Q110749524
Q4801269,1,artistic director,person who directs a musical ensemble,Q66715801,http://wikidata.org/entity/Q4801269
Q1776724,4,theatre manager,person who manages a theatre,Q28640,http://wikidata.org/entity/Q1776724
Q2961975,1,business executive,"person responsible for running a business, or an aspect of it",Q28640,http://wikidata.org/entity/Q2961975
Q47541952,1,producer,media and entertainment occupation,Q28640,http://wikidata.org/entity/Q47541952
Q110295396,3,type of musical instrument,Wikidata metaclass,Q19478619,http://wikidata.org/entity/Q110295396
Q34379,2,musical instrument,device created or adapted to make musical sounds,Q96251598,http://wikidata.org/entity/Q34379
Q49447,1,world view,fundamental cognitive orientation of an individual or society encompassing the entirety of the individual or society's knowledge and point of view,Q151885,http://wikidata.org/entity/Q49447
Q1387659,1,school of thought,group of people sharing common outlook on an academic issue or field,,http://wikidata.org/entity/Q1387659
Q58927801,1,ethical theory,philosophically coherent set of propositions related to ethics or morality,Q33104279,http://wikidata.org/entity/Q58927801
Q2198855,2,cultural movement,period and movement in cultural history,,http://wikidata.org/entity/Q2198855
Q290509,1,antihumanism,"philosophical and social theory, critical of traditional humanism",Q5389993,http://wikidata.org/entity/Q290509
Q71128988,1,pharmacological and toxicological phenomena and processes,"drug, toxin, and poison metabolism, and their interactions and effects on biological systems",,http://wikidata.org/entity/Q71128988
Q851990,1,population group,demographic classification of people,Q112807602,http://wikidata.org/entity/Q851990
Q134264207,1,class of human,collection of humans defined by common characteristics,Q19478619,http://wikidata.org/entity/Q134264207
Q1516282,1,juvenile,"individual organism that has not yet reached its adult form, sexual maturity, size",Q1811014,http://wikidata.org/entity/Q1516282
Q4263830,1,literary form,category of literary works distinguished by formal characteristics without consideration of content,Q19478619,http://wikidata.org/entity/Q4263830
Q13136,1,reference work,genre of work to which one can refer for confirmed facts,Q223393,http://wikidata.org/entity/Q13136
Q6423319,1,knowledge organization system,"generic term used in knowledge organization about authority files, classification schemes, thesauri, topic maps, ontologies etc.",Q96116695,http://wikidata.org/entity/Q6423319
Q1063801,1,tertiary source,index or textual consolidation of primary and secondary sources,,http://wikidata.org/entity/Q1063801
Q2217301,1,serial,"publication in any medium issued under the same title in a succession of discrete parts, usually numbered (or dated) and appearing at regular or irregular intervals with no predetermined conclusion",Q39725049,http://wikidata.org/entity/Q2217301
Q18168594,1,lexicon,type of reference work,Q4263830,http://wikidata.org/entity/Q18168594
Q1400264,1,artist collective,group of artists who create works together,Q16334295,http://wikidata.org/entity/Q1400264
Q136653105,1,type of industry,metaclass for industry,Q24017414,http://wikidata.org/entity/Q136653105
Q746359,1,music industry,companies and individuals that create and sell music and make money off of sales,Q136653105,http://wikidata.org/entity/Q746359
Q839546,1,machine element,elementary component of a machine,Q44409287,http://wikidata.org/entity/Q839546
Q239001,1,control panel,flat area where control or monitoring instruments are displayed,,http://wikidata.org/entity/Q239001
Q88563556,1,,,,http://wikidata.org/entity/Q88563556
Q4894405,1,journalism genre,"various journalism styles, fields or separate genres, in writing accounts of events",,http://wikidata.org/entity/Q4894405
Q3059502,1,critique,"method of disciplined, systematic analysis of a written or oral discourse",Q483394,http://wikidata.org/entity/Q3059502
Q107478770,1,type of document,type or class of documents,Q19478619,http://wikidata.org/entity/Q107478770
Q110452794,2,form of creative work,Wikidata metaclass,Q19478619,http://wikidata.org/entity/Q110452794
Q18593264,1,item of collection or exhibition,"defines an item, such as an object or document, that is a member of a collection or part of a repository",,http://wikidata.org/entity/Q18593264
Q49848,1,document,form for preservation of structured and identified information,,http://wikidata.org/entity/Q49848
Q3331189,1,"version, edition or translation","specific version of a work, resulting from its edition, adaptation, or translation; set of substantially similar copies of a work (use with P31 [""instance of""])",Q11723795,http://wikidata.org/entity/Q3331189
Q110304307,1,two-dimensional visual artwork,"artwork primarily or entirely limited to two spatial dimensions; most paintings, drawings, prints, etc.",,http://wikidata.org/entity/Q110304307
Q1668556,2,paper product,product made from paper,,http://wikidata.org/entity/Q1668556
Q133492,1,letter,written message from one to another,Q223393,http://wikidata.org/entity/Q133492
Q52560700,1,fold,sharp bend or curve in a material such that it lays over itself,,http://wikidata.org/entity/Q52560700
Q686831,1,book design,"styling, formatting and designing the layout of a book's contents",Q1047113,http://wikidata.org/entity/Q686831
Q998555,1,book illustration,illustration which appears in books,Q483394,http://wikidata.org/entity/Q998555
Q116037313,1,arts and crafts toy,"toy that children can use to make things themselves, like drawings, paintings, works of crafts",Q63981612,http://wikidata.org/entity/Q116037313
Q1523267,1,ephemera,things that are meant to exist or be used for only a short time,,http://wikidata.org/entity/Q1523267
Q24034552,1,mathematical concept,abstract entity in mathematics,Q23958852,http://wikidata.org/entity/Q24034552
Q11696608,4,elements of music,"characteristic, dimension, or element taken as a part or component of music",Q115211517,http://wikidata.org/entity/Q11696608
Q65313765,1,disharmony,opposite of harmony,Q115211517,http://wikidata.org/entity/Q65313765
Q1824109,2,song form,"music form based on verse metrics (lines, stanzas) in common with the strophicity of dance music",Q862597,http://wikidata.org/entity/Q1824109
Q5185279,1,poem,"form of literature, work of poetry, often composed of verses",Q4263830,http://wikidata.org/entity/Q5185279
Q110592632,1,music of the Iberian Peninsula,music genre,Q75054287,http://wikidata.org/entity/Q110592632
Q1914636,6,activity,series of actions done by an agent which results in an external change of state,Q116505632,http://wikidata.org/entity/Q1914636
Q29431432,1,dyad,concrete group of 2 specific members,Q99469810,http://wikidata.org/entity/Q29431432
Q1292119,1,style,"manner of expression particular to a specific period, group, or person",Q151885,http://wikidata.org/entity/Q1292119
Q7777494,1,theatre music,"music for staged works, whether composed as an integral part of the work (e.g., operas) or to otherwise accompany or enhance it (e.g., incidental music)",Q188451,http://wikidata.org/entity/Q7777494
Q6023295,2,funerary structure,ceremonial structure built for funerals or burials,,http://wikidata.org/entity/Q6023295
Q5003624,1,memorial,"area or object, smaller than a monument, which serves as a focus for memory of something",,http://wikidata.org/entity/Q5003624
Q108325,1,chapel,"small place, building or room of Christian fellowship or worship, may be attached or not to a larger institution or part of a building",Q811102,http://wikidata.org/entity/Q108325
Q2196917,1,church chapel,part of church,Q50556809,http://wikidata.org/entity/Q2196917
Q133575421,1,auxiliary chapel,all the chapels inside a church except the main chapel,Q50556809,http://wikidata.org/entity/Q133575421
Q18783400,1,genre of sculpture,genre,Q19478619,http://wikidata.org/entity/Q18783400
Q337060,1,perceptible physical object,entity that is physically perceptible,,http://wikidata.org/entity/Q337060
Q11784425,1,physical model,tangible representation of an object or system,,http://wikidata.org/entity/Q11784425
Q220659,1,archaeological artefact,something made or modified by humans and of archaeological interest,,http://wikidata.org/entity/Q220659
Q8205328,1,artificial physical object,physical object made or shaped by humans,Q96251598,http://wikidata.org/entity/Q8205328
Q11422,1,toy,object intended to be played with,Q63981612,http://wikidata.org/entity/Q11422
Q3306516,1,pace,the tempo or rhythm that events happen,,http://wikidata.org/entity/Q3306516
Q117898917,1,,,,http://wikidata.org/entity/Q117898917
Q125542526,1,type of activity,meta class for activity,Q19478619,http://wikidata.org/entity/Q125542526
Q9311671,1,residential child care community,type of residential care for children,,http://wikidata.org/entity/Q9311671
Q33104279,1,philosophical concept,concept used in philosophy,Q137429456,http://wikidata.org/entity/Q33104279
Q2146099,1,impersonation,taking on an identity that is not one's own,,http://wikidata.org/entity/Q2146099
Q106238462,1,genre of piyyut,,Q19478619,http://wikidata.org/entity/Q106238462
Q111972893,1,type of structure,Wikidata metaclass of arrangement and organization of interrelated elements in an object or system,Q19478619,http://wikidata.org/entity/Q111972893
Q1639408,1,musical parameter,measurable aspect in music,Q115211517,http://wikidata.org/entity/Q1639408
Q1254773,3,family of musical instruments,grouping of different but related types of instruments,Q24017414,http://wikidata.org/entity/Q1254773
Q5307737,1,alcohol drinking establishment,business whose primary function is the serving of alcoholic beverages for consumption on the premises,,http://wikidata.org/entity/Q5307737
Q1051772,1,chordophone,class of musical instruments that makes sound by way of a vibrating string or strings stretched between two points,Q1254773,http://wikidata.org/entity/Q1051772
Q125092269,1,type of conflict,Wikidata metaclass for conflicts in various situations,Q19478619,http://wikidata.org/entity/Q125092269
Q17524420,2,aspect of history,topic viewed from a historical point of view,Q19478619,http://wikidata.org/entity/Q17524420
Q350604,1,armed conflict,conflict including violence where at least one of the acting groups is a state,Q125092269,http://wikidata.org/entity/Q350604
Q1920219,3,social issue,problem that influences a considerable number of individuals within a society,Q130286945,http://wikidata.org/entity/Q1920219
Q1190554,3,occurrence,occurrence of a fact or object in space-time; instantiation of a property in an object,,http://wikidata.org/entity/Q1190554
Q15835236,1,military action,use of the armed forces as a means of executive power,,http://wikidata.org/entity/Q15835236
Q17091170,1,group conflict,hostilities between different groups,Q125092269,http://wikidata.org/entity/Q17091170
Q6428674,1,era,"span of time marked by people, events, geological periods, etc.",,http://wikidata.org/entity/Q6428674
Q178561,1,battle,"part of a war which is well defined in duration, area and force commitment",Q125092269,http://wikidata.org/entity/Q178561
Q105370834,1,war phase,,,http://wikidata.org/entity/Q105370834
Q454,1,peace,state of harmony characterized by lack of violent conflict and freedom from fear of violence,Q129510955,http://wikidata.org/entity/Q454
Q517596,1,mechanism,device designed to transform input forces and movement into a desired set of output forces and movement,,http://wikidata.org/entity/Q517596
Q28640,4,profession,occupation requiring specialized training,Q19478619,http://wikidata.org/entity/Q28640
Q11488158,2,corporate title,titles given in an organization to show what duties and responsibilities a person has,,http://wikidata.org/entity/Q11488158
Q108290289,1,senior government officials,,Q108300140,http://wikidata.org/entity/Q108290289
Q599151,6,official,someone who holds a high government office,Q12737077,http://wikidata.org/entity/Q599151
Q372436,3,statesperson,civil servant or politician in high government offices,Q12737077,http://wikidata.org/entity/Q372436
Q108163,1,proposition,idea that is true or false and may be expressed in a declarative sentence,Q33104279,http://wikidata.org/entity/Q108163
Q321703,1,premise,statement that an argument claims will induce or justify a conclusion,,http://wikidata.org/entity/Q321703
Q386724,1,work,intellectual or artistic creation,,http://wikidata.org/entity/Q386724
Q96634632,1,psychology concept,concept used in psychology,Q137429456,http://wikidata.org/entity/Q96634632
Q125161275,1,type of intelligence,Wikidata metaclass for intelligence or cleverness,Q19478619,http://wikidata.org/entity/Q125161275
Q781413,1,cognitive process,,Q116505632,http://wikidata.org/entity/Q781413
Q105756498,3,type of musical group,"Wikidata metaclass; type of musical group, band or ensemble, defined by genre, by instrumentation, or some other criteria",Q19478619,http://wikidata.org/entity/Q105756498
Q108586636,2,form of event,"metaclass, grouping forms and types of events by specificity",Q19478619,http://wikidata.org/entity/Q108586636
Q1656682,2,event,"temporary and scheduled happening, like a conference, festival, competition or similar",,http://wikidata.org/entity/Q1656682
Q770723,1,auxiliary science of history,scholarly disciplines which help evaluate and use historical sources and are seen as auxiliary for historical research,Q11862829,http://wikidata.org/entity/Q770723
Q216745,1,ostinato,"a melodic, rhythmic or harmonic motif that is constantly repeated in a composition or fragment",Q504514,http://wikidata.org/entity/Q216745
Q466439,2,extremism,ideology and behavior considered as extreme in a pejorative sense,Q7257,http://wikidata.org/entity/Q466439
Q2571535,2,political crime,"offense against the state, its government, or the political system",,http://wikidata.org/entity/Q2571535
Q86923152,2,risk source,"fundamental driver, circumstance or action that causes risks in a project, organization, or any other entity",Q112234259,http://wikidata.org/entity/Q86923152
Q19890758,2,political activism,variety of activism focused on politics,Q179805,http://wikidata.org/entity/Q19890758
Q909459,2,counter-terrorism,activity to defend against or prevent terrorist actions,,http://wikidata.org/entity/Q909459
Q110401282,1,type of world view,Wikidata metaclass,Q19478619,http://wikidata.org/entity/Q110401282
Q124490,1,violence,"destructive action characterized by lack of empathy and involving communication, manipulation, coercion and/or punishment",Q26256810,http://wikidata.org/entity/Q124490
Q252000,1,oppression,control of people by others,,http://wikidata.org/entity/Q252000
Q66715801,3,musical profession,musical vocation founded upon specialized musical training or mastery of an instrument,,http://wikidata.org/entity/Q66715801
Q3529618,1,academic title,title to indicate the completion of a course of study or the extent of academic achievement,,http://wikidata.org/entity/Q3529618
Q974144,5,educator,"occupation which teaches others knowledge, skills, and habits",Q28640,http://wikidata.org/entity/Q974144
Q116751803,1,composing,cross-art creation of work of art,,http://wikidata.org/entity/Q116751803
Q1745370,1,film stock,medium used for recording motion pictures,Q104481353,http://wikidata.org/entity/Q1745370
Q830450,1,microform,"scaled-down reproductions of documents made for the purposes of transmission, storage, reading, and printing",,http://wikidata.org/entity/Q830450
Q2465832,2,branch of science,field of scientific study,Q110402867,http://wikidata.org/entity/Q2465832
Q4164871,2,position,social role with a set of powers and responsibilities within an organization,,http://wikidata.org/entity/Q4164871
Q117023459,2,type of institution,Wikidata metaclass,Q24017414,http://wikidata.org/entity/Q117023459
Q17587988,1,symmetry of music,,,http://wikidata.org/entity/Q17587988
Q11072804,1,instrumental ensemble,musical ensemble consisting solely of instruments,Q105756498,http://wikidata.org/entity/Q11072804
Q106834231,1,music by period of time,"overview of music from a historical perspective, where the described music cannot go beyond the historical scope",Q19478619,http://wikidata.org/entity/Q106834231
Q3958441,1,economic sector,conceptual grouping of economic activities,Q5962346,http://wikidata.org/entity/Q3958441
Q1801887,1,agriculture and forestry,industry combining agriculture and forestry,Q268592,http://wikidata.org/entity/Q1801887
Q357279,1,cultivation,creation and maintenance of conditions that ensure the growth of certain organisms,,http://wikidata.org/entity/Q357279
Q1792379,1,art genre,"form of art in terms of a medium, format or theme",Q19478619,http://wikidata.org/entity/Q1792379
Q12737077,5,occupation,label applied to a person based on an activity they participate in,Q24017414,http://wikidata.org/entity/Q12737077
Q215627,1,person,"being that has certain capacities or attributes constituting personhood (for humans, use Q5 [human] with P31 [instance of])",,http://wikidata.org/entity/Q215627
Q3099911,1,scientific instrument,equipment specifically designed to facilitate the acquisition of scientific data,Q123588392,http://wikidata.org/entity/Q3099911
Q628455,1,rite,ceremonial act marked by the liturgy of a religion,,http://wikidata.org/entity/Q628455
Q331055,1,burial,ritual act of placing a dead person into the ground,Q1190554,http://wikidata.org/entity/Q331055
Q207315,1,cremation,disposition of a dead body by burning,Q5282671,http://wikidata.org/entity/Q207315
Q630013,1,burial at sea,method of burial,Q11621153,http://wikidata.org/entity/Q630013
Q567603,1,unmarked grave,a grave without a marker or monument,,http://wikidata.org/entity/Q567603
Q4998809,1,burial tree,tree or simple structure used for supporting corpses,Q201676,http://wikidata.org/entity/Q4998809
Q124650093,1,funeral invoice,itemized expenses for a funeral,Q190581,http://wikidata.org/entity/Q124650093
Q184418,1,coffin,"container for transport, laying out and the burial of a corpse",,http://wikidata.org/entity/Q184418
Q203443,1,tombstone,"stele or marker, usually stone, that is placed over a grave",Q11028,http://wikidata.org/entity/Q203443
Q855743,1,hearse,large funeral vehicle,,http://wikidata.org/entity/Q855743
Q751982,1,funeral procession,public organized movement of mourners along a route as a funeral custom,Q25616502,http://wikidata.org/entity/Q751982
Q12909644,1,political ideology,"ideology that advocates social, political and economic organization of human life",Q110401282,http://wikidata.org/entity/Q12909644
Q3048444,1,school of economic thought,group of economic thinkers who share or shared a common perspective on the way economies work,Q130804054,http://wikidata.org/entity/Q3048444
Q19659292,2,musical instrument part,component used in the construction of a musical instrument,,http://wikidata.org/entity/Q19659292
Q131986441,1,pipe,name of a corps of musical instruments from the group of wind instruments,,http://wikidata.org/entity/Q131986441
Q3689704,1,oral communication,communication using speech,,http://wikidata.org/entity/Q3689704
Q4393922,1,vocal sound,sound produced by a human,,http://wikidata.org/entity/Q4393922
Q29881373,1,vocal ensemble,musical ensemble consisting solely of singers,Q105756498,http://wikidata.org/entity/Q29881373
Q106625143,1,choir singer,singer (male or female) in a choir made up of several people,Q12737077,http://wikidata.org/entity/Q106625143
Q1076502,5,choir director,person who directs a choir,Q66715801,http://wikidata.org/entity/Q1076502
Q181175,1,scalar quantity,quantity represented by a scalar: quantity having no direction,Q71758646,http://wikidata.org/entity/Q181175
Q58415929,1,spatio-temporal entity,"object with a position in time and/or space, and possibly an extent in time and/or space",Q124711104,http://wikidata.org/entity/Q58415929
Q2487752,1,independent variable,parameter that represents an arbitrary input of a mathematical expression,,http://wikidata.org/entity/Q2487752
Q133250,1,sequence,ordered list of the same type of elements (finite or infinite),,http://wikidata.org/entity/Q133250
Q3054889,1,measurable set,an element of the sigma-algebra of a measurable space,,http://wikidata.org/entity/Q3054889
Q186081,1,time interval,"temporal extent having a beginning, an end and a duration",,http://wikidata.org/entity/Q186081
Q216353,1,title,"qualified name, rank, or other indication of a class or role given to or inherited by a person, often affixed to a person's name",,http://wikidata.org/entity/Q216353
Q17573152,1,believer,person who believes in religious doctrine,Q4392985,http://wikidata.org/entity/Q17573152
Q4120621,1,rank,level in a hierarchy,,http://wikidata.org/entity/Q4120621
Q2588761,1,tradesperson,worker that specializes in a particular trade or craft requiring skill,Q12737077,http://wikidata.org/entity/Q2588761
Q44494,1,mill,"device that breaks solid materials into smaller pieces by grinding, crushing, or cutting",,http://wikidata.org/entity/Q44494
Q2111778,1,production structure,general term that groups all structures built for the purpose of industry,Q29028649,http://wikidata.org/entity/Q2111778
Q56822897,1,mill building,building that houses a mill,Q134496690,http://wikidata.org/entity/Q56822897
Q2221906,1,geographic location,"point, line or area on or near Earth",Q96253971,http://wikidata.org/entity/Q2221906
Q35825432,1,converter,"entity that converts, modifies, or transforms, producing an change of state, observable on the entity itself or on other objects",,http://wikidata.org/entity/Q35825432
Q58635633,1,media profession,variety of occupations,Q29028649,http://wikidata.org/entity/Q58635633
Q482980,42,author,writer of an original work,Q12737077,http://wikidata.org/entity/Q482980
Q103810966,1,circus profession,,Q19478619,http://wikidata.org/entity/Q103810966
Q483501,25,artist,person who engages in any form of artistic creation or practice,Q12737077,http://wikidata.org/entity/Q483501
Q187588,1,social class,group of people categorized in a hierarchy based on socioeconomic factors,,http://wikidata.org/entity/Q187588
Q127871326,1,estate of the realm,self-contained large social group in medieval and early modern Europe,,http://wikidata.org/entity/Q127871326
Q874405,2,social group,two or more humans who interact with one another,Q33104129,http://wikidata.org/entity/Q874405
Q16744001,1,noble,member of the nobility,Q189970,http://wikidata.org/entity/Q16744001
Q113291098,1,noble women,women of the nobility,Q151885,http://wikidata.org/entity/Q113291098
Q78088984,1,study type,"Wikidata metaclass and category of a research project, Wikidata metaclass for research",Q109542218,http://wikidata.org/entity/Q78088984
Q2155640,1,empirical research,research using empirical evidence,Q78088984,http://wikidata.org/entity/Q2155640
Q730675,1,quantitative research,all procedures for the numerical representation of empirical facts,Q1047113,http://wikidata.org/entity/Q730675
Q3695082,1,sign,"semiotic concept; object, quality, event, or entity whose presence or occurrence indicates the probable presence or occurrence of something else; includes words, punctuation, expressions, gestures, notices, road signs, symbols, pictures, etc.",,http://wikidata.org/entity/Q3695082
Q1272626,1,representation,"entity or process that portrays something else, usually in a simplified or approximated manner",Q151885,http://wikidata.org/entity/Q1272626
Q1792623,1,arts educational institution,educational institution of any level teaching any of the arts,Q112872396,http://wikidata.org/entity/Q1792623
Q13226383,1,facility,"place, equipment, or service to support a specific function",Q12046615,http://wikidata.org/entity/Q13226383
Q843227,1,trope,"use of figurative language – via word, phrase, or even an image – for artistic effect",,http://wikidata.org/entity/Q843227
Q182545,1,stylistic device,"technique used to give an auxiliary meaning, idea, or feeling to a literal message, including assonance, consonance and alliteration",,http://wikidata.org/entity/Q182545
Q6805989,1,media regulation,control or guidance of mass media by governments and other bodies,Q597339,http://wikidata.org/entity/Q6805989
Q192581,1,job activity,activity done by a person to earn money,,http://wikidata.org/entity/Q192581
Q22692,1,freedom of speech,right to communicate one's opinions and ideas and right to speak,Q29556,http://wikidata.org/entity/Q22692
Q15831325,1,class used in Universal Decimal Classification,,,http://wikidata.org/entity/Q15831325
Q2729863,1,hostility,form of emotionally charged angry behavior,Q9332,http://wikidata.org/entity/Q2729863
Q859781,1,bigotry,intolerance of different views or beliefs,Q31172650,http://wikidata.org/entity/Q859781
Q169207,1,discrimination,differential treatment based on membership of a certain group,Q33104129,http://wikidata.org/entity/Q169207
Q194189,1,sales,exchange of goods for money over a targeted time period,Q151885,http://wikidata.org/entity/Q194189
Q15079592,1,strategic game,specific mathematical model of interactions and payoffs of optimizing agents,Q151885,http://wikidata.org/entity/Q15079592
Q7915726,1,variable pricing,pricing strategy that relies on information exchange between buyers and sellers to set prices,,http://wikidata.org/entity/Q7915726
Q3276328,1,bidding,"offer, often competitive in nature, to set a price for a product or service",,http://wikidata.org/entity/Q3276328
Q108306867,1,tone (work),defined by the emotion the work tries to convey,,http://wikidata.org/entity/Q108306867
Q622645,1,attitude,"psychological construct, a mental and emotional entity that inheres in, or characterizes a person",,http://wikidata.org/entity/Q622645
Q1149305,1,disposition,tendency of a person to act in a specified way,,http://wikidata.org/entity/Q1149305
Q9332,1,behavior,"range of actions by entities, living or not, within a system",Q96634632,http://wikidata.org/entity/Q9332
Q968159,1,art movement,"tendency or style in art with a specific common philosophy or goal, possibly associated with a specific historical period",,http://wikidata.org/entity/Q968159
Q11024,1,communication,act of conveying intended meaning,Q1413287,http://wikidata.org/entity/Q11024
Q45762,1,dead language,"language that is no longer the native language of any community, even if it is still in use",Q20829075,http://wikidata.org/entity/Q45762
Q436240,1,ancient language,language originated in times that may be referred to as ancient,Q20829075,http://wikidata.org/entity/Q436240
Q839470,1,sacred language,language that is cultivated for religious reasons,Q2313235,http://wikidata.org/entity/Q839470
Q315,1,language,general system which gives humans the ability to communicate,Q1347367,http://wikidata.org/entity/Q315
Q33478,1,Latino-Faliscan,Italic language family consisting of Latin and Faliscan,Q25295,http://wikidata.org/entity/Q33478
Q85380120,1,Southern European language,language group,Q941501,http://wikidata.org/entity/Q85380120
Q78612407,1,Latin word,a word in Latin language,,http://wikidata.org/entity/Q78612407
Q29448469,1,Latin or Greek word,word,,http://wikidata.org/entity/Q29448469
Q133182,1,superstition,belief in irrational supernatural causality,,http://wikidata.org/entity/Q133182
Q17489659,2,group of works,any set of works,,http://wikidata.org/entity/Q17489659
Q129133491,1,ethnological term,technical term; word or phrase that is part of the terminology of ethnology,Q19478619,http://wikidata.org/entity/Q129133491
Q11438,1,solid,solid matter; matter which does not deform easily under pressure,Q15831576,http://wikidata.org/entity/Q11438
Q2424752,1,product,anything that can be offered to a market,Q29028649,http://wikidata.org/entity/Q2424752
Q214609,2,material,"substance that can occur in different amounts, all with some similar [mixture of some] characteristics, and with which objects can be made",,http://wikidata.org/entity/Q214609
Q125274801,1,fine ceramic,,Q1531349,http://wikidata.org/entity/Q125274801
Q125275163,1,heavy clay ceramic,,Q1531349,http://wikidata.org/entity/Q125275163
Q113145171,1,type of chemical entity,Wikidata metaclass that covers physical entities of interest in chemistry including molecular entities and pure chemical substances,Q19478619,http://wikidata.org/entity/Q113145171
Q518350,1,copper-based alloy,metal alloy with copper as its principal component,Q214609,http://wikidata.org/entity/Q518350
Q753,1,copper,chemical element with symbol Cu and atomic number 29,Q11344,http://wikidata.org/entity/Q753
Q758,1,zinc,chemical element with symbol Zn and atomic number 30,Q11344,http://wikidata.org/entity/Q758
Q11344,1,chemical element,"species of atoms having the same number of protons in the atomic nucleus and the same chemical properties, but not necessarily the same mass, or the same stability (or half-lifetime if they are unstable)",Q24017414,http://wikidata.org/entity/Q11344
Q11426,1,metal,"element, compound, or alloy that is a good conductor of both electricity and heat",,http://wikidata.org/entity/Q11426
Q12140,1,medication,"substance used to diagnose, cure, treat, or prevent disease",,http://wikidata.org/entity/Q12140
Q3333419,1,primary metabolite,"intermediate or end product of metabolism which is directly involved in growth, development and reproduction",Q56256173,http://wikidata.org/entity/Q3333419
Q124291,1,electrical conductor,material that allows the flow of electrical current,,http://wikidata.org/entity/Q124291
Q161,1,fiber,natural or synthetic substance that is significantly longer than it is wide,Q19478619,http://wikidata.org/entity/Q161
Q55721745,1,set of bells,class of musical instruments consisting of multiple bells,Q1254773,http://wikidata.org/entity/Q55721745
Q7198871,1,melodic percussion instrument,percussion musical instrument that produces sounds with a definite pitch,Q1254773,http://wikidata.org/entity/Q7198871
Q211606,1,social structure,aggregate of patterned social arrangements in society,Q111972893,http://wikidata.org/entity/Q211606
Q106559804,1,person or organization,class of agents,,http://wikidata.org/entity/Q106559804
Q1077064,1,charity,"voluntary act of giving help (short-term, emotional, immediate response, focused primarily on rescue and relief)",Q1914636,http://wikidata.org/entity/Q1077064
Q265939,1,political patronage,support that one organization or individual bestows to another,,http://wikidata.org/entity/Q265939
Q64513524,1,economic term,technical term; word or phrase that is part of economics terminology,Q137426749,http://wikidata.org/entity/Q64513524
Q10541491,1,legal form,type of legal entity within certain legal system,Q24017414,http://wikidata.org/entity/Q10541491
Q122898840,1,publicly owned company,company owned by any public body,Q64513524,http://wikidata.org/entity/Q122898840
Q17990971,1,public enterprise,business organization wholly or partly owned by a government and controlled through a public authority,Q64513524,http://wikidata.org/entity/Q17990971
Q56876011,1,private corporation,,,http://wikidata.org/entity/Q56876011
Q836950,1,derivative work,work which incorporates or modifies a prior work,Q4897819,http://wikidata.org/entity/Q836950
Q1213562,1,adaptation,"re-making of a work for a different purpose or audience, or in a different form",Q483394,http://wikidata.org/entity/Q1213562
Q1799072,1,method,planned path to reaching an objective,Q1047113,http://wikidata.org/entity/Q1799072
Q877729,1,handicraft,field of work where useful and decorative objects are made completely by hand or by using only simple tools,Q3958441,http://wikidata.org/entity/Q877729
Q8187769,1,economic activity,human activity involving the transfer of goods or services,Q2976602,http://wikidata.org/entity/Q8187769
Q31274273,1,bookbinding art,bookbinding as an art form,Q1792379,http://wikidata.org/entity/Q31274273
Q12769393,1,end,termination of something,,http://wikidata.org/entity/Q12769393
Q151885,2,concept,"semantic unit understood in different ways, e.g. as mental representation, ability or abstract object (philosophy)",Q23958852,http://wikidata.org/entity/Q151885
Q937228,1,property,"predominant feature that characterizes a being, a thing, a phenomenon, etc. and which differentiates one being from another, one thing from another",Q19478619,http://wikidata.org/entity/Q937228
Q2383867,1,cell death,biological processes that result in permanent cessation of all vital functions of a cell,Q2996394,http://wikidata.org/entity/Q2383867
Q22269697,1,multi-organism process,biological process which involves another organism of the same or different species,Q2996394,http://wikidata.org/entity/Q22269697
Q22269530,1,single-organism process,biological process that involves only one organism,,http://wikidata.org/entity/Q22269530
Q113540506,1,philosophy of death,philosophical investigations regarding death,,http://wikidata.org/entity/Q113540506
Q16889133,2,class,collection of items defined by common characteristics,Q19478619,http://wikidata.org/entity/Q16889133
Q735,1,art,"general concept that creates expressive work for its beauty or emotional power (use Q838948 for the resulting work, use Q2018526 for the group of creative disciplines)",Q4671286,http://wikidata.org/entity/Q735
Q7725634,1,literary work,written work read for enjoyment or edification,Q133449656,http://wikidata.org/entity/Q7725634
Q355567,1,noble title,legal privilege given to some members in monarchial and princely societies,,http://wikidata.org/entity/Q355567
Q3320743,1,title of honor,title bestowed upon individuals or organizations as an award in recognition of their merits,Q107467117,http://wikidata.org/entity/Q3320743
Q2478141,5,aristocrat,a person who either possesses hereditary titles granted by a monarch or is related to such people,Q187588,http://wikidata.org/entity/Q2478141
Q28495701,1,imperial prince,prince from an imperial family,Q28640,http://wikidata.org/entity/Q28495701
Q3403409,1,royal prince,a prince from a royal family,Q355567,http://wikidata.org/entity/Q3403409
Q294414,1,public office,elected or appointed political position,,http://wikidata.org/entity/Q294414
Q4064242,1,American Enlightenment,intellectual thriving period in the United States,Q74817647,http://wikidata.org/entity/Q4064242
Q1063038,1,Scottish Enlightenment,intellectual movement in 18th–19th century Scotland,Q74817647,http://wikidata.org/entity/Q1063038
Q3796477,1,Polish Enlightenment,aspect of Polish history in the 18th-19th centuries,Q74817647,http://wikidata.org/entity/Q3796477
Q3424747,1,Modern Greek Enlightenment,18th-century national revival and educational movement in Greece,Q2915955,http://wikidata.org/entity/Q3424747
Q3560581,1,Russian Enlightenment,18th-century period of arts and sciences in Russia,Q74817647,http://wikidata.org/entity/Q3560581
Q1322229,1,Spanish Enlightenment,intellectual and cultural movement in Spain,Q136329308,http://wikidata.org/entity/Q1322229
Q472670,1,Haskalah,period of Jewish enlightenment (1770-1890),Q11514315,http://wikidata.org/entity/Q472670
Q20574959,1,French Enlightenment,intellectual and cultural movement in 18th-century France,Q74817647,http://wikidata.org/entity/Q20574959
Q138660788,1,disenlightenment,cultural movement,Q2198855,http://wikidata.org/entity/Q138660788
Q855395,1,interpretation,"assignment of meanings to various concepts, symbols, or objects under consideration",Q33104279,http://wikidata.org/entity/Q855395
Q2438541,2,manner of death,type of death (natural / not natural),Q24017414,http://wikidata.org/entity/Q2438541
Q130583773,3,type of crime,Wikimedia metaclass for crime activities,Q19478619,http://wikidata.org/entity/Q130583773
Q844482,2,killing,act of killing a living being,,http://wikidata.org/entity/Q844482
Q74948922,2,violent death,death caused by violence,Q2438541,http://wikidata.org/entity/Q74948922
Q29142,2,criminal attempt,occurs if a criminal has an intent to commit a crime and takes a substantial step toward completing the crime,Q11999303,http://wikidata.org/entity/Q29142
Q17991521,1,tale,prose fiction that can be either rooted in oral tradition or created by an author,Q223393,http://wikidata.org/entity/Q17991521
Q3306693,1,mirabilia,genre and tone in which the supernatural elements are accepted by the audience without questioning,Q20076756,http://wikidata.org/entity/Q3306693
Q109588548,1,allegorical story,,Q223393,http://wikidata.org/entity/Q109588548
Q483394,1,genre,"category of creative works based on stylistic, thematic or technical criteria",Q19478619,http://wikidata.org/entity/Q483394
Q2915955,1,philosophical movement,appearance or increased popularity of a specific school of philosophy,Q110401282,http://wikidata.org/entity/Q2915955
Q50641,1,history of art,"history of human creation of works for aesthetic, communicative, or expressive purposes",Q17524420,http://wikidata.org/entity/Q50641
Q659216,1,aerophone,musical instrument that produces sound from the vibration of a column of air within the instrument itself,Q1254773,http://wikidata.org/entity/Q659216
Q16334295,1,group of humans,any set of human beings,,http://wikidata.org/entity/Q16334295
Q10372568,1,society,group of animals who live together with some form of organisation,,http://wikidata.org/entity/Q10372568
Q2990601,1,sexual risk behavior,sexual behavior risking contracting sexually transmitted disease or pregnancy,,http://wikidata.org/entity/Q2990601
Q19862406,1,business activity,economic activity done by a businessperson,,http://wikidata.org/entity/Q19862406
Q7833728,1,transactional sex,"sexual relationships involving gifts, money, or other services",,http://wikidata.org/entity/Q7833728
Q859884,1,social exploitation,social relationship in which one agent takes unfair advantage of another agent,Q151885,http://wikidata.org/entity/Q859884
Q181784,1,human trafficking,"trade of humans for the purpose of forced labor, sexual slavery, or commercial sexual exploitation for the trafficker or others",Q26256810,http://wikidata.org/entity/Q181784
Q1741825,1,trafficking of children,"form of human trafficking defined as the ""recruitment, transportation, transfer, harboring, and/or receipt"" of a child for the purpose of exploitation",,http://wikidata.org/entity/Q1741825
Q875521,1,sexual slavery,attachment of any ownership right over one or more people with the intent of coercing or otherwise forcing them to engage in sexual activities,,http://wikidata.org/entity/Q875521
Q5801919,1,sex crime,crime of a sexual nature,Q130583773,http://wikidata.org/entity/Q5801919
Q516367,1,André-Joseph Blavier,Belgian composer,Q5,http://wikidata.org/entity/Q516367
Q1993558,1,Vergnies,"section of Froidchapelle, Belgium",Q2785216,http://wikidata.org/entity/Q1993558
Q1241308,3,Passy,"neighborhood in Paris, France; originally a village on the outskirts of Paris, then a commune of Seine department",Q484170,http://wikidata.org/entity/Q1241308
Q18528713,2,Thomas Arne,English upholsterer and theatre servant,Q5,http://wikidata.org/entity/Q18528713
Q6232818,1,John Fawcett,British actor (1769-1793),Q5,http://wikidata.org/entity/Q6232818
Q18674127,1,Margaret Kennedy,British singer and actress,Q5,http://wikidata.org/entity/Q18674127
Q130191,9,Norwich,"city in Norfolk, England",Q515,http://wikidata.org/entity/Q130191
Q81997,5,Boulogne-sur-Mer,"French commune in Pas-de-Calais, Hauts-de-France",Q484170,http://wikidata.org/entity/Q81997
Q106311097,1,Henri Moreau,composer (1728-1803),Q5,http://wikidata.org/entity/Q106311097
Q1525836,1,Giovanni Battista Casali,Italian composer,Q5,http://wikidata.org/entity/Q1525836
Q3452020,1,Rue des Récollets,"thoroughfare in Liège, Belgium",Q83620,http://wikidata.org/entity/Q3452020
Q316891,4,Montmorency,"commune in Val-d'Oise, France",Q484170,http://wikidata.org/entity/Q316891
Q19974113,1,Fondation Lambert Darchis,Belgian foundation (created in 1699),Q157031,http://wikidata.org/entity/Q19974113
Q19845384,1,Jean Marmontel,,Q5,http://wikidata.org/entity/Q19845384
Q203182,1,Bort-les-Orgues,"commune in Corrèze, France",Q484170,http://wikidata.org/entity/Q203182
Q544613,1,Saint-Aubin-sur-Gaillon,"commune in Eure, France",Q484170,http://wikidata.org/entity/Q544613
Q788022,1,Bâtiments du Roi,French division of the Maison du Roi,Q327333,http://wikidata.org/entity/Q788022
Q351733,1,House of Carafa,Italian noble family,Q13417114,http://wikidata.org/entity/Q351733
Q28864754,1,Jérôme Guillard,French politician,Q5,http://wikidata.org/entity/Q28864754
Q13144,1,Jesi,Italian comune,Q747074,http://wikidata.org/entity/Q13144
Q72425,1,Pozzuoli,Italian comune,Q747074,http://wikidata.org/entity/Q72425
Q170174,3,Papal States,territories mostly in the Appenine Peninsula under the sovereign direct rule of the pope between 756–1870,Q3024240,http://wikidata.org/entity/Q170174
Q32120,37,Martin Luther University Halle-Wittenberg,"university in the cities of Halle and Wittenberg, Germany",Q875538,http://wikidata.org/entity/Q32120
Q309470,2,Johann Ambrosius Bach,"German musician, father to Johann Sebastian Bach (1645-1695)",Q5,http://wikidata.org/entity/Q309470
Q1862395,1,Johann Christoph Bach III,Organist in Ohrdruf,Q5,http://wikidata.org/entity/Q1862395
Q138197944,1,,,Q5,http://wikidata.org/entity/Q138197944
Q108763503,1,Rust family,,Q8436,http://wikidata.org/entity/Q108763503
Q551984,1,Steinbach-Hallenberg,municipality of Germany,Q42744322,http://wikidata.org/entity/Q551984
Q1930990,1,Michèl Yost,French clarinetist,Q5,http://wikidata.org/entity/Q1930990
Q708911,1,Bernhard Crusell,"Swedish-Finnish clarinetist, composer and translator (1775–1838)",Q5,http://wikidata.org/entity/Q708911
Q17765219,1,colonial administrator,person who participates in administrating a colony,Q28640,http://wikidata.org/entity/Q17765219
Q487596,10,dramaturge,"person fulfilling an advisory role regarding the literary or dramaturgical aspects of theatre, opera or dance productions or within a theatre, opera or dance organization",Q15839299,http://wikidata.org/entity/Q487596
Q820042,2,Salins-les-Bains,"commune in Jura, France",Q484170,http://wikidata.org/entity/Q820042
Q213307,1,Sainte-Menehould,"commune in Marne, France",Q484170,http://wikidata.org/entity/Q213307
Q15967935,1,Angélique-Dorothée Babaud,French poet and salon-holder,Q5,http://wikidata.org/entity/Q15967935
Q71560588,1,Charlotte Babaud de La Chaussade,,Q5,http://wikidata.org/entity/Q71560588
Q1626130,1,homme de lettres,,Q28640,http://wikidata.org/entity/Q1626130
Q744738,3,encyclopédistes,contributors to the development of the Encyclopédie from June 1751 to December 1765,Q2198855,http://wikidata.org/entity/Q744738
Q47064,5,military personnel,people who serve in an organized armed military force,Q28640,http://wikidata.org/entity/Q47064
Q1511216,2,courtier,person who is often in attendance at the court of a king or other royal personage,Q12737077,http://wikidata.org/entity/Q1511216
Q3159509,1,Jacques Masson,French private banker of Genevan origin,Q5,http://wikidata.org/entity/Q3159509
Q47528270,1,Marie Boësnier,,Q5,http://wikidata.org/entity/Q47528270
Q7732,1,Louis XVI of France,"King of France and Navarre from 1774 to 1791, then King of the French from 1791 to 1792 (1754-1793)",Q5,http://wikidata.org/entity/Q7732
Q2983728,3,collège d’Harcourt,college of the University of Paris,Q2983546,http://wikidata.org/entity/Q2983728
Q137399087,1,,,Q5,http://wikidata.org/entity/Q137399087
Q961325,1,Holešov,town in the Czech Republic,Q3957,http://wikidata.org/entity/Q961325
Q486450,2,Baden,"municipality in Lower Austria, Austria",Q667509,http://wikidata.org/entity/Q486450
Q153136,2,Habsburg monarchy,monarchy in Europe (1282–1918),Q5156764,http://wikidata.org/entity/Q153136
Q131964,4,Austrian Empire,Central European multinational Empire from 1804 to 1867,Q3624078,http://wikidata.org/entity/Q131964
Q55853412,1,Alois Ferdinand Kiesewetter,(1737-1793),Q5,http://wikidata.org/entity/Q55853412
Q207145,2,Béthune,"commune in Pas-de-Calais, France",Q484170,http://wikidata.org/entity/Q207145
Q1024881,1,Velvary,town in the Czech Republic,Q5153359,http://wikidata.org/entity/Q1024881
Q673075,2,Rohrau,"municipality in Bruck/Leitha District, Lower Austria, Austria",Q562061,http://wikidata.org/entity/Q673075
Q502662,1,Bad Salzungen,municipality of Germany,Q4946461,http://wikidata.org/entity/Q502662
Q19279,2,Aversa,Italian comune,Q747074,http://wikidata.org/entity/Q19279
Q661083,1,Claude Rameau,French organist,Q5,http://wikidata.org/entity/Q661083
Q123281721,1,Collège des Godrans,"former college in Dijon, France",Q1459186,http://wikidata.org/entity/Q123281721
Q10862983,8,etcher,artist who practices the art of etching,Q28640,http://wikidata.org/entity/Q10862983
Q15296811,26,draftsperson,person who makes drawings (artist/cartoonist/drafter/illustrator),Q28640,http://wikidata.org/entity/Q15296811
Q16947657,5,lithographer,person who primarily uses lithography for making prints,Q16335296,http://wikidata.org/entity/Q16947657
Q75731871,1,type caster,person who casts type,Q28640,http://wikidata.org/entity/Q75731871
Q2444286,1,Herman Frederik Carel ten Kate,Dutch painter (1822-1891),Q5,http://wikidata.org/entity/Q2444286
Q18603266,1,Mari ten Kate,Dutch painter (1831-1910),Q5,http://wikidata.org/entity/Q18603266
Q128031645,1,Jan Herman ten Kate,civil servant at the Ministry of the Navy,Q5,http://wikidata.org/entity/Q128031645
Q128031655,1,Johanna de Witte van Haamstede,person,Q5,http://wikidata.org/entity/Q128031655
Q686364,1,Wendemark,human settlement in Germany,Q253019,http://wikidata.org/entity/Q686364
Q4282389,1,Friedrich Marpurg,German conductor and composer (1825–1884),Q5,http://wikidata.org/entity/Q4282389
Q5990,3,Vercelli,Italian comune,Q747074,http://wikidata.org/entity/Q5990
Q320042,1,Antiochus of Ascalon,ancient Greek philosopher,Q5,http://wikidata.org/entity/Q320042
Q365110,1,Philo of Larissa,ancient Greek philosopher,Q5,http://wikidata.org/entity/Q365110
Q462992,1,Apollonius Molon,1st-century BC Greek rhetorician,Q5,http://wikidata.org/entity/Q462992
Q561367,1,Lucius Aelius Stilo Praeconinus,Roman philologist (c. 154 – 74 BC),Q5,http://wikidata.org/entity/Q561367
Q695534,1,Tyrannion of Amisus,ancient Greek grammarian,Q5,http://wikidata.org/entity/Q695534
Q316054,1,Quintus Tullius Cicero,brother of Marcus Tullius Cicero,Q5,http://wikidata.org/entity/Q316054
Q116440,2,Arpino,Italian comune,Q747074,http://wikidata.org/entity/Q116440
Q128086,1,Formia,Italian comune,Q747074,http://wikidata.org/entity/Q128086
Q1747689,31,Ancient Rome,country that began growing on the Italian Peninsula from the 8th century BC,Q3024240,http://wikidata.org/entity/Q1747689
Q3846543,1,Marcus Tullius Cicero,father of the orator Cicero,Q5,http://wikidata.org/entity/Q3846543
Q92432276,1,Helvia,mother of the orator Cicero,Q5,http://wikidata.org/entity/Q92432276
Q435163,1,Servius Sulpicius Rufus,"Roman orator, jurist and consul (c.105 BC–43 BC)",Q5,http://wikidata.org/entity/Q435163
Q587621,1,Trebatius Testa,"1st-century BC Roman jurist, protégé of Cicero",Q5,http://wikidata.org/entity/Q587621
Q11953381,1,Tullii Cicerones,branch of the gens Tullia,Q104258569,http://wikidata.org/entity/Q11953381
Q3411612,1,Upper Paiania,ancient Athenian deme,Q672490,http://wikidata.org/entity/Q3411612
Q724394,1,Poros,Greek island of the Saronic Gulf,Q23442,http://wikidata.org/entity/Q724394
Q844930,8,Classical Athens,city-state in ancient Greece,Q148837,http://wikidata.org/entity/Q844930
Q1555317,1,Kleobule,mother of orator Demosthenes,Q5,http://wikidata.org/entity/Q1555317
Q29654265,1,Gylon,maternal grandfather of Demosthenes,Q5,http://wikidata.org/entity/Q29654265
Q1186429,1,Demon,ancient attic Greek priest and rhetorician,Q5,http://wikidata.org/entity/Q1186429
Q216993,1,Ios,Greek island,Q23442,http://wikidata.org/entity/Q216993
Q1568260,1,Ionian League,confederation of thirteen ancient Greek city-states in the region Ionia on the western coast of Anatolia (present-day Turkey),Q1778834,http://wikidata.org/entity/Q1568260
Q126709504,1,Kretheis,nymph (Nymphe),Q182037,http://wikidata.org/entity/Q126709504
Q885122,1,piano maker,profession,Q28640,http://wikidata.org/entity/Q885122
Q566284,1,Holle,municipality of Germany,Q116457956,http://wikidata.org/entity/Q566284
Q13418253,42,philologist,person who practices philology,Q66666607,http://wikidata.org/entity/Q13418253
Q1231865,21,pedagogue,person working in the academic field of pedagogy,Q28640,http://wikidata.org/entity/Q1231865
Q1751974,1,Neuhausen,"human settlement in Germany, part of Worms",Q253019,http://wikidata.org/entity/Q1751974
Q3758,1,Kaiserslautern,"city in Rhineland-Palatinate, Germany",Q42744322,http://wikidata.org/entity/Q3758
Q530794,1,Sömmerda,municipality of Germany,Q42744322,http://wikidata.org/entity/Q530794
Q94764146,1,Otto Röse,,Q5,http://wikidata.org/entity/Q94764146
Q4938967,1,Caterina Bianconelli,Italian actress,Q5,http://wikidata.org/entity/Q4938967
Q64689315,1,Isabella Biancolelli,,Q5,http://wikidata.org/entity/Q64689315
Q2259451,5,stage actor,actor who performs live before an in-person audience,Q15839299,http://wikidata.org/entity/Q2259451
Q2813792,1,Dominique Biancolelli,French actor,Q5,http://wikidata.org/entity/Q2813792
Q863631,1,Bindersleben,human settlement in Germany,Q253019,http://wikidata.org/entity/Q863631
Q134346,4,Angoulême,"commune in Charente, France",Q484170,http://wikidata.org/entity/Q134346
Q661056,11,University of Poitiers,French university located in Poitiers,Q45400320,http://wikidata.org/entity/Q661056
Q3260394,1,Louis-Camus Destouches,French military officer,Q5,http://wikidata.org/entity/Q3260394
Q3383745,1,Pierre Antoine de Châteauneuf,French diplomat,Q5,http://wikidata.org/entity/Q3383745
Q250867,58,Catholic priest,priest of the Catholic Church,Q63188808,http://wikidata.org/entity/Q250867
Q6673651,8,literary scholar,person who works on literature,Q28640,http://wikidata.org/entity/Q6673651
Q123439317,1,Jacques Louis de Castagnery,,Q5,http://wikidata.org/entity/Q123439317
Q134892784,1,,,Q13417114,http://wikidata.org/entity/Q134892784
Q517107,5,Rudolstadt,"town in Thuringia, Germany",Q42744322,http://wikidata.org/entity/Q517107
Q695316,1,Schwarzburg-Rudolstadt,principality,Q208500,http://wikidata.org/entity/Q695316
Q486945,1,Sotion,ancient Greek philosopher,Q5,http://wikidata.org/entity/Q486945
Q897523,1,Papirius Fabianus,1st century AD Roman rhetorician and philosopher,Q5,http://wikidata.org/entity/Q897523
Q452194,1,Lucius Junius Gallio Annaeanus,"Roman senator, brother of Seneca",Q5,http://wikidata.org/entity/Q452194
Q19715687,2,Marcus Annaeus Mela,brother of Seneca,Q5,http://wikidata.org/entity/Q19715687
Q2997165,2,Corduba,ancient Roman city of the Iberian Peninsula that corresponds to the current Córdoba (Spain),Q756780,http://wikidata.org/entity/Q2997165
Q273671,1,Seneca the Elder,"Roman scholar, writer and historian (54 BC-c.39 AD)",Q5,http://wikidata.org/entity/Q273671
Q11926234,1,Helvia,mother of Seneca,Q5,http://wikidata.org/entity/Q11926234
Q805213,1,Ballersbach,human settlement in Germany,Q253019,http://wikidata.org/entity/Q805213
Q774310,1,János Apáczai Csere,"Hungarian teacher, philosopher, Calvinist theologist (1625-1659)",Q5,http://wikidata.org/entity/Q774310
Q556697,1,Metzels,former municipality of Germany,Q253019,http://wikidata.org/entity/Q556697
Q489147,3,Schmalkalden,municipality of Thuringia,Q1547289,http://wikidata.org/entity/Q489147
Q464573,1,Johann Christian Friedrich Hæffner,German-born Swedish composer (1759-1833),Q5,http://wikidata.org/entity/Q464573
Q3106111,1,Gilles Boileau,French translator (1631-1669),Q5,http://wikidata.org/entity/Q3106111
Q683410,1,Norbert Burgmüller,German composer (1810-1836),Q5,http://wikidata.org/entity/Q683410
Q1458169,1,Johann August Franz Burgmüller,German composer and pianist,Q5,http://wikidata.org/entity/Q1458169
Q1365842,1,Therese Burgmüller,German pianist and singer (1771-1858),Q5,http://wikidata.org/entity/Q1365842
Q16742175,1,speleologist,person who specializes in speleology (caves),Q28640,http://wikidata.org/entity/Q16742175
Q611644,21,Catholic bishop,"ordained minister in the Catholic Church (for other religious denominations, use Q29182)",Q138024519,http://wikidata.org/entity/Q611644
Q507036,1,Lucius Annaeus Cornutus,1st century AD Roman Stoic philosopher,Q5,http://wikidata.org/entity/Q507036
Q24548,2,Remmius Palaemon,Roman grammarian,Q5,http://wikidata.org/entity/Q24548
Q11954893,1,Verginius Flavus,Roman rhetorician,Q5,http://wikidata.org/entity/Q11954893
Q103305,1,Volterra,Italian comune,Q747074,http://wikidata.org/entity/Q103305
Q16267607,24,classical philologist,person studying ancient Greek or Latin texts,Q28640,http://wikidata.org/entity/Q16267607
Q2202637,1,Theodorus Schrevelius,"Dutch writer (1572-1649), owner/creator of the album amicorum of Theodorus Schrevelius (1572–1649)",Q5,http://wikidata.org/entity/Q2202637
Q136311063,1,Maria|Marijcke van Teylingen,15 Mar 1569/1570 Alkmaar - 26 Jul 1652 Leiden,Q5,http://wikidata.org/entity/Q136311063
Q694947,1,Heudeber,human settlement in Germany,Q253019,http://wikidata.org/entity/Q694947
Q23090,3,Lincolnshire,ceremonial county in the east of England,Q180673,http://wikidata.org/entity/Q23090
Q18880201,2,"Sir Richard Sutton, 2nd Baronet","sportsman, 1798–1855",Q5,http://wikidata.org/entity/Q18880201
Q75304138,2,Mary Elizabeth Burton,(1797-1842),Q5,http://wikidata.org/entity/Q75304138
Q1146700,4,Jesus College,"constituent college of the University of Cambridge, England",Q1055028,http://wikidata.org/entity/Q1146700
Q23666,1,Great Britain,island in the North Atlantic Ocean off the northwest coast of continental Europe,Q23442,http://wikidata.org/entity/Q23666
Q12191,11,Nantes,"city in Loire-Atlantique, Pays de la Loire, France",Q484170,http://wikidata.org/entity/Q12191
Q808967,5,barrister,lawyer specialized in court representation in certain jurisdictions,Q12737077,http://wikidata.org/entity/Q808967
Q6731168,1,magistrate,legal office held by lay people in England and Wales,Q4164871,http://wikidata.org/entity/Q6731168
Q937857,7,association football player,person who plays association football (soccer),Q28640,http://wikidata.org/entity/Q937857
Q75292488,1,"Sir John William Pitt Muir Mackenzie of Delvine, 2nd Bt.",(1806-1855),Q5,http://wikidata.org/entity/Q75292488
Q75735400,1,Sophia Matilda Johnstone,(1814-1900),Q5,http://wikidata.org/entity/Q75735400
Q1067870,4,Charterhouse School,English collegiate independent boarding school,Q269770,http://wikidata.org/entity/Q1067870
Q913,2,Socrates,5th-century BCE Greek philosopher,Q5,http://wikidata.org/entity/Q913
Q297402,1,Prodicus,Greek philosopher (c. 465 – c. 395 BC),Q5,http://wikidata.org/entity/Q297402
Q221182,1,Isocrates,Greek rhetorician and writer (436–338 BC),Q5,http://wikidata.org/entity/Q221182
Q13502175,1,Erchia,ancient Athenian deme,Q672490,http://wikidata.org/entity/Q13502175
Q103011,1,Corinth,"seaside city in Peloponnese, Greece",Q515,http://wikidata.org/entity/Q103011
Q207463,1,Pergola,Italian comune,Q747074,http://wikidata.org/entity/Q207463
Q69519417,1,Elisabeth-Josèphe de Laborde,French XVIIIth century aristocrat,Q5,http://wikidata.org/entity/Q69519417
Q3165957,1,Jean-François de La Borde,French private banker,Q5,http://wikidata.org/entity/Q3165957
Q16635758,1,,family,Q13417114,http://wikidata.org/entity/Q16635758
Q1147614,1,Ferme générale,historical tax collection system in France,Q327333,http://wikidata.org/entity/Q1147614
Q950303,1,Cratippus of Pergamon,ancient Greek philosopher,Q5,http://wikidata.org/entity/Q950303
Q667385,1,Aristos of Ascalon,ancient Greek philosopher,Q5,http://wikidata.org/entity/Q667385
Q52691,1,Venosa,Italian comune,Q747074,http://wikidata.org/entity/Q52691
Q93239,1,Großnaundorf,municipality of Germany,Q116457956,http://wikidata.org/entity/Q93239
Q185351,41,jurist,"legal scholar or academic, a professional who studies, teaches, and develops law",Q15987302,http://wikidata.org/entity/Q185351
Q505639,12,Athenaeum Illustre of Amsterdam,predecessor to university of Amsterdam,Q6005015,http://wikidata.org/entity/Q505639
Q11914886,4,comedy writer,playwright specializing in humor,Q28640,http://wikidata.org/entity/Q11914886
Q99956,1,Sarsina,Italian comune,Q747074,http://wikidata.org/entity/Q99956
Q121594,31,professor,academic position at universities and other education and research institutions,Q480319,http://wikidata.org/entity/Q121594
Q2468727,6,classical scholar,"person who studies classics, the culture of (mainly) Ancient Greece and Ancient Rome",Q28640,http://wikidata.org/entity/Q2468727
Q18916625,5,hellenist,philologist in the field of Hellenic languages,Q28640,http://wikidata.org/entity/Q18916625
Q9363889,1,literary translator,translator of literary works,Q28640,http://wikidata.org/entity/Q9363889
Q213344,1,Montreuil-sur-Mer,"French commune in Pas-de-Calais, Hauts-de-France",Q484170,http://wikidata.org/entity/Q213344
Q5818,1,Córdoba,"municipality in the province of Córdoba, Spain",Q2074737,http://wikidata.org/entity/Q5818
Q64854646,1,Acilia,mother of Lucan,Q5,http://wikidata.org/entity/Q64854646
Q47526365,1,Jacob Lasson,"classicist from Antwerp, Head Latin Schools in Holland",Q5,http://wikidata.org/entity/Q47526365
Q2596609,1,Jan Cornets de Groot,Dutch politician (1554-1640),Q5,http://wikidata.org/entity/Q2596609
Q110557871,1,Aeltje van Overschie,22 Oct 1561 - 20 Jan 1643,Q5,http://wikidata.org/entity/Q110557871
Q14467526,76,linguist,language scholar specialized in linguistics,Q28640,http://wikidata.org/entity/Q14467526
Q473302,1,John Whitgift,Archbishop of Canterbury from 1583 to 1604,Q5,http://wikidata.org/entity/Q473302
Q777609,1,"Jean Hotman, Marquis de Villers-St-Paul",French diplomat and noble,Q5,http://wikidata.org/entity/Q777609
Q16153254,1,Elizabeth Bacon,English Tudor gentlewoman,Q5,http://wikidata.org/entity/Q16153254
Q358587,1,Anthony Bacon,English politician (1558-1601),Q5,http://wikidata.org/entity/Q358587
Q6969488,1,Nathaniel Bacon,politician,Q5,http://wikidata.org/entity/Q6969488
Q5341698,1,Edward Bacon,English politician,Q5,http://wikidata.org/entity/Q5341698
Q7528375,1,"Sir Nicholas Bacon, 1st Baronet, of Redgrave",English politician,Q5,http://wikidata.org/entity/Q7528375
Q56085905,1,Anne Bacon,Peerage person ID=663846,Q5,http://wikidata.org/entity/Q56085905
Q8055471,1,"York House, Strand","former string of mansions on the Strand in London, England",Q811979,http://wikidata.org/entity/Q8055471
Q608866,1,Nicholas Bacon,English politician (1510-1579),Q5,http://wikidata.org/entity/Q608866
Q475067,1,Anne Bacon,English scholar,Q5,http://wikidata.org/entity/Q475067
Q332342,9,Trinity College,constituent college of the University of Cambridge in England,Q1055028,http://wikidata.org/entity/Q332342
Q43332,1,Pompeii,"ancient Roman city near modern Naples, Italy",Q839954,http://wikidata.org/entity/Q43332
Q1734662,12,cartographer,person preparing geographical maps,Q28640,http://wikidata.org/entity/Q1734662
Q901402,5,geographer,scholar whose area of study is geography,Q28640,http://wikidata.org/entity/Q901402
Q108541642,1,Izaak Bilderdijk,M.D,Q5,http://wikidata.org/entity/Q108541642
Q10084,3,Vlissingen,"municipality in Zeeland, the Netherlands",Q2039348,http://wikidata.org/entity/Q10084
Q20748658,1,Federico Pendasio,Renaissance logician (-1603),Q5,http://wikidata.org/entity/Q20748658
Q72672,1,Sorrento,Italian city,Q747074,http://wikidata.org/entity/Q72672
Q823060,1,Bernardo Tasso,Italian poet,Q5,http://wikidata.org/entity/Q823060
Q21425279,1,House of Tasso,Italian family,Q8436,http://wikidata.org/entity/Q21425279
Q193510,19,University of Padua,university in Italy,Q3918,http://wikidata.org/entity/Q193510
Q864503,7,biologist,scientist studying living organisms,Q28640,http://wikidata.org/entity/Q864503
Q2998308,1,cosmologist,astronomer who studies cosmology,Q28640,http://wikidata.org/entity/Q2998308
Q14565331,3,logician,person specializing in formal logic,Q28640,http://wikidata.org/entity/Q14565331
Q350979,9,zoologist,someone who studies or practices zoology,Q28640,http://wikidata.org/entity/Q350979
Q4263842,19,literary critic,cultural journalist who reviews new literary books,Q28640,http://wikidata.org/entity/Q4263842
Q846127,1,Stageira,"ancient city in Macedonia, Greece",Q839954,http://wikidata.org/entity/Q846127
Q21235810,2,Chalcis,ancient polis of Euboea,Q148837,http://wikidata.org/entity/Q21235810
Q193093,1,Platonic Academy,"ancient philosophical, research and educative center, founded by Plato in Athens",Q3914,http://wikidata.org/entity/Q193093
Q11924294,1,Giuniano Maio,Italian humanist,Q5,http://wikidata.org/entity/Q11924294
Q714946,1,Iovianus Pontanus,Italian poet (1426-1503),Q5,http://wikidata.org/entity/Q714946
Q3619505,1,Antonio de Ferraris,Italian physician and man of letters (1444–1517),Q5,http://wikidata.org/entity/Q3619505
Q143886,1,Accademia Pontaniana,academy of sciences,Q414147,http://wikidata.org/entity/Q143886
Q156023,1,Franz Xaver Wolfgang Mozart,"Austrian composer, teacher and performer; youngest son of Wolfgang Amadeus Mozart (1791-1844)",Q5,http://wikidata.org/entity/Q156023
Q713451,3,Franz Lachner,German composer and conductor (1803-1890),Q5,http://wikidata.org/entity/Q713451
Q3268638,5,Lycée Pierre-Corneille,"public school in Rouen, France",Q41176,http://wikidata.org/entity/Q3268638
Q2490358,15,choreographer,person who creates choreographies,Q28640,http://wikidata.org/entity/Q2490358
Q207575,1,Riom,"commune in Puy-de-Dôme, France",Q484170,http://wikidata.org/entity/Q207575
Q125500905,1,Louis de la Grange-Chancel,1678-1747,Q5,http://wikidata.org/entity/Q125500905
Q1076734,2,Razac-sur-l'Isle,"commune in Dordogne, France",Q484170,http://wikidata.org/entity/Q1076734
Q288,8,Tours,"city and commune in Indre-et-Loire, Centre-Val de Loire, France",Q484170,http://wikidata.org/entity/Q288
Q83712177,1,Fortoiseau Castle,,Q751876,http://wikidata.org/entity/Q83712177
Q152002,27,pastor,ordained leader of a Christian congregation,Q63188683,http://wikidata.org/entity/Q152002
Q477766,2,Sauve,"commune in Gard, France",Q484170,http://wikidata.org/entity/Q477766
Q3064032,4,fabulist,writer of fables,Q28640,http://wikidata.org/entity/Q3064032
Q194145,1,Château-Thierry,"commune in Aisne, France",Q484170,http://wikidata.org/entity/Q194145
Q47118457,1,Charles de La fontaine,1594 - 1658,Q5,http://wikidata.org/entity/Q47118457
Q47010281,1,Françoise Pidoux,14 Oct 1582 - 1644,Q5,http://wikidata.org/entity/Q47010281
Q2983769,3,College of Juilly,Catholic teaching seminary in France,Q3914,http://wikidata.org/entity/Q2983769
Q883533,1,Muggendorf,district of Wiesenttal,Q253019,http://wikidata.org/entity/Q883533
Q502450,1,Burgbernheim,municipality of Germany,Q42744322,http://wikidata.org/entity/Q502450
Q700388,1,Benneckenstein,settlement in the German town of Oberharz am Brocken,Q253019,http://wikidata.org/entity/Q700388
Q215536,2,merchant,businessperson who trades in commodities that were produced by others,Q28640,http://wikidata.org/entity/Q215536
Q322361,1,Ribe,town in Denmark,Q3957,http://wikidata.org/entity/Q322361
Q186285,22,University of Copenhagen,"public research university in Copenhagen, Denmark",Q62078547,http://wikidata.org/entity/Q186285
Q209344,9,Sapienza University of Rome,Italian university founded in Rome in 1303,Q875538,http://wikidata.org/entity/Q209344
Q131262,24,University of Bologna,"university in Bologna, Italy",Q875538,http://wikidata.org/entity/Q131262
Q1985029,1,Frederik Willem van Eeden,Dutch botanist (1829-1901),Q5,http://wikidata.org/entity/Q1985029
Q88288866,1,Marie-Hortense Racot de Grandval,French stage actress,Q5,http://wikidata.org/entity/Q88288866
Q104577495,1,Daniel Racot,,Q5,http://wikidata.org/entity/Q104577495
Q22517,1,Erstein,"French commune in Bas-Rhin, Alsace, Grand Est",Q484170,http://wikidata.org/entity/Q22517
Q22737,2,Sélestat,"commune in Bas-Rhin, France",Q484170,http://wikidata.org/entity/Q22737
Q27660160,1,Nicolina Giordani,Italian singer,Q5,http://wikidata.org/entity/Q27660160
Q15710617,1,Borgo Virgilio,Italian comune,Q747074,http://wikidata.org/entity/Q15710617
Q491753,1,Andes,ancient village near Mantua in the Roman province of Cisalpine Gallia,Q532,http://wikidata.org/entity/Q491753
Q60841634,1,Magia Polla,mother of Virgil,Q5,http://wikidata.org/entity/Q60841634
Q17172850,82,voice,human voice as musical instrument,Q110295396,http://wikidata.org/entity/Q17172850
Q2384,2,Bergedorf,"quarter of Hamburg, Germany",Q15830667,http://wikidata.org/entity/Q2384
Q81162,10,Magdalen College,constituent college of the University of Oxford in England,Q2581649,http://wikidata.org/entity/Q81162
Q117326472,1,Vincent Cavaillé-Coll,"19th century French organ builder, elder brother of the famous Aristide with whom he worked in Paris before settling personally in Nîmes",Q5,http://wikidata.org/entity/Q117326472
Q6441,11,Montpellier,"city in Hérault, France",Q484170,http://wikidata.org/entity/Q6441
Q117327403,1,Dominique Cavaillé-Coll,"French organ builder of the last quarter of the 18th century and the first half of the 19th century, father of the famous Aristide with whom he worked in Paris for 20 years",Q5,http://wikidata.org/entity/Q117327403
Q71482,1,Friedrich Ladegast,German pipe organ builder (1818–1905),Q5,http://wikidata.org/entity/Q71482
Q47545883,1,Jean-Pierre Cavaillé,"18th century French organ builder, grandfather of the famous Aristide Cavaillé-Coll",Q5,http://wikidata.org/entity/Q47545883
Q106274,4,Legnica,city with powiat rights of Poland,Q925381,http://wikidata.org/entity/Q106274
Q242926,3,Marino,"comune in Lazio, Italy",Q747074,http://wikidata.org/entity/Q242926
Q3778,5,Zwickau,"town in Saxony, Germany",Q448801,http://wikidata.org/entity/Q3778
Q797892,3,Emmanuel College,college of the University of Cambridge,Q1055028,http://wikidata.org/entity/Q797892
Q42973,38,architect,"person trained to plan and design buildings, and oversee their construction",Q28640,http://wikidata.org/entity/Q42973
Q29245,1,Hastings,"town in East Sussex, on the south coast of England",Q3957,http://wikidata.org/entity/Q29245
Q17152,1,Central Macedonia Region,one of the 13 administrative regions of Greece,Q207299,http://wikidata.org/entity/Q17152
Q15875412,1,François van Hoogstraten,Dutch publisher and poet (1632-1696),Q5,http://wikidata.org/entity/Q15875412
Q107305567,1,Hester de Koningh,24 Dec 1628 Rotterdam -,Q5,http://wikidata.org/entity/Q107305567
Q157324,1,François Guizot,"French historian, orator and statesman (1787–1874)",Q5,http://wikidata.org/entity/Q157324
Q318337,1,Abel-François Villemain,French politician and writer (1790-1870),Q5,http://wikidata.org/entity/Q318337
Q6625963,17,novelist,writer of novels,Q28640,http://wikidata.org/entity/Q6625963
Q1809792,1,Le Charivari,French satirical periodical,Q11032,http://wikidata.org/entity/Q1809792
Q3212830,1,La Silhouette,newspaper,Q11032,http://wikidata.org/entity/Q3212830
Q949749,1,La Caricature,magazine,Q41298,http://wikidata.org/entity/Q949749
Q544646,1,Léon Cogniet,French painter (1794-1880),Q5,http://wikidata.org/entity/Q544646
Q1281618,18,sculptor,artist specializing in sculpture,Q88789639,http://wikidata.org/entity/Q1281618
Q724148,1,Édouard Detaille,French painter (1848-1912),Q5,http://wikidata.org/entity/Q724148
Q52550243,1,Gabriel Coffinières de Nordeck,French officer and artist (1844-1898),Q5,http://wikidata.org/entity/Q52550243
Q4521641,1,Vyacheslav Schwarz,Russian painter and academician (1838-1869),Q5,http://wikidata.org/entity/Q4521641
Q748307,4,Lycée Charlemagne,Parisian high-school,Q20860083,http://wikidata.org/entity/Q748307
Q1528171,1,Giuseppe Besozzi,oboist,Q5,http://wikidata.org/entity/Q1528171
Q7132198,1,Paolo Girolamo Besozzi,Oboist and bassoonist,Q5,http://wikidata.org/entity/Q7132198
Q5186476,1,Cristoforo Besozzi,Oboist and bassoonist,Q5,http://wikidata.org/entity/Q5186476
Q326582,1,Kwidzyn,city in northern Poland on the Liwa River,Q2616791,http://wikidata.org/entity/Q326582
Q54096,15,University of Cologne,university in Germany,Q875538,http://wikidata.org/entity/Q54096
Q30247850,1,Jacob Luther,son of Hans Luther,Q5,http://wikidata.org/entity/Q30247850
Q20494923,1,Hans Luther,father of Martin Luther,Q5,http://wikidata.org/entity/Q20494923
Q28657970,1,Margarethe Luther,mother of Martin Luther,Q5,http://wikidata.org/entity/Q28657970
Q75667,1,Martin Helwig,German cartographer of Silesia (1516–1574),Q5,http://wikidata.org/entity/Q75667
Q98742,1,Jacob Heerbrand,German theologian (1521-1600),Q5,http://wikidata.org/entity/Q98742
Q105649,1,Michael Neander,German educationist and philologist (1525-1585),Q5,http://wikidata.org/entity/Q105649
Q316592,13,University of Wittenberg,German university (1502–1814),Q3918,http://wikidata.org/entity/Q316592
Q1585513,1,University of Erfurt (1392-1816),former university,Q123602198,http://wikidata.org/entity/Q1585513
Q1399977,1,Schwiegershausen,human settlement in Germany,Q253019,http://wikidata.org/entity/Q1399977
Q958049,1,Crete,"city in Saline County, Nebraska, United States",Q1093829,http://wikidata.org/entity/Q958049
Q27306,11,Kingdom of Prussia,"former European state (1701–1918), part of the German Empire after 1871",Q3024240,http://wikidata.org/entity/Q27306
Q116415,1,Aquino,"comune in Lazio, Italy",Q747074,http://wikidata.org/entity/Q116415
Q1662737,2,Rehestädt,human settlement in Germany,Q253019,http://wikidata.org/entity/Q1662737
Q77336,1,Maria Josepha of Bavaria,Holy Roman empress,Q5,http://wikidata.org/entity/Q77336
Q85021,1,Duchess Maria Anna Josepha of Bavaria,German princess (1734-1776),Q5,http://wikidata.org/entity/Q85021
Q16740105,1,Theresa Benedicta of Bavaria,German princess,Q5,http://wikidata.org/entity/Q16740105
Q18411753,1,Franz Ludwig von Holnstein,(1723-1780),Q5,http://wikidata.org/entity/Q18411753
Q57841,1,"Maximilian III Joseph, Elector of Bavaria",Duke of Bavaria (1727-1777),Q5,http://wikidata.org/entity/Q57841
Q76736,1,"Charles VII, Holy Roman Emperor",Holy Roman Emperor,Q5,http://wikidata.org/entity/Q76736
Q231441,1,Maria Amalia of Austria,queen of Bohemia,Q5,http://wikidata.org/entity/Q231441
Q350587,1,Adam Pantke,German church historian,Q5,http://wikidata.org/entity/Q350587
Q94877553,1,Abraham Kästner,,Q5,http://wikidata.org/entity/Q94877553
Q11063,15,astronomer,scientist who studies celestial bodies,Q28640,http://wikidata.org/entity/Q11063
Q169470,19,physicist,scientist who does research in physics,Q28640,http://wikidata.org/entity/Q169470
Q740241,4,Chojnice,city and urban gmina of Poland,Q2616791,http://wikidata.org/entity/Q740241
Q6837,8,Lutherstadt Wittenberg,town in Germany,Q42744322,http://wikidata.org/entity/Q6837
Q73014,2,Erhard Weigel,"Mathematician, astronomer and philosopher",Q5,http://wikidata.org/entity/Q73014
Q118711,1,Johannes Musaeus,German Protestant theologian (1613-1681),Q5,http://wikidata.org/entity/Q118711
Q1281017,1,Johann Ernst Gerhard,German theologian,Q5,http://wikidata.org/entity/Q1281017
Q154561,36,Friedrich Schiller University Jena,"university located in Jena, Thuringia, Germany",Q875538,http://wikidata.org/entity/Q154561
Q1209,4,Bremen,federated state of Germany,Q1221156,http://wikidata.org/entity/Q1209
Q21546571,1,Philippus,father of Aristophanes,Q5,http://wikidata.org/entity/Q21546571
Q134929,1,Pindar,ancient Greek lyric poet,Q5,http://wikidata.org/entity/Q134929
Q23670612,3,Roman Carthage,city of Ancient Rome,Q15661340,http://wikidata.org/entity/Q23670612
Q113438302,1,Joseph Campra,"(b Aix-en-Provence, Sept 10, 1662; d Versailles, March 31, 1744). French composer, younger brother of André Campra. Joseph Campra was not, as described by the brothers Parfaict, a ‘fort honnête homme’ who never knew a note of music (Histoire de",Q5,http://wikidata.org/entity/Q113438302
Q47465,8,Aix-en-Provence,"French commune in Bouches-du-Rhône, Provence-Alpes-Côte d'Azur",Q484170,http://wikidata.org/entity/Q47465
Q2920855,1,Académie royale de musique,official name given to the Paris Opera in 1671; founded in 1669 as Académie d'Opéra,Q162633,http://wikidata.org/entity/Q2920855
Q3172862,1,Jean Julien Michel Savary,French politician (1753-1839),Q5,http://wikidata.org/entity/Q3172862
Q234704,1,Vitré,"commune in Ille-et-Vilaine, France",Q484170,http://wikidata.org/entity/Q234704
Q485990,1,Félix Savary,French astronomer (1797-1841),Q5,http://wikidata.org/entity/Q485990
Q1341516,11,Westminster School,"public school in Westminster, London, England",Q269770,http://wikidata.org/entity/Q1341516
Q15991187,4,grammarian,student or scholar of grammar,Q66666607,http://wikidata.org/entity/Q15991187
Q525612,1,Braunfels,"town in Lahn-Dill-Kreis in Hesse, Germany",Q3957,http://wikidata.org/entity/Q525612
Q1694555,1,Johan Henrich Reitz,German translator and theologian,Q5,http://wikidata.org/entity/Q1694555
Q110611569,1,Anna Maria Meerman,"31 Aug 1667 Frankfurt, Germany - 10 Oct 1734 Goes, Zeeland",Q5,http://wikidata.org/entity/Q110611569
Q11774202,15,essayist,person who writes essays,Q28640,http://wikidata.org/entity/Q11774202
Q70744319,2,theatre historian,person who studies the history of theatre arts,Q28640,http://wikidata.org/entity/Q70744319
Q61943885,1,Achille Guillard,French botanist (1799-1876),Q5,http://wikidata.org/entity/Q61943885
Q860500,2,Augusta Bilbilis,city of Ancient Rome in Hispania,Q213468,http://wikidata.org/entity/Q860500
Q121305813,1,Flaccilla,mother of Martial,Q5,http://wikidata.org/entity/Q121305813
Q243133,2,Palestrina,"comune in Lazio, Italy",Q747074,http://wikidata.org/entity/Q243133
Q9149093,1,mountaineer,person who climbs mountains,Q28640,http://wikidata.org/entity/Q9149093
Q642604,1,Jakob Gronovius,Dutch classical scholar (1645–1716),Q5,http://wikidata.org/entity/Q642604
Q82372,2,Kirchberg an der Jagst,municipality in Germany,Q42744322,http://wikidata.org/entity/Q82372
Q2743689,2,auctioneer,person who runs a sale by auction,Q28640,http://wikidata.org/entity/Q2743689
Q10732476,22,art collector,person who collects art,Q12737077,http://wikidata.org/entity/Q10732476
Q3145483,1,Hôtel Drouot,Paris auction house,Q11755959,http://wikidata.org/entity/Q3145483
Q1998354,2,Hoxton,"district in the East End of London, England",Q3957,http://wikidata.org/entity/Q1998354
Q8018208,1,William Scott,English High Church clergyman,Q5,http://wikidata.org/entity/Q8018208
Q1902016,2,Marlborough College,"school in Wiltshire, England, UK",Q3238833,http://wikidata.org/entity/Q1902016
Q1164598,3,Wormerveer,"village in Zaanstad, Netherlands",Q1852859,http://wikidata.org/entity/Q1164598
Q272243,6,Saint-Josse-ten-Noode,"municipality in the Brussels-Capital Region, Belgium",Q493522,http://wikidata.org/entity/Q272243
Q137375515,1,,,Q5,http://wikidata.org/entity/Q137375515
Q20738928,1,Douwe Simons Gorter,Dutch publisher,Q5,http://wikidata.org/entity/Q20738928
Q12027957,1,canon law jurist,jurist or lawyer specialised in church law and guidelines,Q15987302,http://wikidata.org/entity/Q12027957
Q4479442,1,founder,person who creates an institution intended to perpetuate itself after the founder's association ends,Q4164871,http://wikidata.org/entity/Q4479442
Q170062,1,Pannonia,province of the Roman Empire (20 - 107 AD),Q182547,http://wikidata.org/entity/Q170062
Q83247,1,Braga,municipality in Portugal,Q13217644,http://wikidata.org/entity/Q83247
Q1553052,1,Nusaybin,"district and town in Mardin, Turkey",Q149621,http://wikidata.org/entity/Q1553052
Q570801,1,Hugues Doneau,French lawyer,Q5,http://wikidata.org/entity/Q570801
Q5052948,1,Catherine Tishem,,Q5,http://wikidata.org/entity/Q5052948
Q714921,4,Jean Daurat,French writer and scholar (1508-1588),Q5,http://wikidata.org/entity/Q714921
Q376210,1,Adrianus Turnebus,French classical scholar,Q5,http://wikidata.org/entity/Q376210
Q36697320,2,Juan Gelida,,Q5,http://wikidata.org/entity/Q36697320
Q707285,1,Jacques Cujas,French jurist (1522–1590),Q5,http://wikidata.org/entity/Q707285
Q6625,4,Agen,"commune in Lot-et-Garonne, France",Q484170,http://wikidata.org/entity/Q6625
Q503473,14,University of Geneva,"public research university located in Geneva, Switzerland",Q62078547,http://wikidata.org/entity/Q503473
Q10079,1,Schouwen-Duiveland,municipality in the Netherlands,Q2039348,http://wikidata.org/entity/Q10079
Q108410348,1,Adriaen Cornelisz. Cats,,Q5,http://wikidata.org/entity/Q108410348
Q108410349,1,Leenken Jacob Janszdr. Breyde,,Q5,http://wikidata.org/entity/Q108410349
Q110423893,1,Mr. Pieter Feith,Est 1729 - 19 May 1802 's-Gravenhage,Q5,http://wikidata.org/entity/Q110423893
Q110423908,1,Elsabé Spaer,Est 1724 - 31 Oct 1778 Zwolle,Q5,http://wikidata.org/entity/Q110423908
Q543891,1,Vincenzo Albrici,Italian composer,Q5,http://wikidata.org/entity/Q543891
Q572891,1,Geising,"municipal district of Altenberg, Saxony",Q532,http://wikidata.org/entity/Q572891
Q1526368,7,Kreuzschule,school,Q3914,http://wikidata.org/entity/Q1526368
Q4991371,1,soldier,member of the armed forces,Q6857706,http://wikidata.org/entity/Q4991371
Q79980,1,Varanasi,city on the banks of the Ganges in the Uttar Pradesh state of India,Q515,http://wikidata.org/entity/Q79980
Q16069,3,Biberach an der Riss,town and district capital in the Upper Swabia region of the German state of Baden-Württemberg,Q134626,http://wikidata.org/entity/Q16069
Q159631,2,Kingdom of Württemberg,"kingdom in Central Europe between 1806–1918, from January 1871 part of the German Empire",Q3024240,http://wikidata.org/entity/Q159631
Q51240726,1,Anne Marie van Deventer-Busken Huet,Dutch author,Q5,http://wikidata.org/entity/Q51240726
Q97668127,1,Charles Busken Huet,Dutch politician,Q5,http://wikidata.org/entity/Q97668127
Q367203,1,Gymnasium Haganum,school in The Hague,Q55043,http://wikidata.org/entity/Q367203
Q326123,1,Drawsko Pomorskie,city of Poland,Q515,http://wikidata.org/entity/Q326123
Q931871,1,Franciscus Gomarus,Dutch theologian (1563-1641),Q5,http://wikidata.org/entity/Q931871
Q9845,2,Heusden,municipality in the Netherlands,Q2039348,http://wikidata.org/entity/Q9845
Q1510259,1,Gerardus de Vries,Dutch theologian and philosopher,Q5,http://wikidata.org/entity/Q1510259
Q444858,1,Martin Schoock,Dutch historian (1614-1669),Q5,http://wikidata.org/entity/Q444858
Q454594,1,Sixtinus Amama,Dutch Reformed theologian and orientalist,Q5,http://wikidata.org/entity/Q454594
Q635734,23,archivist,"professional who assesses, collects, organizes, preserves, maintains control over, and provides access to information determined to have long-term value",Q28640,http://wikidata.org/entity/Q635734
Q98833883,5,Protestant theologian,Christian theologian who is Protestant,Q28640,http://wikidata.org/entity/Q98833883
Q1743122,8,church historian,humanist who is engaged in history of Church,Q28640,http://wikidata.org/entity/Q1743122
Q388107,1,Oisemont,"commune in Somme, France",Q484170,http://wikidata.org/entity/Q388107
Q41976,1,Dokkum,"city in Noardeast-Fryslân, Netherlands",Q13539802,http://wikidata.org/entity/Q41976
Q131372967,1,Karl von Wolzogen,,Q5,http://wikidata.org/entity/Q131372967
Q95191623,1,Louise Sophie Charlotte Henriette von Wolzogen,,Q5,http://wikidata.org/entity/Q95191623
Q19238855,1,Wilhelm von Wolzogen,25 Nov 1762 - 17 Dec 1809,Q5,http://wikidata.org/entity/Q19238855
Q94849875,1,Ernst Ludwig I von Wolzogen,,Q5,http://wikidata.org/entity/Q94849875
Q55897735,1,Wilhelmine Christine Henriette Johanna von Wolzogen Marschalk von Ostheim,,Q5,http://wikidata.org/entity/Q55897735
Q1558133,1,Gymnasium Hammonense,gymnasium,Q55043,http://wikidata.org/entity/Q1558133
Q1766218,1,Reformierte Kirche Lübeck,"church building in Lübeck's Old City, Schleswig-Holstein, Germany",Q16970,http://wikidata.org/entity/Q1766218
Q1610477,1,Hermann Tast School,High school in Husum,Q3914,http://wikidata.org/entity/Q1610477
Q100111,2,Vignola,Italian comune,Q747074,http://wikidata.org/entity/Q100111
Q175566,1,Giacomo della Porta,Italian architect and sculptor (1532-1602),Q5,http://wikidata.org/entity/Q175566
Q177213,1,Baldassare Peruzzi,Italian painter (1481–1536),Q5,http://wikidata.org/entity/Q177213
Q33439340,2,Gouda,"city in South Holland, the Netherlands",Q1852859,http://wikidata.org/entity/Q33439340
Q116471848,1,Johan van Alphen,(1710–1750),Q5,http://wikidata.org/entity/Q116471848
Q116471867,1,Wilhelmina Lucia van Alphen,13 Apr 1713 's-Gravenhage - 15 Dec 1779 Utrecht,Q5,http://wikidata.org/entity/Q116471867
Q173950,7,art dealer,person that buys and sells works of art,Q28640,http://wikidata.org/entity/Q173950
Q9777,3,Venlo,municipality in southern Netherlands,Q2039348,http://wikidata.org/entity/Q9777
Q889413,1,SS Bodegraven,ship,Q11446,http://wikidata.org/entity/Q889413
Q127324830,1,Eduard Jacques Goudstikker,Dutch art gallerist (1866-1924),Q5,http://wikidata.org/entity/Q127324830
Q14972848,20,lexicographer,"writer, editor, or compiler of dictionaries",Q28640,http://wikidata.org/entity/Q14972848
Q627941,1,Jacopo Zabarella,Italian philosopher (1533-1589),Q5,http://wikidata.org/entity/Q627941
Q250089,1,Alessandro Piccolomini,"Italian writer and philosopher, titular archbishop of Patrae",Q5,http://wikidata.org/entity/Q250089
Q435296,2,Hieronymus Fabricius,"Italian physician, anatomist and surgeon (1533–1619)",Q5,http://wikidata.org/entity/Q435296
Q116094,2,Theodor Zwinger,Swiss physician,Q5,http://wikidata.org/entity/Q116094
Q1348126,4,Pierre-Joseph-Guillaume Zimmermann,French pianist,Q5,http://wikidata.org/entity/Q1348126
Q706096,1,Victor Dourlen,French composer and pedagogue,Q5,http://wikidata.org/entity/Q706096
Q42168,8,Clermont-Ferrand,"commune in Puy-de-Dôme, France",Q484170,http://wikidata.org/entity/Q42168
Q275118,11,9th arrondissement of Paris,"one of the 20 administrative districts of Paris, France",Q702842,http://wikidata.org/entity/Q275118
Q280936,1,,French engraver (1707-1783),Q5,http://wikidata.org/entity/Q280936
Q20658591,1,Johann Ernst Mansfeld,copperplate engraver,Q5,http://wikidata.org/entity/Q20658591
Q329439,17,engraver,craftsman with the profession of engraving,Q28640,http://wikidata.org/entity/Q329439
Q13365770,17,copper engraver,"artisan or artist who uses the technique of engraving images or text into a copper plate, which is then used to produce prints",Q28640,http://wikidata.org/entity/Q13365770
Q21543081,1,Johannes Christiaan Bendorp,"Dutch printmaker, draftsperson and graphic artist (1766-1849)",Q5,http://wikidata.org/entity/Q21543081
Q4947332,1,Sophia Wilhelmina Evans,,Q5,http://wikidata.org/entity/Q4947332
Q17391638,2,art theorist,profession that works in the field of art theory,Q28640,http://wikidata.org/entity/Q17391638
Q116923588,1,Haagsche Teekenacademie,Dutch art school,Q383092,http://wikidata.org/entity/Q116923588
Q1934922,1,Noël Gallon,French composer (1891-1966),Q5,http://wikidata.org/entity/Q1934922
Q154949,1,Jean Gallon,"French composer, choir conductor, and music educator (1878–1959)",Q5,http://wikidata.org/entity/Q154949
Q40898,15,Nancy,"city and commune in Meurthe-et-Moselle, Grand Est, France",Q484170,http://wikidata.org/entity/Q40898
Q2958620,1,Charles Broche,French composer (1752-1803),Q5,http://wikidata.org/entity/Q2958620
Q13391399,12,chansonnier,"type of poet songwriter in France and Quebec, Canada",Q66715801,http://wikidata.org/entity/Q13391399
Q57575075,1,Aeghje Hooft,,Q5,http://wikidata.org/entity/Q57575075
Q1133564,1,Cornelis Hooft,Dutch mayor (1547-1626),Q5,http://wikidata.org/entity/Q1133564
Q1871628,1,Louis De Geer,"Dutch politician, industrialist, gun merchant (1587-1652)",Q5,http://wikidata.org/entity/Q1871628
Q58900,2,Doncaster,"city in South Yorkshire, England, UK",Q7897276,http://wikidata.org/entity/Q58900
Q956501,2,Pembroke College,college of the University of Cambridge,Q1055028,http://wikidata.org/entity/Q956501
Q4821037,1,Auguste-Siméon Garneray,French painter (1785-1824),Q5,http://wikidata.org/entity/Q4821037
Q155545,2,Eugène de Beauharnais,French statesman and military officer (1781–1824),Q5,http://wikidata.org/entity/Q155545
Q456122,1,Alexandre de Beauharnais,French general; president of the National Constituent Assembly in 1791 (1760–1794),Q5,http://wikidata.org/entity/Q456122
Q277700,1,House of Beauharnais,French noble family,Q13417114,http://wikidata.org/entity/Q277700
Q112581,2,House of Bonaparte,imperial and royal European dynasty,Q164950,http://wikidata.org/entity/Q112581
Q75960528,1,Walter Scott,(1729-1799),Q5,http://wikidata.org/entity/Q75960528
Q75960529,1,Anne Rutherford,(1739-1819),Q5,http://wikidata.org/entity/Q75960529
Q623398,1,King James Version,1611 English translation of the Christian Bible,Q655192,http://wikidata.org/entity/Q623398
Q312562,1,James Macpherson,"British writer, poet, translator and politician (1736-1796)",Q5,http://wikidata.org/entity/Q312562
Q15460165,1,François-Hippolyte Barthélémon,French composer,Q5,http://wikidata.org/entity/Q15460165
Q7225843,1,Polly Young,"Soprano, composer and harpsichordist",Q5,http://wikidata.org/entity/Q7225843
Q60149588,1,Anton Albrechtsberger,,Q5,http://wikidata.org/entity/Q60149588
Q487522,2,Klosterneuburg,"municipality in Tulln District, Lower Austria, Austria",Q3957,http://wikidata.org/entity/Q487522
Q260581,1,Stiftsgymnasium Melk,Austrian monastic school,Q2348743,http://wikidata.org/entity/Q260581
Q3501329,1,Osiek Łużycki,village of Poland,Q3558970,http://wikidata.org/entity/Q3501329
Q57944,2,Annaberg-Buchholz,German town,Q448801,http://wikidata.org/entity/Q57944
Q2360795,1,Stötteritz,"quarter in Leipzig, Germany",Q79423884,http://wikidata.org/entity/Q2360795
Q94761054,1,Christian Heinrich Weiße,German high school teacher and classical philologist (1688-1730),Q5,http://wikidata.org/entity/Q94761054
Q1693594,1,Johann Friedrich Jünger,German author,Q5,http://wikidata.org/entity/Q1693594
Q3933,7,Celle,"city in Lower Saxony, Germany",Q1548525,http://wikidata.org/entity/Q3933
Q494299,2,Landsberg am Lech,"city in Bavaria, Germany",Q448801,http://wikidata.org/entity/Q494299
Q64990775,1,François d'Arouet,French lawyer,Q5,http://wikidata.org/entity/Q64990775
Q21177229,1,Marguerite d'Aumard,mother of Voltaire,Q5,http://wikidata.org/entity/Q21177229
Q1059546,19,Lycée Louis-le-Grand,"public school in Paris, France",Q20860083,http://wikidata.org/entity/Q1059546
Q1844562,1,University of Pont-à-Mousson,former French university,Q3918,http://wikidata.org/entity/Q1844562
Q9005,15,Brussels metropolitan area,"metropolitan area of Brussels, in Belgium",Q1907114,http://wikidata.org/entity/Q9005
Q21512299,1,,,Q2385804,http://wikidata.org/entity/Q21512299
Q368998,1,University of Trnava,"university founded in 1635, which continued to operate in Pest (now Budapest) from 1777. The predecessor of three modern universities",Q3918,http://wikidata.org/entity/Q368998
Q6999082,1,Giovanni Gherardi,Italian actor,Q5,http://wikidata.org/entity/Q6999082
Q5140793,2,Coenraet Decker,Dutch Golden Age engraver,Q5,http://wikidata.org/entity/Q5140793
Q6776939,1,Martin Zaagmolen,Dutch painter,Q5,http://wikidata.org/entity/Q6776939
Q628304,1,Schöningen,"town in the District of Helmstedt, Germany",Q42744322,http://wikidata.org/entity/Q628304
Q365463,1,Cornelis Drebbel,Dutch inventor and submarine pioneer,Q5,http://wikidata.org/entity/Q365463
Q97340217,1,Adriaen Rottermont,Netherlandish goldsmith and mintmaster (1579–1652),Q5,http://wikidata.org/entity/Q97340217
Q926814,1,Hendrik Hondius I,"engraver, cartographer and publisher from the Netherlands",Q5,http://wikidata.org/entity/Q926814
Q108823172,1,Johan Dedel,,Q5,http://wikidata.org/entity/Q108823172
Q52154034,1,Maurits Huygens,secretary in the Hague (1595-1642),Q5,http://wikidata.org/entity/Q52154034
Q17418337,1,Christiaan Huygens,Dutch politician (1551-1624),Q5,http://wikidata.org/entity/Q17418337
Q20031904,1,Susanna Hoefnagel,(1561-1633),Q5,http://wikidata.org/entity/Q20031904
Q21544862,1,Lambert Barlaeus,"Dutch pastor, assistant headmaster of the Amsterdam Grammar Schools and professor of Greek language (1592-1655)",Q5,http://wikidata.org/entity/Q21544862
Q559010,4,Parchim,"town and administrative center of the Ludwigslust-Parchim district in Mecklenburg-Vorpommern, Germany",Q42744322,http://wikidata.org/entity/Q559010
Q55123140,1,Johann Gottlieb Lessing,German pedagogue (1732-1808),Q5,http://wikidata.org/entity/Q55123140
Q1731277,1,Karl Gotthelf Lessing,"German mint director, writer and newspaper publisher (1740-1812)",Q5,http://wikidata.org/entity/Q1731277
Q55854807,1,Gottlob Samuel Lessing,Prussian legal adviser to the Prussian domain office (1739-1803),Q5,http://wikidata.org/entity/Q55854807
Q822146,3,lyricist,writer of song lyrics,Q66715801,http://wikidata.org/entity/Q822146
Q1694126,1,Johann Gottfried Lessing,theologian,Q5,http://wikidata.org/entity/Q1694126
Q94742602,1,Justina Salome Lessing,mother of Gotthold Ephraim Lessing (1703-1777),Q5,http://wikidata.org/entity/Q94742602
Q321381,1,Abingdon-on-Thames,"market town in Vale of White Horse, England, UK",Q18511725,http://wikidata.org/entity/Q321381
Q202059,1,London Borough of Lambeth,borough in the London Region in England,Q211690,http://wikidata.org/entity/Q202059
Q17167049,35,literary scholar,specialist in the study of literature,Q28640,http://wikidata.org/entity/Q17167049
Q356449,1,Aderstedt,,Q253019,http://wikidata.org/entity/Q356449
Q1209498,2,poet lawyer,poet with legal training,Q28640,http://wikidata.org/entity/Q1209498
Q1897000,1,Zheleznodorozhny,"human settlement in Pravdinsk Urban Okrug, Kaliningrad Oblast, Russia",Q15078955,http://wikidata.org/entity/Q1897000
Q4120832,15,Königsberg,"historic capital of East Prussia, since 1945 Russian territory",Q515,http://wikidata.org/entity/Q4120832
Q672420,11,University of Königsberg,former university of Königsberg in Eastern Prussia (1544-1945),Q3918,http://wikidata.org/entity/Q672420
Q122914811,1,André-Charles Caron,French clockmaker,Q5,http://wikidata.org/entity/Q122914811
Q502559,1,Olbersdorf,municipality of Germany,Q116457956,http://wikidata.org/entity/Q502559
Q626792,1,Fehrbellin,"municipality in Brandenburg state, Germany",Q116457956,http://wikidata.org/entity/Q626792
Q659955,1,Richelieu,"commune in Indre-et-Loire, France",Q484170,http://wikidata.org/entity/Q659955
Q502865,1,Hersbruck,city in Landkreis Nürnberger Land in Germany,Q42744322,http://wikidata.org/entity/Q502865
Q116034,1,Daniel Albert Wyttenbach,German-Swiss classical scholar,Q5,http://wikidata.org/entity/Q116034
Q1936132,1,Watergraafsmeer,"city area and poldered former lake in Amsterdam, Netherlands",Q106259,http://wikidata.org/entity/Q1936132
Q15449248,1,Simon Speijert van der Eijk,Philosophiae Dr. Universiteit Leiden (1771–1837),Q5,http://wikidata.org/entity/Q15449248
Q189960,7,Westminster,area of the City of Westminster in the London Region in England,Q2755753,http://wikidata.org/entity/Q189960
Q124237,2,Pentonville,Central London area located north-northeast of Charing Cross,Q2755753,http://wikidata.org/entity/Q124237
Q3154768,1,Isaac Rousseau,Genevan watchmaker (1672–1747),Q5,http://wikidata.org/entity/Q3154768
Q573715,1,Cécile Stanislas Xavier de Girardin,French politician and general (1762-1827),Q5,http://wikidata.org/entity/Q573715
Q534715,2,Teuchern,municipality of Germany,Q42744322,http://wikidata.org/entity/Q534715
Q1630506,1,Brozas,"municipality in Cáceres province, Extremadura, Spain.",Q2074737,http://wikidata.org/entity/Q1630506
Q308963,9,University of Salamanca,"public university in Salamanca, Spain",Q875538,http://wikidata.org/entity/Q308963
Q14887,1,Neumarkt in der Oberpfalz,"city in Bavaria, Germany",Q448801,http://wikidata.org/entity/Q14887
Q94873130,1,Kaspar Schoppe,,Q5,http://wikidata.org/entity/Q94873130
Q57941,3,Schneeberg,"town in Saxony, Germany",Q42744322,http://wikidata.org/entity/Q57941
Q498575,2,Northeim,"city in Lower Saxony, Germany",Q2267870,http://wikidata.org/entity/Q498575
Q181238,2,Africa,"Roman province on the northern African coast covering parts of present-day Tunisia, Algeria, and Libya",Q182547,http://wikidata.org/entity/Q181238
Q236579,1,Semur-en-Auxois,"commune in Côte-d'Or, France",Q484170,http://wikidata.org/entity/Q236579
Q21763303,1,Spa,"town in Spa municipality, Belgium",Q3957,http://wikidata.org/entity/Q21763303
Q70972,25,Kingdom of France,kingdom in Western Europe (987–1792; 1815–1848),Q3624078,http://wikidata.org/entity/Q70972
Q108734145,1,Benigne Saumaise,Abbott 1580 - 15 Jan 1640,Q5,http://wikidata.org/entity/Q108734145
Q96072564,1,Peter Bicknell,1842,Q5,http://wikidata.org/entity/Q96072564
Q27861509,1,Charles Bicknell,Person; male; Solicitor to the Admiralty; legal; British; 1751-1828,Q5,http://wikidata.org/entity/Q27861509
Q96072974,1,Mary Bicknell,,Q5,http://wikidata.org/entity/Q96072974
Q96072972,1,Robert Bicknell,,Q5,http://wikidata.org/entity/Q96072972
Q96072978,1,Joseph Bicknell,,Q5,http://wikidata.org/entity/Q96072978
Q96072976,1,Catherine Bicknell,,Q5,http://wikidata.org/entity/Q96072976
Q96072575,1,Robert Bicknell,(1720-1781),Q5,http://wikidata.org/entity/Q96072575
Q96072576,1,Sarah Bredalbane Campbell,(1717-1806),Q5,http://wikidata.org/entity/Q96072576
Q550200,1,Ingersleben,"municipality in the Börde district, Saxony-Anhalt, Germany, since 2010 part of Flechtingen",Q116457956,http://wikidata.org/entity/Q550200
Q10718088,2,Västerås domkyrkoförsamling,,Q615980,http://wikidata.org/entity/Q10718088
Q29468986,1,Abraham Hülphers the Older,Swedish industrialist (1704–1770),Q5,http://wikidata.org/entity/Q29468986
Q106404303,1,Christina Westdahl,(1711-1767),Q5,http://wikidata.org/entity/Q106404303
Q650012,1,engineer of the French Corps of Bridges and Roads,"specialized profession, also designates members of the former French Corps of Bridges and Roads",Q4164871,http://wikidata.org/entity/Q650012
Q629760,1,Bélesta,"commune in Ariège, France",Q484170,http://wikidata.org/entity/Q629760
Q184392,1,Foix,"commune in Ariège, France",Q484170,http://wikidata.org/entity/Q184392
Q131725041,1,NN van den Vondel,,Q5,http://wikidata.org/entity/Q131725041
Q19802255,1,Sara Cranen,ca. 1565-1637,Q5,http://wikidata.org/entity/Q19802255
Q42603,5,priest,person who consecrates his life to some divinity and whose main functions are to direct religious rites and offer sacrifices to the divinity (for a minister use Q1423891),Q4504549,http://wikidata.org/entity/Q42603
Q1694242,1,Johann Graf,German composer,Q5,http://wikidata.org/entity/Q1694242
Q136345345,1,Jakob van de Kasteele,Est 1711 - 11 Feb 1774 's-Gravenhage,Q5,http://wikidata.org/entity/Q136345345
Q136345355,1,Rachel de Lo,Est 1715 - 25 Jul 1794 's-Gravenhage,Q5,http://wikidata.org/entity/Q136345355
Q4372693,1,HU University of Applied Sciences Utrecht,"university in Utrecht, Netherlands",Q1941786,http://wikidata.org/entity/Q4372693
Q517381,2,Dillenburg,"town in Lahn-Dill-Kreis in Hesse, Germany",Q3957,http://wikidata.org/entity/Q517381
Q76181361,1,George Booth Tyndale,(born 1772),Q5,http://wikidata.org/entity/Q76181361
Q76232554,1,Margaret Catherine Rundell,(born 1776),Q5,http://wikidata.org/entity/Q76232554
Q76282275,1,Gerrit Willem Wolter Carel van Hoëvell,(1778-1865),Q5,http://wikidata.org/entity/Q76282275
Q76282276,1,Emerentia Luthera Isabella van der Capellen,(1787-1872),Q5,http://wikidata.org/entity/Q76282276
Q2371231,1,Van Hövell,family,Q13417114,http://wikidata.org/entity/Q2371231
Q72927737,1,Curiel family,dynasty,Q13417114,http://wikidata.org/entity/Q72927737
Q65622057,1,Friedrich Leberecht Gellert,,Q5,http://wikidata.org/entity/Q65622057
Q1084158,1,Christlieb Ehregott Gellert,German metallurgist,Q5,http://wikidata.org/entity/Q1084158
Q71123,1,Hainichen,municipality of Germany,Q42744322,http://wikidata.org/entity/Q71123
Q126944789,1,Christian Gellert,1671-1747,Q5,http://wikidata.org/entity/Q126944789
Q700434,1,Oberlichtenau,human settlement in Germany,Q253019,http://wikidata.org/entity/Q700434
Q26897,1,Gallia Narbonensis,Roman Empire province from 121 BC until 5th century,Q182547,http://wikidata.org/entity/Q26897
Q58328,1,Jean-Baptiste Biot,French scientist (1774-1862),Q5,http://wikidata.org/entity/Q58328
Q81096,9,engineer,professional practitioner of engineering,Q28640,http://wikidata.org/entity/Q81096
Q16011499,1,Mézières,former commune of France,Q484170,http://wikidata.org/entity/Q16011499
Q3856470,2,Michelangelo Vella,Maltese composer and organist (1710-1792),Q5,http://wikidata.org/entity/Q3856470
Q752348,2,Rabat,"capital of Gozo, an island of the Maltese archipelago",Q515,http://wikidata.org/entity/Q752348
Q41185,6,Caen,"commune in Calvados, France",Q484170,http://wikidata.org/entity/Q41185
Q15117546,1,Adolphe Laferrière,French actor,Q5,http://wikidata.org/entity/Q15117546
Q446126,1,Rosine Stoltz,French operatic mezzo-soprano,Q5,http://wikidata.org/entity/Q446126
Q3811544,1,Adrien de La Fage,composer (1801–1862),Q5,http://wikidata.org/entity/Q3811544
Q273626,4,École polytechnique,French engineering grande école (selective higher education institution),Q847027,http://wikidata.org/entity/Q273626
Q22667445,1,Jacobus Hendrik Scheltema,Dutch bookseller and author (1829-1909),Q5,http://wikidata.org/entity/Q22667445
Q105806095,1,Jan de Carpentier,15 Aug 1511 - 14 Dec 1580,Q5,http://wikidata.org/entity/Q105806095
Q105806097,1,Isabella de Villers,1512 - 15 Sep 1584,Q5,http://wikidata.org/entity/Q105806097
Q131730428,1,Martinus Alewijn,Est 1634 - 26 Nov 1684 Amsterdam,Q5,http://wikidata.org/entity/Q131730428
Q131730433,1,Anna Hooftman,25 Jul 1641 Haarlem - 28 Oct 1689 Amsterdam,Q5,http://wikidata.org/entity/Q131730433
Q20669622,5,music journalist,occupation,Q28640,http://wikidata.org/entity/Q20669622
Q160986,1,Münchberg,municipality of Germany,Q42744322,http://wikidata.org/entity/Q160986
Q2022164,1,Philip Loots,Dutch composer (1865–1916),Q5,http://wikidata.org/entity/Q2022164
Q972,4,Alkmaar,"municipality in the province of North Holland, the Netherlands",Q2039348,http://wikidata.org/entity/Q972
Q155984,3,Saalfeld,"capital of the Saalfeld-Rudolstadt district of Thuringia, Germany",Q42744322,http://wikidata.org/entity/Q155984
Q3055126,6,entomologist,zoologist specializing the study of insects (and often other arthropods),Q28640,http://wikidata.org/entity/Q3055126
Q5038982,1,Carel Borchaert Voet,18th century painter from the Northern Netherlands (1671-1743),Q5,http://wikidata.org/entity/Q5038982
Q2550518,1,Wasielewski,family,Q61881926,http://wikidata.org/entity/Q2550518
Q2434046,1,Julémont,"section of Herve, Belgium",Q2785216,http://wikidata.org/entity/Q2434046
Q539175,1,Daniel Papebroch,Flemish Jesuit hagiographer (1628–1714),Q5,http://wikidata.org/entity/Q539175
Q17166634,1,hagiographer,writer of the lives of the saints,Q28640,http://wikidata.org/entity/Q17166634
Q9775,1,Venray,municipality in the Netherlands,Q2039348,http://wikidata.org/entity/Q9775
Q2326156,1,Merkem,"section of Houthulst, Belgium",Q2785216,http://wikidata.org/entity/Q2326156
Q190113,2,Tongeren,"former city and municipality in Limburg, Belgium",Q15273785,http://wikidata.org/entity/Q190113
Q6581823,3,Southern Netherlands,historical region in Belgium,Q161243,http://wikidata.org/entity/Q6581823
Q13188714,3,Nijmegen,city in the Netherlands,Q515,http://wikidata.org/entity/Q13188714
Q31467408,4,Antwerp,"town in Antwerp municipality, Belgium",Q515,http://wikidata.org/entity/Q31467408
Q770639,9,University of Douai,University of Douai (1559-1887) become University of Lille,Q3918,http://wikidata.org/entity/Q770639
Q921115,1,Léonard de Hodémont,Belgian musician,Q5,http://wikidata.org/entity/Q921115
Q1416117,1,Lambert Pietkin,Belgian conductor and composer,Q5,http://wikidata.org/entity/Q1416117
Q499609,1,Borgloon,"former city in Limburg, Belgium",Q493522,http://wikidata.org/entity/Q499609
Q1990882,1,Langerak,"town in South Holland, Netherlands",Q1852859,http://wikidata.org/entity/Q1990882
Q6624,1,Ascoli Piceno,"comune in Marche, Italy",Q747074,http://wikidata.org/entity/Q6624
Q1409767,1,Plou,"commune in Cher, France",Q484170,http://wikidata.org/entity/Q1409767
Q209549,1,2nd arrondissement of Paris,"municipality of Paris, France",Q702842,http://wikidata.org/entity/Q209549
Q581543,1,Wülfershausen,municipality in Lower Franconia,Q116457956,http://wikidata.org/entity/Q581543
Q27576,1,Wettingen,municipality in the canton of Aargau in Switzerland,Q70208,http://wikidata.org/entity/Q27576
Q2176658,1,Ruppersthal,locality in Tulln District,Q11183787,http://wikidata.org/entity/Q2176658
Q207632,1,Apt,"commune in Vaucluse, France",Q484170,http://wikidata.org/entity/Q207632
Q600955,1,Antonio Boroni,Italian composer,Q5,http://wikidata.org/entity/Q600955
Q76152420,1,Nicolo Clementi,(1720-1789),Q5,http://wikidata.org/entity/Q76152420
Q76163165,1,Magdalena Kaiser,Peerage person ID=573741,Q5,http://wikidata.org/entity/Q76163165
Q23656765,1,Leonardo Brugnoli,Italian violonist,Q5,http://wikidata.org/entity/Q23656765
Q23656769,1,Giovanni Benvenuti,Italian violinist,Q5,http://wikidata.org/entity/Q23656769
Q52982,1,Fusignano,Italian comune,Q747074,http://wikidata.org/entity/Q52982
Q179815,1,Durham,city and the county town of County Durham in North East England,Q515,http://wikidata.org/entity/Q179815
Q213181,1,Darlington,"town in County Durham, England",Q3957,http://wikidata.org/entity/Q213181
Q818540,2,Benátky nad Jizerou,town in the Czech Republic,Q5153359,http://wikidata.org/entity/Q818540
Q12056184,2,Staré Benátky,,Q20871353,http://wikidata.org/entity/Q12056184
Q11131228,1,Benátky nad Jizerou II,neighborhood of Benátky nad Jizerou,Q61089180,http://wikidata.org/entity/Q11131228
Q4431,2,Bad Köstritz,"town in the district of Greiz, in Thuringia, Germany",Q42744322,http://wikidata.org/entity/Q4431
Q208793,3,Saint-Omer,"commune in Pas-de-Calais, France",Q484170,http://wikidata.org/entity/Q208793
Q2294640,1,Pasquale Cafaro,Italian composer (1716-1787),Q5,http://wikidata.org/entity/Q2294640
Q13498,1,Taranto,Italian comune,Q747074,http://wikidata.org/entity/Q13498
Q3687243,2,Conservatorio di Sant'Onofrio in Capuana,,Q184644,http://wikidata.org/entity/Q3687243
Q19306,2,Altamura,Italian comune,Q747074,http://wikidata.org/entity/Q19306
Q60449257,1,Music conservatories of Naples,Italian music schools,Q13406463,http://wikidata.org/entity/Q60449257
Q6850,2,Peine,"town in Lower Saxony, Germany",Q2267870,http://wikidata.org/entity/Q6850
Q734324,2,TU Braunschweig,university,Q1371037,http://wikidata.org/entity/Q734324
Q2675537,4,music teacher,person who teaches music,Q66715801,http://wikidata.org/entity/Q2675537
Q5083466,1,Charles Wesley junior,English organist and composer,Q5,http://wikidata.org/entity/Q5083466
Q23154,4,Bristol,"city in South West England, United Kingdom",Q515,http://wikidata.org/entity/Q23154
Q349070,1,Charles Wesley,English Methodist and hymn writer (1707-1788),Q5,http://wikidata.org/entity/Q349070
Q16258569,1,Sarah Wesley,Welsh wife of Methodist Charles Wesley (1726–1822),Q5,http://wikidata.org/entity/Q16258569
Q4766585,2,Ann Mounsey,"English composer, pianist, and organist",Q5,http://wikidata.org/entity/Q4766585
Q7033,2,Nordhausen,town and administritative center of Nordhausen District in Thuringia in central Germany,Q1547289,http://wikidata.org/entity/Q7033
Q464955,4,Windsor,"town in the Royal Borough of Windsor and Maidenhead in Berkshire, England",Q3957,http://wikidata.org/entity/Q464955
Q6761,8,Livorno,"city in Italy, Central Italy",Q747074,http://wikidata.org/entity/Q6761
Q264819,2,Schwanenstadt,"municipality in Vöcklabruck District, Upper Austria, Austria",Q667509,http://wikidata.org/entity/Q264819
Q40161,1,Longarone,Italian comune,Q747074,http://wikidata.org/entity/Q40161
Q101328,1,Gustav Volkmar,German church historian and theologian (1809–1893),Q5,http://wikidata.org/entity/Q101328
Q16145,2,Bad Hersfeld,"spa town and district seat of the Hersfeld-Rotenburg district in northeastern Hesse, Germany",Q134626,http://wikidata.org/entity/Q16145
Q558616,1,Homberg (Efze),"seat of Schwalm-Eder-Kreis and town in Hesse, Germany",Q134626,http://wikidata.org/entity/Q558616
Q55847122,1,Adam Valentin Volkmar,,Q5,http://wikidata.org/entity/Q55847122
Q1404997,1,Thaddäus Weigl,"Austrian composer, conductor and music publisher",Q5,http://wikidata.org/entity/Q1404997
Q713253,1,Joseph Franz Weigl,Austrian cellist,Q5,http://wikidata.org/entity/Q713253
Q15492736,1,John Travers,English composer,Q5,http://wikidata.org/entity/Q15492736
Q11687759,1,Bernard Gates,composer,Q5,http://wikidata.org/entity/Q11687759
Q23311,1,City of London,"city, ceremonial county and local government district containing the historic centre and the primary central business district in the London Region in England, UK",Q515,http://wikidata.org/entity/Q23311
Q2334065,1,Witzhelden,human settlement in Germany,Q253019,http://wikidata.org/entity/Q2334065
Q6555,1,Narbonne,"commune in Aude, France",Q484170,http://wikidata.org/entity/Q6555
Q1440685,2,Belleville,"former commune in the Seine département, east of Paris, France",Q484170,http://wikidata.org/entity/Q1440685
Q13134,8,Pesaro,town and comune in the Italian region of the Marche,Q747074,http://wikidata.org/entity/Q13134
Q6582,1,Carcassonne,"French commune in Aude, Occitania",Q484170,http://wikidata.org/entity/Q6582
Q63252670,1,Hans Konrad Nägeli,(1768-1828),Q5,http://wikidata.org/entity/Q63252670
Q68305,1,Wetzikon,Swiss municipality and city,Q70208,http://wikidata.org/entity/Q68305
Q63241254,1,Hans Jakob Nägeli,(1736-1806),Q5,http://wikidata.org/entity/Q63241254
Q63252671,1,Johann Caspar Nägeli,(1696-1742),Q5,http://wikidata.org/entity/Q63252671
Q3649966,1,Caius Gabriel Cibber,British artist (1630–1700),Q5,http://wikidata.org/entity/Q3649966
Q7744473,1,"The King's School, Grantham","school in Lincolnshire, UK",Q967098,http://wikidata.org/entity/Q7744473
Q57982939,1,Honsolgen,"village in the municipality of Buchloe, Germany",Q532,http://wikidata.org/entity/Q57982939
Q510845,2,Irsee,market municipality of Germany,Q100341898,http://wikidata.org/entity/Q510845
Q1364424,1,Guillaume de Marcillat,French painter (1470-1529),Q5,http://wikidata.org/entity/Q1364424
Q40222919,1,Antonio Vasari,father of Giorgio Vasari,Q5,http://wikidata.org/entity/Q40222919
Q112761455,1,Maddalena Tacci,,Q5,http://wikidata.org/entity/Q112761455
Q315803,1,Peter Candid,Flemish painter and graphic designer (1548-1628),Q5,http://wikidata.org/entity/Q315803
Q2459386,1,Giovanni Battista Naldini,Italian Mannerist painter (1535-1591),Q5,http://wikidata.org/entity/Q2459386
Q528968,1,Jacopo Zucchi,Florentine painter (1542-1596),Q5,http://wikidata.org/entity/Q528968
Q345605,1,Federico Zuccari,Italian painter (1539-1609),Q5,http://wikidata.org/entity/Q345605
Q7031,1,Luca Signorelli,Italian Renaissance painter (c.1450-1523),Q5,http://wikidata.org/entity/Q7031
Q110424056,1,Adriaan Heynsius,25 Jan 1615 Delft - 15 Jul 1679 Delft,Q5,http://wikidata.org/entity/Q110424056
Q110424060,1,Maria Dedel,14 Dec 1615 - 6 Mar 1692 's-Gravenhage,Q5,http://wikidata.org/entity/Q110424060
Q75728027,1,Alexander Edward Buchan,(born 1961),Q5,http://wikidata.org/entity/Q75728027
Q75728029,1,Sarah Pickles,Peerage person ID=305089,Q5,http://wikidata.org/entity/Q75728029
Q21234,1,Dauendorf,"commune in Bas-Rhin, France",Q484170,http://wikidata.org/entity/Q21234
Q13616,2,Matera,Italian comune,Q747074,http://wikidata.org/entity/Q13616
Q323633,1,Fauquembergues,"commune in Pas-de-Calais, France",Q484170,http://wikidata.org/entity/Q323633
Q3154738,1,Isaac Cruikshank,Scottish painter and caricaturist (1764-1811),Q5,http://wikidata.org/entity/Q3154738
Q3658608,4,caricaturist,artist who draws comical or otherwise exaggerated visual cartoons,Q28640,http://wikidata.org/entity/Q3658608
Q644687,17,illustrator,narrative artist who makes images for printed and electronic products,Q28640,http://wikidata.org/entity/Q644687
Q33231,48,photographer,person who takes photographs,Q12737077,http://wikidata.org/entity/Q33231
Q1523208,1,Giebichenstein,"district in the city of Halle, Germany",Q253019,http://wikidata.org/entity/Q1523208
Q43003,2,Ostiano,Italian comune,Q747074,http://wikidata.org/entity/Q43003
Q219317,13,University of Pavia,university in Italy,Q875538,http://wikidata.org/entity/Q219317
Q1617267,1,Alban Butler,English Roman Catholic priest and hagiographer (1710-1773),Q5,http://wikidata.org/entity/Q1617267
Q2983716,1,English College,Catholic seminary in Douai,Q14911880,http://wikidata.org/entity/Q2983716
Q69482,1,Lincoln's Inn,"one of the four Inns of Court in London, England",Q278697,http://wikidata.org/entity/Q69482
Q280411,1,Augustus Wall Callcott,British artist (1779-1844),Q5,http://wikidata.org/entity/Q280411
Q288781,3,Kensington,district within the Royal Borough of Kensington and Chelsea in central London,Q2755753,http://wikidata.org/entity/Q288781
Q96087511,1,Thomas Callcott,1735 - before 12 Nov 1796,Q5,http://wikidata.org/entity/Q96087511
Q96087513,1,Charlotte Wall,,Q5,http://wikidata.org/entity/Q96087513
Q868066,1,Gnaeus Domitius Afer,1st century AD Roman orator and advocate,Q5,http://wikidata.org/entity/Q868066
Q1232970,1,Marcus Servilius Nonianus,Roman historian and senator (died 59 AD),Q5,http://wikidata.org/entity/Q1232970
Q361809,2,rhetorician,teacher of rhetoric; theorist of rhetoric,Q28640,http://wikidata.org/entity/Q361809
Q642046,1,Calahorra,"municipality in Rioja Baja, La Rioja, Spain",Q123680441,http://wikidata.org/entity/Q642046
Q19603600,1,Calagurris,ancient city of Spain,Q213468,http://wikidata.org/entity/Q19603600
Q12859263,3,orator,public speaker; for conference speaker use Q100742049,Q28640,http://wikidata.org/entity/Q12859263
Q259903,1,Aire-sur-la-Lys,"commune in Pas-de-Calais, France",Q484170,http://wikidata.org/entity/Q259903
Q864380,9,biographer,person who creates biographies,Q28640,http://wikidata.org/entity/Q864380
Q202374,1,Châteaulin,"commune in Finistère, France",Q484170,http://wikidata.org/entity/Q202374
Q2251926,1,Milston,"village in Wiltshire, England",Q532,http://wikidata.org/entity/Q2251926
Q6483601,1,Lancelot Addison,Anglican priest,Q5,http://wikidata.org/entity/Q6483601
Q96083786,1,Jane Gulston,(1635-1684),Q5,http://wikidata.org/entity/Q96083786
Q131725728,1,Richard Steele,1638 - 1709,Q5,http://wikidata.org/entity/Q131725728
Q131725729,1,Elinor Sheyles,est. 1645 - 1713,Q5,http://wikidata.org/entity/Q131725729
Q82513,2,Merton College,college of the University of Oxford,Q2581649,http://wikidata.org/entity/Q82513
Q539630,1,Freinsheim,"town in the rural district Bad Dürkheim, Rhineland-Palatinate, Germany",Q42744322,http://wikidata.org/entity/Q539630
Q7047,1,Bad Kreuznach,"city in Rhineland-Palatinate, Germany",Q42744322,http://wikidata.org/entity/Q7047
Q154195,1,Kingdom of Bavaria,"kingdom in Central Europe between 1806 and 1918, from January 1871 part of the German Empire",Q3024240,http://wikidata.org/entity/Q154195
Q3386087,1,Pierre Maleden,"French composer, musicologist and music teacher",Q5,http://wikidata.org/entity/Q3386087
Q70942,1,Claußnitz,municipality of Germany,Q116457956,http://wikidata.org/entity/Q70942
Q706796,4,Alexander Hegius von Heek,German Renaissance humanist,Q5,http://wikidata.org/entity/Q706796
Q716415,1,Jan Standonck,Dutch theologian,Q5,http://wikidata.org/entity/Q716415
Q957527,1,John Colet,English priest,Q5,http://wikidata.org/entity/Q957527
Q3077328,2,George Hermonymus,"15th-century Greek scribe, diplomat, scholar and lecturer",Q5,http://wikidata.org/entity/Q3077328
Q114323974,1,Pieter Gerard,"Pieter Gerard, brother of Desiderius Erasmus, and one of his correspondets, cf. Contemporaries of Erasmus I, 441-442",Q5,http://wikidata.org/entity/Q114323974
Q2129332,2,Gabriel Mudaeus,Flemish jurist and humanist,Q5,http://wikidata.org/entity/Q2129332
Q2149257,1,Richard Croke,English academic,Q5,http://wikidata.org/entity/Q2149257
Q114323937,1,Nikolaus Bensrott,"Nikolaus Bensrott of Üffeln (documented 1500-1509), a correspondent of Desiderius Erasmus, cf. Contemporaries of Erasmus I, 123",Q5,http://wikidata.org/entity/Q114323937
Q693380,11,Old University of Leuven,university in Leuven (Louvain) (founded 1425 - closed 1797),Q1083980,http://wikidata.org/entity/Q693380
Q179541,1,Epicureanism,philosophical movement developed by Epicurus,Q12765852,http://wikidata.org/entity/Q179541
Q1110002,5,Collège Sainte-Barbe,secondary education in France,Q2511322,http://wikidata.org/entity/Q1110002
Q3532814,2,Quirijn Maurits Rudolph Ver Huell,Dutch writer and painter (1787-1860),Q5,http://wikidata.org/entity/Q3532814
Q4039371,2,Ver Huell,Dutch noble family,Q15054477,http://wikidata.org/entity/Q4039371
Q131524,14,entrepreneur,person who owns and operates a business,Q28640,http://wikidata.org/entity/Q131524
Q16508726,1,Maison d'Alphonse Daudet,"villa in Draveil, France",Q3950,http://wikidata.org/entity/Q16508726
Q216047,2,Le Figaro,French daily newspaper,Q1110794,http://wikidata.org/entity/Q216047
Q926749,8,Lycée Condorcet,"public school in Paris, France",Q20860083,http://wikidata.org/entity/Q926749
Q318082,1,Lunel,commune in the Hérault department in southern France,Q484170,http://wikidata.org/entity/Q318082
Q2374149,25,botanist,person who practices botany,Q28640,http://wikidata.org/entity/Q2374149
Q1225716,6,ornithologist,scientist who studies birds,Q28640,http://wikidata.org/entity/Q1225716
Q18805,12,naturalist,"person who studies and knows a lot about plants, animals and natural history (esp in the field)",Q28640,http://wikidata.org/entity/Q18805
Q108117521,1,François-Nicolas Marquet,,Q5,http://wikidata.org/entity/Q108117521
Q20188,1,Mondovì,Italian comune,Q747074,http://wikidata.org/entity/Q20188
Q3101548,1,"George Edgcumbe, 1st Earl of Mount Edgcumbe",Royal Navy admiral (1720-1795),Q5,http://wikidata.org/entity/Q3101548
Q38520177,1,"Emma Edgcumbe, Countess of Mount Edgcumbe",(1729-1807),Q5,http://wikidata.org/entity/Q38520177
Q1247373,4,Harrow School,"school in Harrow, UK",Q1972829,http://wikidata.org/entity/Q1247373
Q2640561,1,Zuilen,"neighborhood in Utrecht, The Netherlands",Q123705,http://wikidata.org/entity/Q2640561
Q175151,19,printer,person involved in manufacturing printed materials; operator of a printing press,Q28640,http://wikidata.org/entity/Q175151
Q42623606,1,Steendrukkerij van P. Blommers,,Q6500733,http://wikidata.org/entity/Q42623606
Q2504617,11,romanist,scholar specialising in Romance studies,Q28640,http://wikidata.org/entity/Q2504617
Q736333,1,Saint-Hilaire-du-Harcouët,"commune in Manche, France",Q484170,http://wikidata.org/entity/Q736333
Q105939057,1,Martinus Nicolaas Beets,19 Apr 1780 Haarlem - 5 Aug 1869 Haarlem (1780–1869),Q5,http://wikidata.org/entity/Q105939057
Q105939066,1,Maria Elisabeth de Waal Malefijt,1782,Q5,http://wikidata.org/entity/Q105939066
Q953957,1,Wantage,"market town and civil parish in Vale of White Horse, Oxfordshire, England",Q3957,http://wikidata.org/entity/Q953957
Q81170,2,Oriel College,college of the University of Oxford,Q2581649,http://wikidata.org/entity/Q81170
Q699191,1,Jan van Marnix,politician,Q5,http://wikidata.org/entity/Q699191
Q111901161,1,Brussels,largest city of Belgium,Q515,http://wikidata.org/entity/Q111901161
Q110519503,1,"Jacques van Marnix van Tholouze, Heer van Mont de St.Aldegonde",Abt 1510 - 23 Jun 1557/12 Aug 1557,Q5,http://wikidata.org/entity/Q110519503
Q110519509,1,"Marie de Hemericourt, Vrouwe van Mont de St.Aldegonde",Abt 1510 Brugge - 1540,Q5,http://wikidata.org/entity/Q110519509
Q110519484,1,"Baron Wessel VII van den Boetzelaer, Heer van Asperen en Merwede",Abt 1562 - 10 Oct 1632,Q5,http://wikidata.org/entity/Q110519484
Q58435822,1,Laurens Buysero,advisor to William III of Orange,Q5,http://wikidata.org/entity/Q58435822
Q62480284,2,Collegium Chirurgicum Amstelaedamense,former surgeon's guild & college in Amsterdam,Q38723,http://wikidata.org/entity/Q62480284
Q501900,1,Tournus,"commune in Saône-et-Loire, France",Q484170,http://wikidata.org/entity/Q501900
Q15883852,1,Warnsborn,,Q12292478,http://wikidata.org/entity/Q15883852
Q47545847,1,,family,Q8436,http://wikidata.org/entity/Q47545847
Q148849,2,Żary,"town and urban gmina in Lubusz Voivodeship, Poland (German: Sorau)",Q2616791,http://wikidata.org/entity/Q148849
Q5076847,1,Charles Isaac Mungo Dibdin,"English dramatist, composer, writer and theatre proprietor (1768-1833)",Q5,http://wikidata.org/entity/Q5076847
Q150120,1,Bloomsbury,"district in West End, London",Q2755753,http://wikidata.org/entity/Q150120
Q845619,3,Taunton,"town and civil parish in Somerset, England",Q1357964,http://wikidata.org/entity/Q845619
Q94990,1,San Giovanni in Persiceto,Italian comune,Q747074,http://wikidata.org/entity/Q94990
Q3384718,1,Pierre Descartes,(1591-1660),Q5,http://wikidata.org/entity/Q3384718
Q320299,1,Descartes,"commune in Indre-et-Loire, France",Q484170,http://wikidata.org/entity/Q320299
Q10680648,1,Stockholm City,urban municipality in Sweden until the end of 1970,Q2261863,http://wikidata.org/entity/Q10680648
Q3179456,1,Joachim Descartes,French jurist (1563-1640),Q5,http://wikidata.org/entity/Q3179456
Q112384119,1,Jeanne Brochard,1565 - 1597,Q5,http://wikidata.org/entity/Q112384119
Q2421235,1,Gilles-François Boulduc,French chemist (1675-1741),Q5,http://wikidata.org/entity/Q2421235
Q18197541,1,René Fédé,,Q5,http://wikidata.org/entity/Q18197541
Q2372894,1,Catherine Descartes,French poet and philosopher (1637–1706),Q5,http://wikidata.org/entity/Q2372894
Q2983591,2,collège Henri-IV de La Flèche,French school,Q3914,http://wikidata.org/entity/Q2983591
Q53657,1,Montepaone,Italian comune,Q747074,http://wikidata.org/entity/Q53657
Q432386,7,preacher,person who delivers sermons or gives homilies,Q28640,http://wikidata.org/entity/Q432386
Q20076182,1,Charles-Antoine Chabanon de Maugris,French author and musician,Q5,http://wikidata.org/entity/Q20076182
Q861551,1,Saint-Domingue,French colony on the isle of Hispaniola,Q133156,http://wikidata.org/entity/Q861551
Q107352059,1,Madame de Villeblanche,French composer,Q5,http://wikidata.org/entity/Q107352059
Q108675747,1,Bernardo Miralles,Spanish composer,Q5,http://wikidata.org/entity/Q108675747
Q771314,1,Aliaga,"municipality of Aragon, Spain",Q2074737,http://wikidata.org/entity/Q771314
Q11959,1,Alicante,"city in Valencian Community, Spain",Q2074737,http://wikidata.org/entity/Q11959
Q1024699,1,Ouwerkerk,"village in Schouwen-Duiveland, Netherlands",Q1852859,http://wikidata.org/entity/Q1024699
Q43845,4,businessperson,person involved in activities for the purpose of generating revenue,Q28640,http://wikidata.org/entity/Q43845
Q998550,16,bookseller,person selling books,Q28640,http://wikidata.org/entity/Q998550
Q9681,1,Hertford,"county town of Hertfordshire, England",Q1115575,http://wikidata.org/entity/Q9681
Q216853,1,Camaiore,commune in Italy,Q747074,http://wikidata.org/entity/Q216853
Q137839083,1,,,Q5,http://wikidata.org/entity/Q137839083
Q1382,1,Piran,coastal town of Slovenia,Q3957,http://wikidata.org/entity/Q1382
Q7330854,1,Richmond High School,"secondary school in Richmond, Indiana, United States of America",Q9826,http://wikidata.org/entity/Q7330854
Q25393460,4,Catholic deacon,"in the Catholic Church, minister of an order immediately inferior to the priest, with functions of assistance in the exercise of worship and works of charity; His insignia are the crossed stole and the dalmatic",Q63188808,http://wikidata.org/entity/Q25393460
Q1011162,1,Bourscheid Castle,castle,Q23413,http://wikidata.org/entity/Q1011162
Q110705328,1,"Johann Gerhard von Metternich, Herr zu Bourscheid",,Q5,http://wikidata.org/entity/Q110705328
Q110705342,1,Maria von der Leyen,- 16 Dec 1660,Q5,http://wikidata.org/entity/Q110705342
Q3499072,2,chef,person that directs preparation of meals,Q28640,http://wikidata.org/entity/Q3499072
Q551835,5,physician writer,physicians who write creatively in fields outside their practice of medicine,Q28640,http://wikidata.org/entity/Q551835
Q96099341,1,Edward Pożerski,,Q5,http://wikidata.org/entity/Q96099341
Q110923166,1,Olimpia Bielajew,,Q5,http://wikidata.org/entity/Q110923166
Q124627151,1,,,Q27062351,http://wikidata.org/entity/Q124627151
Q391083,1,Pasteur Institute,French research institute (1887-),Q31855,http://wikidata.org/entity/Q391083
Q3064332,1,Science Faculty of Paris,principal institution of scientific higher education in France,Q180958,http://wikidata.org/entity/Q3064332
Q845878,1,Sainte-Olive,"commune in Ain, France",Q484170,http://wikidata.org/entity/Q845878
Q213389,1,Bouligneux,"commune in Ain, France",Q484170,http://wikidata.org/entity/Q213389
Q200397,1,Abraham de Moivre,French mathematician (*1667 – †1754),Q5,http://wikidata.org/entity/Q200397
Q2259532,3,cleric,member of the clergy of a religion,Q4504549,http://wikidata.org/entity/Q2259532
Q5086153,1,Charlotte Street,street in London,Q79007,http://wikidata.org/entity/Q5086153
Q650068,3,Peterhouse,college of the University of Cambridge,Q1055028,http://wikidata.org/entity/Q650068
Q501090,1,Castro Urdiales,municipality of Spain,Q515,http://wikidata.org/entity/Q501090
Q9974,2,Weesp,town and former municipality in the Netherlands,Q2039348,http://wikidata.org/entity/Q9974
Q1423891,4,Christian minister,function of service in Christianity,Q63188683,http://wikidata.org/entity/Q1423891
Q2583037,1,Deurne,"town in the Dutch municipality of Deurne, the Netherlands",Q3957,http://wikidata.org/entity/Q2583037
Q22073916,2,tragedy writer,,Q28640,http://wikidata.org/entity/Q22073916
Q202422,2,Salamis Island,"island in the Saronic Gulf near Piraeus, Greece",Q23442,http://wikidata.org/entity/Q202422
Q83958,1,Macedonia,ancient Hellenic kingdom,Q1250464,http://wikidata.org/entity/Q83958
Q213679,2,Pella,capital of the ancient kingdom of Macedon,Q15661340,http://wikidata.org/entity/Q213679
Q117246181,1,Mnesarchus,,Q5,http://wikidata.org/entity/Q117246181
Q117246183,1,Cleito,,Q5,http://wikidata.org/entity/Q117246183
Q1235930,1,Colonus,ancient Athenian deme,Q672490,http://wikidata.org/entity/Q1235930
Q2910312,1,Durgerdam,"village in Amsterdam, Netherlands",Q532,http://wikidata.org/entity/Q2910312
Q355406,1,Paulus Potter,Dutch painter (1625-1654),Q5,http://wikidata.org/entity/Q355406
Q70949,1,Eppendorf,municipality of Germany,Q116457956,http://wikidata.org/entity/Q70949
Q488205,1,singer-songwriter,"musician who writes, composes and sings own songs",Q66715801,http://wikidata.org/entity/Q488205
Q79848,3,Southampton,"city and major port in Hampshire, South-East England, United Kingdom",Q515,http://wikidata.org/entity/Q79848
Q76289382,1,Thomas Dibden,Peerage person ID=665547,Q5,http://wikidata.org/entity/Q76289382
Q5479173,1,Francesco Antonio Calegari,"Italian baroque music theorist, composer and priest",Q5,http://wikidata.org/entity/Q5479173
Q3551581,3,University of Dole,university based in Dole founded in the 15th century,Q4671277,http://wikidata.org/entity/Q3551581
Q16533,6,judge,official who presides over court proceedings,Q15987302,http://wikidata.org/entity/Q16533
Q806798,4,banker,"person who works for, manages or owns a bank",Q28640,http://wikidata.org/entity/Q806798
Q726564,1,Gustave Boulanger,French painter (1824-1888),Q5,http://wikidata.org/entity/Q726564
Q433973,1,Jules Lefebvre,French painter (1836-1911),Q5,http://wikidata.org/entity/Q433973
Q3337,1,1st arrondissement of Lyon,"arrondissements of the City of Lyon, France",Q702842,http://wikidata.org/entity/Q3337
Q3358,1,6th arrondissement of Lyon,"arrondissement of Lyon, France",Q702842,http://wikidata.org/entity/Q3358
Q3578245,1,École nationale supérieure des beaux-arts de Lyon,"school of art and design in Lyon, France",Q383092,http://wikidata.org/entity/Q3578245
Q337480,2,Académie Julian,"former art school in Paris, France",Q383092,http://wikidata.org/entity/Q337480
Q159685,1,Bolsena,Italian comune,Q747074,http://wikidata.org/entity/Q159685
Q605785,1,Antonio Zanchi,Italian Painter (1631-1722),Q5,http://wikidata.org/entity/Q605785
Q536726,1,Angelo Trevisani,Italian painter (1669-1753),Q5,http://wikidata.org/entity/Q536726
Q1015,1,Koper,city in southwest Slovenia,Q515,http://wikidata.org/entity/Q1015
Q15964469,1,Francesco Civalli,Italian painter (1660-1703),Q5,http://wikidata.org/entity/Q15964469
Q3839132,1,Ludovico Mazzanti,Italian painter (1686-1775),Q5,http://wikidata.org/entity/Q3839132
Q214589,1,Johann Dominicus Fiorillo,German artist (1748-1821),Q5,http://wikidata.org/entity/Q214589
Q324678,1,Ignazio Fiorillo,Italian composer,Q5,http://wikidata.org/entity/Q324678
Q2461546,1,Turoszów,human settlement in Pohland,Q486972,http://wikidata.org/entity/Q2461546
Q1684675,3,Jean-Baptiste Moreau,French composer,Q5,http://wikidata.org/entity/Q1684675
Q3327238,1,Nicolas Goupillet,French composer,Q5,http://wikidata.org/entity/Q3327238
Q1332796,1,Andelot-Blancheville,"commune in Haute-Marne, France",Q484170,http://wikidata.org/entity/Q1332796
Q1166602,1,Domont,"commune in Val-d'Oise, France",Q484170,http://wikidata.org/entity/Q1166602
Q13376,5,Pistoia,Italian comune,Q747074,http://wikidata.org/entity/Q13376
Q622582,1,"Ihlow, Fläming","municipality in Brandenburg state, Germany",Q116457956,http://wikidata.org/entity/Q622582
Q214640,2,Brzeg,city in Opole Voivodeship in southwestern Poland,Q2616791,http://wikidata.org/entity/Q214640
Q156199,2,Electorate of Saxony,"state of the Holy Roman Empire, established when Emperor Charles IV raised the Ascanian duchy of Saxe-Wittenberg to the status of an Electorate 1356",Q20521456,http://wikidata.org/entity/Q156199
Q984232,1,Bydlino,village of Poland,Q3558970,http://wikidata.org/entity/Q984232
Q13370,1,Massa,capital of the Province of Massa and Carrara,Q747074,http://wikidata.org/entity/Q13370
Q3805885,1,Jacopo Guglielmi,Italian composer,Q5,http://wikidata.org/entity/Q3805885
Q109361901,1,Guglielmi,Italian family of musicians,Q8436,http://wikidata.org/entity/Q109361901
Q1363622,1,Erwin Zschokke,Swiss veterinarian and politician (1855-1929),Q5,http://wikidata.org/entity/Q1363622
Q1286238,1,Richard Zschokke,Swiss politician (1865-1946),Q5,http://wikidata.org/entity/Q1286238
Q19502066,1,Bruno Zschokke,Swiss chemist and university teacher (1860-1926),Q5,http://wikidata.org/entity/Q19502066
Q2649559,6,University of Frankfurt an der Oder,1506-1811,Q3918,http://wikidata.org/entity/Q2649559
Q2841400,1,Amaury Duval,"French lawyer, historian and diplomat (1760-1838)",Q5,http://wikidata.org/entity/Q2841400
Q110492629,1,Henri Duval,French writer,Q5,http://wikidata.org/entity/Q110492629
Q647,1,Rennes,"capital city of the region of Brittany, France",Q484170,http://wikidata.org/entity/Q647
Q208794,3,Lunéville,"commune in Meurthe-et-Moselle, France",Q484170,http://wikidata.org/entity/Q208794
Q4945862,1,Catharina Egges,Dutch publisher,Q5,http://wikidata.org/entity/Q4945862
Q22941826,2,manoir de la Coudraye,human settlement in France,Q2116450,http://wikidata.org/entity/Q22941826
Q2845753,8,former 2nd arrondissement of Paris,"one of the 12 administrative districts of Paris, France, before 1860",Q2845944,http://wikidata.org/entity/Q2845753
Q106650876,2,collège royal de Tours,,Q1459186,http://wikidata.org/entity/Q106650876
Q23197733,9,Old University of Orléans,former university of Orléans,Q3551775,http://wikidata.org/entity/Q23197733
Q33379022,1,Johann Jakob Rambach,,Q5,http://wikidata.org/entity/Q33379022
Q1694825,1,Johann Jakob Rambach,German theologian (1737-1818),Q5,http://wikidata.org/entity/Q1694825
Q28024477,3,Imperial University of Dorpat,(1802-1917) — the second of the twelve Imperial Universities of the Russian Empire. In 1893 it was renamed the Imperial University of Yuryev.,Q28667313,http://wikidata.org/entity/Q28024477
Q1081402,1,Christian Philipp Iffland,Mayor of Hanover (1750-1835),Q5,http://wikidata.org/entity/Q1081402
Q95696413,1,Louise Eisendecher,,Q5,http://wikidata.org/entity/Q95696413
Q136487991,1,,,Q5,http://wikidata.org/entity/Q136487991
Q136487993,1,Friederike Caroline Schröder,,Q5,http://wikidata.org/entity/Q136487993
Q69707,1,Karoline Jagemann,German opera singer,Q5,http://wikidata.org/entity/Q69707
Q1358805,1,Ernst Iffland,"German administrative law, politician and jurist (1820-1904)",Q5,http://wikidata.org/entity/Q1358805
Q290852,1,National Theatre Mannheim,"theatre and opera company in Mannheim, Germany, with a variety of performance spaces",Q11812394,http://wikidata.org/entity/Q290852
Q18783589,1,Charles Francis Sheridan,Irish author and politician,Q5,http://wikidata.org/entity/Q18783589
Q55999191,1,Betsy Sheridan,"Anglo Irish diarist, Sister of Richard Brinsley Sheridan",Q5,http://wikidata.org/entity/Q55999191
Q4726303,1,Alicia Sheridan LeFanu,Irish writer,Q5,http://wikidata.org/entity/Q4726303
Q75803950,1,Sackville Sheridan,Peerage person ID=341596,Q5,http://wikidata.org/entity/Q75803950
Q3525567,1,Thomas Sheridan,Irish stage actor and educator,Q5,http://wikidata.org/entity/Q3525567
Q5478941,1,Frances Sheridan,British writer,Q5,http://wikidata.org/entity/Q5478941
Q17176171,1,François Chéron,French writer (1764-1829),Q5,http://wikidata.org/entity/Q17176171
Q128901,1,Saint-Guyomard,"commune in Morbihan, France",Q484170,http://wikidata.org/entity/Q128901
Q131329,6,Arras,"commune in Pas-de-Calais, France",Q484170,http://wikidata.org/entity/Q131329
Q462534,2,Clermont,"commune in Oise, France",Q484170,http://wikidata.org/entity/Q462534
Q98397,1,Charlotte Maria Magdalena Ackermann,German actress (1757–1775),Q5,http://wikidata.org/entity/Q98397
Q5298228,1,Dorothea Ackermann,German actress,Q5,http://wikidata.org/entity/Q5298228
Q94896420,1,Johann Diedrich Schröder,,Q5,http://wikidata.org/entity/Q94896420
Q92246,1,Sophie Charlotte Ackermann,German actress,Q5,http://wikidata.org/entity/Q92246
Q1109215,2,Collegium Fridericianum,school,Q3914,http://wikidata.org/entity/Q1109215
Q2845756,3,former 5th arrondissement of Paris,"one of the twelve administrative districts of Paris, France, before 1860",Q2845944,http://wikidata.org/entity/Q2845756
Q1110014,2,collège des Grassins,educational institution,Q2385804,http://wikidata.org/entity/Q1110014
Q89355,1,Matthäus Casimir von Collin,"Austrian poet, dramatist and playwright",Q5,http://wikidata.org/entity/Q89355
Q2566598,2,religious,member of a Catholic order,Q63188683,http://wikidata.org/entity/Q2566598
Q1522900,1,Meppershall,"village and civil parish in Bedfordshire, UK",Q532,http://wikidata.org/entity/Q1522900
Q23306,5,Greater London,"ceremonial county of England, United Kingdom",Q180673,http://wikidata.org/entity/Q23306
Q516463,3,heraldist,expert in the field of heraldry,Q28640,http://wikidata.org/entity/Q516463
Q458108,1,Apion,1st century BC / 1st century AD Hellenized Egyptian grammarian and sophist,Q5,http://wikidata.org/entity/Q458108
Q2857528,1,Antonius Castor,ancient botanist,Q5,http://wikidata.org/entity/Q2857528
Q113230788,1,Plinia Marcella,sister of Pliny the Elder and mother of Pliny the Younger,Q5,http://wikidata.org/entity/Q113230788
Q50711037,1,Novum Comum,"Roman city located on the site of present-day Como, Italy",Q756780,http://wikidata.org/entity/Q50711037
Q547910,1,Stabiae,"ancient city, located near the current Castellammare di Stabia",Q22674925,http://wikidata.org/entity/Q547910
Q113230874,1,Gaius Plinius Celer,father of Pliny the Elder,Q5,http://wikidata.org/entity/Q113230874
Q113231006,1,Marcella,mother of Pliny the Elder,Q5,http://wikidata.org/entity/Q113231006
Q46940,1,Alcalá de Henares,city of Spain in the Community of Madrid,Q2074737,http://wikidata.org/entity/Q46940
Q6110848,1,Rodrigo de Cervantes,father of Miguel de Cervantes,Q5,http://wikidata.org/entity/Q6110848
Q16303005,1,Leonor de Cortinas,"Spanish ladyh, mother of Miguel de Cervantes",Q5,http://wikidata.org/entity/Q16303005
Q5849846,1,Estudio de la Villa,"school in Madrid, Crown of Castile",Q3914,http://wikidata.org/entity/Q5849846
Q313011,1,Heliodorus of Emesa,3rd/4th century Greco-Roman writer,Q5,http://wikidata.org/entity/Q313011
Q108802338,1,Jean Poquelin,"French merchant, father of Molière",Q5,http://wikidata.org/entity/Q108802338
Q579194,1,John Major,Scottish philosopher,Q5,http://wikidata.org/entity/Q579194
Q1010543,1,Killearn,"village in Stirling, Scotland, UK",Q532,http://wikidata.org/entity/Q1010543
Q76238261,1,Thomas Buchanan,Peerage person ID=628102 (1480-1512),Q5,http://wikidata.org/entity/Q76238261
Q76331785,1,Agnes Heriot,Peerage person ID=694615,Q5,http://wikidata.org/entity/Q76331785
Q2983766,2,College of Guienne,"school in Bordeaux, France",Q3914,http://wikidata.org/entity/Q2983766
Q216273,4,University of St Andrews,"university in St Andrews, Fife, Scotland, UK",Q875538,http://wikidata.org/entity/Q216273
Q2845896,5,University of Paris,French university (c. 1150–1793),Q15893266,http://wikidata.org/entity/Q2845896
Q3065892,1,de Malherbe,family,Q13417114,http://wikidata.org/entity/Q3065892
Q209821,2,Vouziers,"former commune in Ardennes, France",Q484170,http://wikidata.org/entity/Q209821
Q31075128,1,Sulmo,,Q15661340,http://wikidata.org/entity/Q31075128
Q50157,1,Sulmona,Italian comune,Q747074,http://wikidata.org/entity/Q50157
Q2441154,1,Tomis,ancient coastal city in Romania,Q15661340,http://wikidata.org/entity/Q2441154
Q3022495,1,Denis-François Secousse,French lawyer,Q5,http://wikidata.org/entity/Q3022495
Q995,3,Appingedam,"city and former municipality in Eemsdelta, Netherlands",Q2039348,http://wikidata.org/entity/Q995
Q6662,1,Cesena,Italian comune,Q747074,http://wikidata.org/entity/Q6662
Q1528314,1,Giuseppe Felice Tosi,Italian composer,Q5,http://wikidata.org/entity/Q1528314
Q975299,1,Tommaso Crudeli,Italian poet,Q5,http://wikidata.org/entity/Q975299
Q6343,3,Carthage,historical city in Tunisia,Q133442,http://wikidata.org/entity/Q6343
Q1251026,1,Lake Stymphalia,"lake in Peloponnese, Greece",Q23397,http://wikidata.org/entity/Q1251026
Q747614,1,Dommelen,"village in Valkenswaard, the Netherlands",Q532,http://wikidata.org/entity/Q747614
Q326653,3,accountant,practitioner of accounting or accountancy,Q28640,http://wikidata.org/entity/Q326653
Q66095885,1,textile merchant,someone who buys and sells textiles and textile products,Q12737077,http://wikidata.org/entity/Q66095885
Q510531,1,Andries Schoemaker,"Dutch numismatist, cloth merchant and collector (1660-1735)",Q5,http://wikidata.org/entity/Q510531
Q768934,1,Sainte-Mondane,"commune in Dordogne, France",Q484170,http://wikidata.org/entity/Q768934
Q181285,3,Cambrai,"commune in Nord, France",Q484170,http://wikidata.org/entity/Q181285
Q120147280,1,"Pons de Salignac, Marquis de La Mothe-Fénelon",1601 - 1663,Q5,http://wikidata.org/entity/Q120147280
Q115741084,1,François de Salignac de la Motte-Fénelon,,Q5,http://wikidata.org/entity/Q115741084
Q123846879,1,,,Q13417114,http://wikidata.org/entity/Q123846879
Q82615,1,Barberino Val d'Elsa,former Italian comune,Q3685476,http://wikidata.org/entity/Q82615
Q631833,2,Quintus Aurelius Memmius Symmachus,6th century Roman historian and politician,Q5,http://wikidata.org/entity/Q631833
Q660170,1,Isidore of Alexandria,philosopher,Q5,http://wikidata.org/entity/Q660170
Q579432,1,Manlius Boethius,Roman aristocrat and politician,Q5,http://wikidata.org/entity/Q579432
Q69055,2,Doullens,"commune in Somme, France",Q484170,http://wikidata.org/entity/Q69055
Q212420,1,Sens,"commune in Yonne, France",Q484170,http://wikidata.org/entity/Q212420
Q106904789,1,Pierre Bonnet Bourdelot,,Q5,http://wikidata.org/entity/Q106904789
Q185075,5,Saint-Germain-en-Laye,"former commune in Yvelines, France",Q484170,http://wikidata.org/entity/Q185075
Q473381,1,Ammonius of Athens,1st century AD Greek philosopher,Q5,http://wikidata.org/entity/Q473381
Q123740158,1,Lamprias,Plutarch's brother,Q5,http://wikidata.org/entity/Q123740158
Q4594605,6,magistrate,civilian officer who administers the law,Q15987302,http://wikidata.org/entity/Q4594605
Q13574678,1,Chaeronea,ancient Greek city-state of Boeotia,Q148837,http://wikidata.org/entity/Q13574678
Q2567890,1,Sextus of Chaeronea,Greek philosopher and teacher (c. 95 - c. 185),Q5,http://wikidata.org/entity/Q2567890
Q188776,1,Castres,"commune in Tarn, France",Q484170,http://wikidata.org/entity/Q188776
Q1215328,4,Academy of Saumur,Huguenot university at Saumur in western France,Q3918,http://wikidata.org/entity/Q1215328
Q15874068,1,Cornelis van Lennep,(1823-1874),Q5,http://wikidata.org/entity/Q15874068
Q3949,1,Unna,"town in Unna District, in North Rhine-Westphalia, Germany",Q42744322,http://wikidata.org/entity/Q3949
Q94883742,1,Adolph Spemann,"lawyer, notary",Q5,http://wikidata.org/entity/Q94883742
Q4174,2,Emden,"biggest city in East Friesland, Lower Saxony, Germany",Q2264924,http://wikidata.org/entity/Q4174
Q5697103,3,antiquarian,specialist or aficionado of antiquities or things of the past,Q28640,http://wikidata.org/entity/Q5697103
Q12407875,1,Hugh Holland,Welsh writer,Q5,http://wikidata.org/entity/Q12407875
Q745967,9,Christ Church,constituent college of the University of Oxford in England,Q2581649,http://wikidata.org/entity/Q745967
Q1227526,4,St Paul's School,"school in Richmond upon Thames, UK",Q2418495,http://wikidata.org/entity/Q1227526
Q677579,1,Christ's Hospital,"school in West Sussex, UK",Q2418495,http://wikidata.org/entity/Q677579
Q82606,3,Pembroke College,constituent college of the University of Oxford,Q2581649,http://wikidata.org/entity/Q82606
Q50886,1,Ballenstedt,"town in Landkreis Harz, Germany",Q42744322,http://wikidata.org/entity/Q50886
Q686965,1,Anhalt-Bernburg,former country,Q3024240,http://wikidata.org/entity/Q686965
Q314466,5,University of Helmstedt,university,Q3918,http://wikidata.org/entity/Q314466
Q157575,13,University of Strasbourg,university in France (1621– ),Q3551775,http://wikidata.org/entity/Q157575
Q372608,29,University of Basel,"public university in Basel, Switzerland",Q62078547,http://wikidata.org/entity/Q372608
Q14614,1,Reiden,"municipality in the canton of Lucerne, Switzerland",Q70208,http://wikidata.org/entity/Q14614
Q951184,2,Pontifical Biblical Institute,Catholic education institution in Rome,Q118918125,http://wikidata.org/entity/Q951184
Q1970681,1,Civitella del Lago,"human settlement in Baschi, Province of Terni, Umbria, Italy",Q1134686,http://wikidata.org/entity/Q1970681
Q475007,1,Pontifical Lateran University,"pontifical university in Rome, Italy",Q2120466,http://wikidata.org/entity/Q475007
Q19507792,3,scientific illustrator,"person who paints, sketches or otherwise illustrates scientifical subjects",Q28640,http://wikidata.org/entity/Q19507792
Q7190947,1,Pickwell,"village in Somerby, Melton, Leicestershire, England",Q532,http://wikidata.org/entity/Q7190947
Q18530238,1,John Cave,Church of England clergyman,Q5,http://wikidata.org/entity/Q18530238
Q691283,12,St John's College,constituent college of the University of Cambridge,Q1055028,http://wikidata.org/entity/Q691283
Q7073892,1,Oakham School,"school in Rutland, UK",Q2418495,http://wikidata.org/entity/Q7073892
Q121375750,2,Sallustia,sister of the Roman historian Sallust,Q5,http://wikidata.org/entity/Q121375750
Q177061,2,Amiternum,"ancient city, now roman archeological site, near the city of L'Aquila, Abruzzo; italy",Q839954,http://wikidata.org/entity/Q177061
Q2351493,1,Alexis Fontaine des Bertins,French mathematician (1704-1771),Q5,http://wikidata.org/entity/Q2351493
Q123987775,1,,,Q2385804,http://wikidata.org/entity/Q123987775
Q7027,4,Straubing,"independent city in Lower Bavaria, southern Germany",Q253030,http://wikidata.org/entity/Q7027
Q3409375,8,Anglican priest,minister of the Anglican church,Q63188683,http://wikidata.org/entity/Q3409375
Q1068693,2,Cheapside,street in the City of London,Q79007,http://wikidata.org/entity/Q1068693
Q643160,1,Farnham,"town in Surrey, England, UK",Q3957,http://wikidata.org/entity/Q643160
Q99240503,1,"Peter Beckford, of Jamaica",- Aft 1669,Q5,http://wikidata.org/entity/Q99240503
Q99240508,1,Phillis,,Q5,http://wikidata.org/entity/Q99240508
Q53824028,4,Remonstrants seminary,Educational institution in Amsterdam,Q2385804,http://wikidata.org/entity/Q53824028
Q540333,1,Dorking,"historic market town in Surrey, England",Q18511725,http://wikidata.org/entity/Q540333
Q207639,3,Chichester,"city in West Sussex, England",Q515,http://wikidata.org/entity/Q207639
Q805221,1,ballet dancer,person who practices the art of ballet,Q28640,http://wikidata.org/entity/Q805221
Q2421111,1,Antoine Le Maistre,"French translator, writer and lawyer (1608-1658)",Q5,http://wikidata.org/entity/Q2421111
Q719942,1,Pierre Nicole,French Jansenists,Q5,http://wikidata.org/entity/Q719942
Q1096867,1,Claude Lancelot,French monk and grammarian,Q5,http://wikidata.org/entity/Q1096867
Q3172486,1,Jean Hamon,French doctor and writer,Q5,http://wikidata.org/entity/Q3172486
Q454511,1,La Ferté-Milon,"commune in Aisne, France",Q484170,http://wikidata.org/entity/Q454511
Q108839139,1,Jean Racine,,Q5,http://wikidata.org/entity/Q108839139
Q108839140,1,Jeanne Sconin,,Q5,http://wikidata.org/entity/Q108839140
Q471980,8,Lycée Saint-Louis,post-secondary school in Paris,Q20860083,http://wikidata.org/entity/Q471980
Q108740666,1,,,Q189004,http://wikidata.org/entity/Q108740666
Q264323,1,chamberlain,officer in charge of managing a royal household,Q28640,http://wikidata.org/entity/Q264323
Q809585,2,Bartoszyce,city and urban gmina of Poland,Q2616791,http://wikidata.org/entity/Q809585
Q205929,2,Ilmenau,"town in Thuringia, Germany",Q42744322,http://wikidata.org/entity/Q205929
Q2524210,1,Viktor Amadeus Henckel von Donnersmarck,(1727-1793),Q5,http://wikidata.org/entity/Q2524210
Q1328078,1,Eleonore Maximiliane Ottilie Henckel von Donnersmarck,(1756-1843),Q5,http://wikidata.org/entity/Q1328078
Q459697,1,Henckel von Donnersmarck,Austrian-German noble family,Q13417114,http://wikidata.org/entity/Q459697
Q219477,2,missionary,member of a religious group sent to do evangelism,Q28640,http://wikidata.org/entity/Q219477
Q909696,1,Princeton Theological Seminary,"private school of theology in Princeton, New Jersey, US",Q233324,http://wikidata.org/entity/Q909696
Q156725,23,University of Hamburg,"university in Hamburg, Germany",Q875538,http://wikidata.org/entity/Q156725
Q7842,5,University of Tokyo,"national university in Tokyo, Japan",Q15936437,http://wikidata.org/entity/Q7842
Q1143235,1,Rikkyo University,"private university in Tokyo, Japan",Q902104,http://wikidata.org/entity/Q1143235
Q13381863,1,fencer,sportsperson taking part in fencing competitions,Q12737077,http://wikidata.org/entity/Q13381863
Q11569986,16,printmaker,person who makes prints from plates or blocks,Q28640,http://wikidata.org/entity/Q11569986
Q1976924,1,Aimée Van de Wiele,"Belgian composer, musicologist and music educator (1907–1991)",Q5,http://wikidata.org/entity/Q1976924
Q106676989,1,Matthew Playford,"rector of Great Stanmore, Middlesex",Q5,http://wikidata.org/entity/Q106676989
Q532622,1,Ruppertshofen,"municipality in Baden-Württemberg, Germany",Q116457956,http://wikidata.org/entity/Q532622
Q2744963,1,Grivegnée,"section of Liège, Belgium",Q2785216,http://wikidata.org/entity/Q2744963
Q2404083,1,Acquoy,"village in West Betuwe, Netherlands",Q532,http://wikidata.org/entity/Q2404083
Q102728,4,Ypres,"city in West Flanders, Belgium",Q493522,http://wikidata.org/entity/Q102728
Q784390,1,Peter Paul Maria Alberdingk Thijm,Dutch writer and professor (1827-1904),Q5,http://wikidata.org/entity/Q784390
Q60310928,1,Antoinette Alberdingk Thijm,Dutch singer (1829-1898),Q5,http://wikidata.org/entity/Q60310928
Q118495679,1,Joannes Alberdingk,merchant and father of Joseph Alberdingk Thijm,Q5,http://wikidata.org/entity/Q118495679
Q118495701,1,Catharina Thijm,mother of Joseph Alberdingk Thijm,Q5,http://wikidata.org/entity/Q118495701
Q1816228,5,Rijksakademie van beeldende kunsten,"art school in Amsterdam, Netherlands",Q383092,http://wikidata.org/entity/Q1816228
Q768270,1,Bouvignes-sur-Meuse,municipality section,Q493522,http://wikidata.org/entity/Q768270
Q12538,1,Haute-Garonne,French department,Q6465,http://wikidata.org/entity/Q12538
Q370498,2,Sceaux,"commune in Hauts-de-Seine, France",Q484170,http://wikidata.org/entity/Q370498
Q212238,8,civil servant,person employed by a government department or agency,Q28640,http://wikidata.org/entity/Q212238
Q2004963,6,numismatist,"person studying currencies, coins or paper money",Q28640,http://wikidata.org/entity/Q2004963
Q4776936,1,Antonio Rodríguez de Hita,Spanish composer (1722-1787),Q5,http://wikidata.org/entity/Q4776936
Q5292534,1,Don Domingo d'Yriarte,Spanish diplomat,Q5,http://wikidata.org/entity/Q5292534
Q5726969,1,Bernardo de Iriarte,Spanish diplomat (1735-1814),Q5,http://wikidata.org/entity/Q5726969
Q953876,1,Los Realejos,"municipality in Tenerife, Spain",Q2074737,http://wikidata.org/entity/Q953876
Q107526980,1,Christian Kellner,Swedish organist,Q5,http://wikidata.org/entity/Q107526980
Q1506750,1,Liebertwolkwitz,quarter of Leipzig,Q79423884,http://wikidata.org/entity/Q1506750
Q126904448,1,Philipp Kellner,,Q5,http://wikidata.org/entity/Q126904448
Q101575231,1,Robert Hogarth,- 20 Oct 1819,Q5,http://wikidata.org/entity/Q101575231
Q101575237,1,Margaret Scott,- 1 Mar 1809,Q5,http://wikidata.org/entity/Q101575237
Q16009380,1,Procureur de la République,position,Q28640,http://wikidata.org/entity/Q16009380
Q243649,1,Saint-Pierre-sur-Dives,"former commune in Calvados, France",Q484170,http://wikidata.org/entity/Q243649
Q246199,1,Garches,"commune in Hauts-de-Seine, France",Q484170,http://wikidata.org/entity/Q246199
Q17586,2,Teos,maritime city of Ionia,Q15661340,http://wikidata.org/entity/Q17586
Q184163,2,Colchester,"city in Essex, England, UK",Q3957,http://wikidata.org/entity/Q184163
Q6969619,1,Nathaniel Forster,British writer,Q5,http://wikidata.org/entity/Q6969619
Q96084314,1,Rhoda,,Q5,http://wikidata.org/entity/Q96084314
Q805285,8,Balliol College,constituent college of the University of Oxford,Q2581649,http://wikidata.org/entity/Q805285
Q3381488,3,Norwich School,"school in Norfolk, UK",Q2418495,http://wikidata.org/entity/Q3381488
Q8826,1,Palma,"city in Mallorca and capital of the Balearic Islands, Spain",Q515,http://wikidata.org/entity/Q8826
Q3176377,1,Royal Palace of La Almudaina,"cultural property in Palma de Mallorca, Spain",Q23413,http://wikidata.org/entity/Q3176377
Q1350157,15,music critic,person who writes reviews about music performances or recordings,Q28640,http://wikidata.org/entity/Q1350157
Q94907283,1,Christian Detlev Claudius,,Q5,http://wikidata.org/entity/Q94907283
Q539463,1,Reinfeld,town of Germany,Q42744322,http://wikidata.org/entity/Q539463
Q136158681,1,,,Q5,http://wikidata.org/entity/Q136158681
Q136158691,1,,,Q5,http://wikidata.org/entity/Q136158691
Q216638,4,Wakefield,"city in West Yorkshire, England",Q515,http://wikidata.org/entity/Q216638
Q1234712,1,Havant,"town in Hampshire, England, UK",Q3957,http://wikidata.org/entity/Q1234712
Q61914224,1,,,Q8436,http://wikidata.org/entity/Q61914224
Q986070,1,Chrudim,town in the Czech Republic,Q5153359,http://wikidata.org/entity/Q986070
Q193501,1,La Fontenelle,"former commune in Ille-et-Vilaine, France",Q21869758,http://wikidata.org/entity/Q193501
Q3274943,1,Émile Decombes,French pianist (1829-1912),Q5,http://wikidata.org/entity/Q3274943
Q64027,2,Nyon,municipality and city in the canton of Vaud in Switzerland,Q70208,http://wikidata.org/entity/Q64027
Q23165,3,Gloucestershire,ceremonial county in England (use Q21694733 for administrative non-metropolitan county),Q180673,http://wikidata.org/entity/Q23165
Q221193,1,Seravezza,Italian comune,Q747074,http://wikidata.org/entity/Q221193
Q207253,1,Mantes-la-Jolie,"commune in Yvelines, France",Q484170,http://wikidata.org/entity/Q207253
Q52439,1,Burano,"island in the Venetian Lagoon, Italy",Q23442,http://wikidata.org/entity/Q52439
Q3687246,1,Conservatorio di S. Maria di Loreto,"Naples, Italy",Q184644,http://wikidata.org/entity/Q3687246
Q728905,1,Yevstigney Fomin,Russian composer,Q5,http://wikidata.org/entity/Q728905
Q110212142,1,David Mortier,"* 1673 , † 1728 , bookseller (1673–1728)",Q5,http://wikidata.org/entity/Q110212142
Q520327,2,Willem Blaeu,"Dutch cartographer, atlas maker and publisher (1571–1638)",Q5,http://wikidata.org/entity/Q520327
Q26271231,1,Cornelis Blaeu,publisher from the Northern Netherlands (1610–1642),Q5,http://wikidata.org/entity/Q26271231
Q136276772,1,Maritgen Cornelisdr.,Uitgeest - 2 Nov 1637 Amsterdam,Q5,http://wikidata.org/entity/Q136276772
Q27902599,1,Blaeu,family of cartographers,Q8436,http://wikidata.org/entity/Q27902599
Q625228,1,Erasmus Quellinus II,Flemish painter (1607-1678),Q5,http://wikidata.org/entity/Q625228
Q3391743,17,visual artist,artist involved with the visual arts,Q88789639,http://wikidata.org/entity/Q3391743
Q26240746,1,Jean Mariette,"French printmaker and art dealer, 1660-1742 (1660-1742)",Q5,http://wikidata.org/entity/Q26240746
Q3165470,1,Jean Francois Blondel,French architect (1683-1756),Q5,http://wikidata.org/entity/Q3165470
Q958293,1,Gilles-Marie Oppenord,French architect (1672–1742),Q5,http://wikidata.org/entity/Q958293
Q131062,1,urban planner,professional who practices in the field of urban planning,Q28640,http://wikidata.org/entity/Q131062
Q316227,1,Nicolas de Pigage,French architect,Q5,http://wikidata.org/entity/Q316227
Q546540,1,Marie-Joseph Peyre,French architect,Q5,http://wikidata.org/entity/Q546540
Q552700,1,Claude Nicolas Ledoux,French Neoclassical architect (1736-1806),Q5,http://wikidata.org/entity/Q552700
Q1342645,1,Alexandre-Théodore Brongniart,French architect (1739-1813),Q5,http://wikidata.org/entity/Q1342645
Q3386869,1,Pierre Rousseau,French architect,Q5,http://wikidata.org/entity/Q3386869
Q3260405,1,Louis Charles François Petit-Radel,French archaeologist,Q5,http://wikidata.org/entity/Q3260405
Q17352286,1,Philippe Petit-Radel,French physician and botanist (1749-1815),Q5,http://wikidata.org/entity/Q17352286
Q337586,1,Académie Royale d'Architecture,French Royal Academy of Architecture,Q162633,http://wikidata.org/entity/Q337586
Q1342086,1,Engelen,"village in 's-Hertogenbosch, the Netherlands",Q532,http://wikidata.org/entity/Q1342086
Q752663,12,Delft University of Technology,Dutch university,Q1371037,http://wikidata.org/entity/Q752663
Q1925963,6,graphic artist,"artist who makes lines on paper through various drawing and print techniques, or the digital equivalent",Q28640,http://wikidata.org/entity/Q1925963
Q450147,1,Nicolas Métru,French composer,Q5,http://wikidata.org/entity/Q450147
Q16063546,11,historian of science,humanist who is engaged in history of science,Q28640,http://wikidata.org/entity/Q16063546
Q75726336,1,Thomas Wood,(1580-1643),Q5,http://wikidata.org/entity/Q75726336
Q27506218,1,Pieter van  Cuyck (I),,Q5,http://wikidata.org/entity/Q27506218
Q3303330,2,calligrapher,artist who practices calligraphy,Q28640,http://wikidata.org/entity/Q3303330
Q16017,2,Zweibrücken,"town in Rhineland-Palatinate, Germany",Q42744322,http://wikidata.org/entity/Q16017
Q496066,1,Revel,"commune in Haute-Garonne, France",Q484170,http://wikidata.org/entity/Q496066
Q63323570,1,Pieter van der  Plas (II),Dutch painter (1655-1708),Q5,http://wikidata.org/entity/Q63323570
Q58101479,1,Judith Zinspenning,,Q5,http://wikidata.org/entity/Q58101479
Q4775439,2,Antoine Bouzonnet-Stella,French painter (1637–1682),Q5,http://wikidata.org/entity/Q4775439
Q195634,1,Caux,"commune in Hérault, France",Q484170,http://wikidata.org/entity/Q195634
Q59331665,1,Jean-François Lépine,18th century French organ builder,Q5,http://wikidata.org/entity/Q59331665
Q15962457,1,Maria Margaretha la Fargue,painter from the Northern Netherlands (1738–1813),Q5,http://wikidata.org/entity/Q15962457
Q15962459,1,Karel la Fargue,painter from the Northern Netherlands (1738–1793),Q5,http://wikidata.org/entity/Q15962459
Q15962460,1,Jacob Elias la Fargue,painter from the Northern Netherlands (1735–1778),Q5,http://wikidata.org/entity/Q15962460
Q15962455,1,Isaac Lodewijk la Fargue van Nieuwland,painter from the Northern Netherlands (1726–1805),Q5,http://wikidata.org/entity/Q15962455
Q461413,1,Pont-à-Mousson,"commune in Meurthe-et-Moselle, France",Q484170,http://wikidata.org/entity/Q461413
Q20171745,1,Augustin Heinrich Fasch,botanist (1639-1690),Q5,http://wikidata.org/entity/Q20171745
Q56006731,1,Friedrich Hoffmann,German physician and physicist (1626-1675),Q5,http://wikidata.org/entity/Q56006731
Q702524,2,University of Erfurt,"public university in Thuringia, Germany",Q3918,http://wikidata.org/entity/Q702524
Q1018197,1,Eresos,village on the Greek island of Lesbos,Q486972,http://wikidata.org/entity/Q1018197
Q194414,2,peripatetic school,school of philosophy in Ancient Greece,Q2915955,http://wikidata.org/entity/Q194414
Q130287971,1,François de Bourdeilles,,Q5,http://wikidata.org/entity/Q130287971
Q80001103,1,Perpetua of Hippo,sister Augustine of Hippo and abbess,Q5,http://wikidata.org/entity/Q80001103
Q113558212,1,Navigius of Hippo,brother of Augustine of Hippo,Q5,http://wikidata.org/entity/Q113558212
Q1324444,1,Thagaste,ancient city,Q15661340,http://wikidata.org/entity/Q1324444
Q27381,2,North Africa,northernmost region of the African continent,Q82794,http://wikidata.org/entity/Q27381
Q858024,1,Hippo Regius,"ancient name for the modern city of Annaba, Algeria",Q839954,http://wikidata.org/entity/Q858024
Q108838549,1,Patricius,father of Augustine of Hippo,Q5,http://wikidata.org/entity/Q108838549
Q234689,1,Monica of Hippo,Christian saint; mother of St. Augustine,Q5,http://wikidata.org/entity/Q234689
Q108308379,1,Heraclius of Hippo,bishop of Hippo,Q5,http://wikidata.org/entity/Q108308379
Q43689,1,Ambrose,Roman theologian and Bishop of Milan (c. 340–397),Q5,http://wikidata.org/entity/Q43689
Q113957666,1,Valerii Catulli,branch of the gens Valeria,Q104258569,http://wikidata.org/entity/Q113957666
Q614510,1,Gabii,"ancient city of Latium, located 18 km (11 mi) due east of Rome along the Via Praenestina",Q15661340,http://wikidata.org/entity/Q614510
Q545343,1,Florens Radewyns,Dutch priest and scholar,Q5,http://wikidata.org/entity/Q545343
Q467242,1,Geert Groote,Dutch humanist and mystic (1340-1384),Q5,http://wikidata.org/entity/Q467242
Q6072938,1,Perses,Hesiod's brother,Q5,http://wikidata.org/entity/Q6072938
Q679305,2,Cyme,"ancient city of Ionia, in modern-day Turkey",Q486972,http://wikidata.org/entity/Q679305
Q936920,2,Ascra,ancient city-state of Boeotia,Q148837,http://wikidata.org/entity/Q936920
Q42307600,1,Megara,ancient Greek city-state,Q148837,http://wikidata.org/entity/Q42307600
Q1457477,1,Megara Hyblaea,city of ancient Sicily and Italian archaeological site,Q839954,http://wikidata.org/entity/Q1457477
Q208742,1,Peloponnesian League,military alliance in Ancient Greece,Q1778834,http://wikidata.org/entity/Q208742
Q739812,1,Philetas of Cos,ancient Greek scholar and poet,Q5,http://wikidata.org/entity/Q739812
Q4420718,2,Syracuse,city of ancient Sicily,Q839954,http://wikidata.org/entity/Q4420718
Q187027,1,Kos,Greek island,Q23442,http://wikidata.org/entity/Q187027
Q2320005,1,Ptolemaic Kingdom,Hellenistic kingdom in ancient Egypt (305–30 BCE),Q3932025,http://wikidata.org/entity/Q2320005
Q463364,1,Bion of Smyrna,1st century BC Greek bucolic poet,Q5,http://wikidata.org/entity/Q463364
Q2481551,1,Arnoldus Senguerdius,"Dutch philosopher, professor of philosophy, librarian and author (1610-1667/68)",Q5,http://wikidata.org/entity/Q2481551
Q834727,3,Melchior Volmar,German philologist,Q5,http://wikidata.org/entity/Q834727
Q49831,1,Noyon,"commune in Oise, France",Q484170,http://wikidata.org/entity/Q49831
Q2983796,1,Collège de la Marche,,Q1459186,http://wikidata.org/entity/Q2983796
Q2983781,2,Collège de Montaigu,constituent college of the Faculty of Arts of the University of Paris,Q1459186,http://wikidata.org/entity/Q2983781
Q2495994,2,University of Bourges,university in France,Q3918,http://wikidata.org/entity/Q2495994
Q13334,3,University of Orléans,French university in Orléans created in 1966,Q3551775,http://wikidata.org/entity/Q13334
Q23047,2,Cahors,"commune in Lot, France",Q484170,http://wikidata.org/entity/Q23047
Q377324,1,Jean Marot,French poet,Q5,http://wikidata.org/entity/Q377324
Q4988856,1,Hebraist,someone who deals with Hebrew studies,Q28640,http://wikidata.org/entity/Q4988856
Q279681,1,Thouars,"commune in Deux-Sèvres, France",Q484170,http://wikidata.org/entity/Q279681
Q658975,6,University of Lausanne,"university located in Lausanne, Switzerland",Q875538,http://wikidata.org/entity/Q658975
Q645663,5,University of Pisa,Italian public research university located in Pisa,Q875538,http://wikidata.org/entity/Q645663
Q9898,3,Amstelveen,"town and municipality in North Holland, the Netherlands",Q2039348,http://wikidata.org/entity/Q9898
Q213288,2,Montbrison,"commune in Loire, France",Q484170,http://wikidata.org/entity/Q213288
Q135985181,1,,,Q5,http://wikidata.org/entity/Q135985181
Q135985182,1,,,Q5,http://wikidata.org/entity/Q135985182
Q110939296,1,Pieter van Winter,21 Sep 1689 Amsterdam - 31 May 1776 Amsterdam,Q5,http://wikidata.org/entity/Q110939296
Q110939303,1,Elisabeth van Leeuwarden,21 Oct 1694 Amsterdam - 14 Mar 1746 Amsterdam,Q5,http://wikidata.org/entity/Q110939303
Q899030,2,Brasenose College,college of the University of Oxford,Q2581649,http://wikidata.org/entity/Q899030
Q96083373,1,Elizabeth Evelyn,(1614-1634),Q5,http://wikidata.org/entity/Q96083373
Q5539052,1,George Evelyn,English politician; (1617-1699),Q5,http://wikidata.org/entity/Q5539052
Q96083366,1,Jane Evelyn,(1616-1651),Q5,http://wikidata.org/entity/Q96083366
Q3140857,2,horticulturist,"person who works and conducts research in the science and art of growing flowers, fruits, vegetables or ornamental plants",Q28640,http://wikidata.org/entity/Q3140857
Q758780,1,gardener,person who tends gardens,Q12737077,http://wikidata.org/entity/Q758780
Q18939491,4,diarist,person who writes a personal journal,Q12737077,http://wikidata.org/entity/Q18939491
Q2656219,1,Wotton,"village and civil parish in Surrey, England, UK",Q1115575,http://wikidata.org/entity/Q2656219
Q76022928,1,Richard Evelyn,(1590-1640),Q5,http://wikidata.org/entity/Q76022928
Q76022929,1,Eleanor Stansfield,(1599-1635),Q5,http://wikidata.org/entity/Q76022929
Q716347,1,"Francis Godolphin, 2nd Earl of Godolphin",British politician (1678-1766),Q5,http://wikidata.org/entity/Q716347
Q6536131,1,Lewes Old Grammar School,"school in East Sussex, UK",Q3914,http://wikidata.org/entity/Q6536131
Q824501,2,Van Haren,"Dutch noble family (for surname, see Q55636934)",Q13417114,http://wikidata.org/entity/Q824501
Q2658339,1,Sulpicius Apollinaris,Roman grammarian,Q5,http://wikidata.org/entity/Q2658339
Q66421127,1,Aulus Gellius Celer,ancient Roman navy prefect,Q5,http://wikidata.org/entity/Q66421127
Q9997,1,Borne,municipality and village in the Netherlands,Q532,http://wikidata.org/entity/Q9997
Q26692689,1,Jan Jansz,,Q5,http://wikidata.org/entity/Q26692689
Q47458979,1,Johannes Janssonius van Waesberge I,"Dutch printer, publisher and bookseller (1616–1681)",Q5,http://wikidata.org/entity/Q47458979
Q114735574,1,Antonius Joannes van Schaik,,Q5,http://wikidata.org/entity/Q114735574
Q1622189,1,Hochschule für Katholische Kirchenmusik und Musikpädagogik Regensburg,,Q1365560,http://wikidata.org/entity/Q1622189
Q6031761,1,Gabriel Oxenstierna,10 Oct 1642 Stckholm - 28 Feb 1707,Q5,http://wikidata.org/entity/Q6031761
Q19838180,1,Ture Oxenstierna,"Swedish count, colonel and county governor",Q5,http://wikidata.org/entity/Q19838180
Q2834170,1,Alexander of Cotiaeum,Greek grammarian,Q5,http://wikidata.org/entity/Q2834170
Q311879,1,Herodes Atticus,Greek sophist and Roman senator (101–177),Q5,http://wikidata.org/entity/Q311879
Q317055,1,Marcus Cornelius Fronto,2nd century Roman rhetorician and advocate,Q5,http://wikidata.org/entity/Q317055
Q18999,1,Junius Rusticus,Stoic philosopher (100-170),Q5,http://wikidata.org/entity/Q18999
Q717647,1,Gnaeus Claudius Severus Arabianus,2nd century Roman senator and philosopher,Q5,http://wikidata.org/entity/Q717647
Q1284248,1,Annia Cornificia Faustina,sister of Roman emperor Marcus Aurelius,Q5,http://wikidata.org/entity/Q1284248
Q1292169,1,Marcus Annius Verus,father of Marcus Aurelius,Q5,http://wikidata.org/entity/Q1292169
Q1429,1,Antoninus Pius,15th Roman Emperor (138–161),Q5,http://wikidata.org/entity/Q1429
Q1815905,1,Calvisia Domitia Lucilla,mother of Roman emperor Marcus Aurelius,Q5,http://wikidata.org/entity/Q1815905
Q111205705,1,Malemnius,supposed king of the Sallentini during the reign of Numa Pompilius,Q21070568,http://wikidata.org/entity/Q111205705
Q3291176,1,Antonines,part of the Nerva–Antonine dynasty,Q164950,http://wikidata.org/entity/Q3291176
Q11907287,1,Aurelies,line of the gens Aurelia which the emperors Antoninus Pius and Marcus Aurelius were part of,Q1642895,http://wikidata.org/entity/Q11907287
Q3202662,1,Nerva–Antonine dynasty,dynasty of Roman Emperors,Q164950,http://wikidata.org/entity/Q3202662
Q11936307,1,Madauros,ancient Roman city in Algeria,Q839954,http://wikidata.org/entity/Q11936307
Q6548,7,Orléans,"large city and commune in Loiret, Centre-Val de Loire, France",Q484170,http://wikidata.org/entity/Q6548
Q163795,5,Valenciennes,"French commune in Nord, Hauts-de-France",Q484170,http://wikidata.org/entity/Q163795
Q2743448,2,Julia Major,eldest sister of Julius Caesar,Q5,http://wikidata.org/entity/Q2743448
Q241143,2,Julia Minor,"sister of Julius Caesar, and grandmother of Augustus",Q5,http://wikidata.org/entity/Q241143
Q11774156,5,memoirist,type of autobiographer,Q28640,http://wikidata.org/entity/Q11774156
Q1097498,6,ruler,person who reigns over a certain region or country,Q4164871,http://wikidata.org/entity/Q1097498
Q314710,2,Gaius Julius Caesar,Roman senator and father of Julius Caesar (c.140 BC - 85 BC),Q5,http://wikidata.org/entity/Q314710
Q232725,2,Aurelia,mother of Julius Caesar,Q5,http://wikidata.org/entity/Q232725
Q255870,2,Julia,wife of Gaius Marius,Q5,http://wikidata.org/entity/Q255870
Q231696,2,Atia,mother of Roman emperor Augustus,Q5,http://wikidata.org/entity/Q231696
Q127420850,2,Suena,folklore character who was the wife of Silvius Brabo and niece of Julius Caesar,Q25810847,http://wikidata.org/entity/Q127420850
Q3268376,2,Julii Caesares,patrician branch of the gens Julia,Q104258569,http://wikidata.org/entity/Q3268376
Q192841,2,Julio-Claudian dynasty,"Roman imperial dynasty consisting of the first five emperors: Augustus, Tiberius, Caligula, Claudius and Nero",Q164950,http://wikidata.org/entity/Q192841
Q20101028,1,Magius Celer Velleianus,,Q5,http://wikidata.org/entity/Q20101028
Q55054,1,Mirabella Eclano,Italian comune,Q747074,http://wikidata.org/entity/Q55054
Q128716,1,Sarzeau,"commune in Morbihan, France",Q484170,http://wikidata.org/entity/Q128716
Q7928931,1,Vigilantia,sister of Byzantine emperor Justinian I,Q5,http://wikidata.org/entity/Q7928931
Q4175034,1,legislator,member of a legislature,Q12737077,http://wikidata.org/entity/Q4175034
Q119611049,1,Taurision (Serbia),,,http://wikidata.org/entity/Q119611049
Q16869,1,Constantinople,"capital of the Eastern Roman, Latin and Ottoman Empires, currently Istanbul, Turkey",Q515,http://wikidata.org/entity/Q16869
Q12544,2,Byzantine Empire,Roman Empire during Late Antiquity and the Middle Ages,Q48349,http://wikidata.org/entity/Q12544
Q107437998,1,Vigilantia,mother of Justinian I,Q5,http://wikidata.org/entity/Q107437998
Q1133400,1,Justinian dynasty,dynasty,Q164950,http://wikidata.org/entity/Q1133400
Q578750,1,Rothbury,"town and civil parish in Northumberland, England",Q532,http://wikidata.org/entity/Q578750
Q2598,1,Watford,"town in Hertfordshire, England",Q3957,http://wikidata.org/entity/Q2598
Q623382,1,Killarney,"town in County Kerry, Ireland",Q3957,http://wikidata.org/entity/Q623382
Q163584,1,Derry,city in Northern Ireland,Q515,http://wikidata.org/entity/Q163584
Q6407035,3,Kilkenny College,"school in Kilkenny, County Kilkenny, Ireland",Q159334,http://wikidata.org/entity/Q6407035
Q1520005,1,Little Barford,"village and civil parish in Bedfordshire, UK",Q532,http://wikidata.org/entity/Q1520005
Q96087772,1,John Rowe,,Q5,http://wikidata.org/entity/Q96087772
Q96087773,1,Elizabeth Edwards,,Q5,http://wikidata.org/entity/Q96087773
Q3560910,3,Highgate School,"school in Haringey, UK",Q2418495,http://wikidata.org/entity/Q3560910
Q75399420,1,Francis Colman,British envoy to the grand duke of Tuscany,Q5,http://wikidata.org/entity/Q75399420
Q75399418,1,Mary Gumley,Peerage person ID=117881,Q5,http://wikidata.org/entity/Q75399418
Q6411536,1,King Edward VI School,"school in Staffordshire, UK",Q159334,http://wikidata.org/entity/Q6411536
Q7528204,1,Sir Joseph Williamson's Mathematical School,"school in Medway, UK",Q967098,http://wikidata.org/entity/Q7528204
Q201970,4,Shrewsbury,"county town of Shropshire, England",Q1357964,http://wikidata.org/entity/Q201970
Q146747,2,Vauxhall,"area in the London Borough of Lambeth, England",Q2755753,http://wikidata.org/entity/Q146747
Q2280221,3,Shrewsbury School,"school in Shropshire, UK",Q159334,http://wikidata.org/entity/Q2280221
Q3579035,1,travel writer,person who writes travel literature,Q28640,http://wikidata.org/entity/Q3579035
Q10498147,1,scientific explorer,"type of explorer travelling to exotic places in order to explore flora, fauna, or geology",Q12737077,http://wikidata.org/entity/Q10498147
Q12356615,1,traveler,person who travels or makes voyages,Q12737077,http://wikidata.org/entity/Q12356615
Q949530,1,Demonax,2nd century Greek philosopher,Q5,http://wikidata.org/entity/Q949530
Q1026347,1,Samosata,"ancient city of Commagene, in modern-day Turkey",Q15661340,http://wikidata.org/entity/Q1026347
Q1697394,2,Joannes Daniel Lennep,Dutch author and university professor,Q5,http://wikidata.org/entity/Q1697394
Q4966577,1,Alexis,4th century BC Athenian comic poet,Q5,http://wikidata.org/entity/Q4966577
Q13415481,1,Kephisia,ancient Athenian deme,Q672490,http://wikidata.org/entity/Q13415481
Q5494306,1,Freattyda,"neighborhood of Piraeus, Greece",Q123705,http://wikidata.org/entity/Q5494306
Q11225429,1,Thebes,ancient Greek city-state,Q148837,http://wikidata.org/entity/Q11225429
Q11160,1,Cassel,"commune in Nord, France",Q484170,http://wikidata.org/entity/Q11160
Q104712,2,Elbląg,"place in Warmian-Masurian, Poland",Q925381,http://wikidata.org/entity/Q104712
Q1031430,4,Habsburg Netherlands,polity ruled by the Habsburg House from 1482 to 1795,Q1048835,http://wikidata.org/entity/Q1031430
Q55074038,1,Giovanni Domenico Sala,,Q5,http://wikidata.org/entity/Q55074038
Q504352,1,Rasmus Bartholin,"Danish scientist, physician and grammarian (1625-1698)",Q5,http://wikidata.org/entity/Q504352
Q264593,1,Caspar Bartholin the Elder,Danish polymath (1585-1629),Q5,http://wikidata.org/entity/Q264593
Q77520,1,Thomas Fincke,Danish mathematician and physician (1561-1656),Q5,http://wikidata.org/entity/Q77520
Q49476,3,archbishop,bishop of higher rank in many Christian denominations,Q21114371,http://wikidata.org/entity/Q49476
Q676711,1,Tressan,"commune in Hérault, France",Q484170,http://wikidata.org/entity/Q676711
Q1989567,1,Château de Gaillon,"French Renaissance castle located in Gaillon, Normandy",Q751876,http://wikidata.org/entity/Q1989567
Q3606949,2,Agyrion,human settlement in Italy,Q15661340,http://wikidata.org/entity/Q3606949
Q16034211,1,Famille Morel,family,Q13417114,http://wikidata.org/entity/Q16034211
Q5506107,1,Fronto of Emesa,3rd-century Greek rhetorician,Q5,http://wikidata.org/entity/Q5506107
Q131301,1,Homs,city in western Syria,Q1549591,http://wikidata.org/entity/Q131301
Q5747,1,Palmyra,"ancient city in Homs Governorate, Syria",Q15661340,http://wikidata.org/entity/Q5747
Q2396671,1,Étienne-Maurice Chompré,French writer (1701–1784),Q5,http://wikidata.org/entity/Q2396671
Q614449,1,Narcy,"commune in Haute-Marne, France",Q484170,http://wikidata.org/entity/Q614449
Q1007545,1,Galatasaray High School,high school in Turkey,Q159334,http://wikidata.org/entity/Q1007545
Q204979,2,Vézelay,"commune in Yonne, France",Q484170,http://wikidata.org/entity/Q204979
Q2473815,1,Dominicus Baudius,Dutch historian and poet,Q5,http://wikidata.org/entity/Q2473815
Q19977066,1,Gottlob Schuberth,German oboist and clarinetist,Q5,http://wikidata.org/entity/Q19977066
Q75540217,1,"William Pierrepont, Earl of Kingston",(born 1692),Q5,http://wikidata.org/entity/Q75540217
Q75249221,1,Evelyn Pierrepont,noblewoman; (1691-1727),Q5,http://wikidata.org/entity/Q75249221
Q75269500,1,Frances Pierrepont,(1690-1761),Q5,http://wikidata.org/entity/Q75269500
Q11900058,6,explorer,person who by means of travel searches out new information,Q12737077,http://wikidata.org/entity/Q11900058
Q5416411,1,"Evelyn Pierrepont, 1st Duke of Kingston-upon-Hull",English nobleman and politician,Q5,http://wikidata.org/entity/Q5416411
Q27912179,1,Mary Feilding,English noblewoman; (1668 - 1697 (1692?),Q5,http://wikidata.org/entity/Q27912179
Q121411533,1,John Broughton,English clergyman and philosopher (1670s-1720),Q5,http://wikidata.org/entity/Q121411533
Q24203658,1,Leopoldo Metastasio,,Q5,http://wikidata.org/entity/Q24203658
Q3527165,1,Aldwincle,"village in North Northamptonshire, Northamptonshire, United Kingdom",Q532,http://wikidata.org/entity/Q3527165
Q75652077,1,Erasmus Dryden,(1602-1654),Q5,http://wikidata.org/entity/Q75652077
Q75652078,1,Mary Pickering,d.1676,Q5,http://wikidata.org/entity/Q75652078
Q617407,2,Eton,"Town in Berkshire, England",Q3957,http://wikidata.org/entity/Q617407
Q18730102,1,Christopher Milton,"Milton, Sir Christopher (1615–1693), judge",Q5,http://wikidata.org/entity/Q18730102
Q96089253,1,Anne Milton,(1604-1640),Q5,http://wikidata.org/entity/Q96089253
Q3809493,1,John Milton,Father of poet John Milton and English composer (1563-1647),Q5,http://wikidata.org/entity/Q3809493
Q96089257,1,Sara Jeffrey,(1566-1637),Q5,http://wikidata.org/entity/Q96089257
Q5344849,1,Edward Phillips,English author (1630-1696),Q5,http://wikidata.org/entity/Q5344849
Q714717,3,Christ's College,college of the University of Cambridge,Q1055028,http://wikidata.org/entity/Q714717
Q4463183,1,Johann Trier,German organist,Q5,http://wikidata.org/entity/Q4463183
Q123438,1,Bogatynia,city of Poland,Q3957,http://wikidata.org/entity/Q123438
Q213906,2,Friedrich Schneider,German composer and conductor,Q5,http://wikidata.org/entity/Q213906
Q214436,1,August Ferdinand Anacker,German Music cantor/conductor,Q5,http://wikidata.org/entity/Q214436
Q747254,1,Ernst Julius Otto,German composer (1804–1877),Q5,http://wikidata.org/entity/Q747254
Q32074,1,Neustadt bei Coburg,"city in Bavaria, Germany",Q448801,http://wikidata.org/entity/Q32074
Q2252262,2,rapper,artist who speaks rhymes in a rhythm over music,Q66715801,http://wikidata.org/entity/Q2252262
Q753110,2,songwriter,person who writes the words or music to songs,Q66715801,http://wikidata.org/entity/Q753110
Q183945,4,record producer,individual who oversees and manages the recording of an artist's music,Q66715801,http://wikidata.org/entity/Q183945
Q1156982,1,Bedford–Stuyvesant,"neighborhood in Brooklyn, New York City, United States",Q61298320,http://wikidata.org/entity/Q1156982
Q65,9,Los Angeles,"seat of Los Angeles County, and largest city in California, United States",Q13218391,http://wikidata.org/entity/Q65
Q55999469,1,Voletta Wallace,mother of the Notorious B.I.G.,Q5,http://wikidata.org/entity/Q55999469
Q5546181,1,George Westinghouse Career and Technical Education High School,"high school in Brooklyn, New York City",Q9826,http://wikidata.org/entity/Q5546181
Q4917627,1,Bishop Loughlin Memorial High School,"high school in Brooklyn, New York City",Q9826,http://wikidata.org/entity/Q4917627
Q75514485,1,"Sir William Ellys, 2nd Bt.",(died 1727),Q5,http://wikidata.org/entity/Q75514485
Q76331709,1,Isabella Hampden,Peerage person ID=694550,Q5,http://wikidata.org/entity/Q76331709
Q132499,1,Höchst,district of Frankfurt am Main,Q79416466,http://wikidata.org/entity/Q132499
Q14274,2,Aarau,"capital of Canton Aargau, Switzerland",Q70208,http://wikidata.org/entity/Q14274
Q808532,1,Barnstaple,"town and civil parish in Devon, England",Q3957,http://wikidata.org/entity/Q808532
Q193196,20,University College London,"public research university in London, England, United Kingdom",Q15407956,http://wikidata.org/entity/Q193196
Q593321,3,University of Genoa,"university in Genoa, Italy",Q3918,http://wikidata.org/entity/Q593321
Q10872101,4,anatomist,scientist with a specialty in anatomy,Q28640,http://wikidata.org/entity/Q10872101
Q202883,1,veterinarian,"professional who treats disease, disorder, and injury in animals",Q66811410,http://wikidata.org/entity/Q202883
Q525439,1,Franqueville-Saint-Pierre,"commune in Seine-Maritime, France",Q484170,http://wikidata.org/entity/Q525439
Q182188,1,Samatan,"commune in Gers, France",Q484170,http://wikidata.org/entity/Q182188
Q2828086,1,Aimé Paris,French music educator and inventor of writing system (1798-1866),Q5,http://wikidata.org/entity/Q2828086
Q151197,1,military engineer,military vocation,Q6857706,http://wikidata.org/entity/Q151197
Q165090,3,Chambéry,"commune in Savoie, France",Q484170,http://wikidata.org/entity/Q165090
Q12193,4,Brest,"port city in the Finistère department, Brittany, France",Q484170,http://wikidata.org/entity/Q12193
Q426025,1,Duchy of Savoy,state in Western Europe that existed from 1416 to 1860,Q26830017,http://wikidata.org/entity/Q426025
Q2958262,1,Charles-Nicolas Cochin the Elder,French line-engraver (1688-1754),Q5,http://wikidata.org/entity/Q2958262
Q3263641,1,Louise-Magdeleine Horthemels,French printmaker (1686–1767),Q5,http://wikidata.org/entity/Q3263641
Q3383919,1,Pierre Beljambe,,Q5,http://wikidata.org/entity/Q3383919
Q61735219,1,Louis Cellot,"Cellot, Louis (1731–1815)",Q5,http://wikidata.org/entity/Q61735219
Q505909,1,Höchstädt an der Donau,town of Germany,Q42744322,http://wikidata.org/entity/Q505909
Q558901,1,Willmars,municipality of Germany,Q116457956,http://wikidata.org/entity/Q558901
Q63197341,1,Anselmo Feijoo Montenegro,Spanish military personnel,Q5,http://wikidata.org/entity/Q63197341
Q12385587,1,Casdemiro,"human settlement in O Pereiro de Aguiar, Ourense Province, Spain",Q20541692,http://wikidata.org/entity/Q12385587
Q2303432,1,University of Oviedo,"public university in Asturias, Spain",Q875538,http://wikidata.org/entity/Q2303432
Q667315,1,Blainville-sur-Mer,"commune in Manche, France",Q484170,http://wikidata.org/entity/Q667315
Q12460,5,Lier,"city in Antwerp province, Belgium",Q493522,http://wikidata.org/entity/Q12460
Q31824079,2,Lier,"town in the municipality of the same name, Belgium",Q3957,http://wikidata.org/entity/Q31824079
Q11727152,1,Chotěborky,village in Trutnov District of Hradec Králové region,Q61089180,http://wikidata.org/entity/Q11727152
Q960222,2,Giovanni Battista Somis,Italian violinist and composer (1686-1763),Q5,http://wikidata.org/entity/Q960222
Q103640,1,Breno,Italian comune,Q747074,http://wikidata.org/entity/Q103640
Q23894249,1,Erasbach,church village in Upper Palatinate,Q253019,http://wikidata.org/entity/Q23894249
Q31519,9,Charles University,oldest and largest university in the Czech Republic,Q875538,http://wikidata.org/entity/Q31519
Q7324338,1,Richard Brind,English musician,Q5,http://wikidata.org/entity/Q7324338
Q16191541,1,Franz Eck,German violinist,Q5,http://wikidata.org/entity/Q16191541
Q27995018,1,Charles Louis Maucourt,,Q5,http://wikidata.org/entity/Q27995018
Q55891242,1,Karl Heinrich Spohr,,Q5,http://wikidata.org/entity/Q55891242
Q135639478,1,,,Q5,http://wikidata.org/entity/Q135639478
Q215083,1,Ferdinand David,German musician (1810–1873),Q5,http://wikidata.org/entity/Q215083
Q327024,1,Fredrik Pacius,German composer resided in Finland (1809-1891),Q5,http://wikidata.org/entity/Q327024
Q571562,1,Bernhard Molique,German violinist and composer (1802-1869),Q5,http://wikidata.org/entity/Q571562
Q896269,1,Hubert Ries,German composer (1802–1886),Q5,http://wikidata.org/entity/Q896269
Q11792067,1,Nikodem Biernacki,Polish violinist and composer (1825-1892),Q5,http://wikidata.org/entity/Q11792067
Q43955814,1,Karl Julius Abt,,Q5,http://wikidata.org/entity/Q43955814
Q16096,1,Vechta,"town in the German state of Lower Saxony, and capital of the district of Vechta",Q2267870,http://wikidata.org/entity/Q16096
Q503640,1,Gunzenhausen,German town in Bavaria,Q42744322,http://wikidata.org/entity/Q503640
Q116182872,1,Andreas Osiander,"Abt 1443/1444 Auhausen, Württemberg - Aft 1524 Nürnberg",Q5,http://wikidata.org/entity/Q116182872
Q116182875,1,Anna Herzog,1458 Nürnberg - 1540 Nürnberg,Q5,http://wikidata.org/entity/Q116182875
Q462039,5,University of Ingolstadt,"former university in Ingolstadt, Bavaria (1472–1800)",Q3918,http://wikidata.org/entity/Q462039
Q12792,1,Vaucluse,"department in Provence-Alpes-Côte d'Azur, France",Q6465,http://wikidata.org/entity/Q12792
Q1364637,1,Giacobbe Cervetto,Italian composer active in England,Q5,http://wikidata.org/entity/Q1364637
Q18671675,1,Joanna Maria Lindehleim,British soprano (d. 1724),Q5,http://wikidata.org/entity/Q18671675
Q1473756,1,Royal Academy of Music,company founded to support the performance of operas by Händel in London,Q783794,http://wikidata.org/entity/Q1473756
Q18593211,1,John Festing,"music teacher, elder brother of Michael Christian Festing",Q5,http://wikidata.org/entity/Q18593211
Q110427056,1,John Festing,Abt 1672/1673 -,Q5,http://wikidata.org/entity/Q110427056
Q110427057,1,Elizabeth Casey,Abt 1680/1681 -,Q5,http://wikidata.org/entity/Q110427057
Q1313794,1,Grimani,Venetian patrician family,Q13417114,http://wikidata.org/entity/Q1313794
Q22640,2,Thionville,"commune in Moselle, France",Q484170,http://wikidata.org/entity/Q22640
Q1058168,1,Roissy-en-Brie,"commune in Seine-et-Marne, France",Q484170,http://wikidata.org/entity/Q1058168
Q1339827,3,Gaetano Greco,Italian composer,Q5,http://wikidata.org/entity/Q1339827
Q54522,1,Strongoli,"comune and town in the province of Crotone, in Calabria, Italy",Q747074,http://wikidata.org/entity/Q54522
Q605643,1,Antonio Veracini,Italian composer,Q5,http://wikidata.org/entity/Q605643
Q8645,1,Lanciano,Italian comune,Q747074,http://wikidata.org/entity/Q8645
Q20808141,2,University of Strasbourg,German or French university (1538-1970),Q3918,http://wikidata.org/entity/Q20808141
Q24982149,1,Claude Godard d'Aucour,French writer (1716-1795),Q5,http://wikidata.org/entity/Q24982149
Q2854028,1,Antoine Groignard,French architect (1727–1799),Q5,http://wikidata.org/entity/Q2854028
Q682607,1,Rainbach im Mühlkreis,"municipality in Freistadt District, Upper Austria, Austria",Q562061,http://wikidata.org/entity/Q682607
Q173065,3,Kingdom of Naples,Italian state (1282–1816),Q3024240,http://wikidata.org/entity/Q173065
Q23103,1,Shropshire,ceremonial county in the United Kingdom,Q180673,http://wikidata.org/entity/Q23103
Q498078,2,Bad Arolsen,"town in Landkreis Waldeck-Frankenberg in Hesse, Germany",Q6882870,http://wikidata.org/entity/Q498078
Q341777,1,Čáslav,town in the Czech Republic,Q5153359,http://wikidata.org/entity/Q341777
Q60847808,3,Saint-Germain-en-Laye,"commune in Yvelines, France",Q484170,http://wikidata.org/entity/Q60847808
Q183111,1,Jihlava,city in Czechia,Q15978299,http://wikidata.org/entity/Q183111
Q270532,8,University of Aberdeen,"university in Aberdeen, Scotland, United Kingdom",Q62078547,http://wikidata.org/entity/Q270532
Q4138967,1,Christian Friedrich Johann Girschner,"German organist, composer, and music teacher (1794–1860)",Q5,http://wikidata.org/entity/Q4138967
Q959789,1,Josef Proksch,Czech music educator and pianist,Q5,http://wikidata.org/entity/Q959789
Q504499,1,Freystadt,municipality in Landkreis Neumarkt in der Oberpfalz in Germany,Q42744322,http://wikidata.org/entity/Q504499
Q8897,1,Blasewitz,"borough of Dresden, Germany",Q253019,http://wikidata.org/entity/Q8897
Q687026,1,Himmelpfortgrund,quarter of Vienna,Q123705,http://wikidata.org/entity/Q687026
Q23380,1,Jean-Auguste-Dominique Ingres,French painter (1780–1867),Q5,http://wikidata.org/entity/Q23380
Q2833555,1,Alexandre-Marie Colin,French painter (1798-1875),Q5,http://wikidata.org/entity/Q2833555
Q161145,1,Horace Vernet,French painter (1789–1863),Q5,http://wikidata.org/entity/Q161145
Q18508256,1,Gustave Janet,French draughtsman and lithographer (1829-1898),Q5,http://wikidata.org/entity/Q18508256
Q273593,5,Beaux-Arts de Paris,national school of fine arts in France,Q383092,http://wikidata.org/entity/Q273593
Q209898,3,Johan Wagenaar,"Dutch composer, teacher, and organist",Q5,http://wikidata.org/entity/Q209898
Q2196484,1,Willem Voormolen,Dutch politician (1856–1909),Q5,http://wikidata.org/entity/Q2196484
Q136009268,1,Aleida Maria Wentholt,28 Apr 1866 Hellevoetsluis - 7 Apr 1913 Rijsenburg,Q5,http://wikidata.org/entity/Q136009268
Q3661158,1,Casa Rossini,"Museum in Pesaro, Italy",Q19979289,http://wikidata.org/entity/Q3661158
Q3687222,2,Conservatorio Giovanni Battista Martini,"music conservatory in Bologna, Italy",Q4671277,http://wikidata.org/entity/Q3687222
Q14808,1,Oranienburg,"town in Brandenburg state, Germany",Q1548518,http://wikidata.org/entity/Q14808
Q1254772,1,Yannis Ioannidis,Greek composer and conductor (1930 - 2026),Q5,http://wikidata.org/entity/Q1254772
Q55038,18,Berlin University of the Arts,"public art school in Berlin, Germany",Q1021290,http://wikidata.org/entity/Q55038
Q21620169,1,Johannes Aafjes,,Q5,http://wikidata.org/entity/Q21620169
Q21620194,1,Nicolasina Aafjes,,Q5,http://wikidata.org/entity/Q21620194
Q234735,1,Meudon,"commune in Hauts-de-Seine, France",Q484170,http://wikidata.org/entity/Q234735
Q500588,1,L'Aigle,"commune in Orne, France",Q484170,http://wikidata.org/entity/Q500588
Q95094,1,Cento,"comune in Emilia-Romagna, Italy",Q747074,http://wikidata.org/entity/Q95094
Q20352,1,Neustrelitz,"town in Mecklenburg-Vorpommern, Germany",Q42744322,http://wikidata.org/entity/Q20352
Q7078,1,Rottenburg am Neckar,"city in Baden-Württemberg, Germany",Q42744322,http://wikidata.org/entity/Q7078
Q571925,1,Gröningen,municipality of Germany,Q42744322,http://wikidata.org/entity/Q571925
Q124428561,1,Wolfgang Kirmayr,,Q5,http://wikidata.org/entity/Q124428561
Q42807,3,Nîmes,city and prefecture of the Gard department in the Occitanie region of Southern France,Q484170,http://wikidata.org/entity/Q42807
Q51878,1,San Vito dei Normanni,Italian comune,Q515,http://wikidata.org/entity/Q51878
Q72118,1,Frattamaggiore,Italian comune,Q747074,http://wikidata.org/entity/Q72118
Q822752,1,Bernard Václav Štiasný,Czech composer (1760-1835),Q5,http://wikidata.org/entity/Q822752
Q105454215,1,Jan Šťastný,Czech musician,Q5,http://wikidata.org/entity/Q105454215
Q47542426,1,Louis Lee,German cellist and composer,Q5,http://wikidata.org/entity/Q47542426
Q21494,1,Muttersholtz,"commune in Bas-Rhin, France",Q484170,http://wikidata.org/entity/Q21494
Q725308,1,George Jamesone,Scottish painter (1587-1644),Q5,http://wikidata.org/entity/Q725308
Q338523,1,Accademia di San Luca,Italian association of artists in Rome,Q162633,http://wikidata.org/entity/Q338523
Q174019,2,Béziers,"city in Hérault, Occitanie, France",Q484170,http://wikidata.org/entity/Q174019
Q15430949,1,Christina Houbraken,Dutch artist,Q5,http://wikidata.org/entity/Q15430949
Q2523302,1,Antonina Houbraken,Dutch artist (1686-1736),Q5,http://wikidata.org/entity/Q2523302
Q165980,49,University of Vienna,"public university in Vienna, Austria",Q3918,http://wikidata.org/entity/Q165980
Q326358,1,joiner,"profession; artisan, tradesperson, who builds things by joining pieces of wood, particularly lighter and more ornamental work than that done by a carpenter, including furniture",Q56604560,http://wikidata.org/entity/Q326358
Q1284709,1,master craftsman,occupational rank,Q12737077,http://wikidata.org/entity/Q1284709
Q559597,1,cabinetmaker,profession; person practicing cabinetry,Q12737077,http://wikidata.org/entity/Q559597
Q1840608,1,guildmaster,head of a guild,Q4164871,http://wikidata.org/entity/Q1840608
Q5322166,9,designer,person who designs,Q28640,http://wikidata.org/entity/Q5322166
Q13077251,1,Bernard Montaut,French politician (1823-1899),Q5,http://wikidata.org/entity/Q13077251
Q97603276,1,Gabriel Xavier Montaut,French artist,Q5,http://wikidata.org/entity/Q97603276
Q192229,1,County Tyrone,county in Northern Ireland,Q1317848,http://wikidata.org/entity/Q192229
Q914040,1,Bridport,"market town in Dorset, England",Q3957,http://wikidata.org/entity/Q914040
Q743535,3,Chelsea,area of London and former civil parish,Q2755753,http://wikidata.org/entity/Q743535
Q2330979,1,polygraph,author who writes in a variety of fields,Q28640,http://wikidata.org/entity/Q2330979
Q3130629,2,Henry Basnage,French lawyer,Q5,http://wikidata.org/entity/Q3130629
Q1858637,1,Jacques Thomelin,French composer and organist,Q5,http://wikidata.org/entity/Q1858637
Q2187815,2,Charles Couperin,French organist,Q5,http://wikidata.org/entity/Q2187815
Q39121,10,Leeds,"city in West Yorkshire, England, United Kingdom",Q515,http://wikidata.org/entity/Q39121
Q497060,2,Plön,"municipality in Schleswig-Holstein, Germany",Q134626,http://wikidata.org/entity/Q497060
Q7595111,2,St Paul's Cathedral School,independent school associated with St Paul's Cathedral in London,Q2418495,http://wikidata.org/entity/Q7595111
Q1350189,2,egyptologist,person who studies Ancient Egypt and its antiquities,Q28640,http://wikidata.org/entity/Q1350189
Q1162163,1,director,person who leads a particular area of a company or organization,Q28640,http://wikidata.org/entity/Q1162163
Q73462,2,Zaltbommel,city in the Netherlands,Q13539802,http://wikidata.org/entity/Q73462
Q1860378,1,Rijksmuseum van Oudheden,national archaeological museum of the Netherlands,Q17431399,http://wikidata.org/entity/Q1860378
Q2540461,2,Wahrenbrück,"village in Brandenburg state, Germany",Q253019,http://wikidata.org/entity/Q2540461
Q516707,1,Uebigau-Wahrenbrück,"town in Brandenburg state, Germany",Q42744322,http://wikidata.org/entity/Q516707
Q110011,2,Kołobrzeg,city and urban gmina of Poland,Q2616791,http://wikidata.org/entity/Q110011
Q52084,1,Lucignano,Italian comune,Q747074,http://wikidata.org/entity/Q52084
Q1229288,1,Diss,"town in Norfolk, England",Q3957,http://wikidata.org/entity/Q1229288
Q18954633,2,Walter Cecil Macfarren,English pianist and composer,Q5,http://wikidata.org/entity/Q18954633
Q7981628,1,Wells Cathedral School,"school in Somerset, UK",Q2418495,http://wikidata.org/entity/Q7981628
Q1376987,4,New College,constituent college of the University of Oxford in the United Kingdom,Q2581649,http://wikidata.org/entity/Q1376987
Q43987857,1,"Giovanni Battista Pamphili, 2nd Prince of San Martino al Cimino and Valmontone",Italian prince (1648-1709),Q5,http://wikidata.org/entity/Q43987857
Q110748987,1,Teresa Pamphili,"Duchess of Massa, Princess of Carrara (1654-1704)",Q5,http://wikidata.org/entity/Q110748987
Q124527822,1,Anna Pamphili,Italian noblewoman (1652-1728),Q5,http://wikidata.org/entity/Q124527822
Q110459208,1,Maria Virginia Borghese,Princess Chigi (1642-1718),Q5,http://wikidata.org/entity/Q110459208
Q2935138,1,"Camillo Francesco Maria Pamphili, 1st Prince of San Martino al Cimino and Valmontone",Italian prince and Catholic cardinal (1622-1666),Q5,http://wikidata.org/entity/Q2935138
Q7086876,1,Olimpia Aldobrandini,Aldobrandini family member,Q5,http://wikidata.org/entity/Q7086876
Q962192,1,Pamphili family,Italian noble family,Q13417114,http://wikidata.org/entity/Q962192
Q3291232,2,Cornelis Johannes Kneppelhout,Dutch writer and jurist (1778-1818),Q5,http://wikidata.org/entity/Q3291232
Q15874067,2,Cornelis de Gijselaar,Dutch politician (1751–1815),Q5,http://wikidata.org/entity/Q15874067
Q84244453,1,Margaretha Verwey,Dutch textile artist (1867-1947),Q5,http://wikidata.org/entity/Q84244453
Q2013690,1,John Ricus Couperus,Dutch lawyer (1816-1902),Q5,http://wikidata.org/entity/Q2013690
Q110731245,1,Jkvr. Catharina Geertruida Reynst,18 Apr 1829 Batavia - 12 Feb 1893 's-Gravenhage,Q5,http://wikidata.org/entity/Q110731245
Q1019603,1,Böcklin von Böcklinsau family,noble family,Q13417114,http://wikidata.org/entity/Q1019603
Q14953,1,Lage,"town in North Rhine-Westphalia, Germany",Q54935786,http://wikidata.org/entity/Q14953
Q11727716,1,Johann Georg Kulmus,,Q5,http://wikidata.org/entity/Q11727716
Q1731155,5,orientalist,person who studies Oriental cultures,Q28640,http://wikidata.org/entity/Q1731155
Q26132815,1,Byzantinist,"person specialized in the study of history, culture and civilization of Byzantine empire",Q28640,http://wikidata.org/entity/Q26132815
Q247868,1,Zörbig,"town in Saxony-Anhalt, Germany",Q42744322,http://wikidata.org/entity/Q247868
Q3174599,2,Johann Schweighäuser,French classical scholar (1742 – 1830),Q5,http://wikidata.org/entity/Q3174599
Q1903440,1,Martin Bernigeroth,German drawer and copperplate engraver (1670-1733),Q5,http://wikidata.org/entity/Q1903440
Q108603079,1,Andries Pels,3 Feb 1591 - 27 Feb 1666 Amsterdam,Q5,http://wikidata.org/entity/Q108603079
Q108603084,1,Catharina Vegelmans,13 Aug 1599 - 29 Sep 1669,Q5,http://wikidata.org/entity/Q108603084
Q67310,1,Seegräben,municipality in the canton of Zürich in Switzerland,Q70208,http://wikidata.org/entity/Q67310
Q189290,4,military officer,member of an armed force or uniformed service who holds a position of authority,Q6857706,http://wikidata.org/entity/Q189290
Q61996872,6,musicographer,writer on music and musicians; amateur musicologist,Q28640,http://wikidata.org/entity/Q61996872
Q2459383,1,Hardingstone,"village and civil parish in Northamptonshire, United Kingdom",Q532,http://wikidata.org/entity/Q2459383
Q81153,1,Lincoln College,college of the University of Oxford,Q2581649,http://wikidata.org/entity/Q81153
Q13654033,1,Northampton School for Boys,"school in Northamptonshire, UK",Q159334,http://wikidata.org/entity/Q13654033
Q2033911,1,Oskar Pichler,German architect (1826-1865),Q5,http://wikidata.org/entity/Q2033911
Q72060342,1,Valentin,family of scholars from Frankfurt am Main,Q8436,http://wikidata.org/entity/Q72060342
Q131726376,1,Georg Graevius,,Q5,http://wikidata.org/entity/Q131726376
Q131726378,1,Catharina Pfretzschner,1611 - 1657,Q5,http://wikidata.org/entity/Q131726378
Q12885854,1,François Portus,Greek scholar and translator,Q5,http://wikidata.org/entity/Q12885854
Q75550010,1,Arnauld Casaubon,(1525-1586),Q5,http://wikidata.org/entity/Q75550010
Q75550012,1,Jeanne Rousseau,(died 1607),Q5,http://wikidata.org/entity/Q75550012
Q2222721,1,,family,Q8436,http://wikidata.org/entity/Q2222721
Q19824207,1,William Harrison,English Member of Parliament and Royalist soldier,Q5,http://wikidata.org/entity/Q19824207
Q19823270,1,Richard Harrison,English politician (1646–1726),Q5,http://wikidata.org/entity/Q19823270
Q6237990,1,John Harrison,"English politician, died 1669",Q5,http://wikidata.org/entity/Q6237990
Q7789515,1,"Thomas Fanshawe, 1st Viscount Fanshawe",English politician,Q5,http://wikidata.org/entity/Q7789515
Q3410,2,Hertfordshire,non-metropolitan and ceremonial county in England,Q180673,http://wikidata.org/entity/Q3410
Q5721107,1,Henry Fanshawe,English politician,Q5,http://wikidata.org/entity/Q5721107
Q75428385,1,Elizabeth Smythe,Peerage person ID=135549,Q5,http://wikidata.org/entity/Q75428385
Q174247,1,Mâcon,"commune in Saône-et-Loire, France",Q484170,http://wikidata.org/entity/Q174247
Q2837302,1,Alix de Lamartine,French writer (1766-1829),Q5,http://wikidata.org/entity/Q2837302
Q24625745,1,François de Montherot,French poet,Q5,http://wikidata.org/entity/Q24625745
Q10429346,6,bibliographer,person who describes and lists books and other publications,Q28640,http://wikidata.org/entity/Q10429346
Q1172888,1,Dauernheim,human settlement in Germany,Q253019,http://wikidata.org/entity/Q1172888
Q569680,1,Butzbach,"town in Wetteraukreis in Hesse, Germany",Q3957,http://wikidata.org/entity/Q569680
Q3381571,1,art photographer,"photographer whose work is primarily art, not primarily documentary",Q28640,http://wikidata.org/entity/Q3381571
Q1572315,1,collotype technique,photographic process,Q172839,http://wikidata.org/entity/Q1572315
Q2737155,1,Meltham,"village in West Yorkshire, England, UK",Q532,http://wikidata.org/entity/Q2737155
Q4935182,1,Ruth Almén,Swedish writer and composer (1870-1945),Q5,http://wikidata.org/entity/Q4935182
Q924265,2,Aarhus University,"public university in Aarhus, Denmark",Q875538,http://wikidata.org/entity/Q924265
Q1201057,4,Royal Danish Academy of Music,"music conservatoire in Copenhagen, Denmark",Q184644,http://wikidata.org/entity/Q1201057
Q3148760,2,botanical illustrator,"person who paints, sketches or otherwise illustrates botanical subjects",Q28640,http://wikidata.org/entity/Q3148760
Q4773904,25,anthropologist,person with an extensive knowledge of anthropology,Q28640,http://wikidata.org/entity/Q4773904
Q3621491,24,archaeologist,person studying human activity in the past,Q28640,http://wikidata.org/entity/Q3621491
Q133069,2,Bourg-en-Bresse,"commune in Ain, France",Q484170,http://wikidata.org/entity/Q133069
Q109571760,1,Tournon,"former commune in Ardèche, France",Q484170,http://wikidata.org/entity/Q109571760
Q8484,3,lycée du Parc,public secondary school,Q811979,http://wikidata.org/entity/Q8484
Q368888,1,Sedlec-Prčice,town in the Czech Republic,Q5153359,http://wikidata.org/entity/Q368888
Q193721,1,Tábor,town in the Czech Republic,Q5153359,http://wikidata.org/entity/Q193721
Q12051222,1,Sedlec,neighborhood of Sedlec-Prčice,Q61089180,http://wikidata.org/entity/Q12051222
Q1946900,1,Sedlec,village in Litoměřice District of Ústí nad Labem region,Q5153359,http://wikidata.org/entity/Q1946900
Q3107973,1,Giuseppe Amendola,Italian composer,Q5,http://wikidata.org/entity/Q3107973
Q44573,1,Żebbuġ,city in Malta,Q515,http://wikidata.org/entity/Q44573
Q193896,1,Malta,island of Malta,Q23442,http://wikidata.org/entity/Q193896
Q94802201,1,Francesco Salieri,brother of Antonio Salieri,Q5,http://wikidata.org/entity/Q94802201
Q18609918,1,Giuseppe Simoni,organist of the Legnago Cathedral,Q5,http://wikidata.org/entity/Q18609918
Q48027,1,Legnago,Italian comune,Q747074,http://wikidata.org/entity/Q48027
Q4892657,1,Carme Karr Alfonsetti,"Spanish composer and feminist, editor",Q5,http://wikidata.org/entity/Q4892657
Q61912,1,Wertheim,"municipality in Main-Tauber-Kreis, Germany",Q42744322,http://wikidata.org/entity/Q61912
Q94869616,1,Václav Jan Stamitz,,Q5,http://wikidata.org/entity/Q94869616
Q954596,2,Havlíčkův Brod,town in the Czech Republic,Q5153359,http://wikidata.org/entity/Q954596
Q380588,2,Melanchthon-Gymnasium Nürnberg,"school in Nuremberg, Germany",Q3914,http://wikidata.org/entity/Q380588
Q880228,2,University of Altdorf,"cultural heritage monument in Landkreis Nürnberger Land, Bavaria, Germany",Q3918,http://wikidata.org/entity/Q880228
Q28949675,1,Simon-Pierre Mérard de Saint-Just,French writer (1749-1812),Q5,http://wikidata.org/entity/Q28949675
Q8078085,1,Édoard Creuzé,sport shooter,Q5,http://wikidata.org/entity/Q8078085
Q3219148,1,Laurent Cunin-Gridaine,French politician,Q5,http://wikidata.org/entity/Q3219148
Q16034163,1,Creuzé family,French family,Q13417114,http://wikidata.org/entity/Q16034163
Q555808,1,Giovanni Furno,Italian composer,Q5,http://wikidata.org/entity/Q555808
Q4395043,1,Félix Rault,,Q5,http://wikidata.org/entity/Q4395043
Q817418,1,Joinville,"commune in Haute-Marne, France",Q484170,http://wikidata.org/entity/Q817418
Q183356,1,Charenton asylum,lunatic asylum,Q16917,http://wikidata.org/entity/Q183356
Q212793,3,Charenton-le-Pont,"commune in Val-de-Marne, France",Q484170,http://wikidata.org/entity/Q212793
Q274327,1,Saint-Maurice,"commune in Val-de-Marne, France",Q484170,http://wikidata.org/entity/Q274327
Q95202848,1,Clara Consdorff,,Q5,http://wikidata.org/entity/Q95202848
Q717938,2,Wschowa,city of Poland,Q3957,http://wikidata.org/entity/Q717938
Q94842574,1,Martin Herbrigk,,Q5,http://wikidata.org/entity/Q94842574
Q207593,1,Muret,"commune in Haute-Garonne, France",Q484170,http://wikidata.org/entity/Q207593
Q864102,1,Eymet,"commune in Dordogne, France",Q484170,http://wikidata.org/entity/Q864102
Q182287,1,Crépy-en-Valois,"commune in Oise, France",Q484170,http://wikidata.org/entity/Q182287
Q729071,1,Pablo Bruna,Spanish composer and organist (1611-1679),Q5,http://wikidata.org/entity/Q729071
Q1637315,1,Alagón,municipality of Spain,Q61763947,http://wikidata.org/entity/Q1637315
Q113660787,1,Juan Francisco Sayas,Spanish composer,Q5,http://wikidata.org/entity/Q113660787
Q3229812,1,Leopold von Zenetti,Austrian composer (1805-1892),Q5,http://wikidata.org/entity/Q3229812
Q257130,1,Ansfelden,"municipality in Linz-Land District, Upper Austria, Austria",Q667509,http://wikidata.org/entity/Q257130
Q1875798,1,Jacob Levecq,painter from the Northern Netherlands (1634-1675),Q5,http://wikidata.org/entity/Q1875798
Q13466267,1,Christina Maria Elliger,Dutch artist,Q5,http://wikidata.org/entity/Q13466267
Q78151841,1,Nederlands-Indische Bestuursacademie,academy in The Hague,Q162633,http://wikidata.org/entity/Q78151841
Q131938024,1,Cornelis Schouman,"Dutch, 18th century, male. Active in Middelburg. Born in Dordrecht; died before 15 July 1749. Painter. Cornelis Schouman was a guild master in Middelburg in 1729. He was the brother of Aert Schouman.",Q5,http://wikidata.org/entity/Q131938024
Q29377239,1,Jabes Heenck,Dutch painter (1752–1782),Q5,http://wikidata.org/entity/Q29377239
Q55792154,1,Aart  Schouman (II),,Q5,http://wikidata.org/entity/Q55792154
Q724497,1,Asger Hamerik,Danish composer (1843–1923),Q5,http://wikidata.org/entity/Q724497
Q4495311,1,Frederik Hammerich,Danish theologian and historian (1809-1877),Q5,http://wikidata.org/entity/Q4495311
Q135642498,1,Julia Augusta Scheuermann,,Q5,http://wikidata.org/entity/Q135642498
Q12329534,1,Nær og Fjern,,Q41298,http://wikidata.org/entity/Q12329534
Q1766608,1,Illustreret Tidende,Danish weekly illustrated magazine (1859–1924),Q1002697,http://wikidata.org/entity/Q1766608
Q12340828,1,Vestre Borgerdydskole,,Q16969697,http://wikidata.org/entity/Q12340828
Q625078,2,Treuenbrietzen,"town in Brandenburg state,Germany",Q42744322,http://wikidata.org/entity/Q625078
Q6260435,1,John Temple,Irish politician,Q5,http://wikidata.org/entity/Q6260435
Q6260433,1,John Temple,"Irish lawyer, courtier and politician",Q5,http://wikidata.org/entity/Q6260433
Q76336040,1,Mary Hammond,Peerage person ID=697912,Q5,http://wikidata.org/entity/Q76336040
Q33843,1,Tannay,"commune in Nièvre, France",Q484170,http://wikidata.org/entity/Q33843
Q12013238,4,ophthalmologist,physician who practices ophthalmology,Q66811410,http://wikidata.org/entity/Q12013238
Q774306,2,surgeon,physician with surgical specialty,Q66811410,http://wikidata.org/entity/Q774306
Q3261316,1,Louis Bossuet,French parlementaire,Q5,http://wikidata.org/entity/Q3261316
Q43048,1,Rhodes,"island in Aegean sea, Greece",Q23442,http://wikidata.org/entity/Q43048
Q2639498,1,Boethus of Sidon,Peripatetic philosopher from Sidon 75-10BC,Q5,http://wikidata.org/entity/Q2639498
Q3180612,1,Johann Michael Heineccius,German theologian,Q5,http://wikidata.org/entity/Q3180612
Q486568,1,Eisenberg,"town in Thuringia, Germany",Q134626,http://wikidata.org/entity/Q486568
Q1450915,6,François Benoist,French musician (1794–1878),Q5,http://wikidata.org/entity/Q1450915
Q2845754,2,former 3rd arrondissement of Paris,"one of the 12 administrative districts of Paris, France, before 1860",Q2845944,http://wikidata.org/entity/Q2845754
Q560757,1,Wilhelm Hensel,German painter (1794–1861),Q5,http://wikidata.org/entity/Q560757
Q1216692,1,Cheminon,"commune in Marne, France",Q484170,http://wikidata.org/entity/Q1216692
Q401557,1,Charles de Wailly,French architect (1730-1798),Q5,http://wikidata.org/entity/Q401557
Q532000,1,Missen-Wilhams,"municipality in the district of Oberallgäu, Bavaria, Germany",Q116457956,http://wikidata.org/entity/Q532000
Q557427,1,Scheden,municipality of Germany,Q116457956,http://wikidata.org/entity/Q557427
Q572615,1,Beeskow,"town in Brandenburg state, Germany",Q42744322,http://wikidata.org/entity/Q572615
Q501661,1,Schleswig,"town in Schleswig-Holstein, Germany",Q3957,http://wikidata.org/entity/Q501661
Q19668253,1,Howard Helmick,American painter (1845-1907),Q5,http://wikidata.org/entity/Q19668253
Q3243461,6,collector,person whose occupation or hobby is collecting things,Q12737077,http://wikidata.org/entity/Q3243461
Q98544732,2,scientific collector,person who collects scientific or biological specimens,Q12737077,http://wikidata.org/entity/Q98544732
Q1807266,1,Shepherdstown,"town in Jefferson County, West Virginia, United States",Q15127012,http://wikidata.org/entity/Q1807266
Q5092,5,Baltimore,"city in Maryland, United States",Q1266818,http://wikidata.org/entity/Q5092
Q114770281,1,Adam Stephen Dandridge,1845 - certain 12 Jan 1924,Q5,http://wikidata.org/entity/Q114770281
Q5221079,1,Danske Dandridge,"American poet, writer, historian, gardener (1854–1914)",Q5,http://wikidata.org/entity/Q5221079
Q614801,1,Barton Warren Evermann,American ichthyologist (1853–1932),Q5,http://wikidata.org/entity/Q614801
Q3142058,1,Hubert Lyman Clark,U.S. zoologist (1870–1947),Q5,http://wikidata.org/entity/Q3142058
Q517132,1,Auguste Franchomme,French musician (1808-1884),Q5,http://wikidata.org/entity/Q517132
Q1332960,2,Bourmont,"former commune in Haute-Marne, France",Q484170,http://wikidata.org/entity/Q1332960
Q499921,1,Andreas Peter Berggreen,"Danish composer, organist and pedagogue (1801-1880)",Q5,http://wikidata.org/entity/Q499921
Q323435,2,Jacob Adolf Hägg,Swedish composer (1850–1928),Q5,http://wikidata.org/entity/Q323435
Q6124765,1,seminary of nobles,"Jesuit higher educational institution, which formerly existed in Spain",Q127688951,http://wikidata.org/entity/Q6124765
Q288760,1,Chapaize,"commune in Saône-et-Loire, France",Q484170,http://wikidata.org/entity/Q288760
Q191115,1,Albano Laziale,Italian comune,Q747074,http://wikidata.org/entity/Q191115
Q138648,2,Maubeuge,"commune in Nord, France",Q484170,http://wikidata.org/entity/Q138648
Q434390,1,Philip of Burgundy,Dutch bishop,Q5,http://wikidata.org/entity/Q434390
Q67442430,1,Perthshire,historic county of Scotland,Q67376938,http://wikidata.org/entity/Q67442430
Q565963,1,Sulza,municipality of Germany,Q116457956,http://wikidata.org/entity/Q565963
Q2316315,1,,"human settlement in Vittorio Veneto, Province of Treviso, Veneto, Italy",Q1134686,http://wikidata.org/entity/Q2316315
Q47578,1,Vittorio Veneto,Italian comune,Q747074,http://wikidata.org/entity/Q47578
Q805608,1,Balthasar Haug,German author,Q5,http://wikidata.org/entity/Q805608
Q61890,3,Marbach am Neckar,town in Germany,Q42744322,http://wikidata.org/entity/Q61890
Q884150,2,Karlsschule Stuttgart,former Military Academy and Fine Arts Academy in Gerlingen and later Stuttgart (1770-1794),Q3914,http://wikidata.org/entity/Q884150
Q870764,1,Theater Aachen,"theatre company in Aachen, Germany",Q11812394,http://wikidata.org/entity/Q870764
Q553076,1,Elgersburg,"municipality in Thuringia, Germany",Q116457956,http://wikidata.org/entity/Q553076
Q2596612,1,Wümbach,human settlement in Germany,Q253019,http://wikidata.org/entity/Q2596612
Q3042,1,Offenbach am Main,"city in Hesse, Germany",Q1549591,http://wikidata.org/entity/Q3042
Q1984932,1,Teicha,human settlement in Germany,Q253019,http://wikidata.org/entity/Q1984932
Q20050,1,Fossano,Italian comune,Q747074,http://wikidata.org/entity/Q20050
Q1756908,1,Nechanice,town in the Czech Republic,Q5153359,http://wikidata.org/entity/Q1756908
Q843021,1,Tolna,town in Hungary,Q13218690,http://wikidata.org/entity/Q843021
Q193478,1,Buda,"western part of Budapest, Hungary, former independent city",Q515,http://wikidata.org/entity/Q193478
Q28873481,1,Huyck Allart,,Q5,http://wikidata.org/entity/Q28873481
Q34607,1,Este,Italian comune,Q747074,http://wikidata.org/entity/Q34607
Q546,6,Trieste,city and seaport in northeastern Italy,Q747074,http://wikidata.org/entity/Q546
Q4888380,1,Benjamin Carr,American composer (1768–1831),Q5,http://wikidata.org/entity/Q4888380
Q111141348,1,Johannes Gerrit Willem Merkes van Gendt,,Q5,http://wikidata.org/entity/Q111141348
Q502467,1,Oderwitz,municipality of Germany,Q116457956,http://wikidata.org/entity/Q502467
Q6406,1,Bad Schandau,"town in Saxon Switzerland, Germany",Q42744322,http://wikidata.org/entity/Q6406
Q157200,2,Zittau,"city in the south east of Saxony, Germany",Q448801,http://wikidata.org/entity/Q157200
Q55361432,1,Wilhelm Gottlieb Hauff,,Q5,http://wikidata.org/entity/Q55361432
Q255913,1,Söll,"municipality in Kufstein District, Tyrol, Austria",Q1802801,http://wikidata.org/entity/Q255913
Q3261922,1,Louis Francœur,French composer and violinist,Q5,http://wikidata.org/entity/Q3261922
Q323650,1,Louis-Benjamin Francoeur,"French mathematician, astronomer and naturalist (1773-1849)",Q5,http://wikidata.org/entity/Q323650
Q3080673,1,Stanwell,"village in the borough of Spelthorne, Surrey, England, UK",Q532,http://wikidata.org/entity/Q3080673
Q1359434,1,Ernst Martin Chladni,German jurist,Q5,http://wikidata.org/entity/Q1359434
Q4345832,1,Saint Petersburg Academy of Sciences,historical academy (1724–1917),Q414147,http://wikidata.org/entity/Q4345832
Q2599593,18,germanist,scholar specialising in the German language or culture or literature,Q28640,http://wikidata.org/entity/Q2599593
Q13570226,23,literary historian,humanist who is engaged in history of literature,Q28640,http://wikidata.org/entity/Q13570226
Q13416354,2,mineralogist,person studying minerals,Q28640,http://wikidata.org/entity/Q13416354
Q20732284,1,Johannes Enschedé V,26 Aug 1851 - certain 26 Nov 1911,Q5,http://wikidata.org/entity/Q20732284
Q20732293,1,Charles Enschedé,23 Mar 1855 - certain 25 Aug 1919 (1855–1919),Q5,http://wikidata.org/entity/Q20732293
Q20732278,1,Johannes Enschedé IV,19th century newspaper editor from the Northern Netherlands,Q5,http://wikidata.org/entity/Q20732278
Q15869701,1,Albéric du Bus de Gisignies,Belgian politician (1810-1874),Q5,http://wikidata.org/entity/Q15869701
Q1662561,5,paleontologist,scientist specialising in paleontology,Q28640,http://wikidata.org/entity/Q1662561
Q2790744,1,Leonard du Bus de Gisignies,Dutch politician,Q5,http://wikidata.org/entity/Q2790744
Q16034128,1,,family,Q13417114,http://wikidata.org/entity/Q16034128
Q2014020,1,State University of Leuven,"former university in Leuven (Louvain), Belgium (1817–1835)",Q3918,http://wikidata.org/entity/Q2014020
Q220732,1,Le Faou,"commune in Finistère, France",Q484170,http://wikidata.org/entity/Q220732
Q60059,2,Albertus Magnus,German-Dominican friar and saint (c. 1200–1280),Q5,http://wikidata.org/entity/Q60059
Q100437766,2,Adenolfo d'Aquino,1218 - before 1271,Q5,http://wikidata.org/entity/Q100437766
Q100439696,2,Teodora d'Aquino,- Aft 1294,Q5,http://wikidata.org/entity/Q100439696
Q106766784,2,castle of the counts of Aquino,"castle in Roccasecca, province of Frosinone, Italy",Q23413,http://wikidata.org/entity/Q106766784
Q1775258,2,Fossanova Abbey,"abbey in Priverno, Italy",Q91315817,http://wikidata.org/entity/Q1775258
Q21283581,2,Landulphe d'Aquino,1245,Q5,http://wikidata.org/entity/Q21283581
Q100437775,2,Teodora Galluccio,1180 - uncertain 1250,Q5,http://wikidata.org/entity/Q100437775
Q676267,2,Henry Bate of Malines,Flemish philosopher,Q5,http://wikidata.org/entity/Q676267
Q1636083,3,Remigio dei Girolami,medieval Italian theologian,Q5,http://wikidata.org/entity/Q1636083
Q3700123,2,House of D'Aquino,Italian noble family,Q62796544,http://wikidata.org/entity/Q3700123
Q691851,8,University of Naples Federico II,university in Naples,Q875538,http://wikidata.org/entity/Q691851
Q94932230,1,Johann Franz Albrecht Gerbert von Hornau,,Q5,http://wikidata.org/entity/Q94932230
Q82690,1,Horb am Neckar,municipality in Germany,Q42744322,http://wikidata.org/entity/Q82690
Q2845758,2,former 6th arrondissement of Paris,"one of the twelve administrative districts of Paris, France, before 1860",Q2845944,http://wikidata.org/entity/Q2845758
Q2834476,1,Alexis Chassang,French classical philologist (1827–1888),Q5,http://wikidata.org/entity/Q2834476
Q9182180,2,Burgsteinfurt,"district of Steinfurt in North Rhine-Westphalia, Germany",Q253019,http://wikidata.org/entity/Q9182180
Q5758653,7,secondary school teacher,teacher of high school (12-18 years),Q28640,http://wikidata.org/entity/Q5758653
Q71738410,1,Johan Hendrik Sikemeier,Dutch pianist,Q5,http://wikidata.org/entity/Q71738410
Q5172058,2,Cornélie van Oosterzee,Dutch pianist and composer,Q5,http://wikidata.org/entity/Q5172058
Q137785440,1,,French librettist (1708-1778),Q5,http://wikidata.org/entity/Q137785440
Q732788,3,Martel,"commune in Lot, France",Q484170,http://wikidata.org/entity/Q732788
Q19544736,1,Wilhelm Hanser,,Q5,http://wikidata.org/entity/Q19544736
Q241940,1,Givet,"commune in Ardennes, France",Q484170,http://wikidata.org/entity/Q241940
Q222836,9,music publisher,profession; publisher of music works,Q28640,http://wikidata.org/entity/Q222836
Q1262731,2,Louis-Philippe de Ségur,"French military, planter, poet and diplomat (1753-1830)",Q5,http://wikidata.org/entity/Q1262731
Q2087492,2,"Philippe Henri, marquis de Ségur",Marshal of France (1724-1801),Q5,http://wikidata.org/entity/Q2087492
Q109012127,2,Louise Anne Madeleine de Vernon,Abt 1729/1733 - 12 May 1778 Paris,Q5,http://wikidata.org/entity/Q109012127
Q3066038,2,house of Ségur,family,Q13417114,http://wikidata.org/entity/Q3066038
Q950173,1,Charles Dupaty,French sculptor (1771-1825),Q5,http://wikidata.org/entity/Q950173
Q220592,1,Blanquefort,"commune in Gironde, France",Q484170,http://wikidata.org/entity/Q220592
Q103820442,2,,,Q8436,http://wikidata.org/entity/Q103820442
Q615347,1,Hořín,village in Mělník District of Central Bohemian region,Q5153359,http://wikidata.org/entity/Q615347
Q7501153,1,shopkeeper,individual who owns or manages a shop,Q28640,http://wikidata.org/entity/Q7501153
Q539386,1,Rheinau,"municipality in Baden-Württemberg, Germany",Q42744322,http://wikidata.org/entity/Q539386
Q184371,1,Sedan,"commune in Ardennes, France",Q484170,http://wikidata.org/entity/Q184371
Q413941,1,Academy of Sedan,,Q162633,http://wikidata.org/entity/Q413941
Q94781497,1,Joachim Neander,German pedagogue,Q5,http://wikidata.org/entity/Q94781497
Q3922,1,Detmold,"city in North Rhine-Westphalia, Germany",Q1548518,http://wikidata.org/entity/Q3922
Q94787604,1,Henrich Lampe,(1649-1690),Q5,http://wikidata.org/entity/Q94787604
Q16034141,1,Egid von Kobell,Greek politician (1772-1847),Q5,http://wikidata.org/entity/Q16034141
Q138318577,1,,,Q5,http://wikidata.org/entity/Q138318577
Q1167664,1,Ferdinand Kobell,German artist (1740-1799),Q5,http://wikidata.org/entity/Q1167664
Q138318570,1,,,Q5,http://wikidata.org/entity/Q138318570
Q414052,4,"Academy of Fine Arts, Munich","art school in Munich, Germany",Q2822241,http://wikidata.org/entity/Q414052
Q16006205,1,Mannheimer Zeichnungsakademie,,Q1792623,http://wikidata.org/entity/Q16006205
Q2288622,1,Schelte a Bolswert,Dutch engraver (1586-1659),Q5,http://wikidata.org/entity/Q2288622
Q329582,2,Bolsward,former municipality,Q2039348,http://wikidata.org/entity/Q329582
Q871073,1,Kreenheinstetten,"quarter of Leibertingen, Baden-Württemberg, Germany",Q253019,http://wikidata.org/entity/Q871073
Q3387662,2,Pierre de Nyert,French singer,Q5,http://wikidata.org/entity/Q3387662
Q948593,1,Lolif,"commune in Manche, France",Q484170,http://wikidata.org/entity/Q948593
Q130333865,1,Jacques Conrart,,Q5,http://wikidata.org/entity/Q130333865
Q130333869,1,Péronne Targer,- 1645,Q5,http://wikidata.org/entity/Q130333869
Q128323,2,Trinidad,larger of the two major islands which make up Trinidad and Tobago,Q23442,http://wikidata.org/entity/Q128323
Q75420199,1,"Sir John Swinburne, 3rd Baronet",(1698-1745),Q5,http://wikidata.org/entity/Q75420199
Q75906690,1,Mary Bedingfield,(died 1761),Q5,http://wikidata.org/entity/Q75906690
Q7435435,1,Scorton Grammar School,"Defunct grammar school in North Yorkshire, England",Q3914,http://wikidata.org/entity/Q7435435
Q5288837,1,East Smithfield,street in the London Borough of Tower Hamlets,Q34442,http://wikidata.org/entity/Q5288837
Q5081258,1,"Charles Noel, 2nd Earl of Gainsborough",British politician and peer,Q5,http://wikidata.org/entity/Q5081258
Q5081256,1,"Charles Noel, 1st Earl of Gainsborough",British politician and peer,Q5,http://wikidata.org/entity/Q5081256
Q43840394,1,"Frances Noel, Countess of Gainsborough",British courtier,Q5,http://wikidata.org/entity/Q43840394
Q8024265,1,Windlesham House School,"school in West Sussex, UK",Q3914,http://wikidata.org/entity/Q8024265
Q42810,6,Le Havre,"commune in Seine-Maritime, France",Q484170,http://wikidata.org/entity/Q42810
Q1878600,5,Lycée Henri-IV,"public school in Paris, France",Q20860083,http://wikidata.org/entity/Q1878600
Q165061,1,Giverny,"commune in Eure, France",Q484170,http://wikidata.org/entity/Q165061
Q20980257,1,Friedrich Lindenbrog,"Roman jurist, erudite and philologist (1573-1648)",Q5,http://wikidata.org/entity/Q20980257
Q5955279,1,Erpold Lindenbrog,,Q5,http://wikidata.org/entity/Q5955279
Q62160,1,"John Adolphus, Duke of Schleswig-Holstein-Gottorp",duke of Holstein-Gottorp (1575-1616),Q5,http://wikidata.org/entity/Q62160
Q61360,1,"Frederick III, Duke of Schleswig-Holstein-Gottorp",Duke of Schleswig-Holstein-Gottorp (1597-1659),Q5,http://wikidata.org/entity/Q61360
Q3581,2,Roanne,"commune in Loire, France",Q484170,http://wikidata.org/entity/Q3581
Q279310,1,Marcigny,"commune in Saône-et-Loire, France",Q484170,http://wikidata.org/entity/Q279310
Q39207212,1,Journal des Dames,literary journal,Q11032,http://wikidata.org/entity/Q39207212
Q46761,1,Martellago,Italian comune,Q747074,http://wikidata.org/entity/Q46761
Q4977481,1,"Wałdowo, Pomeranian Voivodeship","village in Pomeranian, Poland",Q3558970,http://wikidata.org/entity/Q4977481
Q123062,1,Jacques Necker,"Genevan minister resident in France, French statesman, and finance minister of Louis XVI (1732-1804)",Q5,http://wikidata.org/entity/Q123062
Q115738,1,Suzanne Curchod,French-Swiss salonist and writer (1737-1794),Q5,http://wikidata.org/entity/Q115738
Q2364807,1,Louis Necker,"Genevan mathematician, physicist, professor, banker (1730–1804)",Q5,http://wikidata.org/entity/Q2364807
Q94931688,1,Jacques Necker-de Saussure,"Genevan military officer, botanist and politician (1757-1825)",Q5,http://wikidata.org/entity/Q94931688
Q94932792,1,Johann Christoph Rost,theologian 1671 - 1739,Q5,http://wikidata.org/entity/Q94932792
Q705011,1,Wandersleben,village in Germany,Q253019,http://wikidata.org/entity/Q705011
Q12144794,2,prose writer,person who writes in prose,Q28640,http://wikidata.org/entity/Q12144794
Q1012772,1,Burg Königsberg,castle,Q23413,http://wikidata.org/entity/Q1012772
Q567010,1,Laubach,"town in Landkreis Gießen in Hesse, Germany",Q3957,http://wikidata.org/entity/Q567010
Q76451083,1,Johannes Vossius,,Q5,http://wikidata.org/entity/Q76451083
Q490058,2,Andernach,municipality of Germany,Q42744322,http://wikidata.org/entity/Q490058
Q1797990,1,Wiesdorf,human settlement in Germany,Q253019,http://wikidata.org/entity/Q1797990
Q809821,3,Voorburg,"town in South Holland, the Netherlands",Q515,http://wikidata.org/entity/Q809821
Q715671,1,Bourg,"commune in Gironde, France",Q484170,http://wikidata.org/entity/Q715671
Q508231,2,Marktredwitz,"city in Bavaria, Germany",Q448801,http://wikidata.org/entity/Q508231
Q23111,1,Suffolk,county of England,Q769603,http://wikidata.org/entity/Q23111
Q75271671,1,John Simpson,Peerage person ID=27769; (1698-1784),Q5,http://wikidata.org/entity/Q75271671
Q924085,1,Horní Slavkov,town in the Czech Republic,Q5153359,http://wikidata.org/entity/Q924085
Q4023278,1,Yusuf ibn Abu Dhaqn,Egyptian Copt,Q5,http://wikidata.org/entity/Q4023278
Q4695527,1,Ahmad ibn Qasim Al-Hajarī,Moroccan translator of Morisco origin,Q5,http://wikidata.org/entity/Q4695527
Q3710095,1,William Bedwell,English priest and scholar,Q5,http://wikidata.org/entity/Q3710095
Q119291,2,Celestyn Myślenta,Polish theologian (1588-1653),Q5,http://wikidata.org/entity/Q119291
Q366020,1,Adolphus Vorstius,Dutch botanist (1597-1663),Q5,http://wikidata.org/entity/Q366020
Q1368345,1,Jacobus Golius,Dutch mathematician and orientalist,Q5,http://wikidata.org/entity/Q1368345
Q55018249,1,Samuel Bochart,French Protestant theologian (1599–1667),Q5,http://wikidata.org/entity/Q55018249
Q819568,1,Montmirail,"commune in Marne, France",Q484170,http://wikidata.org/entity/Q819568
Q3379149,1,Filippo Emanuele di Gondi,French military personnel,Q5,http://wikidata.org/entity/Q3379149
Q89210138,1,Françoise-Marguerite de Silly,(1580-1625),Q5,http://wikidata.org/entity/Q89210138
Q16981758,2,genootschap,"Dutch form of company, association, society or cooperative",,http://wikidata.org/entity/Q16981758
Q1019303,1,Moordrecht,"village and former municipality in South Holland, the Netherlands",Q532,http://wikidata.org/entity/Q1019303
Q2419460,1,Lucas de Heere,"Flemish painter, draughtsman and poet (1534-1584)",Q5,http://wikidata.org/entity/Q2419460
Q19883243,1,Pieter Vlerick,Flemish painter and draughtsman,Q5,http://wikidata.org/entity/Q19883243
Q67379555,1,Adam van Mander,painter and poet,Q5,http://wikidata.org/entity/Q67379555
Q822783,1,Meulebeke,"former municipality in West Flanders, Belgium",Q493522,http://wikidata.org/entity/Q822783
Q380892,1,Aemilius Magnus Arborius,4th century Gallo-Roman Latin poet and rhetorician,Q5,http://wikidata.org/entity/Q380892
Q11907408,1,Avitianus,4th-century child with talent for medicine,Q5,http://wikidata.org/entity/Q11907408
Q100903271,1,Julia Dryadia,daughter of Julius Ausonius,Q5,http://wikidata.org/entity/Q100903271
Q100905428,1,Aemilia Melania,daughter of Julius Ausonius,Q5,http://wikidata.org/entity/Q100905428
Q11929360,1,Julius Ausonius,Galloroman physician,Q5,http://wikidata.org/entity/Q11929360
Q55226038,1,Benedetto Brugnoli,Italian humanist,Q5,http://wikidata.org/entity/Q55226038
Q273413,1,Écija,"city and municipality in the province of Seville, Spain",Q2074737,http://wikidata.org/entity/Q273413
Q7896031,1,University of Osuna,"university in Osuna, Kingdom of Seville, Spain",Q3918,http://wikidata.org/entity/Q7896031
Q19375711,1,stage manager,"person in charge of a theatre stage, equipment, scenery, etc during the rehearsals and performances of a play",Q12737077,http://wikidata.org/entity/Q19375711
Q7585343,1,Swarnakumari Devi,"Indian writer, editor, essayist, poet, novelist, musician and social worker (1855/1856-1932)",Q5,http://wikidata.org/entity/Q7585343
Q5711295,1,Hemendranath Tagore,Indian Brahmo (1844–1884),Q5,http://wikidata.org/entity/Q5711295
Q6319456,1,Jyotirindranath Tagore,"Playwright, musician, editor and painter (1849-1925)",Q5,http://wikidata.org/entity/Q6319456
Q5318288,1,Dwijendranath Tagore,"Indian poet, song composer, philosopher, mathematician, painter (1840–1926)",Q5,http://wikidata.org/entity/Q5318288
Q7426958,1,Satyendranath Tagore,first civil servant of India,Q5,http://wikidata.org/entity/Q7426958
Q40621545,1,Soudamini Debi,Bengali writer,Q5,http://wikidata.org/entity/Q40621545
Q1348,2,Kolkata,"capital city of West Bengal, India",Q105074756,http://wikidata.org/entity/Q1348
Q129286,2,British Raj,British colonial rule on the Indian subcontinent (1858–1947),Q133156,http://wikidata.org/entity/Q129286
Q3020852,1,Debendranath Tagore,Indian philosopher (1817–1905),Q5,http://wikidata.org/entity/Q3020852
Q13009,1,Lakshmiswar Sinha,Esperanto Indian teacher (1905–1977),Q5,http://wikidata.org/entity/Q13009
Q6933638,1,Mukul Dey,Indian printmaker (1895-1989),Q5,http://wikidata.org/entity/Q6933638
Q2983685,1,St. Xavier's Collegiate School,"school in Kolkata, India",Q67388747,http://wikidata.org/entity/Q2983685
Q111460160,1,Geneviève de Gomez de Vasconcelle,,Q5,http://wikidata.org/entity/Q111460160
Q4961044,1,Hadrianus Marius,Belgian poet,Q5,http://wikidata.org/entity/Q4961044
Q4582531,1,Nicolaus Grudius,,Q5,http://wikidata.org/entity/Q4582531
Q676273,1,Nicolaas Everaerts,Dutch judge,Q5,http://wikidata.org/entity/Q676273
Q93725421,1,Everardi family,,Q8436,http://wikidata.org/entity/Q93725421
Q634108,1,Melle,"former commune in Deux-Sèvres, France",Q21869758,http://wikidata.org/entity/Q634108
Q1080941,1,Christian Ludwig von Hagedorn,painter (1712-1780),Q5,http://wikidata.org/entity/Q1080941
Q55851156,1,Hans Statius von Hagedorn,Hans Statius vonHagedorn,Q5,http://wikidata.org/entity/Q55851156
Q136663365,1,Agesilaus,"Athenian, brother of Themistocles; sent as a spy to Xerxes before Artemisium; anecdote of the hand on the altar of the Sun",Q5,http://wikidata.org/entity/Q136663365
Q107138602,1,Neocles,father of Themistocles,Q5,http://wikidata.org/entity/Q107138602
Q21996128,1,Abrotonon,mother of Themistocles,Q5,http://wikidata.org/entity/Q21996128
Q17391659,1,architectural theoretician,,Q28640,http://wikidata.org/entity/Q17391659
Q11486702,5,architectural historian,person who is engaged in history of architecture,Q28640,http://wikidata.org/entity/Q11486702
Q234274,1,Manosque,"commune in Alpes-de-Haute-Provence, France",Q484170,http://wikidata.org/entity/Q234274
Q16914031,1,Edward Clarke,"English politician, died 1723",Q5,http://wikidata.org/entity/Q16914031
Q863940,3,Gonville and Caius College,college of the University of Cambridge,Q1055028,http://wikidata.org/entity/Q863940
Q1790948,1,Anglican Diocese of Norwich,forms part of the Province of Canterbury in England,Q18917976,http://wikidata.org/entity/Q1790948
Q743918,2,Henricus Regius,Dutch philosopher,Q5,http://wikidata.org/entity/Q743918
Q4684778,1,Adriaan Heereboord,Dutch philosopher (1614-1661),Q5,http://wikidata.org/entity/Q4684778
Q102315006,1,Johann von Flammerdinge,"Philosophiae Doctor, Medicinae Doctor Universiteit Leiden 1667, 1671",Q5,http://wikidata.org/entity/Q102315006
Q710836,1,Macropedius,Dutch humanist,Q5,http://wikidata.org/entity/Q710836
Q3171888,1,Jean Duret,French physician and professor,Q5,http://wikidata.org/entity/Q3171888
Q110659113,1,Otto Janszoon van Hoorn,Abt 1515 - Abt 28 Aug 1583 Utrecht,Q5,http://wikidata.org/entity/Q110659113
Q110659119,1,Geertruyt van Velsen,- Bef 12 Jan 1604 Utrecht,Q5,http://wikidata.org/entity/Q110659119
Q531788,1,Pieter Pauw,Dutch botanist and anatomist (1564-1617),Q5,http://wikidata.org/entity/Q531788
Q1709082,1,Reiner Bontius,Dutch physician (1576–1623),Q5,http://wikidata.org/entity/Q1709082
Q1345657,3,Muretus,French philosopher,Q5,http://wikidata.org/entity/Q1345657
Q599127,1,Overijse,"municipality in Flemish Brabant, Belgium",Q493522,http://wikidata.org/entity/Q599127
Q380814,1,Aelius Everardus Vorstius,Dutch physician and botanist (1565-1624),Q5,http://wikidata.org/entity/Q380814
Q551799,1,Jean du Vergier de Hauranne,French theologian,Q5,http://wikidata.org/entity/Q551799
Q672898,1,Thomas Dempster,"British philologist, historian, poet and etruscologist",Q5,http://wikidata.org/entity/Q672898
Q59620,1,Paulus Moreelse,Dutch portrait painter (1571–1638),Q5,http://wikidata.org/entity/Q59620
Q102599,1,Lamporecchio,Italian comune,Q747074,http://wikidata.org/entity/Q102599
Q283034,1,Mugello,"historic region and valley in northern Tuscany, in Italy",Q107425,http://wikidata.org/entity/Q283034
Q820887,12,University of Florence,university in Italy,Q3918,http://wikidata.org/entity/Q820887
Q172593,2,Montauban,"commune in Tarn-et-Garonne, France",Q484170,http://wikidata.org/entity/Q172593
Q214432,2,Nogent-le-Rotrou,"commune in Eure-et-Loir, France",Q484170,http://wikidata.org/entity/Q214432
Q200441,1,Antioch,ancient Greek city in southern Turkey,Q839954,http://wikidata.org/entity/Q200441
Q287485,1,Theodoros Gaza,Greek Renaissance humanist scholar,Q5,http://wikidata.org/entity/Q287485
Q810966,1,Battista Guarino,Italian humanist,Q5,http://wikidata.org/entity/Q810966
Q799792,1,Baflo,"village in Het Hogeland, Netherlands",Q532,http://wikidata.org/entity/Q799792
Q60625,1,Conrad Celtes,German Renaissance humanist scholar and poet (1459-1508),Q5,http://wikidata.org/entity/Q60625
Q1636680,2,Renaissance humanist,occupation,Q12737077,http://wikidata.org/entity/Q1636680
Q6046,4,Novara,Italian comune,Q747074,http://wikidata.org/entity/Q6046
Q22692183,1,,human settlement in Germany,Q350895,http://wikidata.org/entity/Q22692183
Q858130,1,Bierutów,town in Poland,Q515,http://wikidata.org/entity/Q858130
Q15485762,1,Hoste da Reggio,Italian composer,Q5,http://wikidata.org/entity/Q15485762
Q133680345,1,Jeanne-Françoise Dandrieu,,Q5,http://wikidata.org/entity/Q133680345
Q2093363,1,Pierre Dandrieu,French organist and composer,Q5,http://wikidata.org/entity/Q2093363
Q979037,1,Tasdorf,"village in Brandenburg state, Germany",Q4632675,http://wikidata.org/entity/Q979037
Q1420015,1,Johann Quistorp,,Q5,http://wikidata.org/entity/Q1420015
Q764353,1,August Varenius,German theologian,Q5,http://wikidata.org/entity/Q764353
Q1047974,1,Caspar Mauritius,German theologian,Q5,http://wikidata.org/entity/Q1047974
Q1506188,1,Georg Thegen,German mathematician,Q5,http://wikidata.org/entity/Q1506188
Q2551514,1,Jelsum,"village in Leeuwarden, Netherlands",Q532,http://wikidata.org/entity/Q2551514
Q550878,1,Grossbreitenbach,"main settlement of Grossbreitenbach municipality, Thuringia, Germany",Q253019,http://wikidata.org/entity/Q550878
Q310955,1,Oberweißbach,former municipality of Germany,Q42744322,http://wikidata.org/entity/Q310955
Q16888027,1,Simon Loeffler,German theologian and author,Q5,http://wikidata.org/entity/Q16888027
Q134087730,1,Anna Katharina Loeffler,Sister of mathematician and philosopher Gottfried Wilhelm Leibniz,Q5,http://wikidata.org/entity/Q134087730
Q503559,1,André Boniface Louis Riquetti de Mirabeau,French noble (1754-1792),Q5,http://wikidata.org/entity/Q503559
Q119158341,1,Louise de Mirabeau,,Q5,http://wikidata.org/entity/Q119158341
Q1101832,1,Le Bignon-Mirabeau,"commune in Loiret, France",Q484170,http://wikidata.org/entity/Q1101832
Q947485,1,"Victor de Riqueti, marquis de Mirabeau",French physiocrat economist (1715–1789),Q5,http://wikidata.org/entity/Q947485
Q2664441,1,Riquet de Caraman family,French and Belgian noble family,Q15054484,http://wikidata.org/entity/Q2664441
Q26857409,1,Aix University,"former university in Aix-en-Provence, France",Q3918,http://wikidata.org/entity/Q26857409
Q1204304,1,Paul Cézanne University,"former French university founded in 1973, merged (and hence abolished) in 2012 with Aix-Marseille I and Aix-Marseille II to form Aix-Marseille University",Q3551775,http://wikidata.org/entity/Q1204304
Q18756860,1,John Parke,English oboist,Q5,http://wikidata.org/entity/Q18756860
Q3843039,1,House of Maffei,Italian noble family,Q13417114,http://wikidata.org/entity/Q3843039
Q69685,1,Georg Friedrich Creuzer,Philologist and archaeologist,Q5,http://wikidata.org/entity/Q69685
Q77616,1,Johann Gottfried Jakob Hermann,German classical scholar and philologist,Q5,http://wikidata.org/entity/Q77616
Q1458259,1,Friedrich August Wilhelm Spohn,German classical philologist (1792–1824),Q5,http://wikidata.org/entity/Q1458259
Q1903634,1,Martijn Duncan,Dutch author and priest,Q5,http://wikidata.org/entity/Q1903634
Q725440,2,prelate,high-ranking member of the clergy,Q4164871,http://wikidata.org/entity/Q725440
Q80678230,1,Johannes Fabricius,Dutch clergyman from Amsterdam (1632-1669),Q5,http://wikidata.org/entity/Q80678230
Q1559230,1,Helmershausen,human settlement in Germany,Q253019,http://wikidata.org/entity/Q1559230
Q21711493,5,Christiania,"former name of Oslo, the capital of Norway (1624–1924)",Q7884789,http://wikidata.org/entity/Q21711493
Q61717,2,Lauda-Königshofen,municipality in Germany,Q42744322,http://wikidata.org/entity/Q61717
Q5843680,2,Halicarnassus,"ancient Greek city in Caria, present day Bodrum in Turkey",Q15661340,http://wikidata.org/entity/Q5843680
Q602564,1,Thurii,"city of Magna Graecia, situated on the Tarentine gulf",Q515,http://wikidata.org/entity/Q602564
Q11772,3,Ancient Greece,Greek civilization from 1200 BC to 600 AD,Q1792644,http://wikidata.org/entity/Q11772
Q13580795,2,Samos,ancient Greek city-state,Q15661340,http://wikidata.org/entity/Q13580795
Q6508156,1,Lea,"village and civil parish in Lincolnshire, UK",Q532,http://wikidata.org/entity/Q6508156
Q7966266,1,Walter Taylor,British mathematician,Q5,http://wikidata.org/entity/Q7966266
Q7270301,1,Queen Elizabeth's High School,"grammar school in Gainsborough, Lincolnshire in the East Midlands of England",Q967098,http://wikidata.org/entity/Q7270301
Q14336,1,Teruel,"municipality of Aragon, Spain, in the province of Teruel and the comarca of Communidad de Teruel",Q2074737,http://wikidata.org/entity/Q14336
Q1626500,1,Saint-Médard,"commune in Charente, France",Q484170,http://wikidata.org/entity/Q1626500
Q644055,1,Mollis,village in Switzerland,Q532,http://wikidata.org/entity/Q644055
Q153987,23,University of Freiburg,"university in Freiburg im Breisgau, Germany",Q875538,http://wikidata.org/entity/Q153987
Q2495768,1,Universitas Studii Coloniensis,university in Cologne from 1388 to 1798,Q3918,http://wikidata.org/entity/Q2495768
Q1331479,1,Grandchamp,"commune in Haute-Marne, France",Q484170,http://wikidata.org/entity/Q1331479
Q1229690,1,Tanneguy Le Fèvre,French humanist and scholar (1615–1672),Q5,http://wikidata.org/entity/Q1229690
Q2011783,1,White Waltham,"village and civil parish in Berkshire, UK",Q532,http://wikidata.org/entity/Q2011783
Q973884,1,St Edmund Hall,college of the University of Oxford,Q2581649,http://wikidata.org/entity/Q973884
Q489932,1,Allstedt,town of Germany,Q42744322,http://wikidata.org/entity/Q489932
Q1501644,1,Justus Vultejus,German philologist and educationist,Q5,http://wikidata.org/entity/Q1501644
Q598058,1,Wetter,"town in Landkreis Marburg-Biedenkopf in Hesse, Germany",Q3957,http://wikidata.org/entity/Q598058
Q50662,22,Goethe University Frankfurt,"university in Frankfurt, Germany",Q875538,http://wikidata.org/entity/Q50662
Q3360521,1,,human settlement in France,Q5084,http://wikidata.org/entity/Q3360521
Q107278,1,Christian Kortholt the Elder,German protestant theologian and university professor (1633-1694),Q5,http://wikidata.org/entity/Q107278
Q103573,1,Esdras Edzard,German theologian,Q5,http://wikidata.org/entity/Q103573
Q350677,1,Adam Rechenberg,German theologian,Q5,http://wikidata.org/entity/Q350677
Q1698108,1,Johannes Olearius,German theologian (1639-1713),Q5,http://wikidata.org/entity/Q1698108
Q1697389,1,Johann Cyprian,"Polish physicist, author and theologian",Q5,http://wikidata.org/entity/Q1697389
Q94744608,1,Elisabeth Margaretha Francke,,Q5,http://wikidata.org/entity/Q94744608
Q94923129,1,Heinrich Friedrich Francke,merchant,Q5,http://wikidata.org/entity/Q94923129
Q23063175,1,Johannes Francke,(1625-1670),Q5,http://wikidata.org/entity/Q23063175
Q100827,1,Franz Albert Schultz,German academic,Q5,http://wikidata.org/entity/Q100827
Q1078939,3,Christian Benedict Michaelis,German theologian,Q5,http://wikidata.org/entity/Q1078939
Q97419,1,Johann Ludwig Konrad Allendorf,"German pedagog, priest and poet",Q5,http://wikidata.org/entity/Q97419
Q1648579,1,Johann Heinrich Michaelis,German author and theologian,Q5,http://wikidata.org/entity/Q1648579
Q94577506,1,Franz Xaver Sonnleithner,Austrian writer (1759-1832),Q5,http://wikidata.org/entity/Q94577506
Q2854209,1,Antoine Mariotte,"French composer, conductor and music administrator (1875-1944)",Q5,http://wikidata.org/entity/Q2854209
Q69528654,1,Skänninge,,Q615980,http://wikidata.org/entity/Q69528654
Q10669904,1,Skeda,parish of the Church of Sweden,Q615980,http://wikidata.org/entity/Q10669904
Q704992,1,Ludvig Norman,"Swedish composer, conductor, pianist, and music teacher (1831-1885)",Q5,http://wikidata.org/entity/Q704992
Q99030483,1,Johann Jakob Freystädtler,,Q5,http://wikidata.org/entity/Q99030483
Q1439556,1,Jean-Blaise Martin,French opera singer,Q5,http://wikidata.org/entity/Q1439556
Q3148235,2,Ignaz Ladurner,French pianist,Q5,http://wikidata.org/entity/Q3148235
Q450797,1,Hervé,"French singer, composer, librettist, conductor and scene painter (1825–1892)",Q5,http://wikidata.org/entity/Q450797
Q19977177,1,Augustin-Joseph Tolbec,,Q5,http://wikidata.org/entity/Q19977177
Q97315323,1,Isidore-Joseph Tolbecque,,Q5,http://wikidata.org/entity/Q97315323
Q97316327,1,Charles-Joseph Tolbecque,,Q5,http://wikidata.org/entity/Q97316327
Q2282694,1,Hanzinne,"section of Florennes, Belgium",Q486972,http://wikidata.org/entity/Q2282694
Q18199480,1,Auteuil,"former commune in Seine, France",Q484170,http://wikidata.org/entity/Q18199480
Q10542102,1,Jönköpings Kristina församling,parish of the Church of Sweden,Q615980,http://wikidata.org/entity/Q10542102
Q10684545,1,,,Q615980,http://wikidata.org/entity/Q10684545
Q101210627,1,Jakob Fredrik Adlerbeth,,Q5,http://wikidata.org/entity/Q101210627
Q124110,3,Loreto,"hill town and comune of the Italian province of Ancona, in the Marche",Q3957,http://wikidata.org/entity/Q124110
Q1308,2,Como,Italian city,Q747074,http://wikidata.org/entity/Q1308
Q670294,1,Stuttgart-Süd,human settlement in Germany,Q2740635,http://wikidata.org/entity/Q670294
Q3786,3,Esslingen am Neckar,"city in the Stuttgart Region of Baden-Württemberg, Germany",Q42744322,http://wikidata.org/entity/Q3786
Q105418823,1,museum assistant,profession,Q28640,http://wikidata.org/entity/Q105418823
Q217717,1,American Museum of Natural History,"natural history museum in Manhattan, New York",Q1970365,http://wikidata.org/entity/Q217717
Q157035,1,Bückeburg,town in Lower Saxony (Germany),Q3957,http://wikidata.org/entity/Q157035
Q2636318,1,Alach,district of the city of Erfurt,Q253019,http://wikidata.org/entity/Q2636318
Q2766701,1,Epe,"village in Epe, Netherlands",Q532,http://wikidata.org/entity/Q2766701
Q185721,1,Bar-le-Duc,"commune in Meuse, France",Q484170,http://wikidata.org/entity/Q185721
Q613632,1,Luca Ghini,Italian physician and botanist (1490-1556),Q5,http://wikidata.org/entity/Q613632
Q229792,1,Montmédy,"commune in Meuse, France",Q484170,http://wikidata.org/entity/Q229792
Q3130,7,Sydney,"capital city of New South Wales, Australia",Q515,http://wikidata.org/entity/Q3130
Q104816670,1,harp maker,creator of harp instruments,Q28640,http://wikidata.org/entity/Q104816670
Q3127709,1,harpist,musician who plays the harp,Q66715801,http://wikidata.org/entity/Q3127709
Q99439612,1,Georges Cousineau,French harpmaker,Q5,http://wikidata.org/entity/Q99439612
Q51317,1,Villa Santa Maria,Italian comune,Q747074,http://wikidata.org/entity/Q51317
Q499313,1,Deinze,"city in East Flanders, Belgium",Q493522,http://wikidata.org/entity/Q499313
Q20331395,1,Aimée Léopoldine Joséphine Delsarte Anaya,(1815-1861),Q5,http://wikidata.org/entity/Q20331395
Q10379007,11,theatrologist,"one who studies theatre in relation to its literary, physical, psycho-biological, sociological, and historical contexts",Q28640,http://wikidata.org/entity/Q10379007
Q630497,2,Solesmes,"commune in Nord, France",Q484170,http://wikidata.org/entity/Q630497
Q18197587,1,Henriette Fuchs,French soprano and musical critic,Q5,http://wikidata.org/entity/Q18197587
Q2994538,6,Conservatoire National Supérieur de Musique et de Danse,French music conservatories,Q184644,http://wikidata.org/entity/Q2994538
Q235,1,Monaco,microstate in Western Europe,Q3624078,http://wikidata.org/entity/Q235
Q236136,1,Villiers-le-Bel,"commune in Val-d'Oise, France",Q484170,http://wikidata.org/entity/Q236136
Q118358992,1,Alphonse Jean Baptiste Herdlizka,,Q5,http://wikidata.org/entity/Q118358992
Q115754975,1,Carolina Biagioli Herdlizka,,Q5,http://wikidata.org/entity/Q115754975
Q118365567,1,Jean-Baptiste Herdlizka,,Q5,http://wikidata.org/entity/Q118365567
Q3523528,1,Thelma Herdlitz,French actress (1817–1896),Q5,http://wikidata.org/entity/Q3523528
Q539040,1,Geisa,municipality of Germany,Q42744322,http://wikidata.org/entity/Q539040
Q467025,6,Pontifical Gregorian University,"pontifical university located in Rome, Italy",Q2120466,http://wikidata.org/entity/Q467025
Q2793768,1,Philipp Erwein von Schönborn,1607 - 4 Nov 1668,Q5,http://wikidata.org/entity/Q2793768
Q623420,1,Weilmünster,"municipality in Landkreis Limburg-Weilburg in Hesse, Germany",Q11732217,http://wikidata.org/entity/Q623420
Q1718912,1,Laubuseschbach,human settlement in Germany,Q253019,http://wikidata.org/entity/Q1718912
Q101347492,1,Friedrich Georg von Schönborn,1574 - 16 Apr 1615,Q5,http://wikidata.org/entity/Q101347492
Q1397808,1,resistance fighter,fighter of a resistance movement,Q12737077,http://wikidata.org/entity/Q1397808
Q6205446,1,Joan Shakespear,sister of William Shakespeare,Q5,http://wikidata.org/entity/Q6205446
Q5339820,1,Edmund Shakespeare,brother of William Shakespeare,Q5,http://wikidata.org/entity/Q5339820
Q5561207,1,Gilbert Shakespeare,brother of William Shakespeare,Q5,http://wikidata.org/entity/Q5561207
Q96089298,1,Richard Shakespeare,( -1613),Q5,http://wikidata.org/entity/Q96089298
Q96089296,1,Anne Shakespeare,,Q5,http://wikidata.org/entity/Q96089296
Q96089295,1,Margaret Shakespeare,(bef. 2 Dec 1562 - before 30 Apr 1563),Q5,http://wikidata.org/entity/Q96089295
Q96089292,1,Joan Shakespeare,( -1611),Q5,http://wikidata.org/entity/Q96089292
Q189288,2,Stratford-upon-Avon,"town in Warwickshire, England",Q3957,http://wikidata.org/entity/Q189288
Q1693076,1,Stratford-on-Avon,"district in Warwickshire, England",Q1187580,http://wikidata.org/entity/Q1693076
Q719706,1,John Shakespeare,English businessman and father of William Shakespeare (1530–1601),Q5,http://wikidata.org/entity/Q719706
Q467805,1,Mary Shakespeare,mother of William Shakespeare,Q5,http://wikidata.org/entity/Q467805
Q6411533,1,"King Edward VI School, Stratford-upon-Avon","school in Warwickshire, UK",Q967098,http://wikidata.org/entity/Q6411533
Q1003178,1,Roscrea,"town in County Tipperary, Ireland",Q3957,http://wikidata.org/entity/Q1003178
Q3760518,1,"Sir George Hamilton, 1st Baronet of Donalong",Irish Royalist,Q5,http://wikidata.org/entity/Q3760518
Q75390746,1,Lady Mary Butler,Irish noblewoman (died 1680),Q5,http://wikidata.org/entity/Q75390746
Q2309784,2,sport cyclist,someone who competes in the sport of cycling,Q28640,http://wikidata.org/entity/Q2309784
Q340,5,Montreal,"largest city in Quebec, Canada",Q27676416,http://wikidata.org/entity/Q340
Q7184788,1,"Philippe Charles, Duke of Valois",Duke of Valois,Q5,http://wikidata.org/entity/Q7184788
Q229076,1,Marie Louise d'Orléans,Queen consort of Spain (1662-1689),Q5,http://wikidata.org/entity/Q229076
Q230873,1,Anne Marie d'Orléans,Queen Consort of Sardinia (1669-1728),Q5,http://wikidata.org/entity/Q230873
Q233610,2,Élisabeth Charlotte of Orléans,French princess (1676-1744),Q5,http://wikidata.org/entity/Q233610
Q2833367,1,Alexandre-Louis d'Orléans,(1673-1676),Q5,http://wikidata.org/entity/Q2833367
Q662491,1,Château de Saint-Cloud,"former royal palace in France, today a national park",Q16560,http://wikidata.org/entity/Q662491
Q296555,2,"Philippe I, Duke of Orléans",French prince (1640-1701),Q5,http://wikidata.org/entity/Q296555
Q46390,1,Asnières-lès-Dijon,"commune in Côte-d'Or, France",Q484170,http://wikidata.org/entity/Q46390
Q666696,1,Fontaine-l'Évêque,"city in Wallonia, Belgium",Q493522,http://wikidata.org/entity/Q666696
Q2327270,1,Jean-Baptiste Marie Pierre,"French painter, draughtsman and administrator (1714-1789)",Q5,http://wikidata.org/entity/Q2327270
Q3165683,1,Jean-François Janinet,engraver and balloonist (1752-1814),Q5,http://wikidata.org/entity/Q3165683
Q222799,1,Tremblay,"former commune in Ille-et-Vilaine, France",Q21869758,http://wikidata.org/entity/Q222799
Q649103,1,Gahard,"commune in Ille-et-Vilaine, France",Q484170,http://wikidata.org/entity/Q649103
Q987775,1,Laurencekirk,"town in Aberdeenshire, Scotland, UK",Q3957,http://wikidata.org/entity/Q987775
Q4666924,1,Aberdeen Grammar School,"state secondary school in Aberdeen, Scotland, UK",Q159334,http://wikidata.org/entity/Q4666924
Q9857,1,Oisterwijk,municipality in the Netherlands,Q2039348,http://wikidata.org/entity/Q9857
Q1366256,1,Erzingen,"quarter of Balingen, Baden-Württemberg, Germany",Q253019,http://wikidata.org/entity/Q1366256
Q83032,1,Bad Urach,municipality in Germany,Q3957,http://wikidata.org/entity/Q83032
Q55887977,1,Orazio Spannocchi,,Q5,http://wikidata.org/entity/Q55887977
Q52957,2,Bagnacavallo,Italian comune,Q747074,http://wikidata.org/entity/Q52957
Q955609,5,University of Ferrara,Italian university in Ferrara,Q3918,http://wikidata.org/entity/Q955609
Q1245999,2,University of Siena,Italian university,Q3918,http://wikidata.org/entity/Q1245999
Q76160440,1,Samuel Hermann Samuelson,(1789-1863),Q5,http://wikidata.org/entity/Q76160440
Q76160441,1,Sarah Hertz,(c1797-1875),Q5,http://wikidata.org/entity/Q76160441
Q2571468,2,Wilhelm-Ernst-Gymnasium,"former high school (gymnasium) in Weimar, Thuringia, Germany (1712–1953)",Q1542966,http://wikidata.org/entity/Q2571468
Q745594,1,Wilkes-Barre,"county seat of Luzerne County, Pennsylvania, United States",Q21010817,http://wikidata.org/entity/Q745594
Q26339,3,Jersey City,"city in New Jersey, United States",Q2974552,http://wikidata.org/entity/Q26339
Q125578980,1,Putnam Catlin,5 Apr 1764 - 12 Mar 1842,Q5,http://wikidata.org/entity/Q125578980
Q125579013,1,"Mary ""Polly"" Catlin",30 Sep 1770 - 15 Jul 1844,Q5,http://wikidata.org/entity/Q125579013
Q6647469,1,Litchfield Law School,"former home and law school in Litchfield, Connecticut",Q1321960,http://wikidata.org/entity/Q6647469
Q172579,15,Kingdom of Italy,kingdom in Southern Europe from 1861 to 1946,Q3624078,http://wikidata.org/entity/Q172579
Q1677686,1,Jacob van Hall,Dutch jurist (1799–1859),Q5,http://wikidata.org/entity/Q1677686
Q1934522,4,Albert Lavignac,French composer (1846-1916),Q5,http://wikidata.org/entity/Q1934522
Q766664,1,Maurice Schwob,French publisher (1859–1928),Q5,http://wikidata.org/entity/Q766664
Q494125,1,Chaville,"commune in Hauts-de-Seine, France",Q484170,http://wikidata.org/entity/Q494125
Q3449922,1,rue Saint-Louis-en-l'Île,"street in Paris, France",Q79007,http://wikidata.org/entity/Q3449922
Q3101904,1,George Schwob,(1822-1892),Q5,http://wikidata.org/entity/Q3101904
Q3065490,1,,family,Q8436,http://wikidata.org/entity/Q3065490
Q3268696,1,lycée Georges-Clemenceau,"public secondary school in Nantes, France",Q3591580,http://wikidata.org/entity/Q3268696
Q131726442,1,Hubert Ferdinand Alois Diepenbrock,,Q5,http://wikidata.org/entity/Q131726442
Q131726443,1,Johanna Josephina Kuytenbrouwer,,Q5,http://wikidata.org/entity/Q131726443
Q1910505,1,Matthijs Vermeulen,Dutch composer (1888–1967),Q5,http://wikidata.org/entity/Q1910505
Q1648141,1,Adolph Ribbing,Swedish politician (1765-1843),Q5,http://wikidata.org/entity/Q1648141
Q37776,6,Besançon,"commune in Doubs, France",Q484170,http://wikidata.org/entity/Q37776
Q181946,1,Argenteuil,"commune in Val-d'Oise, France",Q484170,http://wikidata.org/entity/Q181946
Q214580,1,Château-Gontier,"commune in Mayenne, France",Q484170,http://wikidata.org/entity/Q214580
Q323476,1,Johannes Abraham Bierens de Haan,Dutch biologist,Q5,http://wikidata.org/entity/Q323476
Q130526172,1,Gerard Eduard Bierens de Haan,business executive,Q5,http://wikidata.org/entity/Q130526172
Q137802597,1,Pieter Bierens de Haan,Dutch psychiatrist (1869–1941),Q5,http://wikidata.org/entity/Q137802597
Q136325134,1,Jan Bierens de Haan,12 May 1834 Amsterdam - 24 Nov 1908 Haarlem,Q5,http://wikidata.org/entity/Q136325134
Q136325138,1,Louise Leonore van Leeuwen,7 Jan 1839 Arnhem - 7 Mar 1917 Haarlem,Q5,http://wikidata.org/entity/Q136325138
Q551988,1,Riethnordhausen,municipality of Germany,Q116457956,http://wikidata.org/entity/Q551988
Q2873819,1,avenue Rapp,"avenue in Paris, France",Q7543083,http://wikidata.org/entity/Q2873819
Q16635753,1,,family,Q13417114,http://wikidata.org/entity/Q16635753
Q273631,5,École pratique des hautes études,French research and education institution,Q1542938,http://wikidata.org/entity/Q273631
Q945876,1,Grenoble Alpes University,French public university,Q1542938,http://wikidata.org/entity/Q945876
Q20723251,1,École nationale des eaux et forêts,France,Q11533118,http://wikidata.org/entity/Q20723251
Q22249413,1,Université de Nancy,former university,Q3551775,http://wikidata.org/entity/Q22249413
Q65815,3,Christian Theodor Weinlig,German composer and conductor,Q5,http://wikidata.org/entity/Q65815
Q1493426,1,Rosalie Wagner,German stage actor (1803-1837),Q5,http://wikidata.org/entity/Q1493426
Q94763406,1,Ottilie Brockhaus,Wife of Hermann Brockhaus; sister of Richard Wagner (1811-1883),Q5,http://wikidata.org/entity/Q94763406
Q95206365,1,Louise Wagner,German actor (1805-1872),Q5,http://wikidata.org/entity/Q95206365
Q94770082,1,Cäcilie Avenarius,(1815-1893),Q5,http://wikidata.org/entity/Q94770082
Q94804421,1,Albert Wagner,German tenor and director (1799-1874),Q5,http://wikidata.org/entity/Q94804421
Q102061876,1,Carl Friedrich Wagner,German police actuary (1770-1813),Q5,http://wikidata.org/entity/Q102061876
Q55916654,1,Johanna Rosina Wagner-Geyer,Mother of the composer Richard Wagner (1774-1848),Q5,http://wikidata.org/entity/Q55916654
Q6381,1,Sarlat-la-Canéda,"French commune in Dordogne, New Aquitaine",Q484170,http://wikidata.org/entity/Q6381
Q1597585,1,Castelnau-de-Brassac,"former commune in Tarn, France",Q484170,http://wikidata.org/entity/Q1597585
Q381353,2,woman of letters,cultivated and influential female writer,Q28640,http://wikidata.org/entity/Q381353
Q83259,25,École Normale Supérieure,"French ""grande école"" (ENS Paris)",Q135436,http://wikidata.org/entity/Q83259
Q15980158,14,non-fiction writer,author who writes non-fiction texts,Q28640,http://wikidata.org/entity/Q15980158
Q584473,1,Elsterwerda,"town in Brandenburg state, Germany",Q42744322,http://wikidata.org/entity/Q584473
Q94912032,1,Julius Albert von Rohr,,Q5,http://wikidata.org/entity/Q94912032
Q61965243,1,von Rohr,German branch of the formerly noble family,Q61881926,http://wikidata.org/entity/Q61965243
Q494747,2,Guben,"town in Brandenburg state, Germany",Q42744322,http://wikidata.org/entity/Q494747
Q193719,1,Cheb,town in the Czech Republic,Q5153359,http://wikidata.org/entity/Q193719
Q16087,2,Zeitz,"town in Burgenlandkreis, Saxony-Anhalt, Germany",Q42744322,http://wikidata.org/entity/Q16087
Q1859459,1,Château de la Brède,"feudal castle in La Brède, Gironde, France",Q23413,http://wikidata.org/entity/Q1859459
Q110639092,1,"Jean II de Secondat, Seigneur de La Fleyte, Roques, Clermont-Dessous",,Q5,http://wikidata.org/entity/Q110639092
Q152748,1,Sankt Vith,"city in Wallonia, East Belgium",Q493522,http://wikidata.org/entity/Q152748
Q1884,2,Düren,"town in the Düren district, in North Rhine-Westphalia, Germany",Q42744322,http://wikidata.org/entity/Q1884
Q622422,1,Mont-Louis,"commune in Pyrénées-Orientales, France",Q484170,http://wikidata.org/entity/Q622422
Q1138499,1,Dannemois,"commune in Essonne, France",Q484170,http://wikidata.org/entity/Q1138499
Q156828,1,Bolesławiec,"historic town situated on the Bóbr River in the Lower Silesian Voivodeship, in southwestern Poland",Q2616791,http://wikidata.org/entity/Q156828
Q636715,1,Saint-Denis-le-Gast,"commune in Manche, France",Q484170,http://wikidata.org/entity/Q636715
Q568554,8,University of Caen Normandy,French university,Q875538,http://wikidata.org/entity/Q568554
Q110540219,1,"Thomas Browne, of London",,Q5,http://wikidata.org/entity/Q110540219
Q110540221,1,Anne Garraway,,Q5,http://wikidata.org/entity/Q110540221
Q62831,1,Ludwig Büchner,German philosopher and scientist (1824-1899),Q5,http://wikidata.org/entity/Q62831
Q243337,1,Issum,"municipality in Kleve District, in North Rhine-Westphalia, Germany",Q116457956,http://wikidata.org/entity/Q243337
Q131730867,1,Wilhelm Ludwig von Pöllnitz,- 18 Oct 1690 Maastricht,Q5,http://wikidata.org/entity/Q131730867
Q131730875,1,Louise Catharina von Eulenburg,- 18 Aug 1711,Q5,http://wikidata.org/entity/Q131730875
Q123982,1,Jakob II Bernoulli,Swiss mathematician (1759-1789),Q5,http://wikidata.org/entity/Q123982
Q55848427,1,Niklas de Johannes Bernoulli,(1754-1841),Q5,http://wikidata.org/entity/Q55848427
Q79252237,1,Daniel II Bernoulli,(1751-1834),Q5,http://wikidata.org/entity/Q79252237
Q826719,2,Bernoulli,family from Basel known for its mathematicians in the 17th/18th century,Q8436,http://wikidata.org/entity/Q826719
Q534508,1,Bad Tennstedt,"municipality in Thuringia, Germany",Q42744322,http://wikidata.org/entity/Q534508
Q189010,1,notary,"person licensed by the state to perform acts in legal affairs, in particular witnessing signatures on documents",Q15987302,http://wikidata.org/entity/Q189010
Q600751,1,prosecutor,legal representative of the state in criminal trials,Q15987302,http://wikidata.org/entity/Q600751
Q294126,1,surveyor,land measurement specialist,Q294414,http://wikidata.org/entity/Q294126
Q76960,3,Zevenbergen,"city in Moerdijk, the Netherlands",Q13539802,http://wikidata.org/entity/Q76960
Q4475748,1,Great Snoring,"village in Norfolk, England, UK",Q532,http://wikidata.org/entity/Q4475748
Q170263,2,Chester,"city in Cheshire, England",Q515,http://wikidata.org/entity/Q170263
Q2561133,1,Werner Fabricius,German composer (1633-1679),Q5,http://wikidata.org/entity/Q2561133
Q519751,1,Weida,"town in Thuringia, Germany",Q42744322,http://wikidata.org/entity/Q519751
Q200783,1,Monschau,"city in the district of Aachen, in North Rhine-Westphalia, Germany",Q42744322,http://wikidata.org/entity/Q200783
Q2805,3,Krefeld,"city in North Rhine-Westphalia, Germany",Q1549591,http://wikidata.org/entity/Q2805
Q17488316,3,prehistorian,archaeologist who is engaged in prehistory,Q28640,http://wikidata.org/entity/Q17488316
Q507077,1,Thurnau,market municipality of Germany,Q100341898,http://wikidata.org/entity/Q507077
Q1506818,1,Stintenburg Island,island in Schaalsee lake in Germany,Q23442,http://wikidata.org/entity/Q1506818
Q94840667,1,Johann Georg Keyssler,,Q5,http://wikidata.org/entity/Q94840667
Q70887,1,Count Johann Hartwig Ernst von Bernstorff,Danish politician (1712-1772),Q5,http://wikidata.org/entity/Q70887
Q442108,1,Andreas Gottlieb von Bernstorff,German politician (1649-1726),Q5,http://wikidata.org/entity/Q442108
Q3620091,1,Antonio Riccoboni,Italian humanist,Q5,http://wikidata.org/entity/Q3620091
Q706912,1,Artenay,"commune in Loiret, France",Q484170,http://wikidata.org/entity/Q706912
Q49145,6,New Haven,"city in Connecticut, United States",Q1093829,http://wikidata.org/entity/Q49145
Q462799,3,Evanston,"suburban city in Cook County, Illinois, United States",Q1093829,http://wikidata.org/entity/Q462799
Q3407825,1,Prospero Bonarelli,writer from Italy (1580–1659),Q5,http://wikidata.org/entity/Q3407825
Q13142,1,Fano,town and comune of the province of Pesaro and Urbino in the Marches region of Italy,Q747074,http://wikidata.org/entity/Q13142
Q30880916,1,Bonarelli,noble family from Italy,Q13417114,http://wikidata.org/entity/Q30880916
Q1743221,1,,,Q28640,http://wikidata.org/entity/Q1743221
Q931340,1,August Allebé,19th-century painter from the Northern Netherlands (1838-1927),Q5,http://wikidata.org/entity/Q931340
Q1941254,1,Antoon Derkinderen,Dutch painter and printmaker (1859-1925),Q5,http://wikidata.org/entity/Q1941254
Q2497749,1,Pieter Johannes Veth,Dutch university professor and anthropologist (1814–1895),Q5,http://wikidata.org/entity/Q2497749
Q2117556,1,Nelly Bodenheim,Dutch illustrator known for silhouettes (1874–1951),Q5,http://wikidata.org/entity/Q2117556
Q2512446,1,Marie van Regteren Altena,Dutch painter (1868-1958),Q5,http://wikidata.org/entity/Q2512446
Q498212,4,Meersburg,"town in Baden-Württemberg, Germany",Q2556234,http://wikidata.org/entity/Q498212
Q526462,1,Kutzenhausen,municipality of Germany,Q116457956,http://wikidata.org/entity/Q526462
Q160824,1,Zodel,human settlement in Germany,Q253019,http://wikidata.org/entity/Q160824
Q1130,1,Iserlohn,German city in the Märkischer Kreis district of North Rhine-Westphalia,Q42744322,http://wikidata.org/entity/Q1130
Q69028,2,Friedrich Gottlieb Welcker,German classical philologist and archaeologist (1784-1868),Q5,http://wikidata.org/entity/Q69028
Q1337305,1,Emilie Conradi,sister of Karl Marx,Q5,http://wikidata.org/entity/Q1337305
Q1872165,1,Louise Juta,Karl Marx's sister (1821–1893),Q5,http://wikidata.org/entity/Q1872165
Q38195664,1,Mauritz David Marx,brother of Karl Marx,Q5,http://wikidata.org/entity/Q38195664
Q43032506,1,Sophia Marx,sister of Karl Marx (1816–1886),Q5,http://wikidata.org/entity/Q43032506
Q214986,1,Heinrich Marx,lawyer and father of Karl Marx (1777–1838),Q5,http://wikidata.org/entity/Q214986
Q19841721,1,Henriette Presburg,mother of Karl Marx (1788–1863),Q5,http://wikidata.org/entity/Q19841721
Q896639,1,Ludwig von Westphalen,Prussian aristocrat (1770–1842),Q5,http://wikidata.org/entity/Q896639
Q429850,1,Neue Rheinische Zeitung,German newspaper,Q1110794,http://wikidata.org/entity/Q429850
Q519542,1,Rheinische Zeitung,"German pro-democratic, reformist publication in the Vormärz period (1842-1843)",Q11032,http://wikidata.org/entity/Q519542
Q94794516,1,Rudolf Engels,,Q5,http://wikidata.org/entity/Q94794516
Q188094,9,economist,professional in the discipline of economics,Q28640,http://wikidata.org/entity/Q188094
Q15319501,2,social scientist,scientist working in the field of social sciences,Q28640,http://wikidata.org/entity/Q15319501
Q15994177,1,political theorist,person who develops theories of politics,Q28640,http://wikidata.org/entity/Q15994177
Q153974,3,Barmen,"former city in eastern Rhineland, Germany",Q1549591,http://wikidata.org/entity/Q153974
Q1458971,1,Friedrich Engels,German entrepreneur (1796-1860),Q5,http://wikidata.org/entity/Q1458971
Q116468500,1,Elisabeth Franziska Mauritia van Haar,22 Apr 1797 - 29 Oct 1873,Q5,http://wikidata.org/entity/Q116468500
Q20266894,3,University of Berlin,German University in Berlin (1809-1828); predecessor institute of the Friedrich Wilhelm University,Q3918,http://wikidata.org/entity/Q20266894
Q94887194,1,Georg Daniel Koschwitz,,Q5,http://wikidata.org/entity/Q94887194
Q492374,1,Gardelegen,"town in Saxony-Anhalt, Germany",Q707813,http://wikidata.org/entity/Q492374
Q1215889,1,Tilshead,"village in Wiltshire, England, UK",Q532,http://wikidata.org/entity/Q1215889
Q1342015,1,Engelbostel,human settlement in Germany,Q96180429,http://wikidata.org/entity/Q1342015
Q272162,1,St James's Palace,royal palace in London,Q16560,http://wikidata.org/entity/Q272162
Q1790515,2,Krásno,town in the Czech Republic,Q5153359,http://wikidata.org/entity/Q1790515
Q882826,1,Schönefeld,"part of Leipzig, Germany",Q79423884,http://wikidata.org/entity/Q882826
Q384544,1,Karlovy Vary,"city in Karlovy Vary Region, Czech Republic",Q515,http://wikidata.org/entity/Q384544
Q542659,1,Karlsbad,municipality in Germany,Q116457956,http://wikidata.org/entity/Q542659
Q686971,1,Lands of the Bohemian Crown,"monarchy in Central Europe, predecessor of modern Czech Republic",Q3024240,http://wikidata.org/entity/Q686971
Q79023,1,Bedřich Diviš Weber,Czech music educator and composer (1766-1842),Q5,http://wikidata.org/entity/Q79023
Q505985,1,Jettingen-Scheppach,market municipality of Germany,Q100341898,http://wikidata.org/entity/Q505985
Q481557,1,Anton Cajetan Adlgasser,German organist and composer,Q5,http://wikidata.org/entity/Q481557
Q111176,1,Correggio,Italian comune,Q747074,http://wikidata.org/entity/Q111176
Q259283,1,Megève,"commune in Haute-Savoie, France",Q484170,http://wikidata.org/entity/Q259283
Q1440998,1,Francesco Corselli,Italian composer,Q5,http://wikidata.org/entity/Q1440998
Q320534,2,Carlo Pallavicino,Italian composer,Q5,http://wikidata.org/entity/Q320534
Q100388,1,Clusone,"town and commune in Lombardy, Italy",Q747074,http://wikidata.org/entity/Q100388
Q15688,1,Ávila,"municipality in Castile and León, Spain",Q2074737,http://wikidata.org/entity/Q15688
Q525632,1,Burg,"municipality in Saxony-Anhalt, Germany",Q42744322,http://wikidata.org/entity/Q525632
Q529842,1,Creuzburg,former municipality of Germany,Q42744322,http://wikidata.org/entity/Q529842
Q550808,1,Kahla,"municipality of Saale-Holzland-Kreis, Thuringia, Germany",Q42744322,http://wikidata.org/entity/Q550808
Q12062,1,Torgau,"town in Saxony, Germany",Q448801,http://wikidata.org/entity/Q12062
Q146363,1,Most,"statutory city in Ústí nad Labem Region, Czech Republic",Q5153359,http://wikidata.org/entity/Q146363
Q1879179,1,Gottlieb Neithardt,German musician and composer,Q5,http://wikidata.org/entity/Q1879179
Q864827,1,Hlukhiv,"town in Shostka raion, Sumy Oblast in northern Ukraine",Q5123999,http://wikidata.org/entity/Q864827
Q3496636,1,Kyiv-Mohyla Academy,educational institution that existed from 1659 to 1817,Q2385804,http://wikidata.org/entity/Q3496636
Q552604,1,Rastenberg,municipality of Germany,Q42744322,http://wikidata.org/entity/Q552604
Q520037,2,Buttstädt,municipality of Germany,Q42744322,http://wikidata.org/entity/Q520037
Q57180,1,Frederick William IV of Prussia,King of Prussia (1795–1861),Q5,http://wikidata.org/entity/Q57180
Q708720,1,Löbejün,human settlement in Germany,Q253019,http://wikidata.org/entity/Q708720
Q1806975,1,Latina August Hermann Francke,"Halle an der Saale, Germany",Q1542966,http://wikidata.org/entity/Q1806975
Q723537,2,Giovanni Bernardino Nanino,Italian composer,Q5,http://wikidata.org/entity/Q723537
Q2550850,1,Domenico Allegri,Italian composer and singer,Q5,http://wikidata.org/entity/Q2550850
Q24942922,1,Pedro Fernández de Castilleja,,Q5,http://wikidata.org/entity/Q24942922
Q1338796,1,Francisco de Peñalosa,Spanish composer (1470-1528),Q5,http://wikidata.org/entity/Q1338796
Q6300593,1,Juan Navarro Hispalensis,Spanish composer,Q5,http://wikidata.org/entity/Q6300593
Q32161192,1,Gaetano Carpani,,Q5,http://wikidata.org/entity/Q32161192
Q1441040,1,Francesco Foggia,Italian composer of the Baroque,Q5,http://wikidata.org/entity/Q1441040
Q47507735,1,Pompeo Natali,Italian priest and composer,Q5,http://wikidata.org/entity/Q47507735
Q13396,1,Rieti,Italian comune,Q747074,http://wikidata.org/entity/Q13396
Q15912,1,Municipality of Ribnica,municipality of Slovenia,Q328584,http://wikidata.org/entity/Q15912
Q2596325,1,Ribnica,town in Slovenia,Q486972,http://wikidata.org/entity/Q2596325
Q64014,1,Nikolaus Selnecker,"German musician and theologian, 1530-1592",Q5,http://wikidata.org/entity/Q64014
Q1948076,1,Moritz Valentin Steinmetz,German astronomer,Q5,http://wikidata.org/entity/Q1948076
Q660007,1,Gorsleben,municipality of Germany,Q253019,http://wikidata.org/entity/Q660007
Q110915,2,Erasmus Schmidt,German philologist and mathematician,Q5,http://wikidata.org/entity/Q110915
Q1158319,1,Maubert-Fontaine,"commune in Ardennes, France",Q484170,http://wikidata.org/entity/Q1158319
Q289283,1,Waldthurn,market municipality of Germany,Q100341898,http://wikidata.org/entity/Q289283
Q565928,1,Mellenbach-Glasbach,municipality of Germany,Q116457956,http://wikidata.org/entity/Q565928
Q505656,1,Bad Lobenstein,town of Germany,Q42744322,http://wikidata.org/entity/Q505656
Q63541,1,Magdalena Wilhelmine of Württemberg,Margravine consort of Baden-Durlach (1677-1742),Q5,http://wikidata.org/entity/Q63541
Q1402561,1,military leader,someone who leads the army and the troops in a war or battle,Q28640,http://wikidata.org/entity/Q1402561
Q61212,1,"William Louis, Duke of Württemberg",Duke of Württemberg (1647-1677),Q5,http://wikidata.org/entity/Q61212
Q62217,1,Magdalena Sibylla of Hesse-Darmstadt,regent of the Duchy of Württemberg and hymn lyricist (1652-1712),Q5,http://wikidata.org/entity/Q62217
Q699788,1,House of Württemberg,former German noble family,Q61881926,http://wikidata.org/entity/Q699788
Q699039,1,Uichteritz,human settlement in Germany,Q253019,http://wikidata.org/entity/Q699039
Q55852852,1,Johannes Hieronymus von Imhoff,jurist,Q5,http://wikidata.org/entity/Q55852852
Q122970601,1,Jacob Gijsberts Holckema,,Q5,http://wikidata.org/entity/Q122970601
Q133704,1,Martin of Tours,Christian saint,Q5,http://wikidata.org/entity/Q133704
Q715376,1,Gallia Aquitania,Roman province from 27 BC until the 5th century,Q182547,http://wikidata.org/entity/Q715376
Q38060,1,Gaul,historical region of Western Europe inhabited by Celtic tribes,Q1620908,http://wikidata.org/entity/Q38060
Q516262,1,Kemnath,town in Germany,Q42744322,http://wikidata.org/entity/Q516262
Q137969964,1,,,Q5,http://wikidata.org/entity/Q137969964
Q137969968,1,,,Q5,http://wikidata.org/entity/Q137969968
Q40881196,6,book printer,profession; printer specialized in printing books,Q12737077,http://wikidata.org/entity/Q40881196
Q62025,2,Princess Sophia Dorothea of Prussia,Prussian princess (1719–1765),Q5,http://wikidata.org/entity/Q62025
Q62043,2,Princess Philippine Charlotte of Prussia,Prussian princess,Q5,http://wikidata.org/entity/Q62043
Q234251,3,Louisa Ulrika of Prussia,Swedish queen (1720-1782),Q5,http://wikidata.org/entity/Q234251
Q20377,1,Revello,Italian comune,Q747074,http://wikidata.org/entity/Q20377
Q462390,3,docent,person who teaches at universities and educational institutions,Q486983,http://wikidata.org/entity/Q462390
Q55903246,1,Johann Sigismund Birnbaum,,Q5,http://wikidata.org/entity/Q55903246
Q94762745,1,Johann Abraham Birnbaum,,Q5,http://wikidata.org/entity/Q94762745
Q66184,2,Zuoz,municipality in the canton of the Grisons in Switzerland,Q70208,http://wikidata.org/entity/Q66184
Q16058,1,Mockrehna,"municipality in the district Nordsachsen, in Saxony, Germany",Q116457956,http://wikidata.org/entity/Q16058
Q490521,1,,"town in Brandenburg state, Germany",Q54935786,http://wikidata.org/entity/Q490521
Q633653,1,Najac,"commune in Aveyron, France",Q484170,http://wikidata.org/entity/Q633653
Q111183300,1,Pierre d'Audiguier,French writer,Q5,http://wikidata.org/entity/Q111183300
Q3060233,1,Eugène de Béthisy,French general,Q5,http://wikidata.org/entity/Q3060233
Q5354349,1,Eleanor Oglethorpe de Mezieres,Jacobite,Q5,http://wikidata.org/entity/Q5354349
Q106566935,1,María Gómez de Santibáñez,,Q5,http://wikidata.org/entity/Q106566935
Q495225,3,University of Alcalá,former Spanish university (1499-1836),Q557206,http://wikidata.org/entity/Q495225
Q219694,4,Complutense University of Madrid,"public university in Madrid, Spain",Q875538,http://wikidata.org/entity/Q219694
Q578047,3,Colegio Imperial de Madrid,16th-century former Jesuit school in Madrid,Q3580134,http://wikidata.org/entity/Q578047
Q504787,1,Volkach,urban municipality of Germany,Q42744322,http://wikidata.org/entity/Q504787
Q106962227,1,Priorau,,Q15284,http://wikidata.org/entity/Q106962227
Q16058262,1,Jane Swift,English writer,Q5,http://wikidata.org/entity/Q16058262
Q75582640,1,Jonathan Swift,Peerage person ID=225654,Q5,http://wikidata.org/entity/Q75582640
Q75580587,1,Abigail Erick,Peerage person ID=224478,Q5,http://wikidata.org/entity/Q75580587
Q258464,4,"Trinity College, Dublin",constituent college of the University of Dublin in Ireland,Q3354859,http://wikidata.org/entity/Q258464
Q81090,1,Hertford College,college of the University of Oxford,Q2581649,http://wikidata.org/entity/Q81090
Q214654,2,Sorbonne,"historical university and building in Paris, France",Q1244442,http://wikidata.org/entity/Q214654
Q787286,2,College of Sorbonne,former theological college of the University of Paris,Q1459186,http://wikidata.org/entity/Q787286
Q17337766,3,theatre critic,person who writes reviews about theatre performances,Q28640,http://wikidata.org/entity/Q17337766
Q15970898,1,rue de Berri,"street in Paris, France",Q79007,http://wikidata.org/entity/Q15970898
Q4504549,2,religious figure,person engaged in religious activity,Q24017414,http://wikidata.org/entity/Q4504549
Q472574,2,Pernes-les-Fontaines,"commune in Vaucluse, France",Q484170,http://wikidata.org/entity/Q472574
Q828612,1,Condrieu,"commune in Rhône, France",Q484170,http://wikidata.org/entity/Q828612
Q294469,1,Theresianum,"school in Vienna, Austria",Q3914,http://wikidata.org/entity/Q294469
Q864123,2,La Côte-Saint-André,"commune in Isère, France",Q484170,http://wikidata.org/entity/Q864123
Q1289,6,Grenoble,"commune in Isère, France",Q484170,http://wikidata.org/entity/Q1289
Q104777653,1,Faculté de théologie de Paris,1200-1793,Q118868153,http://wikidata.org/entity/Q104777653
Q630692,1,Saint Ann's Bay,"city in the Saint Ann Parish, Jamaica",Q515,http://wikidata.org/entity/Q630692
Q509145,1,Beverstedt,"Unified community in the Lower Saxony district of Cuxhaven, Germany",Q116457956,http://wikidata.org/entity/Q509145
Q1618764,2,Louis Antoine Ponchard,"French singer, opera singer, voice teacher and music educator",Q5,http://wikidata.org/entity/Q1618764
Q209814,2,Guebwiller,"commune in Haut-Rhin, France",Q484170,http://wikidata.org/entity/Q209814
Q8243,1,Stolpen,"town in the district of Sächsische Schweiz-Osterzgebirge, in the Free State of Saxony, Germany",Q42744322,http://wikidata.org/entity/Q8243
Q776426,1,Bučovice,town in the Czech Republic,Q15978299,http://wikidata.org/entity/Q776426
Q1536517,1,Moritz Deutsch,German composer (1818–1892),Q5,http://wikidata.org/entity/Q1536517
Q7344350,1,Robert Fischhof,"Austrian pianist, composer and music teacher (1856-1918)",Q5,http://wikidata.org/entity/Q7344350
Q105753269,1,Eugene Fischoff,Paris art dealer (1853-1926),Q5,http://wikidata.org/entity/Q105753269
Q1696529,1,Johann Werlhof,German jurist and political scientist,Q5,http://wikidata.org/entity/Q1696529
Q136092679,1,,,Q5,http://wikidata.org/entity/Q136092679
Q13470,1,Barletta,"city and comune in the north of Apulia, Italy",Q747074,http://wikidata.org/entity/Q13470
Q3322237,4,Venlo,"city in the Limburgian municipality with the same name, the Netherlands",Q13539802,http://wikidata.org/entity/Q3322237
Q943498,1,Universities in Leuven,Universities in Belgium,Q3918,http://wikidata.org/entity/Q943498
Q95199344,1,Elisabeth Buchholz,,Q5,http://wikidata.org/entity/Q95199344
Q55374771,1,George Linius Streeter,American embryologist (1873–1948),Q5,http://wikidata.org/entity/Q55374771
Q656505,1,Marly-le-Roi,"commune in Yvelines, France",Q484170,http://wikidata.org/entity/Q656505
Q289612,1,general contractor,"profession, construction site manager",Q28640,http://wikidata.org/entity/Q289612
Q219110,1,Kamienna Góra,town in Lower Silesian Voivodeship in south-western Poland,Q2616791,http://wikidata.org/entity/Q219110
Q9249165,1,Dąbie,,Q3257686,http://wikidata.org/entity/Q9249165
Q23157,2,Somerset,ceremonial county of England (use Q21694741 for administrative non-metropolitan county),Q180673,http://wikidata.org/entity/Q23157
Q788375,5,Gresham College,educational institution,Q2385804,http://wikidata.org/entity/Q788375
Q503375,1,Tottenham,town in the London Borough of Haringey,Q3957,http://wikidata.org/entity/Q503375
Q570383,2,William Mundy,British composer,Q5,http://wikidata.org/entity/Q570383
Q7442551,1,Sebastian Westcott,English organist and stager of dramas,Q5,http://wikidata.org/entity/Q7442551
Q22741,2,Saverne,"commune in Bas-Rhin, France",Q484170,http://wikidata.org/entity/Q22741
Q696357,1,Schönberg,"village in the district of Stendal, in Saxony-Anhalt, Germany",Q253019,http://wikidata.org/entity/Q696357
Q12319161,1,Jean la Placette,,Q5,http://wikidata.org/entity/Q12319161
Q640864,1,Nay,"commune in Pyrénées-Atlantiques, France",Q484170,http://wikidata.org/entity/Q640864
Q123634,1,Marylebone,inner-city area of central London,Q3957,http://wikidata.org/entity/Q123634
Q2822310,1,Montauban-Puylaurens Academy,Protestant university in France,Q3918,http://wikidata.org/entity/Q2822310
Q486570,1,Bad Gandersheim,town of Germany,Q42744322,http://wikidata.org/entity/Q486570
Q10784,2,Wurzen,"town in the Leipzig district, in the Free State of Saxony, Germany",Q448801,http://wikidata.org/entity/Q10784
Q467935,1,Sarah Fielding,British writer,Q5,http://wikidata.org/entity/Q467935
Q96074448,1,Edmund Feilding,,Q5,http://wikidata.org/entity/Q96074448
Q96074449,1,Anne Feilding,,Q5,http://wikidata.org/entity/Q96074449
Q96074450,1,Catherine Feilding,,Q5,http://wikidata.org/entity/Q96074450
Q96074451,1,Ursula Feilding,,Q5,http://wikidata.org/entity/Q96074451
Q96074452,1,Beatrice Feilding,,Q5,http://wikidata.org/entity/Q96074452
Q707932,1,John Fielding,English magistrate and social reformer 1721-1780,Q5,http://wikidata.org/entity/Q707932
Q3160539,1,Sharpham,"village in Somerset, UK",Q532,http://wikidata.org/entity/Q3160539
Q28055488,1,Edmund Fielding,English army officer,Q5,http://wikidata.org/entity/Q28055488
Q75613274,1,Sarah Gould,Peerage person ID=245123,Q5,http://wikidata.org/entity/Q75613274
Q1335201,1,St Martin-in-the-Fields,church in London,Q16970,http://wikidata.org/entity/Q1335201
Q1782648,1,High Holborn,"street in Holborn, Central London",Q34442,http://wikidata.org/entity/Q1782648
Q22712835,1,Guillaume Antoine de Chastellux,,Q5,http://wikidata.org/entity/Q22712835
Q3279265,1,,family,Q13417114,http://wikidata.org/entity/Q3279265
Q66309338,1,Andries Frans van den Bogaerde,Dutch noble (1754-1834),Q5,http://wikidata.org/entity/Q66309338
Q136241546,1,"Maria Jacoba van Larebeke, Vrouwe van Terbrugge",23 Jul 1765 Gent - 11 Nov 1845 Gent,Q5,http://wikidata.org/entity/Q136241546
Q2746736,1,Van den Bogaerde,family,Q8436,http://wikidata.org/entity/Q2746736
Q107440255,1,Pieter Hendrik Six van Vromade,"Dutch art collector (1827-1905), owner/creator of the album amicorum of Pieter Hendrik Six (1827–1905)",Q5,http://wikidata.org/entity/Q107440255
Q53921809,1,Hendrik Six van Hillegom,Dutch art collector (1790-1847),Q5,http://wikidata.org/entity/Q53921809
Q1814817,1,Lucretia Johanna van Winter,Dutch art collector (1785-1845),Q5,http://wikidata.org/entity/Q1814817
Q497636,1,Six family,patrician family in the regency of Amsterdam and Hillegom,Q13417114,http://wikidata.org/entity/Q497636
Q18816258,1,Arnoldus Lamme,(1771-1856),Q5,http://wikidata.org/entity/Q18816258
Q2216340,2,silversmith,craftsperson who makes objects from silver or gold,Q28640,http://wikidata.org/entity/Q2216340
Q159856,2,Duchy of Brabant,state of the Holy Roman Empire,Q154547,http://wikidata.org/entity/Q159856
Q4044,2,Offenburg,"city in Baden-Württemberg, Germany",Q42744322,http://wikidata.org/entity/Q4044
Q1371775,1,Ettenheimmünster,"quarter of Ettenheim, Baden-Württemberg, Germany",Q253019,http://wikidata.org/entity/Q1371775
Q11045,1,Wipperfürth,"town in the Oberbergischer Kreis of North Rhine-Westfalia, Germany",Q54935786,http://wikidata.org/entity/Q11045
Q1721,5,Wiesbaden,capital of the German state of Hesse,Q1549591,http://wikidata.org/entity/Q1721
Q1206012,3,German Reich,"official name for the German nation state from 1871 to 1945, and name of Germany until 1949",Q179671,http://wikidata.org/entity/Q1206012
Q50960,1,Demmin,municipality of Germany,Q707813,http://wikidata.org/entity/Q50960
Q165528,6,University of Greifswald,university in Germany,Q875538,http://wikidata.org/entity/Q165528
Q3175511,1,Jean de la Roque,French explorer (1661-1745),Q5,http://wikidata.org/entity/Q3175511
Q107307,1,Bernhard Friedrich Thibaut,German mathematician (1775–1832),Q5,http://wikidata.org/entity/Q107307
Q4062,1,Hamelin,"town in Lower Saxony, Germany",Q1548525,http://wikidata.org/entity/Q4062
Q309460,2,County of Hainaut,Medieval region in current Belgium and France,Q353344,http://wikidata.org/entity/Q309460
Q1307793,1,Lobendava,village in Děčín District of Ústí nad Labem region,Q5153359,http://wikidata.org/entity/Q1307793
Q3931,2,Brandenburg an der Havel,"city in Brandenburg, Germany",Q61793478,http://wikidata.org/entity/Q3931
Q64592,1,Otto Mencke,German philosopher (1644-1707),Q5,http://wikidata.org/entity/Q64592
Q123839,1,Heinrich Bullinger,Swiss reformer (1504–1575),Q5,http://wikidata.org/entity/Q123839
Q7028,1,Kamen,"town in Unna District, in North Rhine-Westphalia, Germany",Q54935786,http://wikidata.org/entity/Q7028
Q94761345,1,Peter de Bert,,Q5,http://wikidata.org/entity/Q94761345
Q500263,1,Andreas Rivinus,German author (1601-1656),Q5,http://wikidata.org/entity/Q500263
Q94898670,1,Christoph Gottlob Weigel,German philologist (1726-1794),Q5,http://wikidata.org/entity/Q94898670
Q1084264,2,Scylletium,"human settlement in Borgia, Calabria, Province of Catanzaro, Calabria, Italy",Q109607,http://wikidata.org/entity/Q1084264
Q583038,1,Ostrogothic Kingdom,kingdom established by the Ostrogoths in Italy and neighbouring areas (493-553 CE),Q3024240,http://wikidata.org/entity/Q583038
Q124769651,1,,,Q5,http://wikidata.org/entity/Q124769651
Q83053,1,Obersontheim,municipality in Germany,Q116457956,http://wikidata.org/entity/Q83053
Q40025,11,Friedrich-Alexander-Universität Erlangen-Nürnberg,"public research university in the cities of Erlangen and Nuremberg in Bavaria, Germany, 1961-",Q62078547,http://wikidata.org/entity/Q40025
Q80836,1,Geislingen an der Steige,"urban municipality of Germany in Göppingen district, Baden-Württemberg",Q42744322,http://wikidata.org/entity/Q80836
Q568691,1,Lintot,"commune in Seine-Maritime, France",Q484170,http://wikidata.org/entity/Q568691
Q845991,1,Montivilliers,"commune in Seine-Maritime, France",Q484170,http://wikidata.org/entity/Q845991
Q646812,1,Piriac-sur-Mer,"commune in Loire-Atlantique, France",Q484170,http://wikidata.org/entity/Q646812
Q17488357,2,historian of religion,humanist who is engaged in history of religion,Q28640,http://wikidata.org/entity/Q17488357
Q646289,1,Dallet,"commune in Puy-de-Dôme, France",Q21869758,http://wikidata.org/entity/Q646289
Q7520146,1,Simon of Faversham,English scholastic philosopher,Q5,http://wikidata.org/entity/Q7520146
Q8020909,1,William of Ware,English Franciscan theologian,Q5,http://wikidata.org/entity/Q8020909
Q5582103,1,Gonsalvus of Spain,Scholastic philosopher,Q5,http://wikidata.org/entity/Q5582103
Q425611,1,Duns,"town in Berwickshire, Scotland, UK",Q3957,http://wikidata.org/entity/Q425611
Q128087,1,Lesbos,Greek island located in the northeastern Aegean Sea,Q23442,http://wikidata.org/entity/Q128087
Q3384615,1,Pierre Danes,French professor,Q5,http://wikidata.org/entity/Q3384615
Q41139,1,Melun,"commune in Seine-et-Marne, France",Q484170,http://wikidata.org/entity/Q41139
Q110397463,1,birthplace of Jacques Amyot,"building in Melun, France",Q3947,http://wikidata.org/entity/Q110397463
Q167600,1,Auxerre,"prefecture and commune in Bourgogne-Franche-Comté, France",Q484170,http://wikidata.org/entity/Q167600
Q13135037,1,Claes Jacobsz. Wits,politician,Q5,http://wikidata.org/entity/Q13135037
Q7239684,1,predikant,,Q28640,http://wikidata.org/entity/Q7239684
Q110106321,1,Willem Philip Kops,4 Jun 1695 Haarlem - 20 Jun 1756 Haarlem,Q5,http://wikidata.org/entity/Q110106321
Q110106329,1,Johanna de Vos,14 Sep 1702 Haarlem - 11 Sep 1758 Haarlem,Q5,http://wikidata.org/entity/Q110106329
Q123700947,1,Marcus Lucilius,,Q5,http://wikidata.org/entity/Q123700947
Q58898,1,Sessa Aurunca,Italian comune,Q747074,http://wikidata.org/entity/Q58898
Q1079314,2,Christian Donat,German university teacher and writer (1640-1694),Q5,http://wikidata.org/entity/Q1079314
Q90829,1,Christian Röhrensee,political scientist,Q5,http://wikidata.org/entity/Q90829
Q1692585,1,Johann Baptist Röschel,Hungarian physicist and theologian,Q5,http://wikidata.org/entity/Q1692585
Q90834,1,Theodor Dassovius,German theologian and educationist,Q5,http://wikidata.org/entity/Q90834
Q1929719,1,Michael Walther,German mathematician and theologian,Q5,http://wikidata.org/entity/Q1929719
Q98120,1,Johann Wilhelm Baier,German theologian (1647-1695),Q5,http://wikidata.org/entity/Q98120
Q488513,1,Anklam,"town in the Vorpommern-Greifswald District, Mecklenburg-Western Pomerania, Germany",Q707813,http://wikidata.org/entity/Q488513
Q7234072,1,postal worker,person who works for a post office,Q12737077,http://wikidata.org/entity/Q7234072
Q57006,1,Emmerich am Rhein,"town in Kleve District, in North Rhine-Westphalia, Germany",Q54935786,http://wikidata.org/entity/Q57006
Q9295065,2,Hurworth-on-Tees,"village in County Durham, England, UK",Q532,http://wikidata.org/entity/Q9295065
Q638073,1,Jeremiah Dixon,English surveyor and astronomer (1733–1779),Q5,http://wikidata.org/entity/Q638073
Q4178,2,Wetzlar,"seat of Lahn-Dill-Kreis and city in Hesse, Germany",Q134626,http://wikidata.org/entity/Q4178
Q10873124,2,chess player,individual who takes part in chess tournaments,Q28640,http://wikidata.org/entity/Q10873124
Q1624645,1,Saint-Rémy,"commune in Saône-et-Loire, France",Q484170,http://wikidata.org/entity/Q1624645
Q2078923,1,Johan Messchaert,Dutch singer and vocal coach (1857–1922),Q5,http://wikidata.org/entity/Q2078923
Q2473069,1,Willige Langerak,"village in the provinces of Utrecht and South Holland, the Netherlands",Q532,http://wikidata.org/entity/Q2473069
Q81046,3,,"city in Wallonia, Belgium",Q493522,http://wikidata.org/entity/Q81046
Q3116966,1,Hoorn,"village in Terschelling, Netherlands",Q532,http://wikidata.org/entity/Q3116966
Q3104,4,Koblenz,German city on the banks of the Rhine and of the Moselle,Q1549591,http://wikidata.org/entity/Q3104
Q116468602,1,Freiherr Ludwig Carl von Liliencron,- 26 May 1846,Q5,http://wikidata.org/entity/Q116468602
Q116468606,1,Grevinna Julie Jeanette von Luckner,18 Nov 1788 Traventhal - 29 Mar 1863 Meiningen,Q5,http://wikidata.org/entity/Q116468606
Q955464,2,parson,presbyter of a Christian parish in general,Q3139516,http://wikidata.org/entity/Q955464
Q56231322,1,Johann Joseph Oppel,,Q5,http://wikidata.org/entity/Q56231322
Q72060243,1,Wigand Oppel,musician,Q5,http://wikidata.org/entity/Q72060243
Q136539557,1,,,Q5,http://wikidata.org/entity/Q136539557
Q99034057,1,Johannes Hieronymus Zamminer,,Q5,http://wikidata.org/entity/Q99034057
Q317053,11,University of Giessen,"public university in Giessen, Hesse, Germany",Q875538,http://wikidata.org/entity/Q317053
Q59579403,1,François Tenant de Latour,,Q5,http://wikidata.org/entity/Q59579403
Q1078760,1,Ladignac-le-Long,"commune in Haute-Vienne, France",Q484170,http://wikidata.org/entity/Q1078760
Q539999,1,Le Chalard,"commune in Haute-Vienne, France",Q484170,http://wikidata.org/entity/Q539999
Q127428871,1,Mathieu Tenant de La Tour,,Q5,http://wikidata.org/entity/Q127428871
Q3934361,1,Riccardo Allorto,Italian musicologist (1921-2015),Q5,http://wikidata.org/entity/Q3934361
Q512550,1,Favrskov Municipality,municipality of Denmark,Q2177636,http://wikidata.org/entity/Q512550
Q665992,1,Ellezelles,"municipality in Wallonia, Belgium",Q493522,http://wikidata.org/entity/Q665992
Q2707485,3,scenographer,"designers of all visual aspects of a stage production, including scenery, properties, lighting, costume, and makeup",Q15839299,http://wikidata.org/entity/Q2707485
Q1020621,1,theatrical technician,person who operates technical equipment and systems in the performing arts and entertainment industry,,http://wikidata.org/entity/Q1020621
Q94732355,1,Cäcilie Adler,,Q5,http://wikidata.org/entity/Q94732355
Q25176081,1,Jenny Asch,,Q5,http://wikidata.org/entity/Q25176081
Q8359428,1,social activist,activist focused on social issues,Q12737077,http://wikidata.org/entity/Q8359428
Q94782453,1,Albert Bauer,,Q5,http://wikidata.org/entity/Q94782453
Q116183692,1,Fanny Friedel Bauer,,Q5,http://wikidata.org/entity/Q116183692
Q5340110,1,Ednam,"village in Scottish Borders, Scotland, UK",Q532,http://wikidata.org/entity/Q5340110
Q2500974,1,Richmond,"town in London, England",Q3957,http://wikidata.org/entity/Q2500974
Q318186,1,Französisches Gymnasium Berlin,French international school in Germany,Q3914,http://wikidata.org/entity/Q318186
Q650172,1,Vielsalm,"municipality in Wallonia, Belgium",Q493522,http://wikidata.org/entity/Q650172
Q139725,2,Morąg,city of Poland,Q515,http://wikidata.org/entity/Q139725
Q128051410,1,Gottfried Herder,1706-1763,Q5,http://wikidata.org/entity/Q128051410
Q128165298,1,Anna Elisabeth Herder,1717-1772,Q5,http://wikidata.org/entity/Q128165298
Q99914,1,Caspar Neumann,Polish chemist,Q5,http://wikidata.org/entity/Q99914
Q136036738,1,Anna Amalia Marggraf,,Q5,http://wikidata.org/entity/Q136036738
Q136036795,1,Charlotte Louise Marggraf,,Q5,http://wikidata.org/entity/Q136036795
Q136039238,1,Eva Gertrud Marggraf,,Q5,http://wikidata.org/entity/Q136039238
Q26147764,1,Henning Christian Marggraf,23 Mar 1680 - 30 May 1754,Q5,http://wikidata.org/entity/Q26147764
Q136036701,1,Anna Martha Kellner,,Q5,http://wikidata.org/entity/Q136036701
Q65649,1,Courtelary,municipality in the canton of Bern in Switzerland,Q70208,http://wikidata.org/entity/Q65649
Q2141330,1,Reinhold Berens,Baltic German author (1745-1823),Q5,http://wikidata.org/entity/Q2141330
Q108681,1,Friedrich August Ludwig von Burgsdorff,"german botanist (1747-1802), canon of the Naumburg cathedral chapter",Q5,http://wikidata.org/entity/Q108681
Q670995,1,Collegium medicum,Medical teaching institutes; municipal supervisory authorities for medical and pharmaceutical professions,Q43229,http://wikidata.org/entity/Q670995
Q79815,1,Mulhouse,"commune in Haut-Rhin, France",Q484170,http://wikidata.org/entity/Q79815
Q52154190,1,Johann Rudolf Iselin,(1705-1779),Q5,http://wikidata.org/entity/Q52154190
Q19930898,1,Peter de Salis,(1675-1749),Q5,http://wikidata.org/entity/Q19930898
Q684415,2,Bavarian Academy of Sciences and Humanities,academy of sciences,Q414147,http://wikidata.org/entity/Q684415
Q17310497,1,Bergbeamter,historical profession in Germany,Q16335296,http://wikidata.org/entity/Q17310497
Q1538462,1,"Gorzyca, Lower Silesian Voivodeship",village of Poland,Q3558970,http://wikidata.org/entity/Q1538462
Q233098,1,Museum für Naturkunde - Leibniz Institute for Evolution and Biodiversity Science,"natural history museum in Berlin, Germany",Q1970365,http://wikidata.org/entity/Q233098
Q981544,1,Giovanni Battista Beccaria,Italian physicist,Q5,http://wikidata.org/entity/Q981544
Q3603945,1,Royal Academy of Turin,,Q917182,http://wikidata.org/entity/Q3603945
Q1495181,1,Johann Horthemels,Dutch theologian,Q5,http://wikidata.org/entity/Q1495181
Q52074,1,Castiglion Fiorentino,Italian comune,Q747074,http://wikidata.org/entity/Q52074
Q52073,1,Castiglion Fibocchi,Italian comune,Q747074,http://wikidata.org/entity/Q52073
Q102312457,1,Jan Egeling,Philosophiae Dr. et Liberalium Artium Magister Universiteit Utrecht 1759,Q5,http://wikidata.org/entity/Q102312457
Q698950,1,Berlin Observatory,astronomical observatory,Q1254933,http://wikidata.org/entity/Q698950
Q122366,1,Daniel Bernoulli,Swiss mathematician (1700-1782),Q5,http://wikidata.org/entity/Q122366
Q124001,1,Nicolaus II Bernoulli,Russian mathematician (1695-1726),Q5,http://wikidata.org/entity/Q124001
Q101418865,1,Anne Catherine Bernoulli,(1698-1784),Q5,http://wikidata.org/entity/Q101418865
Q227897,1,Johann Bernoulli,Swiss mathematician (1667-1748),Q5,http://wikidata.org/entity/Q227897
Q108696552,1,Dorothea Falkner,8 Apr 1673 - 30 Mar 1764,Q5,http://wikidata.org/entity/Q108696552
Q122392,1,Jacob Bernoulli,Swiss mathematician (1655-1705),Q5,http://wikidata.org/entity/Q122392
Q20970221,1,Nicolaus Bernoulli,painter and alderman of Basel (1662-1716),Q5,http://wikidata.org/entity/Q20970221
Q79251511,1,Hieronymus Bernoulli,(1669-1760),Q5,http://wikidata.org/entity/Q79251511
Q68972,1,Liestal,"town in, and capital of, the Swiss canton of Basel-Country",Q70208,http://wikidata.org/entity/Q68972
Q190567,1,Rupt-sur-Moselle,"commune in Vosges, France",Q484170,http://wikidata.org/entity/Q190567
Q3167,3,Siegen,"city in the Siegen-Wittgenstein district, in North Rhine-Westphalia, Germany",Q1548518,http://wikidata.org/entity/Q3167
Q102161690,1,Friedrich Becmann,German Protestant theologian and book printer,Q5,http://wikidata.org/entity/Q102161690
Q1078925,1,Christian Becmann,German theologian (1580-1648),Q5,http://wikidata.org/entity/Q1078925
Q208310,1,Saint-Dizier,"commune in Haute-Marne, France",Q484170,http://wikidata.org/entity/Q208310
Q711138,1,Jean Pirro,linguist (1813–1886),Q5,http://wikidata.org/entity/Q711138
Q2861912,1,Armand Machabey,French musicologist (1886-1966),Q5,http://wikidata.org/entity/Q2861912
Q94840483,1,Friedrich Kempter,,Q5,http://wikidata.org/entity/Q94840483
Q1825337,1,Limbach (Burgau),human settlement in Germany,Q253019,http://wikidata.org/entity/Q1825337
Q584815,3,Lübben (Spreewald),"town in Brandenburg state, Germany",Q42744322,http://wikidata.org/entity/Q584815
Q115723,2,Lubań,city and urban gmina of Poland,Q2616791,http://wikidata.org/entity/Q115723
Q20728057,1,Jean-Jacques Titon,,Q5,http://wikidata.org/entity/Q20728057
Q3302774,1,Maximilien Titon,French jurist (1632-1711),Q5,http://wikidata.org/entity/Q3302774
Q3065547,1,Titon family,family,Q13417114,http://wikidata.org/entity/Q3065547
Q116007644,1,Carla de Raet,Dutch (voice) actress (1904–2002),Q5,http://wikidata.org/entity/Q116007644
Q10389,1,Bandung,"city in West Java Province, Indonesia",Q3199141,http://wikidata.org/entity/Q10389
Q127686433,1,Smit Sibinga,noble family,Q8436,http://wikidata.org/entity/Q127686433
Q2880,2,Hamm,"city in North Rhine-Westphalia, Germany",Q1549591,http://wikidata.org/entity/Q2880
Q3560496,1,fiddler,musician who plays folkloristic music on a fiddle or violin,Q66715801,http://wikidata.org/entity/Q3560496
Q120697,1,Nicolas Capron,French composer,Q5,http://wikidata.org/entity/Q120697
Q205584,1,Étampes,"commune in Essonne, France",Q484170,http://wikidata.org/entity/Q205584
Q169293,1,11th arrondissement of Paris,"one of the 20 administrative districts of Paris, France",Q702842,http://wikidata.org/entity/Q169293
Q3561,6,Algiers,capital city of Algeria,Q486972,http://wikidata.org/entity/Q3561
Q1002324,2,Joseph Fodor,Dutch composer and violinist (1752-1828),Q5,http://wikidata.org/entity/Q1002324
Q3340807,1,Nicolas Séjan,French organist,Q5,http://wikidata.org/entity/Q3340807
Q700798,1,Giuseppe Bonno,Austrian composer (1711–1788),Q5,http://wikidata.org/entity/Q700798
Q244241,1,Villeneuve-Saint-Georges,"commune in Val-de-Marne, France",Q484170,http://wikidata.org/entity/Q244241
Q2087614,1,Philippe-Jacques van Bree,Flemish painter (1786-1871),Q5,http://wikidata.org/entity/Q2087614
Q1401340,1,Vlachovo Březí,"town in Prachatice District, Czech Republic",Q5153359,http://wikidata.org/entity/Q1401340
Q104889653,1,Hercule Audiffret,French orator and religious writer (1603-1659),Q5,http://wikidata.org/entity/Q104889653
Q29868,2,Haderslev,town in Denmark,Q3957,http://wikidata.org/entity/Q29868
Q69770,1,Daniel Ernst Jablonski,German theologian (1660-1741),Q5,http://wikidata.org/entity/Q69770
Q322331,1,Lucas Holstenius,German humanist (1596-1661),Q5,http://wikidata.org/entity/Q322331
Q28064199,1,Willy Hofman-Poot,Dutch politician (1867-1952),Q5,http://wikidata.org/entity/Q28064199
Q2076588,1,Peter Lauremberg,German author,Q5,http://wikidata.org/entity/Q2076588
Q33316390,1,Wilhelm Lauremberg,,Q5,http://wikidata.org/entity/Q33316390
Q26268136,1,Simon de Pas de Feuquières,,Q5,http://wikidata.org/entity/Q26268136
Q1673467,1,Isaac de Pas de Feuquières,French diplomat,Q5,http://wikidata.org/entity/Q1673467
Q136311025,1,Anne Louise de Gramont,,Q5,http://wikidata.org/entity/Q136311025
Q425877,1,Hardegsen,town of Germany,Q42744322,http://wikidata.org/entity/Q425877
Q2854177,1,Antoine Loysel,French jurist-consultant,Q5,http://wikidata.org/entity/Q2854177
Q3121877,1,Guy Joly,French jurist,Q5,http://wikidata.org/entity/Q3121877
Q21033075,1,Friedrich Theodor Withof,,Q5,http://wikidata.org/entity/Q21033075
Q94755056,1,Balthasar Eberhard Withof,,Q5,http://wikidata.org/entity/Q94755056
Q135987074,1,,,Q5,http://wikidata.org/entity/Q135987074
Q436350,2,University of Duisburg,"university in Duisburg, Germany (1655-1818)",Q3918,http://wikidata.org/entity/Q436350
Q7254011,1,Psary,"village in powiat górowski, Lower Silesian Voivodeship, Poland",Q3558970,http://wikidata.org/entity/Q7254011
Q355493,9,church musician,"musician who performs music in churches, often organ and choir music",Q28640,http://wikidata.org/entity/Q355493
Q948818,1,Ie,"village in Noardeast-Fryslân, Netherlands",Q532,http://wikidata.org/entity/Q948818
Q1079818,1,Christian Gerhard Offerhaus,German teacher,Q5,http://wikidata.org/entity/Q1079818
Q730706,1,London Borough of Southwark,borough in the London Region in England,Q211690,http://wikidata.org/entity/Q730706
Q25610,2,Hampstead,"area of north London, England",Q2755753,http://wikidata.org/entity/Q25610
Q67323,2,Jakob Thomasius,German philosopher (1622-1684),Q5,http://wikidata.org/entity/Q67323
Q809368,1,Bartholomäus Leonhard Schwendendörffer,German jurist,Q5,http://wikidata.org/entity/Q809368
Q1492092,1,Schulpforte,human settlement,Q486972,http://wikidata.org/entity/Q1492092
Q21680731,2,opera composer,composer of operas,Q66715801,http://wikidata.org/entity/Q21680731
Q160544,1,Heraklion,"city in the island of Crete, Greece",Q1549591,http://wikidata.org/entity/Q160544
Q1643702,1,Greek Pontifical College of Saint Athanasius,pontifical College in Rome,Q1322589,http://wikidata.org/entity/Q1643702
Q571926,1,Bad Königshofen im Grabfeld,"town in Bavaria, Germany",Q42744322,http://wikidata.org/entity/Q571926
Q1641504,3,University of Palermo,university in Italy,Q3918,http://wikidata.org/entity/Q1641504
Q77446,1,Friedrich Karl von Moser,German politician (1723-1798),Q5,http://wikidata.org/entity/Q77446
Q55131896,1,Wilhelm Gottfried von Moser,,Q5,http://wikidata.org/entity/Q55131896
Q62664,1,Robert von Mohl,German legal scholar and politician (1799–1875),Q5,http://wikidata.org/entity/Q62664
Q42293,1,Ospedaletto Lodigiano,Italian comune,Q747074,http://wikidata.org/entity/Q42293
Q105416,1,Ospitaletto,Italian comune,Q747074,http://wikidata.org/entity/Q105416
Q26648,2,John Argyropoulos,"Greek lecturer, philosopher and humanist",Q5,http://wikidata.org/entity/Q26648
Q273522,1,Étaples,"French commune in Pas-de-Calais, Hauts-de-France",Q484170,http://wikidata.org/entity/Q273522
Q210769,1,Nérac,"commune in Lot-et-Garonne, France",Q484170,http://wikidata.org/entity/Q210769
Q435456,1,William Farel,French evangelist,Q5,http://wikidata.org/entity/Q435456
Q1066534,1,Charles de Bovelles,French mathematician,Q5,http://wikidata.org/entity/Q1066534
Q337551,1,Guillaume Briçonnet,French bishop (1470-1534),Q5,http://wikidata.org/entity/Q337551
Q1110033,1,collège du Cardinal-Lemoine,college of the University of Paris,Q189004,http://wikidata.org/entity/Q1110033
Q242149,1,Brakel,city in Germany,Q707813,http://wikidata.org/entity/Q242149
Q184883,4,Moulins,"commune in Allier, France",Q484170,http://wikidata.org/entity/Q184883
Q207261,1,Zlonice,municipality in the Czech Republic,Q5153359,http://wikidata.org/entity/Q207261
Q267360,1,Döbling,19. district of Vienna,Q261023,http://wikidata.org/entity/Q267360
Q671367,1,Perchtoldsdorf,"municipality in Mödling District, Lower Austria, Austria",Q562061,http://wikidata.org/entity/Q671367
Q2101137,1,Pierre-Louis Couperin,French composer and organist,Q5,http://wikidata.org/entity/Q2101137
Q2120501,1,Antoinette-Victoire Couperin,"French composer, organist, and harpsichordist",Q5,http://wikidata.org/entity/Q2120501
Q983661,2,Dimitrios Chalkokondyles,Greek academic,Q5,http://wikidata.org/entity/Q983661
Q206934,1,Midlothian,council area of Scotland,Q15060255,http://wikidata.org/entity/Q206934
Q5685543,1,Hawthornden Castle,"castle in Midlothian, Scotland, UK",Q23413,http://wikidata.org/entity/Q5685543
Q230791,1,Kingdom of Scotland,historic sovereign kingdom on the British Isles from the 9th century and up to 1707,Q3024240,http://wikidata.org/entity/Q230791
Q75790071,1,Sir John Drummond,Peerage person ID=335340,Q5,http://wikidata.org/entity/Q75790071
Q75790073,1,Susannah Fowler,Peerage person ID=335341,Q5,http://wikidata.org/entity/Q75790073
Q2171033,1,Royal High School,"high school in City of Edinburgh, Scotland, UK",Q9826,http://wikidata.org/entity/Q2171033
Q2690643,1,Joannes Malderus,professor and bishop of Antwerp,Q5,http://wikidata.org/entity/Q2690643
Q960296,1,Willem Hessels van Est,Dutch theologian,Q5,http://wikidata.org/entity/Q960296
Q2055672,1,Pasquale Bini,Italian violinist and composer,Q5,http://wikidata.org/entity/Q2055672
Q20538968,1,Jean-Jérôme Imbault,French violinist and music publisher,Q5,http://wikidata.org/entity/Q20538968
Q1684650,1,Jean-Baptiste-Aimé Joseph Janson,"French composer, cellist and music educator (1742-1803)",Q5,http://wikidata.org/entity/Q1684650
Q2477161,1,Louis-Pierre Norblin,French cellist and music teacher,Q5,http://wikidata.org/entity/Q2477161
Q55849360,1,Friedrich Karl Dotzauer,,Q5,http://wikidata.org/entity/Q55849360
Q1375128,1,Häselrieth,human settlement in Germany,Q253019,http://wikidata.org/entity/Q1375128
Q1730761,1,Karl Drexler,German cellist and music educator (1800-1873),Q5,http://wikidata.org/entity/Q1730761
Q94794502,1,Friedrich Dotzauer,,Q5,http://wikidata.org/entity/Q94794502
Q55849357,1,Carl Dotzauer,,Q5,http://wikidata.org/entity/Q55849357
Q42305618,1,Johann Christian Dotzauer,,Q5,http://wikidata.org/entity/Q42305618
Q332310,1,Bailleul,"commune in Nord, France",Q484170,http://wikidata.org/entity/Q332310
Q110613940,1,Charles Romain Stanislas de Coussemaker,(1775–1849),Q5,http://wikidata.org/entity/Q110613940
Q110613943,1,Marie-Julie Reine Joets de Metershof,31 Dec 1779 Bailleul - 7 Oct 1853 Bailleul,Q5,http://wikidata.org/entity/Q110613943
Q120514318,1,Zoé Van Merris,wife of Élie Henri Marie Félix de Coussemaker,Q5,http://wikidata.org/entity/Q120514318
Q203318,1,Janaillat,"commune in Creuse, France",Q484170,http://wikidata.org/entity/Q203318
Q85854356,1,Pierre L'Hermite,,Q5,http://wikidata.org/entity/Q85854356
Q74409922,1,Élisabeth Miron,,Q5,http://wikidata.org/entity/Q74409922
Q28016946,1,Adolphe Viollet-le-Duc,French painter (1817–1878),Q5,http://wikidata.org/entity/Q28016946
Q3052512,1,Emmanuel Louis Nicolas Viollet-le-Duc,French poet (1781-1857),Q5,http://wikidata.org/entity/Q3052512
Q2861795,1,Armand Cassagne,French painter (1823-1907),Q5,http://wikidata.org/entity/Q2861795
Q367627,1,Paul Abadie,French architect and building restorer (1812–1884),Q5,http://wikidata.org/entity/Q367627
Q289177,1,Étienne-Jean Delécluze,French painter and critic (1781-1863),Q5,http://wikidata.org/entity/Q289177
Q572854,1,Dobitschen,district of Schmölln,Q116457956,http://wikidata.org/entity/Q572854
Q111527121,2,Berlin State Opera,opera company,Q20819922,http://wikidata.org/entity/Q111527121
Q12061492,1,Hendrik Willem Schweickhardt,painter from Germany (1747-1797),Q5,http://wikidata.org/entity/Q12061492
Q94905225,1,Johann Friedrich Strauß,,Q5,http://wikidata.org/entity/Q94905225
Q122640,1,Friedrich Heusler,German chemist and mining engineer (1866-1947),Q5,http://wikidata.org/entity/Q122640
Q1615393,1,Hunsel,"village in Leudal, Netherlands",Q532,http://wikidata.org/entity/Q1615393
Q1682433,5,Jan van Eyck Academie,"art academy and academic publisher in Maastricht, Netherlands",Q383092,http://wikidata.org/entity/Q1682433
Q28520,1,Abbeville,"commune in Somme, France",Q484170,http://wikidata.org/entity/Q28520
Q688130,1,Nomeny,"commune in Meurthe-et-Moselle, France",Q484170,http://wikidata.org/entity/Q688130
Q546530,2,Wasungen,municipality of Germany,Q42744322,http://wikidata.org/entity/Q546530
Q312335,1,Spalt,municipality of Germany,Q42744322,http://wikidata.org/entity/Q312335
Q502758,1,Wemding,municipality of Germany,Q42744322,http://wikidata.org/entity/Q502758
Q125257503,1,Pieter Barend van Staden ten Brink,military officer (1837-1930),Q5,http://wikidata.org/entity/Q125257503
Q21543748,1,Barend ten Brink,Dutch classical philologist and teacher,Q5,http://wikidata.org/entity/Q21543748
Q490457,1,Rendsburg,"town in Schleswig-Holstein, Germany",Q3957,http://wikidata.org/entity/Q490457
Q181715,2,Thérèse of Lisieux,"French Discalced Carmelite nun, Doctor of the Church (1873–1897)",Q5,http://wikidata.org/entity/Q181715
Q462666,2,Léon Bloy,"French writer, poet and essayist (1846–1917)",Q5,http://wikidata.org/entity/Q462666
Q334965,2,Charles Péguy,"French poet, essayist, and editor (1873–1914)",Q5,http://wikidata.org/entity/Q334965
Q837929,1,Toucy,"commune in Yonne, France",Q484170,http://wikidata.org/entity/Q837929
Q3152811,1,,,Q159334,http://wikidata.org/entity/Q3152811
Q273835,1,Éditions Larousse,French publishing house,Q2085381,http://wikidata.org/entity/Q273835
Q263974,1,Steinau an der Straße,"town in Main-Kinzig-Kreis in Hesse, Germany",Q3957,http://wikidata.org/entity/Q263974
Q13424456,2,hymnwriter,"person who writes words, or both words and music, for religious songs",Q66715801,http://wikidata.org/entity/Q13424456
Q68160,4,Vevey,"city and municipality on Lake Geneva, in the canton of Vaud, Switzerland",Q70208,http://wikidata.org/entity/Q68160
Q537214,1,Prenzlau,"town and administrative seat of Uckermark district, Brandenburg state, Germany",Q42744322,http://wikidata.org/entity/Q537214
Q60172425,1,Ananias Schwan,,Q5,http://wikidata.org/entity/Q60172425
Q947102,1,Marthon,"commune in Charente, France",Q484170,http://wikidata.org/entity/Q947102
Q268,3,Poznań,capital of the Greater Poland Voivodeship in west-central Poland,Q2616791,http://wikidata.org/entity/Q268
Q497115,1,Frombork,city of Poland,Q515,http://wikidata.org/entity/Q497115
Q172107,3,Polish–Lithuanian Commonwealth,historical multinational monarchist state in Eastern Europe (Crown of the Kingdom of Poland and the Grand Duchy of Lithuania),Q3624078,http://wikidata.org/entity/Q172107
Q323209,1,Collegium Hosianum,"former Jesuit school in Braunsberg (Braniewo), Kingdom of Poland",Q16463,http://wikidata.org/entity/Q323209
Q124223,1,Johann Jakob Breitinger,Swiss philologist and author (1701-1776),Q5,http://wikidata.org/entity/Q124223
Q115588,1,Johann Jakob Bodmer,"Swiss-German author, academic, critic and poet (1698–1783)",Q5,http://wikidata.org/entity/Q115588
Q1504345,1,Georg Friedrich Schmoll,German draughtsperson,Q5,http://wikidata.org/entity/Q1504345
Q142410,2,Dreux,"French commune in Eure-et-Loir, Centre-Val de Loire",Q484170,http://wikidata.org/entity/Q142410
Q192368,1,Vence,"commune in Alpes-Maritimes, France",Q484170,http://wikidata.org/entity/Q192368
Q929981,1,Mitselwier,"village in Noardeast-Fryslân, Netherlands",Q532,http://wikidata.org/entity/Q929981
Q73022,2,Sittard,"city in Sittard-Geleen, Netherlands",Q515,http://wikidata.org/entity/Q73022
Q10762,1,Colditz,"town in the Free State of Saxony, Germany",Q42744322,http://wikidata.org/entity/Q10762
Q135446329,1,Sebastian Vockerodt,German advisor,Q5,http://wikidata.org/entity/Q135446329
Q16334509,1,pteridologist,botanist who studies ferns,Q28640,http://wikidata.org/entity/Q16334509
Q24262584,1,Bible translator,person translating the Bible,Q12737077,http://wikidata.org/entity/Q24262584
Q1860598,3,Tobias Verhaecht,Flemish painter (1561-1631),Q5,http://wikidata.org/entity/Q1860598
Q26162674,1,Suzanna van Mockenborch,wife of Tobas Verhaecht,Q5,http://wikidata.org/entity/Q26162674
Q5171269,1,Cornelis van der Geest,spice merchant from Antwerp and patron of the arts,Q5,http://wikidata.org/entity/Q5171269
Q201149,1,Fife,"council area of Scotland, UK",Q15060255,http://wikidata.org/entity/Q201149
Q654216,1,Ayr,town and former Royal Burgh situated on the west coast of Ayrshire in Scotland,Q1357964,http://wikidata.org/entity/Q654216
Q389412,1,Niemcza,town in Poland,Q3957,http://wikidata.org/entity/Q389412
Q3802,2,Hanau,"city in Main-Kinzig-Kreis in Hesse, Germany",Q3678424,http://wikidata.org/entity/Q3802
Q43293277,1,Philibert-Ignace-Marie-Joseph Delmotte,,Q5,http://wikidata.org/entity/Q43293277
Q2999984,1,Wood Norton,"village and civil parish in Norfolk, United Kingdom",Q532,http://wikidata.org/entity/Q2999984
Q23109,2,Norfolk,"county in East Anglia, England, UK",Q180673,http://wikidata.org/entity/Q23109
Q1124023,1,Piccadilly,"road in the City of Westminster, London, England",Q34442,http://wikidata.org/entity/Q1124023
Q5345455,1,Edward Stillingfleet,British physician,Q5,http://wikidata.org/entity/Q5345455
Q269823,1,Taggia,Italian comune,Q954172,http://wikidata.org/entity/Q269823
Q73489,2,Camerino,town in Italy,Q747074,http://wikidata.org/entity/Q73489
Q3004,2,Ingolstadt,"city in Bavaria, Germany",Q1549591,http://wikidata.org/entity/Q3004
Q94921287,1,Wolfgang Eder,printer (fl. 1578-1598),Q5,http://wikidata.org/entity/Q94921287
Q93431173,1,Elisabeth Angermaier,female printer and publisher (fl. 1578-1621),Q5,http://wikidata.org/entity/Q93431173
Q585926,1,Antoine Coypel,French painter (1661-1722),Q5,http://wikidata.org/entity/Q585926
Q975135,1,Noël Coypel,French painter (1628-1707),Q5,http://wikidata.org/entity/Q975135
Q17598791,2,latinist,specialist of the Latin language,Q28640,http://wikidata.org/entity/Q17598791
Q565401,1,Henriette of France,French princess (1727-1752),Q5,http://wikidata.org/entity/Q565401
Q552523,1,Mellrichstadt,town of Germany in Bavaria,Q42744322,http://wikidata.org/entity/Q552523
Q468578,1,Caderousse,"commune in Vaucluse, France",Q484170,http://wikidata.org/entity/Q468578
Q266148,1,Pontlevoy,"commune in Loir-et-Cher, France",Q484170,http://wikidata.org/entity/Q266148
Q65406,1,Prince Augustus of Prussia,German general (1779-1843),Q5,http://wikidata.org/entity/Q65406
Q133752,1,Princess Louise of Prussia,Prussian princess (1770-1836),Q5,http://wikidata.org/entity/Q133752
Q883381,1,Friedrichsfelde Castle,"château in Berlin, Germany",Q751876,http://wikidata.org/entity/Q883381
Q50922,1,Prince Augustus Ferdinand of Prussia,Prussian Prince and general (1730-1813),Q5,http://wikidata.org/entity/Q50922
Q451430,1,Margravine Elisabeth Louise of Brandenburg-Schwedt,Prussian princess (1738-1820),Q5,http://wikidata.org/entity/Q451430
Q571737,1,Oestrich-Winkel,"town in Rheingau-Taunus-Kreis in Hesse, Germany",Q3957,http://wikidata.org/entity/Q571737
Q15821215,1,"Johann Erwein, Freiherr von Greiffenclau zu Vollrads","19 Feb 1663 Königstein, Taunus - 1 Mar 1727 Mainz",Q5,http://wikidata.org/entity/Q15821215
Q1501670,1,Peter Hermann Becker,German theologian (1730-1788),Q5,http://wikidata.org/entity/Q1501670
Q1514609,1,Heinrich Valentin Becker,German mathematician and theologian,Q5,http://wikidata.org/entity/Q1514609
Q17488465,3,regional historian,researcher of regional history,Q12737077,http://wikidata.org/entity/Q17488465
Q1694563,1,Johann Hermann Becker,German theologian,Q5,http://wikidata.org/entity/Q1694563
Q72938414,1,Johann Friedrich Schwencke,German organist and composer,Q5,http://wikidata.org/entity/Q72938414
Q504019,1,Roth,"city in Bavaria, Germany",Q42744322,http://wikidata.org/entity/Q504019
Q102124679,1,Martin Nympach,,Q5,http://wikidata.org/entity/Q102124679
Q49116,6,Dartmouth College,"private university in Hanover, New Hampshire, US",Q902104,http://wikidata.org/entity/Q49116
Q733786,4,monk,member of a monastic religious order,Q4504549,http://wikidata.org/entity/Q733786
Q42534467,1,Giovanni Andrea Moniglia,"Italian physician, poet and librettist (1625-1700)",Q5,http://wikidata.org/entity/Q42534467
Q81734601,1,Louis-Malo Moreau de Saint-Elié,,Q5,http://wikidata.org/entity/Q81734601
Q163108,3,Saint-Malo,"commune in Ille-et-Vilaine, France",Q484170,http://wikidata.org/entity/Q163108
Q16186012,1,René Moreau de Maupertuis,,Q5,http://wikidata.org/entity/Q16186012
Q7286,1,Émilie du Châtelet,"Era chiná physicist, and author (1706-1749)",Q5,http://wikidata.org/entity/Q7286
Q1564383,1,Musketeers of the Guard,elite fighting company in France,Q176799,http://wikidata.org/entity/Q1564383
Q18347113,1,Anna Swedenborg,(19 Sep 1686 - 20 May 1766),Q5,http://wikidata.org/entity/Q18347113
Q748553,1,Jesper Swedberg,Swedish hymnwriter (1653–1735),Q5,http://wikidata.org/entity/Q748553
Q10686483,1,Swedenborg,family,Q13417114,http://wikidata.org/entity/Q10686483
Q1243705,2,University of Modena and Reggio Emilia,university in Italy,Q3918,http://wikidata.org/entity/Q1243705
Q108317427,1,"Scipion de Polignac, Vicomte de Polignac, Marquis de Chalencon",5 Jun 1660 La Voute Polignac - 14 Apr 1739 Paris,Q5,http://wikidata.org/entity/Q108317427
Q1109554,1,Lavoûte-sur-Loire,"commune in Haute-Loire, France",Q484170,http://wikidata.org/entity/Q1109554
Q108317428,1,"Louis Armand XIX de Polignac, Vicomte de Polignac",13 Dec 1608 La Voute-Polignac - 3 Sep 1692 Le Puy,Q5,http://wikidata.org/entity/Q108317428
Q108317437,1,"Jacqueline de Grimoard de Beauvoir, du Roure",Abt 1640 - 7 Nov 1721 Paris,Q5,http://wikidata.org/entity/Q108317437
Q108838555,1,Paul III Euler,1670 - 11 Mar 1745,Q5,http://wikidata.org/entity/Q108838555
Q108838556,1,Marguerite Brucker,1677 - 18 Mar 1761,Q5,http://wikidata.org/entity/Q108838556
Q4141818,1,"Golovin, Mikhail Evseevich",Russian mathematician,Q5,http://wikidata.org/entity/Q4141818
Q4201322,1,Petr Inokhodtsev,Russian astronomer (1742-1806),Q5,http://wikidata.org/entity/Q4201322
Q4235955,1,Semen Kotelnikov,Russian mathematician,Q5,http://wikidata.org/entity/Q4235955
Q447071,1,Anders Johan Lexell,Russian mathematician (1740-1784),Q5,http://wikidata.org/entity/Q447071
Q4400039,1,Stepan Rumovsky,Russian mathematician,Q5,http://wikidata.org/entity/Q4400039
Q556346,1,Johann Euler,(1734-1800),Q5,http://wikidata.org/entity/Q556346
Q13344,1,University of Bordeaux,university in France,Q3551775,http://wikidata.org/entity/Q13344
Q105362280,1,Faculté des Lettres de Bordeaux,,Q180958,http://wikidata.org/entity/Q105362280
Q3064325,15,Faculty of Arts of Paris,"French educational institution, 1808–1970",Q180958,http://wikidata.org/entity/Q3064325
Q1628741,1,Horní Planá,town in the Czech Republic,Q5153359,http://wikidata.org/entity/Q1628741
Q430449,1,Gmunden,"town in Gmunden District, Upper Austria, Austria",Q667509,http://wikidata.org/entity/Q430449
Q654945,1,Kelso,"town in the Scottish Borders, Scotland, UK",Q3957,http://wikidata.org/entity/Q654945
Q10996,1,Bushey,"town in Hertfordshire, England, UK",Q3957,http://wikidata.org/entity/Q10996
Q1064156,1,Charles Drelincourt the Younger,French anatomist (1633–1697),Q5,http://wikidata.org/entity/Q1064156
Q7173736,1,Peter Drelincourt,Irish chaplain,Q5,http://wikidata.org/entity/Q7173736
Q518356,1,Meuselwitz,municipality of Germany,Q42744322,http://wikidata.org/entity/Q518356
Q1080763,1,Christian Lange,German theologian,Q5,http://wikidata.org/entity/Q1080763
Q8960,1,Eschdorf,"part of Dresden, Germany",Q253019,http://wikidata.org/entity/Q8960
Q1264006,1,Doddaballapura,city,Q515,http://wikidata.org/entity/Q1264006
Q3519221,2,Bangalore University,"state public university in Bengaluru Urban, Karnataka, India",Q3918,http://wikidata.org/entity/Q3519221
Q55804253,1,Johan Baptist Walvis,,Q5,http://wikidata.org/entity/Q55804253
Q2072550,1,"Louis, Dauphin of France, Duke of Brittany",French Dauphin,Q5,http://wikidata.org/entity/Q2072550
Q5984517,1,"Louis, Duke of Brittany",Duke of Brittany,Q5,http://wikidata.org/entity/Q5984517
Q116,4,monarch,person at the head of a monarchy,Q4164871,http://wikidata.org/entity/Q116
Q1127505,1,"Louis, Dauphin of France, Duke of Burgundy",French duke (1682-1712),Q5,http://wikidata.org/entity/Q1127505
Q3704253,1,trader,person or group engaged in trade,Q28640,http://wikidata.org/entity/Q3704253
Q2556132,1,wine trader,type of trading company,,http://wikidata.org/entity/Q2556132
Q640355,1,Kartuzy,"city in Pomeranian Voivodeship, Poland",Q515,http://wikidata.org/entity/Q640355
Q551818,1,Stockelsdorf,municipality of Germany,Q116457956,http://wikidata.org/entity/Q551818
Q514389,1,Unterschneidheim,"municipality in the district of Ostalbkreis, Baden-Württemberg, Germany",Q116457956,http://wikidata.org/entity/Q514389
Q494305,1,,"city in Bavaria, Germany",Q42744322,http://wikidata.org/entity/Q494305
Q37872266,1,Weltenburg,human settlement in Germany,Q253019,http://wikidata.org/entity/Q37872266
Q627597,1,Steinkirchen,"municipality in Bavaria, Germany",Q116457956,http://wikidata.org/entity/Q627597
Q94330814,1,Johann Link,19th century German organ builder,Q5,http://wikidata.org/entity/Q94330814
Q104905129,1,Paul Link,19th century German organ builder,Q5,http://wikidata.org/entity/Q104905129
Q1697093,2,Johannes-Kepler-Gymnasium,high school in Stuttgart,Q3914,http://wikidata.org/entity/Q1697093
Q26828225,1,Elise Annetta Gruber,,Q5,http://wikidata.org/entity/Q26828225
Q1313847,1,Friedrich Gruber,German banker (1805–1850),Q5,http://wikidata.org/entity/Q1313847
Q56006766,1,Samuel Basnage,preacher (1638-1721),Q5,http://wikidata.org/entity/Q56006766
Q2605326,1,"Waalse Kerk, The Hague",,Q2244918,http://wikidata.org/entity/Q2605326
Q135980130,1,,,Q34651,http://wikidata.org/entity/Q135980130
Q61155183,1,mezzotinter,someone who makes mezzotint prints,Q28640,http://wikidata.org/entity/Q61155183
Q1437754,1,xylographer,person who designs a wooden plate for printing,Q28640,http://wikidata.org/entity/Q1437754
Q24205162,1,printseller,"person who sells prints, especially engravings",Q28640,http://wikidata.org/entity/Q24205162
Q290023,1,Étienne Picart,French copperplate engraver (1632-1721),Q5,http://wikidata.org/entity/Q290023
Q489437,1,Joseph Aved,French painter (1702-1766),Q5,http://wikidata.org/entity/Q489437
Q3132017,1,Henri Simon Thomassin,French engraver (1687–1741),Q5,http://wikidata.org/entity/Q3132017
Q6687135,1,Louis Fabricius Dubourg,Dutch painter (1693-1775),Q5,http://wikidata.org/entity/Q6687135
Q15882271,1,Stadstekenacademie,"educational institution in Amsterdam, Netherlands",Q383092,http://wikidata.org/entity/Q15882271
Q69188,1,Hombrechtikon,"municipality in the canton of Zürich, Switzerland",Q70208,http://wikidata.org/entity/Q69188
Q928236,1,Henry Baker,English naturalist (1698–1774),Q5,http://wikidata.org/entity/Q928236
Q1174722,1,David Herrliberger,Swiss copperplate engraver and publisher (1697-1777),Q5,http://wikidata.org/entity/Q1174722
Q2241998,1,Château de la Roque,castle in France,Q751876,http://wikidata.org/entity/Q2241998
Q19829990,1,biblical scholar,expert on biblical studies,Q28640,http://wikidata.org/entity/Q19829990
Q505599,1,Drochtersen,municipality of Germany,Q116457956,http://wikidata.org/entity/Q505599
Q137401098,1,,,Q5,http://wikidata.org/entity/Q137401098
Q137401069,1,,,Q5,http://wikidata.org/entity/Q137401069
Q18813238,1,Antoni de Grebber,"Houbraken:, V3, p 315 (1621–1690)",Q5,http://wikidata.org/entity/Q18813238
Q13121,2,Aalst,"city in East Flanders, Belgium",Q15273785,http://wikidata.org/entity/Q13121
Q747513,1,Sainte-Bazeille,"commune in Lot-et-Garonne, France",Q484170,http://wikidata.org/entity/Q747513
Q1076338,2,Chessy,"commune in Seine-et-Marne, France",Q484170,http://wikidata.org/entity/Q1076338
Q275313,1,Saint-Martin-du-Frêne,"commune in Ain, France",Q484170,http://wikidata.org/entity/Q275313
Q10048,1,Montfoort,"municipality in the province of Utrecht, the Netherlands",Q2039348,http://wikidata.org/entity/Q10048
Q94939058,1,Joseph Demar,,Q5,http://wikidata.org/entity/Q94939058
Q1495895,1,Gauaschach,Ortsteil of Hammelburg in Germany,Q253019,http://wikidata.org/entity/Q1495895
Q48345,1,Johann Christoph Bach II,German composer,Q5,http://wikidata.org/entity/Q48345
Q425612,1,Christoph Bach,"German musician, grandfather of J. S. Bach (1613-1661)",Q5,http://wikidata.org/entity/Q425612
Q63099450,1,Maria Magdalena Grabler,grandmother of Johann Sebastian Bach,Q5,http://wikidata.org/entity/Q63099450
Q1610206,1,Herman-François Delange,Belgian composer,Q5,http://wikidata.org/entity/Q1610206
Q55987,1,Tocco Caudio,Italian comune,Q747074,http://wikidata.org/entity/Q55987
Q1349459,1,Francisco Valls Galán,Catalan composer,Q5,http://wikidata.org/entity/Q1349459
Q19278,2,Bitonto,Italian comune,Q747074,http://wikidata.org/entity/Q19278
Q490445,2,Eutin,municipality of Germany,Q42744322,http://wikidata.org/entity/Q490445
Q1577761,1,Julius Schubring,German theologian (1806-1889),Q5,http://wikidata.org/entity/Q1577761
Q90918,1,Karl von Fritsch,German geologist and paleontologist (1838–1906),Q5,http://wikidata.org/entity/Q90918
Q520549,3,geologist,scientist who studies geology,Q28640,http://wikidata.org/entity/Q520549
Q473384,1,Kreypau,human settlement in Germany,Q253019,http://wikidata.org/entity/Q473384
Q1398119,1,Hermann Deecke,German politician (1843-1901),Q5,http://wikidata.org/entity/Q1398119
Q4712,1,Duchy of Burgundy,"vassal territory of France, 918–1482",Q1371288,http://wikidata.org/entity/Q4712
Q18102,2,Saint-Mandé,"commune in Val-de-Marne, France",Q484170,http://wikidata.org/entity/Q18102
Q1064184,1,Jacques Charles Duvernoy,"French composer, clarinetist and music educator",Q5,http://wikidata.org/entity/Q1064184
Q1757829,1,natural horn,unvalved ancestor of modern-day horn,Q1254773,http://wikidata.org/entity/Q1757829
Q154715,1,Montbéliard,"commune in Doubs, France",Q484170,http://wikidata.org/entity/Q154715
Q1086863,3,columnist,"someone who writes for publication in a series, creating an article that usually offers commentary and opinions",Q28640,http://wikidata.org/entity/Q1086863
Q724055,1,District of Borsbeek,"district of Antwerp, Belgium",Q2597772,http://wikidata.org/entity/Q724055
Q124139,2,Maiolati Spontini,Italian comune,Q747074,http://wikidata.org/entity/Q124139
Q55904142,1,Carl Zulehner,,Q5,http://wikidata.org/entity/Q55904142
Q2417618,1,Theodor Gaedertz,German author (1815–1903),Q5,http://wikidata.org/entity/Q2417618
Q6780,1,Hohnstein,"town in the Sächsische Schweiz-Osterzgebirge district, in the Free State of Saxony, Germany",Q42744322,http://wikidata.org/entity/Q6780
Q20073,1,Hohenstein-Ernstthal,"town in Saxony, Germany",Q448801,http://wikidata.org/entity/Q20073
Q77277,1,Heinrich Meibom,German poet,Q5,http://wikidata.org/entity/Q77277
Q7120,1,Aesch,"municipality in the canton of Lucerne, Switzerland",Q70208,http://wikidata.org/entity/Q7120
Q21684479,1,Theodorus Leonardus van der Wurff,Dutch organist and Music teacher (1836-1900),Q5,http://wikidata.org/entity/Q21684479
Q108763285,1,Mengelberg family,,Q8436,http://wikidata.org/entity/Q108763285
Q68399,1,Glattfelden,"municipality in the canton of Zürich, Switzerland",Q70208,http://wikidata.org/entity/Q68399
Q18936022,1,David Thomson,Scottish landscape painter and musician,Q5,http://wikidata.org/entity/Q18936022
Q1011954,1,Limekilns,"village in Fife, Scotland, UK",Q532,http://wikidata.org/entity/Q1011954
Q96088388,1,Robert Thomson,1737 - after 1774,Q5,http://wikidata.org/entity/Q96088388
Q96088389,1,Anne Stirling,1739 - uncertain Feb 1765,Q5,http://wikidata.org/entity/Q96088389
Q3396445,1,Alloway,"village in South Ayrshire, birthplace of Robert Burns",Q532,http://wikidata.org/entity/Q3396445
Q652035,1,Dumfries,"town in Dumfries and Galloway, Scotland, UK",Q3957,http://wikidata.org/entity/Q652035
Q8006174,1,William Burnes,Father of Robert Burns,Q5,http://wikidata.org/entity/Q8006174
Q4693018,1,Agnes Broun,"Mother of Robert Burns, storyteller, smallholder",Q5,http://wikidata.org/entity/Q4693018
Q13127,2,Sint-Niklaas,"municipality in East Flanders, Belgium",Q15273785,http://wikidata.org/entity/Q13127
Q447825,1,Greg Van Avermaet,Belgian cyclist,Q5,http://wikidata.org/entity/Q447825
Q1273474,1,Preben Van Hecke,road bicycle racer,Q5,http://wikidata.org/entity/Q1273474
Q20982573,1,Ronald Van Avermaet,cyclist,Q5,http://wikidata.org/entity/Q20982573
Q1978079,2,Gullegem,"section of Wevelgem, Belgium",Q2785216,http://wikidata.org/entity/Q1978079
Q2014458,1,Dunfermline Palace,ruined former royal palace in Scotland,Q23413,http://wikidata.org/entity/Q2014458
Q211950,1,Dunfermline,"city and former Royal Burgh in Fife, Scotland, UK",Q515,http://wikidata.org/entity/Q211950
Q6791015,1,Matthew Nicholas,English priest,Q5,http://wikidata.org/entity/Q6791015
Q23183,2,Wiltshire,ceremonial county of England (use Q21694746 for administrative unitary authority),Q180673,http://wikidata.org/entity/Q23183
Q6504179,1,Lawrence Hyde,(1562-1641),Q5,http://wikidata.org/entity/Q6504179
Q76114962,1,Barbara Castillion,Peerage person ID=541327,Q5,http://wikidata.org/entity/Q76114962
Q4722969,1,Alfred John Kempe,English antiquary,Q5,http://wikidata.org/entity/Q4722969
Q3046636,1,Newington,"district of Central London, England, and part of the London Borough of Southwark",Q2755753,http://wikidata.org/entity/Q3046636
Q828595,1,Villeneuve-la-Guyard,"commune in Yonne, France",Q484170,http://wikidata.org/entity/Q828595
Q242468,1,tailor,"person who makes, repairs, or alters clothing professionally",Q28640,http://wikidata.org/entity/Q242468
Q5710415,1,Petrus Elvius,Swedish astronomer,Q5,http://wikidata.org/entity/Q5710415
Q10438161,1,Bygdeå parish,parish of the Church of Sweden,Q615980,http://wikidata.org/entity/Q10438161
Q10710237,3,Uppsala Cathedral Assembly,parish of the Church of Sweden,Q615980,http://wikidata.org/entity/Q10710237
Q94763430,1,Friederike Müllner,,Q5,http://wikidata.org/entity/Q94763430
Q94743678,1,Henriette Philippine Oesfeld,,Q5,http://wikidata.org/entity/Q94743678
Q701324,1,Molmerswende,human settlement in Germany,Q253019,http://wikidata.org/entity/Q701324
Q10765,1,Geithain,"town in the Leipzig district, in the Free State of Saxony, Germany",Q42744322,http://wikidata.org/entity/Q10765
Q8714,2,Großenhain,"town in the district of Meißen, Saxony, Germany",Q448801,http://wikidata.org/entity/Q8714
Q15392399,1,Gerard Meerman,Dutch politician and lawyer 1722-1771,Q5,http://wikidata.org/entity/Q15392399
Q104670563,1,Johan Meerman,,Q5,http://wikidata.org/entity/Q104670563
Q332026,1,Fère-en-Tardenois,"commune in Aisne, France",Q484170,http://wikidata.org/entity/Q332026
Q498219,1,Quakenbrück,human settlement in Germany,Q42744322,http://wikidata.org/entity/Q498219
Q713563,1,Artland-Gymnasium,school in Germany,Q1542966,http://wikidata.org/entity/Q713563
Q3083152,1,François Servais,Belgian composer and conductor (1846-1901),Q5,http://wikidata.org/entity/Q3083152
Q116471767,1,Samuel de Lange,,Q5,http://wikidata.org/entity/Q116471767
Q116471768,1,Johanna Molijn,,Q5,http://wikidata.org/entity/Q116471768
Q2356668,1,Giovanni Niccolò Servandoni,Italian painter (1695-1766),Q5,http://wikidata.org/entity/Q2356668
Q80442,1,Robert Campin,"Dutch painter, first great master of Flemish and Early Netherlandish painting, 1375–1444 (1375–1444)",Q5,http://wikidata.org/entity/Q80442
Q158835,1,Prince-Bishopric of Liège,ecclesiastic state of the Holy Roman Empire,Q3024240,http://wikidata.org/entity/Q158835
Q137544234,1,,,Q5,http://wikidata.org/entity/Q137544234
Q137544239,1,,,Q5,http://wikidata.org/entity/Q137544239
Q69255,1,"Frederick Augustus, Prince of Anhalt-Zerbst",German prince,Q5,http://wikidata.org/entity/Q69255
Q75289570,1,Wilhelm Christian Friedrich von Anhalt-Zerbst,(1730-1742),Q5,http://wikidata.org/entity/Q75289570
Q75289573,1,Auguste von Anhalt-Zerbst,(1736-1736),Q5,http://wikidata.org/entity/Q75289573
Q75289576,1,Elisabeth von Anhalt-Zerbst,(1742-1745),Q5,http://wikidata.org/entity/Q75289576
Q699473,1,"Christian August, Prince of Anhalt-Zerbst",German general (1690-1747),Q5,http://wikidata.org/entity/Q699473
Q61826,1,Joanna Elisabeth of Holstein-Gottorp,German duchess,Q5,http://wikidata.org/entity/Q61826
Q124079217,1,House of Ascania (younger Anhalt-Zerbst branch),,Q13417114,http://wikidata.org/entity/Q124079217
Q2977648,1,"Claude Lamoral II, 6th Prince of Ligne",Austrian Field Marshal,Q5,http://wikidata.org/entity/Q2977648
Q102319806,1,Princess Elisabeth of Salm,Princess of Ligne,Q5,http://wikidata.org/entity/Q102319806
Q1468411,1,House of Ligne,Belgian noble family,Q13417114,http://wikidata.org/entity/Q1468411
Q108831490,1,Johan Jacob van Hasselt,"Hasselt, Johan Jacob van (1717-1783)",Q5,http://wikidata.org/entity/Q108831490
Q161944,1,deacon,ministry in the Christian Church,Q63188683,http://wikidata.org/entity/Q161944
Q387396,2,Świdnica,city and urban gmina of Poland,Q2616791,http://wikidata.org/entity/Q387396
Q19513109,11,Dutch language specialist,,Q28640,http://wikidata.org/entity/Q19513109
Q3017374,1,David Ancillon,French Huguenot theologian,Q5,http://wikidata.org/entity/Q3017374
Q688620,1,Kirchdorf an der Krems,"municipality in Kirchdorf District, Upper Austria, Austria",Q667509,http://wikidata.org/entity/Q688620
Q260320,3,Steyr,city in Austria,Q667509,http://wikidata.org/entity/Q260320
Q533534,2,Cisleithania,northern and western part of Austro-Hungary with Dalmatia and Istria (1867–1918),Q107390,http://wikidata.org/entity/Q533534
Q161741,3,1st arrondissement of Paris,one of the 20 arrondissements (administrative districts) of Paris,Q702842,http://wikidata.org/entity/Q161741
Q530075,1,Dingelstädt,municipality of Germany,Q42744322,http://wikidata.org/entity/Q530075
Q752,1,Groningen,northeasternmost province of the Netherlands,Q134390,http://wikidata.org/entity/Q752
Q17399012,1,Jacob Laurensz van der Vinne,,Q5,http://wikidata.org/entity/Q17399012
Q17399010,1,Jan Laurensz van der Vinne,Dutch painter (1699-1753),Q5,http://wikidata.org/entity/Q17399010
Q2440566,1,Laurens van der Vinne,18th century painter from the Northern Netherlands (1658-1729),Q5,http://wikidata.org/entity/Q2440566
Q455645,1,Ensisheim,"commune in Haut-Rhin, France",Q484170,http://wikidata.org/entity/Q455645
Q125652,2,Neuburg an der Donau,"city in Bavaria, Germany",Q448801,http://wikidata.org/entity/Q125652
Q201311,1,Dinan,"commune in Côtes-d'Armor, France",Q484170,http://wikidata.org/entity/Q201311
Q11085831,1,interpreter,person who works with translating and communicating oral texts in different languages,Q137841866,http://wikidata.org/entity/Q11085831
Q154748,1,Verdun,"commune in Meuse, France",Q484170,http://wikidata.org/entity/Q154748
Q960823,1,Saint-Just-près-Brioude,"commune in Haute-Loire, France",Q484170,http://wikidata.org/entity/Q960823
Q138581830,1,Johann Hoffmann von Hoffmannswaldau,Silesian counselor (1575-1652),Q5,http://wikidata.org/entity/Q138581830
Q94935596,1,Ludwig von Kanitz,,Q5,http://wikidata.org/entity/Q94935596
Q56612225,1,Oberholzheim,"suburb of Achstetten in Tübingen, Baden-Württemberg, Germany",Q19730508,http://wikidata.org/entity/Q56612225
Q101346559,1,Thomas Adam Wieland,3 Jan 1704 - 29 Sep 1772,Q5,http://wikidata.org/entity/Q101346559
Q101346582,1,Regine Catherine Kick,1715 - 1789,Q5,http://wikidata.org/entity/Q101346582
Q1234897,1,Saint-Jean-de-la-Motte,"commune in Sarthe, France",Q484170,http://wikidata.org/entity/Q1234897
Q2895986,1,Benjamin Aubery du Maurier,French diplomat,Q5,http://wikidata.org/entity/Q2895986
Q1168135,1,Lorris,"commune in Loiret, France",Q484170,http://wikidata.org/entity/Q1168135
Q658776,1,Meung-sur-Loire,"commune in Loiret, France",Q484170,http://wikidata.org/entity/Q658776
Q3119741,1,Guillaume Chartier,prelate (1395-1472),Q5,http://wikidata.org/entity/Q3119741
Q183910,3,Bayeux,"commune in Calvados, France",Q484170,http://wikidata.org/entity/Q183910
Q762554,1,Desvres,"commune in Pas-de-Calais, France",Q484170,http://wikidata.org/entity/Q762554
Q1462474,1,Friedrich Taubmann,German university teacher and writer (1565-1613),Q5,http://wikidata.org/entity/Q1462474
Q1465988,1,Johann Rotenburg,Dutch theologian,Q5,http://wikidata.org/entity/Q1465988
Q805626,1,Balthasar Meisner,"theologian, university teacher (1587-1626)",Q5,http://wikidata.org/entity/Q805626
Q351062,1,Adam Theodor Siber,German linguist (1563-1616),Q5,http://wikidata.org/entity/Q351062
Q1679216,1,Jakob Martini,German theologian and philosopher,Q5,http://wikidata.org/entity/Q1679216
Q2059034,1,Paul Buchner,German master builder,Q5,http://wikidata.org/entity/Q2059034
Q136092639,1,,,Q5,http://wikidata.org/entity/Q136092639
Q1371561,2,Matthias Wasmuth,German theologian (1625-1688),Q5,http://wikidata.org/entity/Q1371561
Q15430651,1,Johann Erich Ostermann,German hellenist (1611-1668),Q5,http://wikidata.org/entity/Q15430651
Q162494,1,Landesschule Pforta,Gymnasium für Hochbegabte in Sachsen-Anhalt,Q1542966,http://wikidata.org/entity/Q162494
Q93428953,1,Charles-Maurice d'Houry,,Q5,http://wikidata.org/entity/Q93428953
Q24387326,1,mythographer,writer on mythology,Q12737077,http://wikidata.org/entity/Q24387326
Q1317936,1,Mesembria,"an ancient Greek city on the Black Sea coast of Bulgaria, modern Nesebar",Q15661340,http://wikidata.org/entity/Q1317936
Q75459,1,Delphi,ancient town in Greece,Q93342462,http://wikidata.org/entity/Q75459
Q3078677,1,Tolbert,"village in Westerkwartier, Netherlands",Q532,http://wikidata.org/entity/Q3078677
Q1026685,1,Wellington,"town and civil parish in Somerset, England",Q3957,http://wikidata.org/entity/Q1026685
Q1001536,1,Budleigh Salterton,"village in Devon, UK",Q3957,http://wikidata.org/entity/Q1001536
Q3577730,1,École centrale (Révolution française),,Q2385804,http://wikidata.org/entity/Q3577730
Q64359,2,Andeer,municipality in the canton of the Grisons in Switzerland,Q70208,http://wikidata.org/entity/Q64359
Q18608164,1,Marten Stoop,Dutch painter (1618–1647),Q5,http://wikidata.org/entity/Q18608164
Q107613715,1,Jan Pieter Stoop,"Dutch artist, approximately 1612-",Q5,http://wikidata.org/entity/Q107613715
Q107613791,1,Willem Jansz. van der Stoop,,Q5,http://wikidata.org/entity/Q107613791
Q3281946,1,Drayton Bassett,"village in Staffordshire, England, UK",Q532,http://wikidata.org/entity/Q3281946
Q61724,2,Tauberbischofsheim,municipality in Germany,Q42744322,http://wikidata.org/entity/Q61724
Q506206,1,Eresing,"municipality in Bavaria, in Germany",Q116457956,http://wikidata.org/entity/Q506206
Q1826063,1,Lindenberg,"village in Oder-Spree district, Brandenburg state, Germany",Q253019,http://wikidata.org/entity/Q1826063
Q94741246,1,Hedwig Sophia von Offen,,Q5,http://wikidata.org/entity/Q94741246
Q98731,1,Philipp Friedrich Gmelin,German professor of botany and chemistry (1721-1768),Q5,http://wikidata.org/entity/Q98731
Q1695181,1,Johann Konrad Gmelin,"Württembergian pharmacist, chemist and physician (1707-1759)",Q5,http://wikidata.org/entity/Q1695181
Q105244,1,Johann Georg Gmelin,Württembergian chemist and pharmacist (1674-1728),Q5,http://wikidata.org/entity/Q105244
Q61471,1,Samuel Gottlieb Gmelin,"German physician, botanist, and explorer (1744-1774)",Q5,http://wikidata.org/entity/Q61471
Q57230,1,Johann Friedrich Gmelin,German naturalist (1748–1804),Q5,http://wikidata.org/entity/Q57230
Q1356682,1,Réalmont,"commune in Tarn, France",Q484170,http://wikidata.org/entity/Q1356682
Q578023,4,University of Toulouse (1896-1968),"former French university in Toulouse existing from 1229 to 1793, and 1896 to 1969",Q3551775,http://wikidata.org/entity/Q578023
Q454555,1,Rozoy-sur-Serre,"commune in Aisne, France",Q484170,http://wikidata.org/entity/Q454555
Q1614331,1,Matthias Geuns,Dutch botanist and author (1735-1817),Q5,http://wikidata.org/entity/Q1614331
Q210718,1,Asia,Roman province,Q182547,http://wikidata.org/entity/Q210718
Q4951156,1,Sicily,Italian island in the Mediterranean Sea,Q23442,http://wikidata.org/entity/Q4951156
Q20501,1,Panicale,Italian comune,Q747074,http://wikidata.org/entity/Q20501
Q20390,2,Castiglione del Lago,town in Italy,Q747074,http://wikidata.org/entity/Q20390
Q276871,1,Gijsbert Karel van Hogendorp,Dutch politician (1762–1834),Q5,http://wikidata.org/entity/Q276871
Q96291863,1,Willem van Hogendorp,"9 May 1765 Rotterdam - 5 Jul 1835 Velp, Gelderland",Q5,http://wikidata.org/entity/Q96291863
Q2160156,1,Heenvliet,"town in South Holland, Netherlands",Q13539802,http://wikidata.org/entity/Q2160156
Q8678,8,Rio de Janeiro,"city of Rio de Janeiro state, Brazil",Q3184121,http://wikidata.org/entity/Q8678
Q2275916,1,Willem van Hogendorp,"Dutch regent of Rotterdam, resident of Rembang (1735–1784)",Q5,http://wikidata.org/entity/Q2275916
Q4952701,1,Carolina Wilhelmina van Haren,Dutch noble (1741-1812),Q5,http://wikidata.org/entity/Q4952701
Q1995216,1,Van Hogendorp family,family,Q8436,http://wikidata.org/entity/Q1995216
Q2770458,1,Willem Holtrop,Dutch publisher (1751–1835),Q5,http://wikidata.org/entity/Q2770458
Q1338053,1,Emma Körner,German artist (1788-1815),Q5,http://wikidata.org/entity/Q1338053
Q271719,1,Princess Dorothea of Courland,German noble (1793-1862),Q5,http://wikidata.org/entity/Q271719
Q272289,1,"Princess Wilhelmine, Duchess of Sagan",Duchess of Sagan (1781–1839),Q5,http://wikidata.org/entity/Q272289
Q327893,1,"Princess Pauline, Duchess of Sagan",Princess of Courland (1782–1845),Q5,http://wikidata.org/entity/Q327893
Q20029240,1,Princess Johanna of Courland,Duchess of Acerenza (1783-1876),Q5,http://wikidata.org/entity/Q20029240
Q216013,1,Christian Gottfried Körner,German writer (1756-1831),Q5,http://wikidata.org/entity/Q216013
Q19971719,1,Anna Maria Jacobine Körner,German painter and writer,Q5,http://wikidata.org/entity/Q19971719
Q72451,1,Elisa von der Recke,German poet (1754-1833),Q5,http://wikidata.org/entity/Q72451
Q465738,1,Dorothea von Medem,Baltic German noble (1761-1821),Q5,http://wikidata.org/entity/Q465738
Q94743769,1,Marie Körner,"German artist, 1762-1843",Q5,http://wikidata.org/entity/Q94743769
Q689854,3,Freiberg University of Mining and Technology,university,Q875538,http://wikidata.org/entity/Q689854
Q104431,1,Forcalquier,"commune in Alpes-de-Haute-Provence, France",Q484170,http://wikidata.org/entity/Q104431
Q518346,2,Themar,"town in Thuringia, Germany",Q42744322,http://wikidata.org/entity/Q518346
Q55126627,1,Hieronymus Peter Schlosser,,Q5,http://wikidata.org/entity/Q55126627
Q336250,1,Lienz,"town in Lienz District, Tyrol, Austria",Q667509,http://wikidata.org/entity/Q336250
Q875788,5,University of Innsbruck,"public university in Innsbruck, Austria",Q875538,http://wikidata.org/entity/Q875788
Q431628,1,Nowe Miasteczko,town in Poland,Q3957,http://wikidata.org/entity/Q431628
Q1405923,2,Ferdinand Zellbell Jr.,Swedish composer,Q5,http://wikidata.org/entity/Q1405923
Q11055413,1,Vårdinge church parish,,Q615980,http://wikidata.org/entity/Q11055413
Q10546040,3,Klara Church Parish,parish in Stockholm,Q615980,http://wikidata.org/entity/Q10546040
Q15694989,1,Carl Johan Moberger,Swedish organist,Q5,http://wikidata.org/entity/Q15694989
Q54006791,2,Jakob and Johannes parish,"former parish in Stockholm, Sweden",Q615980,http://wikidata.org/entity/Q54006791
Q3438210,1,Maria Magdalena parish,parish of the Church of Sweden,Q615980,http://wikidata.org/entity/Q3438210
Q3166580,1,Jean-Laurent Le Cerf de La Viéville,French magistrate,Q5,http://wikidata.org/entity/Q3166580
Q3667188,2,Cherbourg,"former commune of Manche, France",Q484170,http://wikidata.org/entity/Q3667188
Q200126,5,18th arrondissement of Paris,"one of the arrondissements of Paris, France",Q702842,http://wikidata.org/entity/Q200126
Q271,3,Prytanée National Militaire,French military school,Q1935049,http://wikidata.org/entity/Q271
Q94934854,1,Jacques Le Coigneux,,Q5,http://wikidata.org/entity/Q94934854
Q108771144,1,Claude Passart,,Q5,http://wikidata.org/entity/Q108771144
Q285,1,Cognac,"commune in Charente, New Aquitaine, France",Q484170,http://wikidata.org/entity/Q285
Q22962526,1,Château de la Buzardière,,Q751876,http://wikidata.org/entity/Q22962526
Q123457658,1,Michel de Castelnau,,Q5,http://wikidata.org/entity/Q123457658
Q986444,1,Thomas Bartholin,"Danish antiquarian seller, archaeologist, archivist and historian",Q5,http://wikidata.org/entity/Q986444
Q3669010,1,Boston Journal of Natural History,"Boston,Boston Society of Natural History. | Multiple institutions",Q5633421,http://wikidata.org/entity/Q3669010
Q563366,1,Virgil Solis,German printmaker (1514-1562),Q5,http://wikidata.org/entity/Q563366
Q695555,1,Hohendodeleben,human settlement in Germany,Q253019,http://wikidata.org/entity/Q695555
Q518275,1,Wörlitz,human settlement,Q253019,http://wikidata.org/entity/Q518275
Q6421385,2,Kloster Berge school,"gymnasium school in Magdeburg, Germany",Q3914,http://wikidata.org/entity/Q6421385
Q574249,1,Lorch,"municipality in Ostalbkreis, Germany",Q3957,http://wikidata.org/entity/Q574249
Q481489,1,Christian Friedrich Tieck,German sculptor (1776–1851),Q5,http://wikidata.org/entity/Q481489
Q98808,1,Sophie Tieck,"German writer, playwright and poet (1775-1833)",Q5,http://wikidata.org/entity/Q98808
Q64822390,1,Johann Ludwig Tieck,-1802,Q5,http://wikidata.org/entity/Q64822390
Q126919864,1,"Anna Sophia, ex Berukin Tieck",-1802,Q5,http://wikidata.org/entity/Q126919864
Q1712662,1,Julius Gustav Alberti,lutheran preacher (1723-1772),Q5,http://wikidata.org/entity/Q1712662
Q17125705,1,Jacob Nicolai Møller,Norwegian philosopher,Q5,http://wikidata.org/entity/Q17125705
Q94763827,1,Heinrike Breunlin,(1772-1850),Q5,http://wikidata.org/entity/Q94763827
Q525720,1,Lauffen am Neckar,municipality in Germany,Q42744322,http://wikidata.org/entity/Q525720
Q21033334,1,Heinrich Friedrich Hölderlin,(1736-1772),Q5,http://wikidata.org/entity/Q21033334
Q19959607,1,Johanna Christiana Gock,(1748-1828),Q5,http://wikidata.org/entity/Q19959607
Q213871,1,Friedrich Münter,Danish bishop (1761-1830),Q5,http://wikidata.org/entity/Q213871
Q1551440,1,Gräfentonna,human settlement in Germany,Q253019,http://wikidata.org/entity/Q1551440
Q215689,1,Balthasar Münter,German author and theologian,Q5,http://wikidata.org/entity/Q215689
Q2828885,1,fitter,craft profession,Q28640,http://wikidata.org/entity/Q2828885
Q153665,1,German South-West Africa,former colony of the German Empire,Q133156,http://wikidata.org/entity/Q153665
Q1751281,1,Francis Robortello,Italian humanist (1516-1567),Q5,http://wikidata.org/entity/Q1751281
Q52063,1,Anghiari,Italian comune,Q747074,http://wikidata.org/entity/Q52063
Q748085,1,University of Perugia,Italian public university,Q3918,http://wikidata.org/entity/Q748085
Q1072386,1,Courville-sur-Eure,"commune in Eure-et-Loir, France",Q484170,http://wikidata.org/entity/Q1072386
Q19521270,1,Jean Baptiste Séré,,Q5,http://wikidata.org/entity/Q19521270
Q26793,3,Bergen,"Norwegian city in Vestland, Norway",Q515,http://wikidata.org/entity/Q26793
Q5109159,1,Christen Nielsen Holberg,Norwegian Army officer,Q5,http://wikidata.org/entity/Q5109159
Q61062274,1,Karen Lem,1647 - certain 1695,Q5,http://wikidata.org/entity/Q61062274
Q4217712,1,Bergen Cathedral School,upper secondary school in Norway,Q47002003,http://wikidata.org/entity/Q4217712
Q94807303,1,Daniel Schlichtegroll,,Q5,http://wikidata.org/entity/Q94807303
Q219382,1,Lwówek Śląski,"town in Lower Silesian Voivodeship, Poland",Q515,http://wikidata.org/entity/Q219382
Q1339249,1,syndic,officer of government with varying powers,Q216353,http://wikidata.org/entity/Q1339249
Q6924,1,Gronau,"town in the district of Borken, in North Rhine-Westphalia, Germany",Q54935786,http://wikidata.org/entity/Q6924
Q938753,1,Jan Baptist van Fornenburgh,Dutch Golden Age painter (1585-1650),Q5,http://wikidata.org/entity/Q938753
Q5713748,1,Hendrik van Streek,Dutch painter (1659-1720),Q5,http://wikidata.org/entity/Q5713748
Q116850,1,François Turrettini,Genevan theologian (1623-1687),Q5,http://wikidata.org/entity/Q116850
Q1336002,1,Marie-Gabriel-Florent-Auguste de Choiseul-Gouffier,French diplomat (1752-1817),Q5,http://wikidata.org/entity/Q1336002
Q97293132,1,,"parish of the Roman Catholic Archdiocese of Paris, in France",Q17143723,http://wikidata.org/entity/Q97293132
Q28123630,1,Pierre Philippe Millot,French politician (1739-1817),Q5,http://wikidata.org/entity/Q28123630
Q499537,1,Ornans,"commune in Doubs, France",Q484170,http://wikidata.org/entity/Q499537
Q60842404,1,Louis-Charles Mercier Dupaty de Clam,,Q5,http://wikidata.org/entity/Q60842404
Q64352565,1,Hôtel Dupaty de Clam,,Q1365179,http://wikidata.org/entity/Q64352565
Q81183,1,Arnemuiden,"city in Middelburg, Netherlands",Q13539802,http://wikidata.org/entity/Q81183
Q18527472,1,Robert van Voerst,17th century Dutch engraver (1597–1636),Q5,http://wikidata.org/entity/Q18527472
Q62122126,1,,family,Q8436,http://wikidata.org/entity/Q62122126
Q21543753,1,Barthold Feind,German philologist and high school teacher,Q5,http://wikidata.org/entity/Q21543753
Q73013,2,Peter Crüger,German astronomer and mathematician (1580-1639),Q5,http://wikidata.org/entity/Q73013
Q66013,2,Głogów,"city and urban gmina in the Lower Silesian Voivodeship, Poland",Q2616791,http://wikidata.org/entity/Q66013
Q106211827,1,Paul Greif,Silesian pastor (1561-1621),Q5,http://wikidata.org/entity/Q106211827
Q106212110,1,Anna Greif,mother of Andreas Gryphius,Q5,http://wikidata.org/entity/Q106212110
Q132921374,1,Paul Gryphius,German pastor (1598-1640),Q5,http://wikidata.org/entity/Q132921374
Q3223979,1,Tønder,town in Denmark,Q3957,http://wikidata.org/entity/Q3223979
Q317150,1,Christianeum,"school in Hamburg, Germany",Q1542966,http://wikidata.org/entity/Q317150
Q12225,1,Murcia,"municipality and capital of the Region of Murcia, Spain",Q2074737,http://wikidata.org/entity/Q12225
Q155647,3,astrologer,person who practices astrology,Q28640,http://wikidata.org/entity/Q155647
Q829280,1,Vignory,"commune in Haute-Marne, France",Q484170,http://wikidata.org/entity/Q829280
Q737366,1,Niedorp,former municipality of the Netherlands,Q2039348,http://wikidata.org/entity/Q737366
Q971130,1,Nieuwe Niedorp,"village in Hollands Kroon, Netherlands",Q486972,http://wikidata.org/entity/Q971130
Q736348,1,Cino da Pistoia,Italian Renaissance jurist and poet (1270–1336),Q5,http://wikidata.org/entity/Q736348
Q15949613,3,short story writer,author or writer of short stories,Q28640,http://wikidata.org/entity/Q15949613
Q82646,1,Certaldo,Italian comune,Q747074,http://wikidata.org/entity/Q82646
Q773623,1,Benvenuto Rambaldi da Imola,Italian scholar and historian,Q5,http://wikidata.org/entity/Q773623
Q494335,4,Tours University,"French university located in Tours, France. Founded in 1971.",Q3551775,http://wikidata.org/entity/Q494335
Q1539958,1,Gottlob Samuel Nicolai,German theologian,Q5,http://wikidata.org/entity/Q1539958
Q55915251,1,Christoph Gottlieb Nicolai,"German editor, bookseller and printer",Q5,http://wikidata.org/entity/Q55915251
Q1690674,1,Joachimsthalsches Gymnasium,"former school in Berlin, Germany",Q3914,http://wikidata.org/entity/Q1690674
Q19959360,1,Charlotte Embden,German salon-holder (1800-1899),Q5,http://wikidata.org/entity/Q19959360
Q88600,1,Gustav Heine von Geldern,German-Austrian publicist,Q5,http://wikidata.org/entity/Q88600
Q106070044,1,Samson Heine,1764 - 2 Dec 1828,Q5,http://wikidata.org/entity/Q106070044
Q20980010,1,Betty Heine,(1771-1859),Q5,http://wikidata.org/entity/Q20980010
Q1529797,1,Heine family,family,Q8436,http://wikidata.org/entity/Q1529797
Q940945,1,Stoszowice,village of Poland,Q3558970,http://wikidata.org/entity/Q940945
Q138101371,1,,,Q5,http://wikidata.org/entity/Q138101371
Q138101389,1,,,Q5,http://wikidata.org/entity/Q138101389
Q166997,2,Nevers,"commune in Nièvre, France",Q484170,http://wikidata.org/entity/Q166997
Q87143737,1,Maria Felice Mignucci Peretti,1552 -,Q5,http://wikidata.org/entity/Q87143737
Q110459607,1,"Camilla Peretti, Marchesa di Venafro",1519 - 1605,Q5,http://wikidata.org/entity/Q110459607
Q7834465,2,transitional deacon,Catholic deacon before receiving priestly ordination,Q63188808,http://wikidata.org/entity/Q7834465
Q56071,1,Grottammare,Italian comune,Q747074,http://wikidata.org/entity/Q56071
Q110459609,1,Piergentile Peretto,- 1554,Q5,http://wikidata.org/entity/Q110459609
Q110459610,1,Marina,- 1559,Q5,http://wikidata.org/entity/Q110459610
Q26253783,1,Michele Peretti,,Q5,http://wikidata.org/entity/Q26253783
Q82659,1,Alessandro Peretti di Montalto,Italian Roman Catholic Cardinal Deacon,Q5,http://wikidata.org/entity/Q82659
Q87143734,1,Flavia Peretti Damasceni,"Italian noblewoman, Duchess of Bracciano",Q5,http://wikidata.org/entity/Q87143734
Q3081057,1,Francesco Peretti di Montalto,Italian Catholic Cardinal,Q5,http://wikidata.org/entity/Q3081057
Q22126181,1,Ōno Norichika,,Q5,http://wikidata.org/entity/Q22126181
Q28925713,1,Pedro Jiménez-Landi,Spanish astronomer (1869-1964),Q5,http://wikidata.org/entity/Q28925713
Q3342969,1,Antonius Jacobus van Deinse,Dutch physicist,Q5,http://wikidata.org/entity/Q3342969
Q2551247,1,Jacob Maarten van Bemmelen,Dutch chemist (1830–1911),Q5,http://wikidata.org/entity/Q2551247
Q193183,1,Alès,"commune in Gard, Occitanie, France",Q484170,http://wikidata.org/entity/Q193183
Q3515031,1,Taneguy Le Gallois de Beaujeu,,Q5,http://wikidata.org/entity/Q3515031
Q1147276,1,Cybulino,village of Poland,Q3558970,http://wikidata.org/entity/Q1147276
Q4024,2,Frankfurt (Oder),"city in Brandenburg, Germany",Q1187811,http://wikidata.org/entity/Q4024
Q65375,1,Ftan,former municipality of Switzerland,Q685309,http://wikidata.org/entity/Q65375
Q65089,2,Ramosch,former municipality of Switzerland,Q532,http://wikidata.org/entity/Q65089
Q175880,1,Karl August Devrient,German actor (1797-1872),Q5,http://wikidata.org/entity/Q175880
Q95358,1,Emil Devrient,German actor (1803–1872),Q5,http://wikidata.org/entity/Q95358
Q5431290,1,Faithful Teate,Irish poet,Q5,http://wikidata.org/entity/Q5431290
Q75714827,1,Nicholas Brady,Peerage person ID=299257,Q5,http://wikidata.org/entity/Q75714827
Q75714829,1,Martha Gernon,Peerage person ID=299258,Q5,http://wikidata.org/entity/Q75714829
Q27995626,1,Aurelio Archinti,Roman Catholic bishop,Q5,http://wikidata.org/entity/Q27995626
Q111270973,1,Adriaen Moetjens,Dutch printer and publisher (1651-1717),Q5,http://wikidata.org/entity/Q111270973
Q73817,1,Winschoten,"town in Oldambt, Netherlands",Q13539802,http://wikidata.org/entity/Q73817
Q20078,1,Hartenstein,"town in Saxony, Germany",Q42744322,http://wikidata.org/entity/Q20078
Q436224,1,Marie Anne Mancini,French salon-holder,Q5,http://wikidata.org/entity/Q436224
Q242532,1,Marie Mancini,mistress of the King of France (1639-1715),Q5,http://wikidata.org/entity/Q242532
Q255457,1,Olympia Mancini,Italian noblewoman,Q5,http://wikidata.org/entity/Q255457
Q271994,1,Laura Mancini,Italian noble,Q5,http://wikidata.org/entity/Q271994
Q3371763,1,Paul Mancini,,Q5,http://wikidata.org/entity/Q3371763
Q2472724,1,Philippe Jules Mancini,Italian noble (1641-1707),Q5,http://wikidata.org/entity/Q2472724
Q2839895,1,Alphonse Mancini,(1644-1658),Q5,http://wikidata.org/entity/Q2839895
Q25403179,1,Michele Lorenzo Mancini,(1600-1660),Q5,http://wikidata.org/entity/Q25403179
Q2260377,1,Girolama Mazzarini,French noble,Q5,http://wikidata.org/entity/Q2260377
Q750363,1,"Rudna, Lower Silesian Voivodeship",village of Poland,Q3558970,http://wikidata.org/entity/Q750363
Q52892,1,Leszno,city with powiat rights of Poland,Q925381,http://wikidata.org/entity/Q52892
Q503409,2,Oberkotzau,market municipality of Germany,Q100341898,http://wikidata.org/entity/Q503409
Q768224,1,University of Valladolid,university in Spain,Q875538,http://wikidata.org/entity/Q768224
Q339482,1,University of Oñati,"university in Oñati, Spain",Q3918,http://wikidata.org/entity/Q339482
Q47005195,1,wood engraver,artist who engraves designs or patterns onto wood,Q28640,http://wikidata.org/entity/Q47005195
Q632134,1,Normanville,"commune in Eure, France",Q484170,http://wikidata.org/entity/Q632134
Q151826,1,Frederick I of Prussia,"1657 – 1713, Elector of Brandenburg and Duke of Prussia in personal union (Brandenburg-Prussia)",Q5,http://wikidata.org/entity/Q151826
Q134456562,2,J.A. Bomans,Dutch politician,Q5,http://wikidata.org/entity/Q134456562
Q3028770,2,Jan Bomans,Dutch politician (1885–1941),Q5,http://wikidata.org/entity/Q3028770
Q19606612,1,Robert III Ballard,,Q5,http://wikidata.org/entity/Q19606612
Q3166217,1,Jean-Jacques Chifflet,French physician and archaeologist,Q5,http://wikidata.org/entity/Q3166217
Q3219128,1,Laurent Chiflet,French theologian,Q5,http://wikidata.org/entity/Q3219128
Q3383025,1,Pierre-François Chifflet,French writer,Q5,http://wikidata.org/entity/Q3383025
Q3144889,1,Hélène de Montgeroult,French pianist and composer,Q5,http://wikidata.org/entity/Q3144889
Q69004,1,Drucat,"commune in Somme, France",Q484170,http://wikidata.org/entity/Q69004
Q104577,1,Desenzano del Garda,Italian comune,Q747074,http://wikidata.org/entity/Q104577
Q737180,1,Logrian-Florian,"commune in Gard, France",Q484170,http://wikidata.org/entity/Q737180
Q3065735,1,de Claris,family,Q13417114,http://wikidata.org/entity/Q3065735
Q2374985,1,Gerard von Brucken Fock,composer (1859-1935),Q5,http://wikidata.org/entity/Q2374985
Q1785561,1,Koudekerke,"village in Veere, Netherlands",Q1852859,http://wikidata.org/entity/Q1785561
Q107356996,1,Ter Hooge,"17th century buitenplaatsen near Koudekerke, Walcheren, Zeeland, Netherlands",Q486972,http://wikidata.org/entity/Q107356996
Q2347146,1,Aerdenhout,"town in the municipality of Bloemendaal, the Netherlands",Q532,http://wikidata.org/entity/Q2347146
Q9908,1,Bloemendaal,municipality in the Netherlands,Q2039348,http://wikidata.org/entity/Q9908
Q934782,1,Koninklijke Militaire Academie,"Royal Military Academy in Breda, the Netherlands",Q3914,http://wikidata.org/entity/Q934782
Q16831341,1,Felicitas Blangini-Klenze,(1794-1844),Q5,http://wikidata.org/entity/Q16831341
Q118644308,1,Thérésa Blangini,composer (1780-1830),Q5,http://wikidata.org/entity/Q118644308
Q1522951,1,Reiterswiesen,human settlement in Germany,Q253019,http://wikidata.org/entity/Q1522951
Q877052,1,Mattsee,"municipality in Salzburg-Umgebung District, Salzburg, Austria",Q562061,http://wikidata.org/entity/Q877052
Q2576235,1,Wilhelmsgymnasium,"school of academic secondary education in Munich, Germany",Q1636697,http://wikidata.org/entity/Q2576235
Q111768359,1,Adrianus Willem Gerrit van Riemsdijk,25 Nov 1803 Helmond - 27 Oct 1871 Utrecht,Q5,http://wikidata.org/entity/Q111768359
Q111768390,1,Wilhelmina Cornelia de Jonge,31 Oct 1814 Zierikzee - 15 May 1882 Utrecht,Q5,http://wikidata.org/entity/Q111768390
Q14512788,2,Van Riemsdijk,Dutch noble familie,Q15054477,http://wikidata.org/entity/Q14512788
Q279373,3,Rovereto,"comune in Trentino-Alto Adige/Südtirol, Italy",Q747074,http://wikidata.org/entity/Q279373
Q53189,1,Roveredo in Piano,Italian comune,Q747074,http://wikidata.org/entity/Q53189
Q1449639,1,Franz Xaver Hammer,"German gambist, cellist and composer",Q5,http://wikidata.org/entity/Q1449639
Q41547791,1,Johann Konrad Schlick,German cellist,Q5,http://wikidata.org/entity/Q41547791
Q509696,1,Dinklage,municipality of Germany,Q42744322,http://wikidata.org/entity/Q509696
Q208264,1,Bagnères-de-Bigorre,"commune in Hautes-Pyrénées, France",Q484170,http://wikidata.org/entity/Q208264
Q3572,1,Tunis,capital of Tunisia,Q1549591,http://wikidata.org/entity/Q3572
Q51852,1,Terlizzi,Italian comune,Q747074,http://wikidata.org/entity/Q51852
Q841403,1,Saint-Hippolyte,"commune in Doubs, France",Q484170,http://wikidata.org/entity/Q841403
Q500507,2,Giovanni Animuccia,Italian composer of the Renaissance,Q5,http://wikidata.org/entity/Q500507
Q43549106,1,Storkyrkoförsamlingen,historical congregation within the Swedish Church in Stockholm,Q615980,http://wikidata.org/entity/Q43549106
Q5717030,1,Nils Eriksson,musician (1902-1978),Q5,http://wikidata.org/entity/Q5717030
Q6202243,1,Gunno Södersten,,Q5,http://wikidata.org/entity/Q6202243
Q1796144,6,Royal College of Music in Stockholm,institute of higher education in music in Sweden,Q38723,http://wikidata.org/entity/Q1796144
Q10511165,1,Gustav Vasa parish,,Q615980,http://wikidata.org/entity/Q10511165
Q10727306,1,,,Q615980,http://wikidata.org/entity/Q10727306
Q10543924,1,Karlstad church parish,,Q615980,http://wikidata.org/entity/Q10543924
Q1036660,1,Carl Abraham Mankell,Swedish composer (1802-1868),Q5,http://wikidata.org/entity/Q1036660
Q329253,1,Henning Mankell,Swedish composer (1868–1930),Q5,http://wikidata.org/entity/Q329253
Q10540342,1,Johan August Mankell,Swedish musician (1825-1868),Q5,http://wikidata.org/entity/Q10540342
Q28125353,1,Emil Theodor Mankell,Swedish painter,Q5,http://wikidata.org/entity/Q28125353
Q47006548,1,Wilhelm August Mankell,(1803-1874),Q5,http://wikidata.org/entity/Q47006548
Q3197288,1,Christiansfeld,town in Denmark,Q3957,http://wikidata.org/entity/Q3197288
Q1691991,1,Johan Herman Mankel,German composer (1763-1835),Q5,http://wikidata.org/entity/Q1691991
Q451495,1,Elfrida Andrée,"Swedish organist, composer and conductor (1841–1929)",Q5,http://wikidata.org/entity/Q451495
Q5798123,1,Wilhelm Heintze,"Swedish conductor, organist and music educator (1849-1895)",Q5,http://wikidata.org/entity/Q5798123
Q4065295,2,Richard Andersson,Swedish composer and music educator (1851–1918),Q5,http://wikidata.org/entity/Q4065295
Q4252341,1,August Lagergren,Swedish composer,Q5,http://wikidata.org/entity/Q4252341
Q16160877,1,Pehr Ferdinand Bengzon,Swedish composer,Q5,http://wikidata.org/entity/Q16160877
Q56189649,1,Moreau-Sainti,French opera singer,Q5,http://wikidata.org/entity/Q56189649
Q12996,4,Ostend,"coastal city in West Flanders, Belgium",Q493522,http://wikidata.org/entity/Q12996
Q174234,2,Aurillac,"commune in Cantal, France",Q484170,http://wikidata.org/entity/Q174234
Q55021,17,Hochschule für Musik und Tanz Köln,"music college in Cologne, Germany",Q184644,http://wikidata.org/entity/Q55021
Q317855,5,Hochschule für Musik Detmold,German music conservatory in Detmold,Q3889692,http://wikidata.org/entity/Q317855
Q730182,1,Rexpoëde,"commune in Nord, France",Q484170,http://wikidata.org/entity/Q730182
Q387460,1,Sainte-Foy-lès-Lyon,"commune in the metropolis of Lyon, France",Q484170,http://wikidata.org/entity/Q387460
Q3097726,1,Graduate Institute of Development Studies,"former graduate school in Geneva, Switzerland",Q20820271,http://wikidata.org/entity/Q3097726
Q541548,1,University of Neuchâtel,"French-speaking university based in Neuchâtel, Switzerland",Q875538,http://wikidata.org/entity/Q541548
Q5606388,1,Loek Brandts Buys,Dutch architect (1908–1983),Q5,http://wikidata.org/entity/Q5606388
Q735546,1,Warnsveld,"village in Zutphen, Netherlands",Q532,http://wikidata.org/entity/Q735546
Q1899192,1,Marius Adrianus Brandts Buys jr.,Dutch conductor and composer (1874-1944),Q5,http://wikidata.org/entity/Q1899192
Q11970104,1,Fredrik Ursin,Norwegian violinist (1825-1890),Q5,http://wikidata.org/entity/Q11970104
Q18756071,1,Elise Svendsen,Norwegian singer,Q5,http://wikidata.org/entity/Q18756071
Q585,7,Oslo,capital city of Norway,Q1549591,http://wikidata.org/entity/Q585
Q21191280,1,Adolf Hansen,Norwegian composer and conductor (1852-1911),Q5,http://wikidata.org/entity/Q21191280
Q531569,1,Nancy Dalberg,Danish composer (1881–1949),Q5,http://wikidata.org/entity/Q531569
Q373077,1,Gräfenhainichen,municipality of Germany,Q42744322,http://wikidata.org/entity/Q373077
Q1558232,1,Gymnasium St. Augustin,school,Q1542966,http://wikidata.org/entity/Q1558232
Q4183430,1,Jules Adrianus Zagwijn,Dutch musician (1874-1966),Q5,http://wikidata.org/entity/Q4183430
Q2226170,2,Nieuwer-Amstel,former municipality of the Netherlands,Q2039348,http://wikidata.org/entity/Q2226170
Q91869,1,Adolf Martin Schlesinger,German publisher,Q5,http://wikidata.org/entity/Q91869
Q2087022,1,Philipp Schmutzer,,Q5,http://wikidata.org/entity/Q2087022
Q55859722,2,Peter Rheinberger,"Liechtensteiner military officer, politician and technician (1831-1893)",Q5,http://wikidata.org/entity/Q55859722
Q55859718,1,David Rheinberger,Liechtensteiner official (1823-1889),Q5,http://wikidata.org/entity/Q55859718
Q55859719,1,Maxentia Rheinberger,superior general,Q5,http://wikidata.org/entity/Q55859719
Q1844,1,Vaduz,capital of Liechtenstein,Q203300,http://wikidata.org/entity/Q1844
Q55859720,1,Johann Peter Rheinberger,Liechtensteiner tax officer (1789-1874),Q5,http://wikidata.org/entity/Q55859720
Q657167,10,University of Music and Theatre Munich,"institution of higher education in Munich, Germany",Q875538,http://wikidata.org/entity/Q657167
Q2599115,1,Marius Adrianus Brandts Buys sr.,Dutch conductor and composer (1840–1911),Q5,http://wikidata.org/entity/Q2599115
Q2665495,1,Henri François Robert Brandts Buys,Dutch conductor and composer (1850–1905),Q5,http://wikidata.org/entity/Q2665495
Q26296883,1,Deventer,"city in Deventer Municipality, Netherlands",Q515,http://wikidata.org/entity/Q26296883
Q2784194,1,Cornelis Alijander Brandts Buys,Dutch conductor and composer (1812–1890),Q5,http://wikidata.org/entity/Q2784194
Q71738356,1,Henri van Nieuwenhoven,Dutch musician (1876–1962),Q5,http://wikidata.org/entity/Q71738356
Q673631,1,Jan Ingenhoven,Dutch conductor and composer (1876-1951),Q5,http://wikidata.org/entity/Q673631
Q118136722,1,Pieter Benoit,Belgian priest and teacher (1820-1892),Q5,http://wikidata.org/entity/Q118136722
Q115757605,1,Joannes Brans,Dutch teacher and Belgian school director and inspector,Q5,http://wikidata.org/entity/Q115757605
Q115829742,1,Bernardus Nachtergaele,"priest, subregent, assistant pastor, superior, director and spiritual director (1784-1850)",Q5,http://wikidata.org/entity/Q115829742
Q125865575,1,Pierre Joseph D'Hollander,"priest, theologian, professor and honorary canon (1804 - 1866)",Q5,http://wikidata.org/entity/Q125865575
Q20902162,1,Louise Gezelle,"younger sister of Guido Gezelle, mother of Frank Lateur (Stijn Streuvels) (1834-1909)",Q5,http://wikidata.org/entity/Q20902162
Q116660566,1,Florence Gezelle,"nun, teacher, sister and letter correspondent of Guido Gezelle (1847 - 1917)",Q5,http://wikidata.org/entity/Q116660566
Q117244395,1,Romaan Gislijn Gezelle,"fireworks maker, taxidermist and brother of Guido Gezelle (1832 - 1899)",Q5,http://wikidata.org/entity/Q117244395
Q115831509,1,Joseph Gezelle,Belgian vicar and pastor and brother of Guido Gezelle (1840-1903),Q5,http://wikidata.org/entity/Q115831509
Q15982596,1,Pieter Jan Gezelle,father of Guido Gezelle (1791-1871),Q5,http://wikidata.org/entity/Q15982596
Q15982597,1,Monica De Vriese,mother of Guido Gezelle (1804-1875),Q5,http://wikidata.org/entity/Q15982597
Q981444,1,Hugo Verriest,"Belgian priest, teacher, poet and writer (1840 - 1922)",Q5,http://wikidata.org/entity/Q981444
Q2360914,1,Edward Gailliard,"Belgian historian, linguist, publisher and archivist (1841-1922)",Q5,http://wikidata.org/entity/Q2360914
Q113681935,1,Victor Van Coillie,"Belgian priest, teacher and writer (1838-1888)",Q5,http://wikidata.org/entity/Q113681935
Q113627806,1,Hendrik Karel Van Doorne,"priest, missionary, monastery director, vicar, pastor and friend of Guido Gezelle (1841 - 1914)",Q5,http://wikidata.org/entity/Q113627806
Q115820945,1,Edmond Houtave,"Belgian priest, teacher, school director and vicar general (1838 - 1911)",Q5,http://wikidata.org/entity/Q115820945
Q115979130,1,Augustinus De Geetere,Belgian priest and teacher,Q5,http://wikidata.org/entity/Q115979130
Q116621811,1,Marguerite Marie Josephine Sonck,letter correspondent of Guido Gezelle (1882-1924),Q5,http://wikidata.org/entity/Q116621811
Q117264774,1,Hélène Janssens,nun and letter correspondent of Guido Gezelle (1882-1929),Q5,http://wikidata.org/entity/Q117264774
Q2542423,1,Karel de Gheldere,Belgian poet and physician (1839-1913),Q5,http://wikidata.org/entity/Q2542423
Q2190493,1,Gustaaf Verriest,"Belgian writer, physician and academic teacher (1843 - 1918)",Q5,http://wikidata.org/entity/Q2190493
Q2546317,1,Eugeen van Oye,"Belgian doctor, writer, poet and publicist (1840-1926)",Q5,http://wikidata.org/entity/Q2546317
Q11071766,1,Alphonse de Voss,missionary and catholic bishop,Q5,http://wikidata.org/entity/Q11071766
Q115829623,1,Bruno De Splenter,"Belgian priest, teacher, missionary, pastor, dean and canon (1835 - 1899)",Q5,http://wikidata.org/entity/Q115829623
Q115979418,1,Aloysius Vandemaele,"Belgian priest, teacher and chaplain (1834 - 1912)",Q5,http://wikidata.org/entity/Q115979418
Q113754119,1,Adolf De Wolf,pharmacist and friend of Guido Gezelle (1844-1920),Q5,http://wikidata.org/entity/Q113754119
Q2496044,1,Gustave Henri Flamen,"Belgian priest, teacher, school director, poet and writer (1837 - 1920)",Q5,http://wikidata.org/entity/Q2496044
Q118725738,1,Georges William Gadd,engineer and company director (1842 - 1921),Q5,http://wikidata.org/entity/Q118725738
Q118732528,1,Pierre Laigneil,textile merchant,Q5,http://wikidata.org/entity/Q118732528
Q115817390,1,Victor Lanssen,"priest, educator, deservitor, coadjutor, curate and parish priest (1844-1904)",Q5,http://wikidata.org/entity/Q115817390
Q118765627,1,Maria Janssens,"daughter of Paul Janssens de Varebeke, sister of Hélène Janssens",Q5,http://wikidata.org/entity/Q118765627
Q119690392,1,Edmond Wallays,"priest, missionary and school principal (1842 - 1929)",Q5,http://wikidata.org/entity/Q119690392
Q115827696,1,Henricus Blancke,"priest, missionary, chaplain and vicar (1840-1912)",Q5,http://wikidata.org/entity/Q115827696
Q120176244,1,Jan De Neve,"father, priest and missionary (1836 - 1866)",Q5,http://wikidata.org/entity/Q120176244
Q115816445,1,Constantin Lagae,"father, priest and missionary (1841-1925)",Q5,http://wikidata.org/entity/Q115816445
Q120199426,1,Henry Edwin Harford,British priest and teacher,Q5,http://wikidata.org/entity/Q120199426
Q115819088,1,Karel Legein,"priest, teacher, coadjutor and curate (1837-1905)",Q5,http://wikidata.org/entity/Q115819088
Q120488140,1,Benedictus Sebastianus Andreas Bernolet,lawyer and magistrate,Q5,http://wikidata.org/entity/Q120488140
Q120488315,1,Frederik Bonte,priest and missionary,Q5,http://wikidata.org/entity/Q120488315
Q115820636,1,Edmond Neut,"father, priest and missionary (1841-1895)",Q5,http://wikidata.org/entity/Q115820636
Q115979964,1,Ivo Rufinus Bruno Delbaere,"Catholic priest, teacher, curate, pastor and playwright (1833-1887)",Q5,http://wikidata.org/entity/Q115979964
Q123415853,1,Serilus Ivo Camil Delbaere,"Catholic priest, curate, parish priest and spiritual director",Q5,http://wikidata.org/entity/Q123415853
Q123416074,1,Henri Delbaere,Catholic priest and missionary (1838-1901),Q5,http://wikidata.org/entity/Q123416074
Q115811033,1,Amandus Dambre,"priest, teacher, curate, parish priest, titular canon, inspector and director (1832-1906)",Q5,http://wikidata.org/entity/Q115811033
Q118792556,1,Edmund Benedict Hicks,priest and chaplain (1841 - 1869),Q5,http://wikidata.org/entity/Q118792556
Q125522168,1,Emiel Maria Dekiere,priest and missionary (born 1840),Q5,http://wikidata.org/entity/Q125522168
Q126551861,1,Theophiel Joseph Toye,doctor and politician (1837-1929),Q5,http://wikidata.org/entity/Q126551861
Q126113249,1,Domenico Pisani,person (1841-1902),Q5,http://wikidata.org/entity/Q126113249
Q126723671,1,Vincenzo Pisani,person (born 1843),Q5,http://wikidata.org/entity/Q126723671
Q115982585,1,Carolus Ludovicus Brondel,"priest, tutor, teacher, curate and spiritual director (1834–1924)",Q5,http://wikidata.org/entity/Q115982585
Q136759995,1,Edmond Désiré Deckmyn,"Jesuit, missionary and traveller-trader (1842–1917)",Q5,http://wikidata.org/entity/Q136759995
Q137585935,1,Delphin Louis Ernest Gailliard,physician and homeopath (1838-1898),Q5,http://wikidata.org/entity/Q137585935
Q116621699,1,Maria Magdalena Gezelle,letter correspondent and niece of Guido Gezelle (1878-1938),Q5,http://wikidata.org/entity/Q116621699
Q116621725,1,Maria Constantia Gezelle,"teacher, letter correspondent and aunt of Guido Gezelle (1801-1884)",Q5,http://wikidata.org/entity/Q116621725
Q116659577,1,Maria Josepha Gezelle,aunt of Guido Gezelle (1790-1876),Q5,http://wikidata.org/entity/Q116659577
Q116620739,1,Catherine de Kyvere,"nun, monastic superior and letter correspondent of Guido Gezelle (1833-1914)",Q5,http://wikidata.org/entity/Q116620739
Q116673220,1,Maria Philomena Lateur,nun (1877 - 1946),Q5,http://wikidata.org/entity/Q116673220
Q116672748,1,Marie Elise Amandine Lateur,older sister of Stijn Streuvels and niece of Guido Gezelle (1866-1950),Q5,http://wikidata.org/entity/Q116672748
Q117244211,1,Dymphna Gezelle,"nun, missionary, niece, superior and letter correspondent of Guido Gezelle (1873-1937)",Q5,http://wikidata.org/entity/Q117244211
Q117244596,1,Hortense Gezelle,letter correspondent and niece of Guido Gezelle (1866-1940),Q5,http://wikidata.org/entity/Q117244596
Q117244643,1,Philomena De Smet,"shop assistant, letter correspondent and sister-in-law of Guido Gezelle (1840-1912)",Q5,http://wikidata.org/entity/Q117244643
Q119260284,1,Pieter Jozef Gezelle,grandfather of Guido Gezelle,Q5,http://wikidata.org/entity/Q119260284
Q119261055,1,Anna Theresia Morice,spinner and grandmother of Guido Gezelle (1762–1821),Q5,http://wikidata.org/entity/Q119261055
Q119265494,1,Jozef De Vriese,farmer and grandfather of Guido Gezelle (1757-1839),Q5,http://wikidata.org/entity/Q119265494
Q119266430,1,Isabella Rosa De Riemaecker,grandmother of Guido Gezelle (1773-1845),Q5,http://wikidata.org/entity/Q119266430
Q119349274,1,Clara De Vriese,"person (geboren in 1796), aunt of Guido Gezelle",Q5,http://wikidata.org/entity/Q119349274
Q119349443,1,Coleta De Vriese,"person (born 1797), aunt of Guido Gezelle",Q5,http://wikidata.org/entity/Q119349443
Q119349594,1,Amelia De Vriese,"person (born 1799), aunt of Guido Gezelle",Q5,http://wikidata.org/entity/Q119349594
Q119349793,1,Josephus De Vriese,"person (1801-1877), uncle of Guido Gezelle",Q5,http://wikidata.org/entity/Q119349793
Q119362093,1,Karel De Vriese,uncle of Guido Gezelle,Q5,http://wikidata.org/entity/Q119362093
Q119361924,1,Eugenius De Vriese,"person (born 1808), uncle of Guido Gezelle",Q5,http://wikidata.org/entity/Q119361924
Q119362208,1,Leon De Vriese,uncle of Guido Gezelle,Q5,http://wikidata.org/entity/Q119362208
Q119362394,1,Rosalie Van Craeymeersch,"spinner (born 1810), aunt of Guido Gezelle",Q5,http://wikidata.org/entity/Q119362394
Q119362660,1,Reine De Bal,"person (1804-1882), aunt of Guido Gezelle",Q5,http://wikidata.org/entity/Q119362660
Q119396286,1,Jacobus Gezelle,uncle of Guido Gezelle,Q5,http://wikidata.org/entity/Q119396286
Q119395942,1,Pieter Frans Gezelle,"persoon (born 1785), uncle of Guido Gezelle",Q5,http://wikidata.org/entity/Q119395942
Q119396425,1,Catharina Gezelle,"person (born 1788), aunt of Guido Gezelle",Q5,http://wikidata.org/entity/Q119396425
Q119396108,1,Michaël Dominique Gezelle,"person (1795-1860), uncle of Guido Gezelle",Q5,http://wikidata.org/entity/Q119396108
Q119397067,1,Maria Theresia Debusschere,aunt of Guido Gezelle,Q5,http://wikidata.org/entity/Q119397067
Q119410907,1,Constantia Franciscus Dilgat,aunt of Guido Gezelle,Q5,http://wikidata.org/entity/Q119410907
Q119409510,1,Barbe Theresia Malfait,person,Q5,http://wikidata.org/entity/Q119409510
Q119397002,1,Charles Louis Dedeurwaerder,"boarding school owner, teacher, municipal collector and uncle of Guido Gezelle (1798-1857)",Q5,http://wikidata.org/entity/Q119397002
Q55770641,1,Jozef Gezelle,"flower grower, fireworks maker, taxidermist and painter (1867-1938), cousin of Guido Gezelle",Q5,http://wikidata.org/entity/Q55770641
Q118309918,1,Georges Gezelle,"person (1872-1934), cousin of Guido Gezelle",Q5,http://wikidata.org/entity/Q118309918
Q2154331,1,Caesar Gezelle,"Belgian poet, writer, politician, cousin and heir to the archive of Guido Gezelle (1875-1939)",Q5,http://wikidata.org/entity/Q2154331
Q119414177,1,Mathilde Gezelle,"person (1869-1870), niece of Guido Gezelle",Q5,http://wikidata.org/entity/Q119414177
Q175669,1,Stijn Streuvels,Belgian writer (1871–1969),Q5,http://wikidata.org/entity/Q175669
Q20902372,1,Karel Lateur,sculptor and younger brother of Frank Lateur (Stijn Streuvels),Q5,http://wikidata.org/entity/Q20902372
Q119418028,1,Maria Louisa Lateur,sister of Frank Lateur (Stijn Streuvels) (1865-1865),Q5,http://wikidata.org/entity/Q119418028
Q119419379,1,Camille Henri Joseph Lateur,older brother of Frank Lateur (Stijn Streuvels),Q5,http://wikidata.org/entity/Q119419379
Q125218820,1,Melanie De Vriese,niece of Guido Gezelle (1834-1890),Q5,http://wikidata.org/entity/Q125218820
Q125218763,1,Mathilde De Vriese,niece of Guido Gezelle (born 1836),Q5,http://wikidata.org/entity/Q125218763
Q125224053,1,Mathilde De Kyvere,nun and monastery superior (1843-1884),Q5,http://wikidata.org/entity/Q125224053
Q125224853,1,Ludovica Giselina De Vriese,person (1834-1840),Q5,http://wikidata.org/entity/Q125224853
Q125232852,1,Maria Theresia De Vriese,person (1835-1840),Q5,http://wikidata.org/entity/Q125232852
Q125233872,1,Karel De Vriese,person (1837-1840),Q5,http://wikidata.org/entity/Q125233872
Q125234939,1,Karel Lodewijk De Vriese,person (1838-1840),Q5,http://wikidata.org/entity/Q125234939
Q125235774,1,Karel Lodewijk De Vriese,person (1840-1912),Q5,http://wikidata.org/entity/Q125235774
Q125236669,1,Mathilde Guislena De Vriese,person (1843-1902),Q5,http://wikidata.org/entity/Q125236669
Q125237862,1,Theodorus De Vriese,person (born 1845),Q5,http://wikidata.org/entity/Q125237862
Q125246270,1,Felix Rigardus De Vriese,person (1846-1848),Q5,http://wikidata.org/entity/Q125246270
Q125246358,1,Henricus De Vriese,farmer (1849-1929),Q5,http://wikidata.org/entity/Q125246358
Q125246405,1,Clementia De Vriese,person (born 1850),Q5,http://wikidata.org/entity/Q125246405
Q125246469,1,Gustavus De Vriese,person (born 1853),Q5,http://wikidata.org/entity/Q125246469
Q129165482,1,Elise Mathilde Maria Gezelle,person (born and died in 1871),Q5,http://wikidata.org/entity/Q129165482
Q132134843,1,Marie Verhamme,person (1829-1914),Q5,http://wikidata.org/entity/Q132134843
Q132144201,1,Martinus Jacobus De Gheselle,person (1726-1777),Q5,http://wikidata.org/entity/Q132144201
Q137590676,1,Josepha De Vriese,person (1792-1876),Q5,http://wikidata.org/entity/Q137590676
Q126734065,1,Francisca Devriese,spinster (1790-1848),Q5,http://wikidata.org/entity/Q126734065
Q137590917,1,Lodewijk Baert,timber merchant (1798–1868),Q5,http://wikidata.org/entity/Q137590917
Q1867263,2,Klein Seminarie Roeselare,"Roeselare, West Flanders, Belgium",Q189004,http://wikidata.org/entity/Q1867263
Q118464734,1,English college,catholic secondary school located in Bruges,Q3914,http://wikidata.org/entity/Q118464734
Q118464788,1,English Seminary,seminar in the Belgian city of Bruges for mainly English but also Flemish students who wanted to do priestly work in the English Catholic dioceses,Q233324,http://wikidata.org/entity/Q118464788
Q2562388,1,Engels Klooster,"monastery and museum in Bruges, Belgium",Q44613,http://wikidata.org/entity/Q2562388
Q118464951,1,Congregation of the Sisters Paulinen,monastic community based in the Belgian city of Kortrijk,Q2061186,http://wikidata.org/entity/Q118464951
Q3977360,1,Sisters of the Child Jesus,Roman Catholic religious congregation for women,Q5135744,http://wikidata.org/entity/Q3977360
Q118727083,1,Patronaat van de Katrientjes,Roman Catholic education and training institute for young factory girls,Q642146,http://wikidata.org/entity/Q118727083
Q113557911,1,'t Jaer 30,catholic weekly newspaper in the Belgian city of Bruges,Q41298,http://wikidata.org/entity/Q113557911
Q118352039,1,Gazette van Kortrijk,catholic newspaper,Q11032,http://wikidata.org/entity/Q118352039
Q590398,1,Roman Catholic Diocese of Bruges,Catholic ecclesiastical territory in Belgium,Q3146899,http://wikidata.org/entity/Q590398
Q121734964,1,,,Q43229,http://wikidata.org/entity/Q121734964
Q123413231,1,Congregation of the Most Holy Name of Mary,congregation for (French-speaking) ladies from the middle class,Q15911314,http://wikidata.org/entity/Q123413231
Q2479554,1,Bruges seminary,seminary for priesthood candidates in Bruges,Q233324,http://wikidata.org/entity/Q2479554
Q118351827,1,Episcopal College Our-Lady Ter Duinen,catholic school in Bruges,Q189004,http://wikidata.org/entity/Q118351827
Q121735029,1,Private School Jan-Pieter Brans,private school in the Belgian city of Bruges,Q2385804,http://wikidata.org/entity/Q121735029
Q214131,1,Ignatz Waghalter,Polish-German composer and conductor (1881-1949),Q5,http://wikidata.org/entity/Q214131
Q58811025,1,Jacob Beimel,hazzan (1875–1944),Q5,http://wikidata.org/entity/Q58811025
Q440809,4,Friedrich Wieck,"German piano teacher, music critic and music educator (1785-1873)",Q5,http://wikidata.org/entity/Q440809
Q118652,2,Klindworth-Scharwenka Conservatory,school,Q3914,http://wikidata.org/entity/Q118652
Q984257,1,Rychliki,"village in Warmian-Masurian Voivodeship, Poland",Q3558970,http://wikidata.org/entity/Q984257
Q539158,2,Buttelstedt,municipality of Germany,Q42744322,http://wikidata.org/entity/Q539158
Q71009,1,Mulda,municipality of Germany,Q116457956,http://wikidata.org/entity/Q71009
Q46856,1,Bad Elster,municipality of Germany,Q42744322,http://wikidata.org/entity/Q46856
Q20243396,1,Joseph Franz Wolf,,Q5,http://wikidata.org/entity/Q20243396
Q1584263,1,"Lisie Kąty, Opole Voivodeship",village of Poland,Q3558970,http://wikidata.org/entity/Q1584263
Q878400,2,Peter Ludwig Hertel,German composer (1817-1899),Q5,http://wikidata.org/entity/Q878400
Q96776,1,Friedrich Wilhelm Berner,"German musician, composer and musicologist",Q5,http://wikidata.org/entity/Q96776
Q865717,1,Brocēni Municipality,municipality of Latvia between 2001 and 2021,Q110211119,http://wikidata.org/entity/Q865717
Q64691054,1,Otto Ernst von Keyserlingk,,Q5,http://wikidata.org/entity/Q64691054
Q110653939,1,,,Q5,http://wikidata.org/entity/Q110653939
Q539481,1,Keyserlingk,noble family,Q13417114,http://wikidata.org/entity/Q539481
Q3173957,1,Jean Philibert Maret,"French corps of bridges, waters and forests (1758–1827)",Q5,http://wikidata.org/entity/Q3173957
Q2254599,1,Étienne Hubert de Cambacérès,Roman Catholic cardinal,Q5,http://wikidata.org/entity/Q2254599
Q3168906,1,Jean-Pierre-Hugues Cambacérès,French soldier and officer (1778–1826),Q5,http://wikidata.org/entity/Q3168906
Q66490983,1,Jean-Antoine de Cambacérès,,Q5,http://wikidata.org/entity/Q66490983
Q61744603,1,Cambacérès,family,Q13417114,http://wikidata.org/entity/Q61744603
Q20723291,1,Faculté de droit et science politique de Montpellier,,Q4671277,http://wikidata.org/entity/Q20723291
Q1115762,1,Saint Warinus,Martyr of the Franks.,Q5,http://wikidata.org/entity/Q1115762
Q76300596,1,Bodilin von Trier,Peerage person ID=673130,Q5,http://wikidata.org/entity/Q76300596
Q76300425,1,Sigrade von Soissons,Peerage person ID=673002,Q5,http://wikidata.org/entity/Q76300425
Q549176,1,Epiry,"commune in Nièvre, France",Q484170,http://wikidata.org/entity/Q549176
Q190827,1,Autun,"commune in Saône-et-Loire, France",Q484170,http://wikidata.org/entity/Q190827
Q134096291,1,Léonor de Rabutin,,Q5,http://wikidata.org/entity/Q134096291
Q136730894,1,rue Monge,"street in Dijon, France",Q79007,http://wikidata.org/entity/Q136730894
Q2820655,1,Pontlevoy Abbey,"abbey located in Loir-et-Cher, in France",Q160742,http://wikidata.org/entity/Q2820655
Q979600,1,Collège des Quatre-Nations,educational institution in Paris (1661-1793),Q2385804,http://wikidata.org/entity/Q979600
Q136344988,1,Jonathan van Beuningen,governor of Curaçao (1678–1724),Q5,http://wikidata.org/entity/Q136344988
Q211423,1,goldsmith,metalworker who specializes in working with gold and other precious metals,Q28640,http://wikidata.org/entity/Q211423
Q1792338,1,art agent,agent who represents visual artists,Q28640,http://wikidata.org/entity/Q1792338
Q3796928,1,government employee,employee who works for a state or public office,Q12737077,http://wikidata.org/entity/Q3796928
Q4011,1,Wesel,city in Germany,Q1548518,http://wikidata.org/entity/Q4011
Q15096932,1,Ottendorf,"human settlement in Bahretal, Germany",Q253019,http://wikidata.org/entity/Q15096932
Q2845750,3,former 1st arrondissement of Paris,"one of the 12 administrative districts of Paris, France, before 1860",Q2845944,http://wikidata.org/entity/Q2845750
Q2936,4,Oldenburg,"town in Lower Saxony, Germany",Q1187811,http://wikidata.org/entity/Q2936
Q584682,1,Niederstotzingen,municipality in Germany,Q42744322,http://wikidata.org/entity/Q584682
Q640081,1,Wusterhusen,municipality of Germany,Q116457956,http://wikidata.org/entity/Q640081
Q55886435,1,Henriette Schubart,1769 - 1831,Q5,http://wikidata.org/entity/Q55886435
Q55886431,1,Gotthelf Schubart,1722 - 1791,Q5,http://wikidata.org/entity/Q55886431
Q1278808,1,Eberhard-Ludwigs-Gymnasium,"humanistic gymnasium in Stuttgart-Nord, Baden-Württemberg, Germany, founded 1686",Q1636697,http://wikidata.org/entity/Q1278808
Q2964980,1,Christian-Frédéric Pfeffel,French diplomat (1726-1807),Q5,http://wikidata.org/entity/Q2964980
Q130994,4,Colmar,"commune in Haut-Rhin, France",Q484170,http://wikidata.org/entity/Q130994
Q55858733,1,Johann Konrad Pfeffel,3 May 1682 Mündingen - 15 Mar 1738 Colmar,Q5,http://wikidata.org/entity/Q55858733
Q99951743,1,Anna Catharina Herr,18 May 1694 Colmar - 26 Dec 1773 Colmar,Q5,http://wikidata.org/entity/Q99951743
Q85793022,1,Pfeffel family,bavarian-German noble family,Q8436,http://wikidata.org/entity/Q85793022
Q54507037,1,Friedrich Franz von Kosegarten,German theologian (1772–1849),Q5,http://wikidata.org/entity/Q54507037
Q56734344,1,Christian Kosegarten,,Q5,http://wikidata.org/entity/Q56734344
Q56807420,1,Johann Joachim Kosegarten,,Q5,http://wikidata.org/entity/Q56807420
Q517353,1,Grevesmühlen,municipality in Germany,Q42744322,http://wikidata.org/entity/Q517353
Q55674051,1,Bernhard Christian Kosegarten,,Q5,http://wikidata.org/entity/Q55674051
Q137759273,1,,,Q5,http://wikidata.org/entity/Q137759273
Q1998397,1,Friedrich Albrecht Anton Meyer,German physician and naturalist (1768–1795),Q5,http://wikidata.org/entity/Q1998397
Q3489,1,Harburg,"quarter in Hamburg, Germany",Q15830667,http://wikidata.org/entity/Q3489
Q509282,1,Bramstedt,"Locality in the unitary community of Hagen im Bremischen in the Lower Saxony district of Cuxhaven, Germany",Q116457956,http://wikidata.org/entity/Q509282
Q81729,1,Radeberg,"town in Saxony, Germany",Q448801,http://wikidata.org/entity/Q81729
Q206961,1,Épinay-sur-Seine,"commune in Seine-Saint-Denis, France",Q484170,http://wikidata.org/entity/Q206961
Q57981249,1,Etienne Le Clerc,physician (1599-1676),Q5,http://wikidata.org/entity/Q57981249
Q21545824,1,Thomas Wopkens,Dutch classical philologist and high school teacher,Q5,http://wikidata.org/entity/Q21545824
Q1028885,1,Christian Friedrich Franckenstein,German historian,Q5,http://wikidata.org/entity/Q1028885
Q147934,2,Jelenia Góra,city with powiat rights of Poland,Q925381,http://wikidata.org/entity/Q147934
Q491611,1,Sinzing,municipality of Germany,Q116457956,http://wikidata.org/entity/Q491611
Q503330,1,Nandlstadt,market municipality of Germany,Q100341898,http://wikidata.org/entity/Q503330
Q1019173,1,Saint-Sever,"commune in Landes, France",Q484170,http://wikidata.org/entity/Q1019173
Q27265,12,University of Salzburg,university in Austria,Q3918,http://wikidata.org/entity/Q27265
Q501893,1,Osterbruch,"Municipality in the joint municipality of Land Hadeln in the district of Cuxhaven, Lower Saxony, Germany",Q116457956,http://wikidata.org/entity/Q501893
Q31644,1,Trostberg,"town in Bavaria, Germany",Q42744322,http://wikidata.org/entity/Q31644
Q468020,1,Jacqueline Pascal,French poet (1625-1661),Q5,http://wikidata.org/entity/Q468020
Q28973575,1,Gilberte Périer,"French biographer, sister of Blaise Pascal",Q5,http://wikidata.org/entity/Q28973575
Q111362759,1,birth house of Blaise Pascal,,Q19979289,http://wikidata.org/entity/Q111362759
Q2975160,1,Clairmont,former city in France,Q515,http://wikidata.org/entity/Q2975160
Q2140187,1,Étienne Pascal,French mathematician and tax collector,Q5,http://wikidata.org/entity/Q2140187
Q109833285,1,Antoinette Begon,mother of Blas Pascal,Q5,http://wikidata.org/entity/Q109833285
Q76127039,1,Marguerite Pascal,Peerage person ID=549772,Q5,http://wikidata.org/entity/Q76127039
Q41362650,1,Florin Périer,lawyer and brother-in-law of Blaise Pascal,Q5,http://wikidata.org/entity/Q41362650
Q124714241,1,Marguerite Pascal de Mons,,Q5,http://wikidata.org/entity/Q124714241
Q556312,2,Oettingen in Bayern,municipality of Germany,Q42744322,http://wikidata.org/entity/Q556312
Q784139,1,Dammartin-sur-Tigeaux,"commune in Seine-et-Marne, France",Q484170,http://wikidata.org/entity/Q784139
Q22992374,1,Collège des Oratoriens de Riom,,Q1244442,http://wikidata.org/entity/Q22992374
Q20749392,1,University of Paris (1215-1793). Law Faculty,1215-1793,Q2385804,http://wikidata.org/entity/Q20749392
Q68144,2,Zug,"capital of the canton of Zug, Switzerland",Q70208,http://wikidata.org/entity/Q68144
Q754314,1,Tusculum,"ancient Latin and Roman city and archeological site in the Alban Hills of Latium, Italy",Q109607,http://wikidata.org/entity/Q754314
Q11913304,2,Porcii Catones,branch of the Roman gens Porcia,Q104258569,http://wikidata.org/entity/Q11913304
Q16018,1,Steinfurt,"town in North Rhine-Westphalia, Germany",Q54935786,http://wikidata.org/entity/Q16018
Q181609,1,Lengerich,"town in North Rhine-Westphalia, Germany",Q42744322,http://wikidata.org/entity/Q181609
Q3161615,1,Jan Arntzenius,Dutch jurist,Q5,http://wikidata.org/entity/Q3161615
Q1446494,1,Franz Conrad Romanus,German politician (1671-1746),Q5,http://wikidata.org/entity/Q1446494
Q136087441,1,,,Q5,http://wikidata.org/entity/Q136087441
Q18945272,1,Fortunato da Brescia,(1701-1754),Q5,http://wikidata.org/entity/Q18945272
Q75484930,1,Gennaro de Félice,(1701-1785),Q5,http://wikidata.org/entity/Q75484930
Q75485106,1,Caterina Rossetti,Peerage person ID=170483,Q5,http://wikidata.org/entity/Q75485106
Q564366,1,Spantekow,municipality of Germany,Q116457956,http://wikidata.org/entity/Q564366
Q55914308,1,Johann Paul Adelung,,Q5,http://wikidata.org/entity/Q55914308
Q107351661,1,Pieter Huygen,,Q5,http://wikidata.org/entity/Q107351661
Q541956,1,Wittenberge,"town in Prignitz district. Brandenburg state, Germany",Q54935786,http://wikidata.org/entity/Q541956
Q1696044,1,Johann Rudolph Zwinger,Swiss anatomist (1692–1777),Q5,http://wikidata.org/entity/Q1696044
Q15898469,1,Johannes Georg Duvernoy,anatomist,Q5,http://wikidata.org/entity/Q15898469
Q110356049,1,Niklaus Emanuel Haller,,Q5,http://wikidata.org/entity/Q110356049
Q1410985,1,Karl Ludwig Friedrich Trendelenburg,,Q5,http://wikidata.org/entity/Q1410985
Q918824,1,military chaplain,ministers to military personnel,Q6857706,http://wikidata.org/entity/Q918824
Q1096508,1,Claude Bazin de Bezons,Royal counsellor,Q5,http://wikidata.org/entity/Q1096508
Q357889,1,"Jules, Prince of Guéméné",Prince of Guemene,Q5,http://wikidata.org/entity/Q357889
Q363636,1,Cardinal de Rohan,Catholic cardinal (1734-1803),Q5,http://wikidata.org/entity/Q363636
Q732718,1,"Louis Armand, Prince of Montbazon",French naval officer,Q5,http://wikidata.org/entity/Q732718
Q3133940,1,"Hercule Mériadec, Prince of Guéméné",French nobleman and Duke of Montbazon (1688-1757),Q5,http://wikidata.org/entity/Q3133940
Q3837647,1,Louise de Rohan,French noblewoman,Q5,http://wikidata.org/entity/Q3837647
Q160202,1,Franz Anton Mesmer,German physician,Q5,http://wikidata.org/entity/Q160202
Q700731,1,Medical University of Vienna,medical school in Austria,Q875538,http://wikidata.org/entity/Q700731
Q216966,1,Uzès,"commune in Gard, France",Q484170,http://wikidata.org/entity/Q216966
Q504887,1,Vaison-la-Romaine,"commune in Vaucluse, France",Q484170,http://wikidata.org/entity/Q504887
Q55986066,2,Hans Rudolf Füßli,painter (1680-1761),Q5,http://wikidata.org/entity/Q55986066
Q118064,1,Johann Heinrich Meyer,Swiss artist (1760-1832),Q5,http://wikidata.org/entity/Q118064
Q122186850,1,Noviciat des jésuites (Paris),former Jesuit novitiate located in Paris,Q14911880,http://wikidata.org/entity/Q122186850
Q231771,2,Montfort-sur-Meu,"commune in Ille-et-Vilaine, France",Q484170,http://wikidata.org/entity/Q231771
Q1411972,1,Saint-Laurent-sur-Sèvre,"commune in Vendée, France",Q484170,http://wikidata.org/entity/Q1411972
Q7067,2,Bietigheim-Bissingen,"town in the district of Ludwigsburg, Baden-Württemberg, Germany",Q42744322,http://wikidata.org/entity/Q7067
Q61814,1,"Joachim I Nestor, Elector of Brandenburg",Elector of Brandenburg,Q5,http://wikidata.org/entity/Q61814
Q266255,1,University of Dillingen,"former university in Dillingen an der Donau, Bavaria",Q3918,http://wikidata.org/entity/Q266255
Q65468,1,David Chytraeus,German historian and theologian (1531-1600),Q5,http://wikidata.org/entity/Q65468
Q1522381,1,Menzingen,"quarter of Kraichtal, Baden-Württemberg, Germany",Q253019,http://wikidata.org/entity/Q1522381
Q21763446,1,Theux,"town in Theux municipality, Belgium",Q532,http://wikidata.org/entity/Q21763446
Q82185,1,La Rochelle,"French commune and prefecture of Charente-Maritime, New Aquitaine",Q484170,http://wikidata.org/entity/Q82185
Q642326,1,Verneuil-sur-Seine,"commune in Yvelines, France",Q484170,http://wikidata.org/entity/Q642326
Q3109488,1,gnomonist,someone skilled in gnomonics,Q28640,http://wikidata.org/entity/Q3109488
Q383568,1,University of Valencia,"university in Valencia, Spain",Q875538,http://wikidata.org/entity/Q383568
Q700925,1,Schnifis,"municipality in Feldkirch District, Vorarlberg, Austria",Q667509,http://wikidata.org/entity/Q700925
Q12316990,1,court chaplain,,Q3139516,http://wikidata.org/entity/Q12316990
Q693007,1,Laubach,human settlement in Germany,Q116457956,http://wikidata.org/entity/Q693007
Q100113,1,Zocca,Italian comune,Q747074,http://wikidata.org/entity/Q100113
Q570596,1,"Gustav Adolph, Duke of Mecklenburg-Güstrow",Last Duke of Mecklenburg-Güstrow and last Administrator of Ratzeburg,Q5,http://wikidata.org/entity/Q570596
Q18684029,1,Christine Margarete von Mecklenburg-Schwerin,(1615-1666),Q5,http://wikidata.org/entity/Q18684029
Q16147,3,Güstrow,"town in Mecklenburg-Western Pomerania, Germany",Q42744322,http://wikidata.org/entity/Q16147
Q571404,1,"John Albert II, Duke of Mecklenburg","Co-ruler of Mecklenburg, later ruler of Mecklenburg-Güstrow",Q5,http://wikidata.org/entity/Q571404
Q6204546,1,Margaret Elizabeth of Mecklenburg,(1584-1616),Q5,http://wikidata.org/entity/Q6204546
Q700158,1,House of Mecklenburg,noble family,Q13417114,http://wikidata.org/entity/Q700158
Q19667575,1,Marie Elisabeth of Brunswick-Wolfenbüttel,(1638-1687),Q5,http://wikidata.org/entity/Q19667575
Q11739616,1,Clara Augusta Brunswick-Luneburg,(1632-1700),Q5,http://wikidata.org/entity/Q11739616
Q9348705,1,Sibylle Ursula of Brunswick-Wolfenbüttel,(1629-1671),Q5,http://wikidata.org/entity/Q9348705
Q697249,1,"Ferdinand Albert I, Duke of Brunswick-Lüneburg",First Duke of Brunswick-Bevern,Q5,http://wikidata.org/entity/Q697249
Q65655,1,"Rudolph Augustus, Duke of Brunswick-Lüneburg","Duke of Brunswick-Lüneburg, Prince of Wolfenbüttel",Q5,http://wikidata.org/entity/Q65655
Q572535,1,Hitzacker,municipality of Germany,Q42744322,http://wikidata.org/entity/Q572535
Q1363143,1,Salzdahlum,"quarter of Wolfenbüttel in Lower Saxony, Germany",Q253019,http://wikidata.org/entity/Q1363143
Q61963,1,"Augustus the Younger, Duke of Brunswick-Lüneburg",Duke of Brunswick-Lüneburg and Prince of Wolfenbüttel (1579-1666),Q5,http://wikidata.org/entity/Q61963
Q66823,1,Dorothea of Anhalt-Zerbst,Duchess of Brunswick-Wolfenbüttel (1607-1634),Q5,http://wikidata.org/entity/Q66823
Q156433,1,House of Welf,European nobility lineage,Q13417114,http://wikidata.org/entity/Q156433
Q1020217,1,Minehead,"town in Somerset, England",Q3957,http://wikidata.org/entity/Q1020217
Q65940371,1,Gerard Brandt,Dutch scientific instrument maker (1594-1659),Q5,http://wikidata.org/entity/Q65940371
Q107103266,1,Neeltje Jeroens,1589 - 1644,Q5,http://wikidata.org/entity/Q107103266
Q38221086,1,Rudolf Christian Wagner,Medicinae Dr. Friedrich-Schiller-Universität Jena 1708,Q5,http://wikidata.org/entity/Q38221086
Q94530370,1,Georg Ludwig Zinzendorf,German noble (1662-1700),Q5,http://wikidata.org/entity/Q94530370
Q105803535,1,Carlotta Justina von Gersdorff,German noblewoman (1675-1763),Q5,http://wikidata.org/entity/Q105803535
Q2254403,1,Clive,"village and civil parish in Shropshire, England",Q532,http://wikidata.org/entity/Q2254403
Q94754713,1,Dorothea Elisabeth Voß,,Q5,http://wikidata.org/entity/Q94754713
Q2300615,1,Sommerstorf,human settlement in Germany,Q486972,http://wikidata.org/entity/Q2300615
Q17354615,1,François V de La Rochefoucauld,(1588-1650),Q5,http://wikidata.org/entity/Q17354615
Q108941990,1,Gabrielle du Plessis-Liancourt,- 1672,Q5,http://wikidata.org/entity/Q108941990
Q1390486,1,Fabio Brulart de Sillery,Roman Catholic bishop,Q5,http://wikidata.org/entity/Q1390486
Q1513044,1,House of La Rochefoucauld,French noble family,Q13417114,http://wikidata.org/entity/Q1513044
Q43805718,1,Françoise de Lansac,French courtier (1582-1657),Q5,http://wikidata.org/entity/Q43805718
Q3106589,1,Gilles de Souvré,,Q5,http://wikidata.org/entity/Q3106589
Q3160347,1,Jacques de Souvré,,Q5,http://wikidata.org/entity/Q3160347
Q645384,1,Bessé-sur-Braye,"commune in Sarthe, France",Q484170,http://wikidata.org/entity/Q645384
Q3106577,1,"Gilles de Souvré, Marquis de Courtanvaux, Baron de Lezines",Marshal of France,Q5,http://wikidata.org/entity/Q3106577
Q108941986,1,"Françoise de Bailleul, Dame de Renouard-en-Normandie",,Q5,http://wikidata.org/entity/Q108941986
Q55664522,1,Johannes de Quercu,Early Renaissance scholar,Q5,http://wikidata.org/entity/Q55664522
Q55664557,1,Guillelmus Carnificis,Early Renaissance scholar,Q5,http://wikidata.org/entity/Q55664557
Q180871,1,Compiègne,French commune in Oise,Q484170,http://wikidata.org/entity/Q180871
Q281179,1,Jean Gerson,French academic (1363/1369–1429),Q5,http://wikidata.org/entity/Q281179
Q744014,1,Nicholas of Clamanges,French philosopher and theologian,Q5,http://wikidata.org/entity/Q744014
Q94995786,1,Synthesized horns,,Q110295396,http://wikidata.org/entity/Q94995786
Q126904587,1,Eduard Heinrich von Busch,Baltic German educator (1811-1900),Q5,http://wikidata.org/entity/Q126904587
Q135088801,1,,,Q5,http://wikidata.org/entity/Q135088801
Q54128,1,domestic worker,person who works within the scope of a residence,Q28640,http://wikidata.org/entity/Q54128
Q112751238,1,Levin Arnold Ebeling,,Q5,http://wikidata.org/entity/Q112751238
Q58488093,1,Johann Dietrich Philipp Christian Ebeling,,Q5,http://wikidata.org/entity/Q58488093
Q2306091,23,sociologist,scientist working in sociology,Q28640,http://wikidata.org/entity/Q2306091
Q131252,27,University of Chicago,"private university in Chicago, Illinois",Q902104,http://wikidata.org/entity/Q131252
Q30059961,1,paleobotanist,person who practices paleobotany,Q28640,http://wikidata.org/entity/Q30059961
Q985594,1,Newport,"county town of the Isle of Wight, in England, UK",Q3957,http://wikidata.org/entity/Q985594
Q1700135,1,Midhurst,"town in West Sussex, England, UK",Q3957,http://wikidata.org/entity/Q1700135
Q9531,3,British Broadcasting Corporation,British public service broadcaster,Q1126006,http://wikidata.org/entity/Q9531
Q12055,2,Eilenburg,"town in Saxony, Germany",Q448801,http://wikidata.org/entity/Q12055
Q130857,1,disc jockey,person who plays recorded music for an audience,Q66715801,http://wikidata.org/entity/Q130857
Q1358565,1,,Dutch businessman (born 1942),Q5,http://wikidata.org/entity/Q1358565
Q287072,3,University of Burgundy Europe,French University in Dijon (1722-),Q2385804,http://wikidata.org/entity/Q287072
Q120135387,1,David Eldar,,Q5,http://wikidata.org/entity/Q120135387
Q6254879,1,David Åhlén,Swedish musician,Q5,http://wikidata.org/entity/Q6254879
Q10519540,1,,,Q615980,http://wikidata.org/entity/Q10519540
Q10532196,1,Högalid Parish,"Lutheran parish in Stockholm Municipality, Sweden",Q615980,http://wikidata.org/entity/Q10532196
Q503415,6,University of Maryland,"public research university in the city of College Park in Prince George's County, Maryland, USA",Q62078547,http://wikidata.org/entity/Q503415
Q33512335,1,Flushing,city in the Netherlands,Q486972,http://wikidata.org/entity/Q33512335
Q917350,1,Southbury,"town in New Haven County, Connecticut, United States",Q15127012,http://wikidata.org/entity/Q917350
Q503763,1,,"town in Bavaria, Germany",Q42744322,http://wikidata.org/entity/Q503763
Q20198542,23,music historian,occupation,Q28640,http://wikidata.org/entity/Q20198542
Q695631,1,Los Teques,city in Venezuela,Q515,http://wikidata.org/entity/Q695631
Q11928058,1,Joaquim Alier i Gómez,Spanish physician (1907-1968),Q5,http://wikidata.org/entity/Q11928058
Q219615,4,University of Barcelona,"public research university located in Barcelona, Catalonia",Q875538,http://wikidata.org/entity/Q219615
Q2386124,4,Conservatori Superior de Música del Liceu,Musicians school in Spain,Q184644,http://wikidata.org/entity/Q2386124
Q901,6,scientist,person who use scientific methods to study in an area of interest,Q28640,http://wikidata.org/entity/Q901
Q780596,7,exhibition curator,person in charge of organising an exhibition,Q28640,http://wikidata.org/entity/Q780596
Q833822,3,University of Kassel,Kassel University,Q875538,http://wikidata.org/entity/Q833822
Q1361667,2,Roberto Longhi,Italian art historian (1890-1970),Q5,http://wikidata.org/entity/Q1361667
Q99950,1,Predappio,Italian comune,Q747074,http://wikidata.org/entity/Q99950
Q44160,1,Toulon,"capital city of Var department, Southern France",Q484170,http://wikidata.org/entity/Q44160
Q94803298,1,Anton Nikolaus Ammerbach,,Q5,http://wikidata.org/entity/Q94803298
Q12321320,1,Karen Marie Andersen,sister of Danish fairytale writer Hans Christian Andersen,Q5,http://wikidata.org/entity/Q12321320
Q25331,1,Odense,"main city of the island of Funen, Denmark",Q1549591,http://wikidata.org/entity/Q25331
Q12315229,1,Hans Andersen,Danish shoemaker (1782-1816). Father of author Hans Christian Andersen.,Q5,http://wikidata.org/entity/Q12315229
Q12301841,1,Anne Marie Andersdatter,Danish washerwoman (1768-1833). Mother of author Hans Christian Andersen.,Q5,http://wikidata.org/entity/Q12301841
Q12335994,1,Slagelse Gymnasium,,Q16969697,http://wikidata.org/entity/Q12335994
Q16100,1,Herrenberg,"city in Baden-Württemberg, Germany",Q42744322,http://wikidata.org/entity/Q16100
Q1413855,1,Johannes Andreae,German theologian (1554-1601),Q5,http://wikidata.org/entity/Q1413855
Q896868,1,Evangelical-Lutheran Church in Württemberg,"protestant church of Württemberg, Germany",Q565744,http://wikidata.org/entity/Q896868
Q1490832,1,Gadderbaum,"urban district of Bielefeld, Germany",Q2740635,http://wikidata.org/entity/Q1490832
Q260687,1,Neumarkt am Wallersee,"municipality in Salzburg-Umgebung District, Salzburg, Austria",Q667509,http://wikidata.org/entity/Q260687
Q871369,10,Mozarteum University Salzburg,"university in Salzburg, Austria",Q3918,http://wikidata.org/entity/Q871369
Q9379717,1,"Faculty of Theology, Adam Mickiewicz University",,Q4671277,http://wikidata.org/entity/Q9379717
Q179036,3,The Catholic University of America,"private Catholic University in Washington, D.C.",Q557206,http://wikidata.org/entity/Q179036
Q175529,2,John Paul II Catholic University of Lublin,"Catholic university in Lublin, Poland",Q3918,http://wikidata.org/entity/Q175529
Q106696098,1,Graziadio Antegnati,Italian organ builder,Q5,http://wikidata.org/entity/Q106696098
Q171689,8,12th arrondissement of Paris,"one of the 20 administrative districts of Paris, France",Q702842,http://wikidata.org/entity/Q171689
Q369954,1,Bry-sur-Marne,"commune in Val-de-Marne, France",Q484170,http://wikidata.org/entity/Q369954
Q55771123,1,Georges Mongredien,,Q5,http://wikidata.org/entity/Q55771123
Q546118,10,Paris-Sorbonne University - Paris IV,French university (1971-2018),Q3551775,http://wikidata.org/entity/Q546118
Q52838310,2,Ospedale Civile,"primary school in Belluno, Belluno, Veneto, Italy",Q9842,http://wikidata.org/entity/Q52838310
Q1758474,2,University of Parma,university in Italy,Q875538,http://wikidata.org/entity/Q1758474
Q661811,1,Vorchdorf,"municipality in Gmunden District, Upper Austria, Austria",Q562061,http://wikidata.org/entity/Q661811
Q622683,8,University of Graz,"university in Graz, Austria",Q3918,http://wikidata.org/entity/Q622683
Q259893,1,Bruck an der Mur,city in Styria,Q667509,http://wikidata.org/entity/Q259893
Q490385,3,Bloomington,"county seat of Monroe County, Indiana, United States",Q1093829,http://wikidata.org/entity/Q490385
Q37320,8,Cleveland,"city in and county seat of Cuyahoga County, Ohio, United States",Q1093829,http://wikidata.org/entity/Q37320
Q47469158,1,Luca Ripa,Renaissance Italian scholar,Q5,http://wikidata.org/entity/Q47469158
Q21272258,1,Gabriele Ariosto,Italian poet,Q5,http://wikidata.org/entity/Q21272258
Q13360,2,Reggio Emilia,Italian commune (comune) in Emilia-Romagna,Q747074,http://wikidata.org/entity/Q13360
Q319557,1,Matteo Maria Boiardo,Italian writer,Q5,http://wikidata.org/entity/Q319557
Q10051,1,Oudewater,municipality in the Netherlands,Q2039348,http://wikidata.org/entity/Q10051
Q131725756,1,Herman Jacobsz.,,Q5,http://wikidata.org/entity/Q131725756
Q501761,1,Lexington,"independent city in Virginia, United States",Q1266818,http://wikidata.org/entity/Q501761
Q1739029,1,Kent,"town in Litchfield County, Connecticut, United States",Q2154459,http://wikidata.org/entity/Q1739029
Q1797609,1,Hampden–Sydney College,"private men's college in Virginia, United States",Q6540832,http://wikidata.org/entity/Q1797609
Q28776412,1,book collector,person who collects books,Q12737077,http://wikidata.org/entity/Q28776412
Q3381574,1,architectural photographer,photographer specialized on architecture,Q28640,http://wikidata.org/entity/Q3381574
Q6544,2,Libourne,"commune in Gironde, France",Q484170,http://wikidata.org/entity/Q6544
Q187153,13,14th arrondissement of Paris,one of the arrondissements of the capital city of France,Q702842,http://wikidata.org/entity/Q187153
Q13855,1,Vic,"municipality in the Barcelona Province, Catalonia",Q33146843,http://wikidata.org/entity/Q13855
Q56753904,1,Nestore Zavattori,Honduran composer,Q5,http://wikidata.org/entity/Q56753904
Q18419,9,Brooklyn,"borough of New York City, New York, United States",Q408804,http://wikidata.org/entity/Q18419
Q1229025,4,typographer,typography worker,Q28640,http://wikidata.org/entity/Q1229025
Q572682,1,Meeder,municipality of Germany,Q116457956,http://wikidata.org/entity/Q572682
Q1492731,1,Rudolf Wedekind,German theologian (1716-1778),Q5,http://wikidata.org/entity/Q1492731
Q4100,5,Baden-Baden,"town in Baden-Württemberg, Germany",Q4946461,http://wikidata.org/entity/Q4100
Q659063,1,Gmina Skąpe,rural gmina of Poland,Q3504085,http://wikidata.org/entity/Q659063
Q8234,1,Rosenthal-Bielatal,"municipality in the Sächsische Schweiz-Osterzgebirge district, in Saxony, Germany",Q116457956,http://wikidata.org/entity/Q8234
Q94856416,1,Heinrich Telemann,,Q5,http://wikidata.org/entity/Q94856416
Q866012,3,University of Queensland,university in Australia,Q875538,http://wikidata.org/entity/Q866012
Q1278780,1,Southern Cross University,university in Australia,Q875538,http://wikidata.org/entity/Q1278780
Q534643,2,University of the Witwatersrand,"public research university in Johannesburg, South Africa",Q62078547,http://wikidata.org/entity/Q534643
Q30296100,1,AgriBio,"facility in Melbourne, Australia",Q13226383,http://wikidata.org/entity/Q30296100
Q30264145,2,Sugar Research Australia Limited,"company in Brisbane, Australia",Q4830453,http://wikidata.org/entity/Q30264145
Q6972090,1,National Dairy Development Board,Indian statutory body,Q4830453,http://wikidata.org/entity/Q6972090
Q212980,36,psychologist,"professional who evaluates, diagnoses, treats, and studies behavior and mental processes",Q28640,http://wikidata.org/entity/Q212980
Q1996975,1,Caterham,"town in Tandridge district, Surrey, England",Q3957,http://wikidata.org/entity/Q1996975
Q633357,1,Lormes,"commune in Nièvre, France",Q484170,http://wikidata.org/entity/Q633357
Q633529,9,Erasmus University Rotterdam,public research university in the Netherlands,Q875538,http://wikidata.org/entity/Q633529
Q816699,1,Culemborg,city and municipality in the Netherlands,Q2039348,http://wikidata.org/entity/Q816699
Q663350,1,Hatfield,"town and civil parish in the Metropolitan Borough of Doncaster in South Yorkshire, England",Q3957,http://wikidata.org/entity/Q663350
Q65087205,1,York College for Girls,"independent school in York, United Kingdom",Q2418495,http://wikidata.org/entity/Q65087205
Q12362622,1,philanthropist,person known for philanthropic work,Q12737077,http://wikidata.org/entity/Q12362622
Q2038639,1,Van Eeghen family,Dutch noble family,Q8436,http://wikidata.org/entity/Q2038639
Q2170763,2,Stadsarchief Amsterdam,municipal archive of Amsterdam,Q604177,http://wikidata.org/entity/Q2170763
Q3299324,1,Oisterwijk,"city in Oisterwijk, the Netherlands",Q13539802,http://wikidata.org/entity/Q3299324
Q1495811,2,organ expert,expert about musical organs,Q28640,http://wikidata.org/entity/Q1495811
Q326408,1,Ginés Pérez de la Parra,Spanish musician,Q5,http://wikidata.org/entity/Q326408
Q114942296,1,Marcelo Settimio,,Q5,http://wikidata.org/entity/Q114942296
Q125526763,1,Jerónimo Comes,Spanish composer,Q5,http://wikidata.org/entity/Q125526763
Q1476738,1,Catholic University of the West,"private university located in Angers, France",Q902104,http://wikidata.org/entity/Q1476738
Q3268936,1,lycée Saint-Stanislas,Private catholic school in Nantes,Q2511322,http://wikidata.org/entity/Q3268936
Q259388,1,Nantes University,French university based in Nantes,Q3551775,http://wikidata.org/entity/Q259388
Q459026,1,University of Rennes 2 – Upper Brittany,French university in Brittany founded in 1971,Q3551775,http://wikidata.org/entity/Q459026
Q13486,1,Andria,"city and comune in Apulia, Italy",Q747074,http://wikidata.org/entity/Q13486
Q22583642,1,Cremona state library,public library in Cremona,Q11834910,http://wikidata.org/entity/Q22583642
Q60332383,1,conservatoire Hector-Berlioz,music school in Paris 10th arrondissement,Q184644,http://wikidata.org/entity/Q60332383
Q3438876,1,Johannes Glob,Danish painter (1882-1955),Q5,http://wikidata.org/entity/Q3438876
Q20903400,1,Peter Rostrup Bøyesen,Danish painter (1882-1952),Q5,http://wikidata.org/entity/Q20903400
Q976826,1,Laurits Tuxen,Danish artist (1853-1927),Q5,http://wikidata.org/entity/Q976826
Q1769431,1,Johan Nordhagen,Norwegian artist (1856-1956),Q5,http://wikidata.org/entity/Q1769431
Q21184,1,Køge,town in Denmark,Q515,http://wikidata.org/entity/Q21184
Q11982829,1,Copenhagen Technical College,former higher education institution in Denmark,Q2385804,http://wikidata.org/entity/Q11982829
Q1641001,4,Royal Danish Academy of Fine Arts,art school in Denmark,Q383092,http://wikidata.org/entity/Q1641001
Q642186,1,Maximiliano Gutierrez,Italian composer and singer,Q5,http://wikidata.org/entity/Q642186
Q72125,2,Giugliano in Campania,Italian comune,Q747074,http://wikidata.org/entity/Q72125
Q273579,3,École nationale d'administration,"French graduate school (""grande école"") (1945–2021)",Q847027,http://wikidata.org/entity/Q273579
Q15149908,2,former 11th arrondissement of Paris,"one of the twelve administrative districts of Paris, France, before 1860",Q2845944,http://wikidata.org/entity/Q15149908
Q3184256,1,Joseph-François Baudelaire,French catholic priest (1759-1827),Q5,http://wikidata.org/entity/Q3184256
Q15973389,1,Caroline Aupick,mother of French poet Charles Baudelaire,Q5,http://wikidata.org/entity/Q15973389
Q189022,5,Imperial College London,"public research university located in London, United Kingdom",Q62078547,http://wikidata.org/entity/Q189022
Q1079140,3,Indiana University Bloomington,"public research university located in Bloomington, Indiana, U.S. (flagship campus of the Indiana University system)",Q62078547,http://wikidata.org/entity/Q1079140
Q3877545,1,Rowton,"village in Telford and Wrekin, Shropshire, United Kingdom",Q532,http://wikidata.org/entity/Q3877545
Q193929,3,Suresnes,"French commune in Hauts-de-Seine, Île-de-France",Q484170,http://wikidata.org/entity/Q193929
Q163948,5,10ᵗʰ arrondissement of Paris,"one of the 20 administrative districts of Paris, France",Q702842,http://wikidata.org/entity/Q163948
Q2943078,3,Caudéran,"former commune in Gironde, France",Q484170,http://wikidata.org/entity/Q2943078
Q108471222,1,Hendrick Beck,,Q5,http://wikidata.org/entity/Q108471222
Q744948,1,New Rochelle,"city in Westchester County, State of New York, United States, suburb of NYC",Q1093829,http://wikidata.org/entity/Q744948
Q11299,9,Manhattan,"borough of New York City, New York, United States",Q408804,http://wikidata.org/entity/Q11299
Q701305,1,Nordgermersleben,human settlement in Germany,Q253019,http://wikidata.org/entity/Q701305
Q2103,6,Bochum,"city in North Rhine-Westphalia, Germany",Q253030,http://wikidata.org/entity/Q2103
Q309948,7,Ruhr University Bochum,university in Germany,Q875538,http://wikidata.org/entity/Q309948
Q3963,1,Fulda,"seat of Landkreis Fulda and city in Hesse, Germany",Q134626,http://wikidata.org/entity/Q3963
Q680468,1,Sankt Georgen im Attergau,"municipality in Vöcklabruck District, Upper Austria, Austria",Q562061,http://wikidata.org/entity/Q680468
Q3117,3,Bergisch Gladbach,"city in North Rhine-Westphalia, Germany",Q1548518,http://wikidata.org/entity/Q3117
Q3046,3,Pforzheim,"city in Baden-Württemberg, Germany",Q2327515,http://wikidata.org/entity/Q3046
Q670897,2,Arizona State University,"public university in Tempe, Arizona, US",Q3918,http://wikidata.org/entity/Q670897
Q568692,4,State University of Music and Performing Arts Stuttgart,music school,Q184644,http://wikidata.org/entity/Q568692
Q586464,1,Liré,"former commune in Maine-et-Loire, France",Q484170,http://wikidata.org/entity/Q586464
Q123536485,1,Jean III du Bellay,,Q5,http://wikidata.org/entity/Q123536485
Q108742957,1,"Jean du Bellay, Seigneur de Gizeux",- 18 Sep 1480,Q5,http://wikidata.org/entity/Q108742957
Q3065111,1,du Bellay family,family,Q13417114,http://wikidata.org/entity/Q3065111
Q664028,2,Lucerne University of Applied Sciences and Arts,university,Q15850083,http://wikidata.org/entity/Q664028
Q536163,3,Hochschule für Musik Franz Liszt Weimar,"music school in Weimar, Germany",Q184644,http://wikidata.org/entity/Q536163
Q330488,1,Vincenzo Ugolini,Italian composer (1570–1638),Q5,http://wikidata.org/entity/Q330488
Q3549,1,Šibenik,"city and settlement in Šibenik-Knin County, Croatia",Q15105893,http://wikidata.org/entity/Q3549
Q58008841,1,University of Iowa Libraries,academic library system of the university of Iowa,Q856234,http://wikidata.org/entity/Q58008841
Q1446181,5,Hunter College,university in New York City,Q3918,http://wikidata.org/entity/Q1446181
Q437187,1,Senda Berenson Abbott,Russian-American Hall of Fame basketball pioneer (1868–1954),Q5,http://wikidata.org/entity/Q437187
Q96216053,1,Abram G. 'Abie' Berenson,1873 -,Q5,http://wikidata.org/entity/Q96216053
Q216,6,Vilnius,capital and largest city of Lithuania,Q515,http://wikidata.org/entity/Q216
Q96081816,1,Albert Valvrojenski,(1845-1920),Q5,http://wikidata.org/entity/Q96081816
Q96081817,1,Judith Mickleshanki,1849 -,Q5,http://wikidata.org/entity/Q96081817
Q328494,1,Logan Pearsall Smith,British American-born writer,Q5,http://wikidata.org/entity/Q328494
Q4738704,1,Alys Pearsall Smith,Wife of Bertrand Russell,Q5,http://wikidata.org/entity/Q4738704
Q1747963,1,Robert Pearsall Smith,American Quaker leader (1827-1898),Q5,http://wikidata.org/entity/Q1747963
Q537714,1,Hannah Whitall Smith,American writer (1832–1911),Q5,http://wikidata.org/entity/Q537714
Q49204,5,Smith College,private women's liberal arts college in Massachusetts,Q3918,http://wikidata.org/entity/Q49204
Q49124,5,Radcliffe College,"women's college in Cambridge, Massachusetts (1879-1999)",Q189004,http://wikidata.org/entity/Q49124
Q1462713,1,Friedrich Wagner,German theologian (1693-1760),Q5,http://wikidata.org/entity/Q1462713
Q696223,1,Karow,"District of Jerichow, Saxony-Anhalt, Germany",Q253019,http://wikidata.org/entity/Q696223
Q486985,2,Salzwedel,"town in Saxony-Anhalt, Germany",Q707813,http://wikidata.org/entity/Q486985
Q203312,3,Uccle,"municipality in the Brussels-Capital Region, Belgium",Q493522,http://wikidata.org/entity/Q203312
Q1075656,2,Bilthoven,village in the Netherlands,Q532,http://wikidata.org/entity/Q1075656
Q55682744,1,August Johan Bernet Kempers,,Q5,http://wikidata.org/entity/Q55682744
Q16220881,1,Nijkerk,"town in Nijkerk, Netherlands",Q515,http://wikidata.org/entity/Q16220881
Q9431,1,Lombardore,Italian comune,Q747074,http://wikidata.org/entity/Q9431
Q499911,9,University of Turin,"university in Turin, Italy",Q3918,http://wikidata.org/entity/Q499911
Q5574577,2,Christian Friedrich Georg Berwald,Swedish violinist,Q5,http://wikidata.org/entity/Q5574577
Q3365684,1,Jean Baptiste Édouard Du Puy,Swiss musician,Q5,http://wikidata.org/entity/Q3365684
Q5574572,1,August Berwald,Swedish composer (1798-1869),Q5,http://wikidata.org/entity/Q5574572
Q5544287,1,Johan Alfred Ahlström,,Q5,http://wikidata.org/entity/Q5544287
Q4158093,1,Joseph Gottlieb Dente,Swedish composer and conductor (1838–1905),Q5,http://wikidata.org/entity/Q4158093
Q6015904,1,Conrad Nordqvist,Swedish conductor and musicologist,Q5,http://wikidata.org/entity/Q6015904
Q4982446,1,Hilda Thegerström,Swedish pianist,Q5,http://wikidata.org/entity/Q4982446
Q92689,1,Sopot,town in Poland,Q925381,http://wikidata.org/entity/Q92689
Q437358,1,Altenkrempe,municipality of Germany,Q116457956,http://wikidata.org/entity/Q437358
Q64964,1,Celerina/Schlarigna,municipality in Switzerland,Q70208,http://wikidata.org/entity/Q64964
Q69085,1,Samedan,municipality in the canton of the Grisons in Switzerland,Q70208,http://wikidata.org/entity/Q69085
Q206702,6,University of Zurich,"public research university in Zurich, Switzerland",Q3918,http://wikidata.org/entity/Q206702
Q1136663,1,Cotta,human settlement in Germany,Q253019,http://wikidata.org/entity/Q1136663
Q153015,2,Kingdom of Saxony,former German state (1806-1918),Q3024240,http://wikidata.org/entity/Q153015
Q1761686,1,Stráž pod Ralskem,town in the Czechia,Q5153359,http://wikidata.org/entity/Q1761686
Q28052592,1,Sarah Greenaway Miall,English rally driver and novelist,Q5,http://wikidata.org/entity/Q28052592
Q43371216,1,Gordon Leith,architect,Q5,http://wikidata.org/entity/Q43371216
Q458393,6,Durham University,"collegiate public research university in Durham, England, United Kingdom",Q3354859,http://wikidata.org/entity/Q458393
Q1059517,3,Winchester College,"boarding school in Winchester, Hampshire, England, UK",Q3238833,http://wikidata.org/entity/Q1059517
Q1474129,1,Towson University,"university in Maryland, United States",Q3918,http://wikidata.org/entity/Q1474129
Q7193665,1,Pikesville High School,"high school in Maryland, United States",Q9826,http://wikidata.org/entity/Q7193665
Q20079,1,Kirchberg,"town in Saxony, Germany",Q42744322,http://wikidata.org/entity/Q20079
Q1537759,1,Loyola University Chicago,"Catholic research university in Chicago, Illinois, USA",Q3918,http://wikidata.org/entity/Q1537759
Q232276,1,Constance of Austria,Queen consort of Poland and Sweden,Q5,http://wikidata.org/entity/Q232276
Q440987,1,Archduchess Gregoria Maximiliana of Austria,Austrian archduchess,Q5,http://wikidata.org/entity/Q440987
Q271835,1,"Princess Maria Christina I, Princess of Transylvania",Princess Consort of Transylvania and Austrian archduchess (1574-1621),Q5,http://wikidata.org/entity/Q271835
Q458114,1,Archduchess Catherine Renata of Austria,Austrian archduchess,Q5,http://wikidata.org/entity/Q458114
Q79077,1,Archduchess Eleonore of Austria,Archduchess of Austria,Q5,http://wikidata.org/entity/Q79077
Q93757,1,Archduchess Maria Maddalena of Austria,Grand Duchess of Tuscany,Q5,http://wikidata.org/entity/Q93757
Q157089,1,"Margaret of Austria, Queen of Spain",queen consort of Spain (1584-1611),Q5,http://wikidata.org/entity/Q157089
Q161133,1,"Anne of Austria, Queen of Poland",Queen consort of Poland and Sweden,Q5,http://wikidata.org/entity/Q161133
Q112066,1,"Leopold V, Archduke of Austria","Bishop of Passau and Strasbourg (until 1625), Archiduke of Austria-Tirol",Q5,http://wikidata.org/entity/Q112066
Q112083,1,"Charles of Austria, Bishop of Wroclaw",Austrian archduke (1590-1624),Q5,http://wikidata.org/entity/Q112083
Q84603,1,Archduke Maximilian Ernest of Austria,Austrian archduke (1583-1616),Q5,http://wikidata.org/entity/Q84603
Q156400,1,"Charles II, Archduke of Austria",Archduke of Austria and ruler of Inner Austria (1540-1590),Q5,http://wikidata.org/entity/Q156400
Q57995,1,Maria Anna of Bavaria,Austrian archduchess (*1551-1608),Q5,http://wikidata.org/entity/Q57995
Q150611,2,"Ferdinand I, Holy Roman Emperor","Holy Roman Emperor of the Habsburg dynasty and king of Bohemia, Croatia and Hungary (1503–1564)",Q5,http://wikidata.org/entity/Q150611
Q2206659,1,Lamorménil,"human settlement in Manhay, Belgium",Q486972,http://wikidata.org/entity/Q2206659
Q15881,1,Municipality of Jesenice,municipality in Slovenia,Q328584,http://wikidata.org/entity/Q15881
Q178848,5,University of Notre Dame,"Catholic university located in Notre Dame, Indiana, United States",Q902104,http://wikidata.org/entity/Q178848
Q579611,4,Haverford College,college in Pennsylvania,Q3918,http://wikidata.org/entity/Q579611
Q211028,1,bass drum,percussion instrument,Q110295396,http://wikidata.org/entity/Q211028
Q366399,1,Ewen Montagu,British intelligence analyst (1901–1985),Q5,http://wikidata.org/entity/Q366399
Q76186053,1,Iris Rachel Solomon,(1903-1999),Q5,http://wikidata.org/entity/Q76186053
Q1630782,1,Hotchkiss School,"school in Lakeville, Connecticut",Q269770,http://wikidata.org/entity/Q1630782
Q1538148,1,Gordonstoun,"independent school for boarding and day pupils in Moray, Scotland, UK",Q159334,http://wikidata.org/entity/Q1538148
Q116468478,1,Reijnier Janszoon Vermeer,26 Jun 1591 - Oct 1652,Q5,http://wikidata.org/entity/Q116468478
Q116468483,1,Digna Baltus,1596 -1670,Q5,http://wikidata.org/entity/Q116468483
Q352954,2,Carel Fabritius,painter from the Northern Netherlands (1622–1654),Q5,http://wikidata.org/entity/Q352954
Q355213,1,Gabriel Metsu,Dutch painter (1629-1667),Q5,http://wikidata.org/entity/Q355213
Q29162156,1,Jean Bassot,,Q5,http://wikidata.org/entity/Q29162156
Q33247988,1,Gerrit Hendricksz. Splinter,,Q5,http://wikidata.org/entity/Q33247988
Q3991178,2,Cornelis Bloemaert,Dutch architect and sculptor,Q5,http://wikidata.org/entity/Q3991178
Q2788008,1,Joos de Beer,Dutch painter (died 1591),Q5,http://wikidata.org/entity/Q2788008
Q3785501,1,Hieronymous Francken I,Flemish painter (c.1540–1610),Q5,http://wikidata.org/entity/Q3785501
Q2842582,1,Ameide,farm village in the Netherlands,Q532,http://wikidata.org/entity/Q2842582
Q984079,1,Vleuten,"village in the municipality of Utrecht, Netherlands",Q532,http://wikidata.org/entity/Q984079
Q1860624,1,Hans Blom,Dutch historian,Q5,http://wikidata.org/entity/Q1860624
Q23092,1,Nottinghamshire,ceremonial county of England,Q180673,http://wikidata.org/entity/Q23092
Q179351,1,City of Westminster,"city and borough in London, England, UK",Q211690,http://wikidata.org/entity/Q179351
Q821240,1,Cornimont,"commune in Vosges, France",Q484170,http://wikidata.org/entity/Q821240
Q459914,1,Jules Méline,French politician (1838-1925),Q5,http://wikidata.org/entity/Q459914
Q829449,1,Marie and Louis Pasteur University,French university based in Besançon,Q875538,http://wikidata.org/entity/Q829449
Q1394262,11,Paris Nanterre University,French university in the Academy of Versailles,Q3551775,http://wikidata.org/entity/Q1394262
Q861580,1,Rosso,commune of Mauritania,Q2989470,http://wikidata.org/entity/Q861580
Q1025,1,Mauritania,sovereign state in West Africa and North Africa,Q672729,http://wikidata.org/entity/Q1025
Q7280038,1,Radcliffe Science Library,library of the University of Oxford,Q1622062,http://wikidata.org/entity/Q7280038
Q536282,2,Corpus Christi College,college of the University of Cambridge,Q1055028,http://wikidata.org/entity/Q536282
Q526417,1,Calvörde,municipality of Germany,Q116457956,http://wikidata.org/entity/Q526417
Q2572019,1,Wilhelm Bode,"German judge, politician and jurist",Q5,http://wikidata.org/entity/Q2572019
Q5671,1,Neman,"town of Nemansky District of Kaliningrad Oblast, Russia",Q7930989,http://wikidata.org/entity/Q5671
Q4191,3,Lucerne,"city at Lake Lucerne, in central Switzerland",Q70208,http://wikidata.org/entity/Q4191
Q3332711,18,medievalist,"historian, scientist or expert in medieval studies",Q28640,http://wikidata.org/entity/Q3332711
Q59938940,1,pottery painter,painter who specializes in decorating pottery,Q28640,http://wikidata.org/entity/Q59938940
Q2189769,1,Plateelbakkerij Zuid-Holland,Dutch ceramics factory,Q28938152,http://wikidata.org/entity/Q2189769
Q175241,4,University of Antwerp,"university in Antwerp, Belgium",Q3918,http://wikidata.org/entity/Q175241
Q9805,1,Beesel,"municipality in Limburg, the Netherlands",Q2039348,http://wikidata.org/entity/Q9805
Q654184,1,Skingen,"village in Waadhoeke, Netherlands",Q1852859,http://wikidata.org/entity/Q654184
Q47035200,1,C. G. Boerner,Art gallery and auction house,Q1007870,http://wikidata.org/entity/Q47035200
Q2865798,1,glass artist,one who practises glass arts,Q28640,http://wikidata.org/entity/Q2865798
Q106811253,2,ceramics designer,"designers who design ceramic objects, often in a studio or manufactory, working separately from those who execute the design and create the ceramic works",Q28640,http://wikidata.org/entity/Q106811253
Q113995863,1,glass designer,people or corporate bodies who design glassware or other objects to be executed in glass,Q28640,http://wikidata.org/entity/Q113995863
Q107212688,1,exlibrist,person who creates ex libris or bookplates,Q12737077,http://wikidata.org/entity/Q107212688
Q627325,7,graphic designer,"professional who is responsible for planning, designing, projecting, and conveying messages or ideas through visual communication",Q28640,http://wikidata.org/entity/Q627325
Q282718,1,mosaicist,artist who designs or builds mosaics,Q28640,http://wikidata.org/entity/Q282718
Q18431816,1,glass painter,"artist or artisan who specializes in painting on glass surfaces, often creating decorative or functional artwork",Q28640,http://wikidata.org/entity/Q18431816
Q33424536,1,Bergen,"village in Bergen, Netherlands",Q1852859,http://wikidata.org/entity/Q33424536
Q106649340,1,Atelier Bogtman Haarlem,Dutch glass studio in Haarlem,Q4830453,http://wikidata.org/entity/Q106649340
Q253498,1,Wachtberg,"municipality in Rhein-Sieg District, in North Rhine-Westphalia, Germany",Q116457956,http://wikidata.org/entity/Q253498
Q1724,5,Saarbrücken,capital of the German state of Saarland,Q1549591,http://wikidata.org/entity/Q1724
Q28389,7,screenwriter,"writer who writes for films, TV shows, comics and games",Q4220920,http://wikidata.org/entity/Q28389
Q1766396,1,Cultural Heritage Agency of the Netherlands,organization responsible for protection of cultural monuments in the Netherlands,Q2659904,http://wikidata.org/entity/Q1766396
Q7040,1,Homburg,"town in Saarpfalz District, Saarland, Germany",Q42744322,http://wikidata.org/entity/Q7040
Q1287346,1,,school,Q1542966,http://wikidata.org/entity/Q1287346
Q1743328,1,theological college Bethel,theological college in Germany,Q21028957,http://wikidata.org/entity/Q1743328
Q173703,1,Laure-Minervois,"commune in Aude, France",Q484170,http://wikidata.org/entity/Q173703
Q644635,2,"Gaston, Duke of Orléans",French prince,Q5,http://wikidata.org/entity/Q644635
Q131729843,1,IJsbrant Willemszoon van Westsanen,,Q5,http://wikidata.org/entity/Q131729843
Q16068685,3,Doetinchem,"city in Doetinchem, Netherlands",Q1852859,http://wikidata.org/entity/Q16068685
Q3361940,1,Lawang,"district in Malang Regency, East Java Province, Indonesia",Q3700011,http://wikidata.org/entity/Q3361940
Q2273396,1,"Monuments, Fine Arts, and Archives program",Allied program in the US to help protect cultural property (1943-1946),Q1637368,http://wikidata.org/entity/Q2273396
Q3339070,1,New York University Institute of Fine Arts,school within New York University,Q4671277,http://wikidata.org/entity/Q3339070
Q94935568,1,Gerhard Bornefeld,,Q5,http://wikidata.org/entity/Q94935568
Q897283,1,Untertürkheim,"district of Stuttgart, Germany",Q2740635,http://wikidata.org/entity/Q897283
Q6869,2,Heidenheim an der Brenz,town in Baden-Württemberg in southern Germany,Q42744322,http://wikidata.org/entity/Q6869
Q2145981,3,restorer,person who repairs damaged works of art,Q28640,http://wikidata.org/entity/Q2145981
Q1707613,1,Joseph Melling,French painter (1724-1796),Q5,http://wikidata.org/entity/Q1707613
Q273570,8,École des chartes,grande école in Paris specialised in history,Q847027,http://wikidata.org/entity/Q273570
Q4060,1,Hürth,"town in the Rhein-Erft-Kreis, North Rhine-Westphalia, Germany",Q54935786,http://wikidata.org/entity/Q4060
Q18413444,1,Täbingen,"quarter of Rosenfeld, Baden-Württemberg, Germany",Q253019,http://wikidata.org/entity/Q18413444
Q562876,1,Anna Paulowna,"village in Hollands Kroon, Netherlands",Q532,http://wikidata.org/entity/Q562876
Q9928,1,Heemstede,"town and municipality in North Holland, the Netherlands",Q2039348,http://wikidata.org/entity/Q9928
Q1921467,1,Jutphaas,former municipality of the Netherlands,Q486972,http://wikidata.org/entity/Q1921467
Q17432513,1,Constant d'Aubigné,(1628-1647),Q5,http://wikidata.org/entity/Q17432513
Q5084007,1,"Charles d'Aubigné, d'Aubigné",French noble,Q5,http://wikidata.org/entity/Q5084007
Q184159,1,Niort,French commune in Deux-Sèvres,Q484170,http://wikidata.org/entity/Q184159
Q2994905,1,Constant d'Aubigné,French noble,Q5,http://wikidata.org/entity/Q2994905
Q75572970,1,Jeanne de Cardillac,Peerage person ID=220205,Q5,http://wikidata.org/entity/Q75572970
Q3752288,1,Françoise Charlotte d'Aubigné,French noble (1684-1739),Q5,http://wikidata.org/entity/Q3752288
Q334950,1,Agrippa d'Aubigné,"French military officer, historian, writer and poet (1552-1630)",Q5,http://wikidata.org/entity/Q334950
Q2360746,1,Marquise de Caylus,French writer,Q5,http://wikidata.org/entity/Q2360746
Q131289583,1,Famille d'Aubigné,French family,Q8436,http://wikidata.org/entity/Q131289583
Q3642350,2,House of Bourbon in France,French royal family,Q13417114,http://wikidata.org/entity/Q3642350
Q76499534,7,"Dipartimento di musicologia e beni culturali, Università di Pavia",,Q2467461,http://wikidata.org/entity/Q76499534
Q1782547,1,Conservatorio Claudio Monteverdi,"organization in Bolzano, Italy",Q4671277,http://wikidata.org/entity/Q1782547
Q30263594,1,Conservatorio Statale di Musica Jacopo Tomadini Udine,"education organization in Udine, Italy",Q2385804,http://wikidata.org/entity/Q30263594
Q52910722,1,Dante Alighieri,"classical lyceum in Gorizia, Gorizia, Friuli Venezia Giulia, Italy",Q5518,http://wikidata.org/entity/Q52910722
Q111182229,1,Scuola di Paleografia e Filologia musicale di Cremona,,Q4671277,http://wikidata.org/entity/Q111182229
Q1184934,1,Honesdale,"borough of Pennsylvania, United States",Q777120,http://wikidata.org/entity/Q1184934
Q739627,5,Pennsylvania State University,"public university in Pennsylvania, United States",Q62078547,http://wikidata.org/entity/Q739627
Q131725376,1,Hendrikus Johannes van Meegeren,,Q5,http://wikidata.org/entity/Q131725376
Q131725377,1,Augusta Louisa Henrietta Camps,,Q5,http://wikidata.org/entity/Q131725377
Q700758,10,Saarland University,"public university in Saarland, Germany",Q875538,http://wikidata.org/entity/Q700758
Q1264389,1,Ferdinand Grautoff,German journalist (1871–1935),Q5,http://wikidata.org/entity/Q1264389
Q1405384,1,Ferdinand Heinrich Grautoff,German librarian,Q5,http://wikidata.org/entity/Q1405384
Q131575351,1,,,Q41298,http://wikidata.org/entity/Q131575351
Q739437,1,poster artist,person who designs poster,Q28640,http://wikidata.org/entity/Q739437
Q2680952,2,Rotterdam,municipality in the Netherlands,Q2039348,http://wikidata.org/entity/Q2680952
Q447953,3,University of Wuppertal,German university,Q875538,http://wikidata.org/entity/Q447953
Q245546,4,6th arrondissement of Paris,"one of the 20 administrative districts of Paris, France",Q702842,http://wikidata.org/entity/Q245546
Q10715799,1,Vinslövs församling,,Q615980,http://wikidata.org/entity/Q10715799
Q131543458,1,,,Q5,http://wikidata.org/entity/Q131543458
Q131572405,1,,,Q5,http://wikidata.org/entity/Q131572405
Q131542862,1,,,Q8436,http://wikidata.org/entity/Q131542862
Q61863,1,Ulrich von Wilamowitz-Moellendorff,German classical philologist (1848-1931),Q5,http://wikidata.org/entity/Q61863
Q327168,1,North Walsham,"town and civil parish in Norfolk, United Kingdom",Q3957,http://wikidata.org/entity/Q327168
Q468169,1,Suermondt-Ludwig-Museum,"art museum in Aachen, Germany",Q33506,http://wikidata.org/entity/Q468169
Q446966,6,conservator,professional responsible for the preservation of artistic and cultural artifacts,Q28640,http://wikidata.org/entity/Q446966
Q224124,1,Van Gogh Museum,"art museum in Amsterdam, Netherlands",Q207694,http://wikidata.org/entity/Q224124
Q9783,2,Roermond,"city in the municipality with the same name, Netherlands",Q515,http://wikidata.org/entity/Q9783
Q3127638,1,Harold Samuel,British musician (1879–1937),Q5,http://wikidata.org/entity/Q3127638
Q986007,1,Lowestoft,"town and civil parish in East Suffolk, England",Q3957,http://wikidata.org/entity/Q986007
Q2077402,1,Aldeburgh,town in the English county of Suffolk,Q3957,http://wikidata.org/entity/Q2077402
Q34739,1,Dayton,"city ​​and county seat of Montgomery County, Ohio, United States",Q1093829,http://wikidata.org/entity/Q34739
Q153265,3,University of Cincinnati,"public research university in Cincinnati, Ohio, USA",Q875538,http://wikidata.org/entity/Q153265
Q49115,21,Cornell University,"private and statutory land-grant research university in Ithaca, New York, USA",Q902104,http://wikidata.org/entity/Q49115
Q762266,6,City University of New York,public university system in New York City,Q875538,http://wikidata.org/entity/Q762266
Q1760438,2,Queens College,college in New York City,Q3918,http://wikidata.org/entity/Q1760438
Q9774,1,Weert,municipality in the Netherlands,Q2039348,http://wikidata.org/entity/Q9774
Q10050,1,Nieuwegein,town and municipality in the Netherlands,Q2039348,http://wikidata.org/entity/Q10050
Q195486,1,Dompierre,"commune in Orne, France",Q484170,http://wikidata.org/entity/Q195486
Q23204,1,Hampshire,ceremonial county of England,Q180673,http://wikidata.org/entity/Q23204
Q187544,1,Zell am Harmersbach,municipality in Germany,Q42744322,http://wikidata.org/entity/Q187544
Q505447,1,Waldkirch,"urban municipality in the district of Emmendingen, Baden-Württemberg, Germany",Q2556234,http://wikidata.org/entity/Q505447
Q5968,2,Cuneo,"city and comune in Piedmont, Northern Italy",Q747074,http://wikidata.org/entity/Q5968
Q927496,1,Kees Brusse,Dutch actor and film director (1925–2013),Q5,http://wikidata.org/entity/Q927496
Q2183439,1,Jan Brusse,Dutch journalist (1921–1996),Q5,http://wikidata.org/entity/Q2183439
Q3143910,1,Ytzen Brusse,Dutch film director (1920-2008),Q5,http://wikidata.org/entity/Q3143910
Q3294012,1,Mark Brusse,Dutch painter (born 1937),Q5,http://wikidata.org/entity/Q3294012
Q2334131,1,Marie Joseph Brusse,Dutch writer and journalist (1873-1941),Q5,http://wikidata.org/entity/Q2334131
Q444087,1,"Henri Jules, Prince of Condé",prince of Conde (1643-1709),Q5,http://wikidata.org/entity/Q444087
Q13835565,3,Menno Buch,Dutch presenter,Q5,http://wikidata.org/entity/Q13835565
Q947873,6,television presenter,person who introduces or hosts television programs,Q58635633,http://wikidata.org/entity/Q947873
Q2619209,3,Bonaventure College,"gymnasium, atheneum, havo, vmbo school in Leiden and Roelofarendsveen, Netherlands",Q159334,http://wikidata.org/entity/Q2619209
Q2778652,1,Ohé en Laak,"village in Maasgouw, Netherlands",Q532,http://wikidata.org/entity/Q2778652
Q16555,3,Houston,"seat of Harris County, and largest city in State of Texas, United States",Q1093829,http://wikidata.org/entity/Q16555
Q4794968,1,Arnold Boonen,18th century painter from the Northern Netherlands (1669-1729),Q5,http://wikidata.org/entity/Q4794968
Q12439,1,Detroit,"city in and county seat of Wayne County, and largest city in State of Michigan, United States",Q1093829,http://wikidata.org/entity/Q12439
Q493840,1,Lawrence,"city in and county seat of Douglas County, Kansas, United States",Q1093829,http://wikidata.org/entity/Q493840
Q94929151,1,Michael Bunners,,Q5,http://wikidata.org/entity/Q94929151
Q147263,1,Zapel,municipality of Germany,Q116457956,http://wikidata.org/entity/Q147263
Q77184,1,Leopold von Ranke,German historian and founder of modern source-based history (1795-1886),Q5,http://wikidata.org/entity/Q77184
Q64509,1,Franz Theodor Kugler,German art historian and artist (1808–1858),Q5,http://wikidata.org/entity/Q64509
Q137706908,1,,,Q5,http://wikidata.org/entity/Q137706908
Q15447537,1,Jakob Burckhardt,Swiss theologian,Q5,http://wikidata.org/entity/Q15447537
Q61993501,1,Susanna Maria Burckhardt-Schorndorff,27 Feb 1782 - 17 Mar 1830,Q5,http://wikidata.org/entity/Q61993501
Q123466,1,Heinrich Wölfflin,Swiss art critic and art historian (1864-1945),Q5,http://wikidata.org/entity/Q123466
Q381256,1,Lucian Blaga,Romanian writer (1895–1961),Q5,http://wikidata.org/entity/Q381256
Q121027654,1,,,Q8436,http://wikidata.org/entity/Q121027654
Q11942,4,ETH Zurich,public research university in Zurich,Q1371037,http://wikidata.org/entity/Q11942
Q21088197,1,fortepianist,musician who plays the fortepiano,Q66715801,http://wikidata.org/entity/Q21088197
Q75517969,1,"Sir Leslie Trew Burnett, 2nd Bt.",(1884-1955),Q5,http://wikidata.org/entity/Q75517969
Q75517993,1,Joan Humphrey,(died 1994),Q5,http://wikidata.org/entity/Q75517993
Q96090336,1,Richard Burney,est. 1723 - est. 1792,Q5,http://wikidata.org/entity/Q96090336
Q96090338,1,Rebecca Burney,,Q5,http://wikidata.org/entity/Q96090338
Q96090339,1,Anne Burney,,Q5,http://wikidata.org/entity/Q96090339
Q96090327,1,James Macburney,(1678-1749),Q5,http://wikidata.org/entity/Q96090327
Q96090329,1,Ann Cooper,,Q5,http://wikidata.org/entity/Q96090329
Q75351829,1,Herbert Poole,Peerage person ID=81629,Q5,http://wikidata.org/entity/Q75351829
Q157341,1,King's Lynn,"market town in the county of Norfolk, England",Q18511725,http://wikidata.org/entity/Q157341
Q7062,1,Monheim am Rhein,"town in the district of Mettmann, in North Rhine-Westphalia, Germany",Q54935786,http://wikidata.org/entity/Q7062
Q504723,2,University of Siegen,university,Q875538,http://wikidata.org/entity/Q504723
Q229022,2,Catholic University of the Sacred Heart,Italian university,Q3918,http://wikidata.org/entity/Q229022
Q18643242,1,Olivier van Deuren,Dutch painter (1666-1714),Q5,http://wikidata.org/entity/Q18643242
Q18821838,1,Frederik Muller & Co,"art auction house and art history publisher in Amsterdam, owned from 1899 by Anton Mensing",Q9209474,http://wikidata.org/entity/Q18821838
Q1221,1,Idaho,state of the United States of America,Q35657,http://wikidata.org/entity/Q1221
Q25411,1,Helsingborg,"town and seat of Helsingborg Municipality, in Scania County, Sweden",Q12813115,http://wikidata.org/entity/Q25411
Q3869,6,Marburg,"city in Hesse, Germany, and seat of Landkreis Marburg-Biedenkopf",Q134626,http://wikidata.org/entity/Q3869
Q1546906,1,Ca' Foscari University of Venice,"public university in Venice, Italy",Q3918,http://wikidata.org/entity/Q1546906
Q19909,4,France Musique,French public radio station,Q14350,http://wikidata.org/entity/Q19909
Q497130,1,Maassluis,"city and municipality in South Holland, the Netherlands",Q2039348,http://wikidata.org/entity/Q497130
Q2326427,1,Academie Kunstoefening,,Q383092,http://wikidata.org/entity/Q2326427
Q11994,1,Miranda de Ebro,"city in Castile and León, Spain",Q2074737,http://wikidata.org/entity/Q11994
Q941806,1,Universidad de Castilla-La Mancha,Spanish university,Q875538,http://wikidata.org/entity/Q941806
Q12618,1,Olot,"capital of the comarca of the Garrotxa, in the province of Girona, Catalonia, Spain",Q33146843,http://wikidata.org/entity/Q12618
Q771935,1,Santa Maria de Montserrat,abbey,Q817056,http://wikidata.org/entity/Q771935
Q39913,1,Seoul National University,"national research university in Seoul, Republic of Korea",Q265662,http://wikidata.org/entity/Q39913
Q17132038,1,palaeographer,person who studies and writes about the palaeography,Q28640,http://wikidata.org/entity/Q17132038
Q1041828,1,Carlo Ambrogio Lonati,Italian composer and violinist,Q5,http://wikidata.org/entity/Q1041828
Q3874,1,Giessen,"seat of Landkreis Gießen and city in Hesse, Germany",Q134626,http://wikidata.org/entity/Q3874
Q367360,2,Orazio Gentileschi,Italian painter (1563–1639),Q5,http://wikidata.org/entity/Q367360
Q5479372,1,Francesco Gentileschi,Italian painter,Q5,http://wikidata.org/entity/Q5479372
Q111996911,1,Prudenzia di Ottaviano Montoni,,Q5,http://wikidata.org/entity/Q111996911
Q2260299,1,Koog aan de Zaan,"village in Zaanstad, Netherlands",Q532,http://wikidata.org/entity/Q2260299
Q9901,1,Bergen,"municipality in North Holland, the Netherlands",Q2039348,http://wikidata.org/entity/Q9901
Q34123,1,Scicli,Italian comune,Q747074,http://wikidata.org/entity/Q34123
Q14586,1,Altishofen,"municipality in the canton of Lucerne, Switzerland",Q70208,http://wikidata.org/entity/Q14586
Q240752,1,Chatou,"commune in Yvelines, France",Q484170,http://wikidata.org/entity/Q240752
Q3326,1,Corrèze,French department,Q6465,http://wikidata.org/entity/Q3326
Q1933558,3,University Toulouse - Jean Jaurès,"public university in Toulouse, France",Q45400320,http://wikidata.org/entity/Q1933558
Q273518,14,School for Advanced Studies in the Social Sciences,French higher education institution,Q875538,http://wikidata.org/entity/Q273518
Q3287883,1,Marc Castex,French politician (1914-2002),Q5,http://wikidata.org/entity/Q3287883
Q920564,1,Giovanni Croce,Italian composer (1557–1609),Q5,http://wikidata.org/entity/Q920564
Q53690,1,Luzzara,Italian comune,Q747074,http://wikidata.org/entity/Q53690
Q47876,1,Soave,Italian comune,Q747074,http://wikidata.org/entity/Q47876
Q1435,5,Zagreb,capital city of Croatia,Q15105893,http://wikidata.org/entity/Q1435
Q16335312,1,geochemist,"scientist studying the breakdown of chemical elements in rocks, their origin, their nature and their behavior during geological phenomena",Q28640,http://wikidata.org/entity/Q16335312
Q2747894,1,Scott Polar Research Institute,Research Institute with public library and museum,Q38723,http://wikidata.org/entity/Q2747894
Q12094958,2,geophysicist,"person who studies the Earth's physical properties and the physical processes acting upon, above, and within the Earth",Q28640,http://wikidata.org/entity/Q12094958
Q459506,5,University of Bristol,"research university located in Bristol, United Kingdom",Q875538,http://wikidata.org/entity/Q459506
Q1009425,1,Molières-sur-Cèze,"commune in Gard, France",Q484170,http://wikidata.org/entity/Q1009425
Q2898890,2,Bernardino Cesari,Italian painter (1571-1622),Q5,http://wikidata.org/entity/Q2898890
Q21714466,1,Muzio di Polidoro Cesari,,Q5,http://wikidata.org/entity/Q21714466
Q33133343,1,Giovanna,mother of Giuseppe Cesari,Q5,http://wikidata.org/entity/Q33133343
Q282810,1,Guido Ubaldo Abbatini,Italian Baroque painter (1600-1656),Q5,http://wikidata.org/entity/Q282810
Q1988115,1,Francesco Allegrini da Gubbio,Italian painter (1587-1663),Q5,http://wikidata.org/entity/Q1988115
Q4893858,1,Bernardino Parasole,Italian painter (1600-1642),Q5,http://wikidata.org/entity/Q4893858
Q2253952,1,Pier Francesco Mazzucchelli,Italian painter (1573-1626),Q5,http://wikidata.org/entity/Q2253952
Q1192715,1,Pier Francesco Mola,Swiss painter (1612-1666),Q5,http://wikidata.org/entity/Q1192715
Q979862,1,Michelangelo Cerquozzi,painter from Italy (1602–1660),Q5,http://wikidata.org/entity/Q979862
Q712397,1,Pietro Bernini,"Italian sculptor, painter and restorer (1562-1629)",Q5,http://wikidata.org/entity/Q712397
Q49743,1,Visé,"city in Wallonia, Belgium",Q493522,http://wikidata.org/entity/Q49743
Q6593,2,Vannes,"commune in Morbihan, France",Q484170,http://wikidata.org/entity/Q6593
Q2140369,1,Łódź University of Technology,"university of technology in Łódź, Poland",Q875538,http://wikidata.org/entity/Q2140369
Q628694,1,Albert Châtelet,French mathematician and politician (1883-1960),Q5,http://wikidata.org/entity/Q628694
Q75491153,1,John Chaucer,Peerage person ID=174054,Q5,http://wikidata.org/entity/Q75491153
Q96075334,1,Agnes Copton,(1317 - 1381),Q5,http://wikidata.org/entity/Q96075334
Q723986,1,Belleville-sur-Meuse,"commune in Meuse, France",Q484170,http://wikidata.org/entity/Q723986
Q30284534,1,Centre national de la recherche scientifique,"government organization in Rabat, Morocco",Q121614922,http://wikidata.org/entity/Q30284534
Q2470271,2,Casa de Velázquez,"French cultural institution in Madrid, Spain",Q383092,http://wikidata.org/entity/Q2470271
Q3751586,1,Franco Scala,Italian pianist and music educator,Q5,http://wikidata.org/entity/Q3751586
Q29671,1,University of Aveiro,"Portuguese public university, founded in 1973",Q875538,http://wikidata.org/entity/Q29671
Q2656392,1,Els Biesemans,Belgian pianist,Q5,http://wikidata.org/entity/Q2656392
Q12347522,1,ethnographer,person who is dealing with ethnography,Q28640,http://wikidata.org/entity/Q12347522
Q16506,3,České Budějovice,city in the Czech Republic,Q257978,http://wikidata.org/entity/Q16506
Q16196,1,Province of Latina,province of Italy,Q15089,http://wikidata.org/entity/Q16196
Q936308,1,Cesare Cremonini,Italian academic and philosopher (1550–1631),Q5,http://wikidata.org/entity/Q936308
Q104777594,1,Paris Medical Faculty,French medical school (1215-1793),Q494230,http://wikidata.org/entity/Q104777594
Q1110010,1,Collège de Navarre,one of the former colleges of the historic University of Paris,Q1459186,http://wikidata.org/entity/Q1110010
Q958397,1,Newbridge,"town in County Kildare, Ireland",Q3957,http://wikidata.org/entity/Q958397
Q75866766,1,Francis Charles Cobbe,(1913-1949),Q5,http://wikidata.org/entity/Q75866766
Q75866692,1,Joan Mervyn Cobbe,(1915-2005),Q5,http://wikidata.org/entity/Q75866692
Q1135137,2,Corpus Christi College,college of the University of Oxford,Q2581649,http://wikidata.org/entity/Q1135137
Q82594,7,computer scientist,one who studies or practices computer science,Q28640,http://wikidata.org/entity/Q82594
Q309350,8,Northwestern University,"private university in Evanston, Illinois, U.S.",Q902104,http://wikidata.org/entity/Q309350
Q617433,2,Syracuse University,"private university in Syracuse, New York, United States",Q902104,http://wikidata.org/entity/Q617433
Q1021538,1,Coincy,"commune in Aisne, France",Q484170,http://wikidata.org/entity/Q1021538
Q167152,1,Soissons,"commune in Aisne, France",Q484170,http://wikidata.org/entity/Q167152
Q5592,1,Michelangelo,Italian artist and architect (1475–1564),Q5,http://wikidata.org/entity/Q5592
Q24206070,1,Buonarroti family,ancient Florentine family,Q8436,http://wikidata.org/entity/Q24206070
Q6171612,1,Jean Tubéry,Cornett player,Q5,http://wikidata.org/entity/Q6171612
Q6608367,7,Indiana University,"university system, Indiana, United States",Q1075106,http://wikidata.org/entity/Q6608367
Q6119774,1,Jacobs School of Music,constituent school of Indiana University,Q184644,http://wikidata.org/entity/Q6119774
Q146705,1,Sidcup,"suburban district of south-east London, England, primarily in the London Borough of Bexley",Q188509,http://wikidata.org/entity/Q146705
Q7838377,1,Trent College,"school in Derbyshire, UK",Q269770,http://wikidata.org/entity/Q7838377
Q548017,1,Carlotta Patti,Italian opera singer (1835–1889),Q5,http://wikidata.org/entity/Q548017
Q461584,1,Amelia Patti,Maurice Strakosch's spouse (1831–1915),Q5,http://wikidata.org/entity/Q461584
Q2215727,1,Salvatore Patti,Italian tenor (1800–1869),Q5,http://wikidata.org/entity/Q2215727
Q1050685,1,Caterina Barili,Italian singer and opera singer,Q5,http://wikidata.org/entity/Q1050685
Q3003031,1,Lieshout,"village in Laarbeek, the Netherlands",Q532,http://wikidata.org/entity/Q3003031
Q2636411,1,Geldrop,"town in Geldrop-Mierlo, the Netherlands",Q1852859,http://wikidata.org/entity/Q2636411
Q20754971,3,Free University of Brussels,"former bilingual university in Brussels, Belgium (1834-1970)",Q3918,http://wikidata.org/entity/Q20754971
Q4944162,1,Parwich,"village and civil parish in Derbyshire Dales district, Derbyshire, England",Q532,http://wikidata.org/entity/Q4944162
Q11499929,2,man of letters,collective term for writers and literary scholars,Q12737077,http://wikidata.org/entity/Q11499929
Q3370230,1,Alfred de Curzon,French painter (1820-1895),Q5,http://wikidata.org/entity/Q3370230
Q49210,19,New York University,private university in New York City,Q902104,http://wikidata.org/entity/Q49210
Q237712,1,Kunigunde of Austria,Archduchess of Austria (1465-1520),Q5,http://wikidata.org/entity/Q237712
Q131612,4,Wiener Neustadt,"city in Lower Austria, Austria",Q262882,http://wikidata.org/entity/Q131612
Q178582,3,Wels,city in Upper Austria,Q667509,http://wikidata.org/entity/Q178582
Q150966,1,"Frederick III, Holy Roman Emperor",Holy Roman Emperor and Austrian archduke and duke (1452–1493),Q5,http://wikidata.org/entity/Q150966
Q161149,1,"Eleanor of Portugal, Holy Roman Empress",consort of Frederick III,Q5,http://wikidata.org/entity/Q161149
Q317894,2,Galeazzo Maria Sforza,Duke of Milan (1444-1477),Q5,http://wikidata.org/entity/Q317894
Q314514,2,Gian Galeazzo Sforza,Duke of Milano,Q5,http://wikidata.org/entity/Q314514
Q157092,2,Louis II of Hungary,"King of Hungary, Croatia and Bohemia (1506–1526)",Q5,http://wikidata.org/entity/Q157092
Q79176,1,Margaret of Austria,Electress of Saxony,Q5,http://wikidata.org/entity/Q79176
Q454929,1,"Anna of Saxony, Electress of Brandenburg","Princess of Saxony by birth, by marriage Electress of Brandenburg",Q5,http://wikidata.org/entity/Q454929
Q560806,1,"Albert III, Duke of Saxony",Duke of Saxony (1443-1500),Q5,http://wikidata.org/entity/Q560806
Q682736,1,Ernest of Saxony,Elector of Saxony from 1464 to 1486,Q5,http://wikidata.org/entity/Q682736
Q71788,1,Susanna of Bavaria,"German noble, House of Wittelsbach",Q5,http://wikidata.org/entity/Q71788
Q69427,1,Sabina of Bavaria,Bavarian Duchess,Q5,http://wikidata.org/entity/Q69427
Q61277,1,"John, Elector of Saxony",Elector of Saxony (1468-1532),Q5,http://wikidata.org/entity/Q61277
Q60942,1,"Albert IV, Duke of Bavaria",Duke of Bavaria,Q5,http://wikidata.org/entity/Q60942
Q1019232,1,Oosterend,"village in Texel, Netherlands",Q1852859,http://wikidata.org/entity/Q1019232
Q60705,1,Emmeloord,main village of the Noordoostpolder municipality in the Netherlands,Q13539802,http://wikidata.org/entity/Q60705
Q26263115,1,Jacob Daalder,Dutch teacher and writer,Q5,http://wikidata.org/entity/Q26263115
Q60825198,1,organologist,musicologist studying pipe organs,Q28640,http://wikidata.org/entity/Q60825198
Q1643514,2,music arranger,musician who creates arrangements,Q66715801,http://wikidata.org/entity/Q1643514
Q366328,1,Brunetto Latini,"Italian scholar and statesman, c. 1220–1294",Q5,http://wikidata.org/entity/Q366328
Q728592,1,Cecco d'Ascoli,Italian physician and poet,Q5,http://wikidata.org/entity/Q728592
Q3749520,1,Francesco Alighieri,(1279-1352),Q5,http://wikidata.org/entity/Q3749520
Q3611787,1,Alighiero di Bellincione,father of Dante Alighieri,Q5,http://wikidata.org/entity/Q3611787
Q3637724,1,Bella degli Abati,mother of Dante Alighieri,Q5,http://wikidata.org/entity/Q3637724
Q57413931,1,Sperello di Serego Alighieri,Italian astrophysicist,Q5,http://wikidata.org/entity/Q57413931
Q3611786,1,Alighieri,Florentine noble family,Q62796544,http://wikidata.org/entity/Q3611786
Q10140,2,Conservatoire national supérieur de musique et de danse de Lyon,conservatory for the study of music and dance,Q847027,http://wikidata.org/entity/Q10140
Q2942,2,Solingen,"city in North Rhine-Westphalia, Germany",Q1549591,http://wikidata.org/entity/Q2942
Q25732,1,Örebro,"urban area in Örebro Municipality, Sweden",Q12813115,http://wikidata.org/entity/Q25732
Q10718570,1,Växjö Parish,"parish in Växjö diocese, Sweden",Q615980,http://wikidata.org/entity/Q10718570
Q466664,6,University of the Arts Bremen,university in Germany,Q875538,http://wikidata.org/entity/Q466664
Q638063,1,Niederdorla,human settlement in Germany,Q253019,http://wikidata.org/entity/Q638063
Q161491,2,Reading,"historic market town in Berkshire, England",Q1357964,http://wikidata.org/entity/Q161491
Q16308156,6,scholar of English,person who studies English language and literature,Q28640,http://wikidata.org/entity/Q16308156
Q10404150,5,acoustician,physicist who studies acoustics,Q28640,http://wikidata.org/entity/Q10404150
Q30287180,1,Délégation Provence et Corse,"government organization in Marseille, France",Q327333,http://wikidata.org/entity/Q30287180
Q3064322,1,Aix-Marseille University Faculty of Sciences,,Q3918,http://wikidata.org/entity/Q3064322
Q56404839,1,Faculty of Engineering,faculty at NTNU,Q137919580,http://wikidata.org/entity/Q56404839
Q1619586,1,Ward of Cripplegate,ward of the City of London,Q7969215,http://wikidata.org/entity/Q1619586
Q76282177,1,James Foe,father of author Daniel Defoe,Q5,http://wikidata.org/entity/Q76282177
Q76282179,1,Alice Marsh,Peerage person ID=660424,Q5,http://wikidata.org/entity/Q76282179
Q317796,7,Frankfurt University of Music and Performing Arts,German university,Q875538,http://wikidata.org/entity/Q317796
Q1921402,1,Moergestel,"village in Oisterwijk, the Netherlands",Q1852859,http://wikidata.org/entity/Q1921402
Q182744,4,Saint-Quentin,"commune in Aisne, France",Q484170,http://wikidata.org/entity/Q182744
Q959482,1,Bernard Poignant,French politician,Q5,http://wikidata.org/entity/Q959482
Q3367546,1,Pascal Ory,French historian,Q5,http://wikidata.org/entity/Q3367546
Q684522,1,Reinsdorf,"municipality in Kyffhäuserkreis, Thuringia, Germany",Q116457956,http://wikidata.org/entity/Q684522
Q16628416,1,Denis,family of French harpsichord makers,Q8436,http://wikidata.org/entity/Q16628416
Q163,2,Yorkshire,historic county of England,Q1138494,http://wikidata.org/entity/Q163
Q6559292,1,Little Ribston,"village in North Yorkshire, England, UK",Q532,http://wikidata.org/entity/Q6559292
Q5065562,1,Căianu Mic,"commune in Bistrița-Năsăud County, Romania",Q659103,http://wikidata.org/entity/Q5065562
Q1029395,1,Lăzarea,"village in Harghita County, Romania",Q532,http://wikidata.org/entity/Q1029395
Q655621,1,Principality of Transylvania,semi-independent principality in Eastern Europe between 1570 and 1711,Q208500,http://wikidata.org/entity/Q655621
Q174710,17,"University of California, Los Angeles","public university in Los Angeles, California, USA",Q62078547,http://wikidata.org/entity/Q174710
Q1232500,1,Gasparo Gozzi,Italian literary critic (1713-1786),Q5,http://wikidata.org/entity/Q1232500
Q2729233,1,Goessen van Aken,Dutch painter,Q5,http://wikidata.org/entity/Q2729233
Q2074329,1,Anthonis van Aken,Dutch painter (c.1420-1478),Q5,http://wikidata.org/entity/Q2074329
Q2060317,1,Gielis Panhedel,Dutch painter (1490-1557),Q5,http://wikidata.org/entity/Q2060317
Q549022,1,Wöhrden,municipality of Germany,Q116457956,http://wikidata.org/entity/Q549022
Q558631,1,Rotenburg an der Fulda,"town in Landkreis Hersfeld-Rotenburg in Hesse, Germany",Q3957,http://wikidata.org/entity/Q558631
Q282437,1,Raab,"municipality in Schärding District, Upper Austria, Austria",Q562061,http://wikidata.org/entity/Q282437
Q280990,1,Neumarkt an der Ybbs,"municipality in Melk District, Lower Austria, Austria",Q562061,http://wikidata.org/entity/Q280990
Q587631,1,Joan Lamote de Grignon,"Catalan pianist, conductor and composer (1872-1949)",Q5,http://wikidata.org/entity/Q587631
Q995682,1,Ulldecona,"municipality of Tarragona, Spain",Q33146843,http://wikidata.org/entity/Q995682
Q917888,1,Vinaròs,"municipality in Castelló, Spain",Q2074737,http://wikidata.org/entity/Q917888
Q109467175,1,Diego Calderón de la Barca,,Q5,http://wikidata.org/entity/Q109467175
Q109467189,1,Dorotea Calderón de la Barca,,Q5,http://wikidata.org/entity/Q109467189
Q109467192,1,José Calderón,,Q5,http://wikidata.org/entity/Q109467192
Q138148905,1,,,Q5,http://wikidata.org/entity/Q138148905
Q4040,1,Aragon,autonomous community in Spain,Q10742,http://wikidata.org/entity/Q4040
Q326934,1,Francesco Manelli,Italian composer,Q5,http://wikidata.org/entity/Q326934
Q30745610,1,Alessandro Capece,Italian composer,Q5,http://wikidata.org/entity/Q30745610
Q495778,1,Wunsiedel,municipality of Germany,Q42744322,http://wikidata.org/entity/Q495778
Q755342,1,Athens Conservatoire,"conservatory in Athens, Greece",Q184644,http://wikidata.org/entity/Q755342
Q269447,1,Kitzingen,urban municipality of Germany in Bavaria,Q448801,http://wikidata.org/entity/Q269447
Q260107,4,Hochschule für Musik Würzburg,university of music,Q3889692,http://wikidata.org/entity/Q260107
Q1979891,2,NOVA University Lisbon,university in Portugal,Q3918,http://wikidata.org/entity/Q1979891
Q368643,1,University of Coimbra,"public university in Coimbra, Portugal",Q875538,http://wikidata.org/entity/Q368643
Q29673,1,University of Minho,public university in Portugal,Q875538,http://wikidata.org/entity/Q29673
Q109650070,1,Sofie Dokter,Dutch athlete,Q5,http://wikidata.org/entity/Q109650070
Q7831495,1,track and field official,sporting officials,Q28640,http://wikidata.org/entity/Q7831495
Q11513337,2,athletics competitor,"sportsperson that competes in athletics (track and field, running, walking)",Q12737077,http://wikidata.org/entity/Q11513337
Q19827985,1,track and field coach,"person who trains athletes in various track and field events such as running, jumping, and throwing",Q28640,http://wikidata.org/entity/Q19827985
Q28041590,1,Strasbourg Archives,,Q604177,http://wikidata.org/entity/Q28041590
Q19760296,1,viol player,person who plays the viola da gamba,Q28640,http://wikidata.org/entity/Q19760296
Q23293,1,East Sussex,ceremonial county in England (use Q21694646 for administrative non-metropolitan county),Q180673,http://wikidata.org/entity/Q23293
Q96089029,1,John Donne,(1535-1576),Q5,http://wikidata.org/entity/Q96089029
Q96089028,1,Elizabeth Heywood,-1631,Q5,http://wikidata.org/entity/Q96089028
Q672730,1,Jasper Heywood,British writer and translator,Q5,http://wikidata.org/entity/Q672730
Q305159,1,Traismauer,"municipality in Sankt Pölten District, Lower Austria, Austria",Q667509,http://wikidata.org/entity/Q305159
Q580,3,Łódź,city in Łódź Voivodeship in central Poland,Q1549591,http://wikidata.org/entity/Q580
Q16013,1,Königs Wusterhausen,"town in Brandenburg, Germany",Q54935786,http://wikidata.org/entity/Q16013
Q245247,9,King's College London,"public research university in London, United Kingdom",Q62078547,http://wikidata.org/entity/Q245247
Q191066,4,15th arrondissement of Paris,"one of the 20 administrative districts of Paris, France",Q702842,http://wikidata.org/entity/Q191066
Q19905,1,France Inter,French public radio channel,Q14350,http://wikidata.org/entity/Q19905
Q1044328,1,Le Nouvel Obs,weekly French newsmagazine,Q11032,http://wikidata.org/entity/Q1044328
Q259463,4,7th arrondissement of Paris,"municipal arrondissement in Île-de-France, France",Q702842,http://wikidata.org/entity/Q259463
Q452900,1,Pierre Étienne Simon Duchartre,French botanist (1811-1894),Q5,http://wikidata.org/entity/Q452900
Q3589290,1,correspondent,author of (literary) letters,Q12737077,http://wikidata.org/entity/Q3589290
Q2944120,1,Celse-Bénigne de Rabutin,French aristocrat,Q5,http://wikidata.org/entity/Q2944120
Q42717683,1,Marie de Coulanges,(1603-1633),Q5,http://wikidata.org/entity/Q42717683
Q3372769,1,Pauline de Simiane,"French writer, editor of the correspondence of the Marquise de Sévigné her maternal grandmother",Q5,http://wikidata.org/entity/Q3372769
Q1047293,4,"University of California, Santa Cruz",public University of California campus in Santa Cruz,Q209465,http://wikidata.org/entity/Q1047293
Q860527,2,University of North Texas,"public research university based in Denton, TX, USA",Q62078547,http://wikidata.org/entity/Q860527
Q165140,1,Herrnhut,municipality of Germany,Q42744322,http://wikidata.org/entity/Q165140
Q162049,2,Charlottenburg,"locality of Berlin, Germany",Q35034452,http://wikidata.org/entity/Q162049
Q41252,2,Bydgoszcz,city in the Kuyavian-Pomeranian Voivodeship in north-central Poland,Q925381,http://wikidata.org/entity/Q41252
Q192240,2,Northampton,"town and civil parish in Northamptonshire, England, UK",Q1357964,http://wikidata.org/entity/Q192240
Q1247589,2,Newnham College,college of the University of Cambridge,Q1055028,http://wikidata.org/entity/Q1247589
Q3893,2,Lüdenscheid,"city in North Rhine-Westphalia, Germany",Q1548518,http://wikidata.org/entity/Q3893
Q4197,2,Cuxhaven,"district town of the Lower Saxony district of Cuxhaven, Germany",Q1548525,http://wikidata.org/entity/Q4197
Q162845,2,Sonthofen,"urban municipality in the district of Oberallgäu, Bavaria, Germany",Q42744322,http://wikidata.org/entity/Q162845
Q109805424,1,Johan Coenraad Meischke,Dutch architect,Q5,http://wikidata.org/entity/Q109805424
Q99293419,1,Christiaan Pieter van Eeghen,Dutch art historian (1921-2014),Q5,http://wikidata.org/entity/Q99293419
Q99293323,1,Christiaan Pieter van Eeghen,Dutch banker and art collector (1880-1968),Q5,http://wikidata.org/entity/Q99293323
Q5035888,1,Capitol Hill Baptist Church,"church in Washington, D.C.",Q56242063,http://wikidata.org/entity/Q5035888
Q501882,1,Freistatt,municipality of Germany,Q116457956,http://wikidata.org/entity/Q501882
Q84250,2,Josef Hoffmann,Austrian architect and product designer (1870-1956),Q5,http://wikidata.org/entity/Q84250
Q1928928,1,Michael Powolny,"Austrian sculptor, ceramist, designer, and teacher (1871–1954)",Q5,http://wikidata.org/entity/Q1928928
Q2519376,1,jewelry designer,one who creates jewelry or designs for its manufacture,Q28640,http://wikidata.org/entity/Q2519376
Q56673616,1,decorative artist,profession and occupation; artist who creates applied or decorative art,Q12737077,http://wikidata.org/entity/Q56673616
Q18611810,1,textile designer,"person who designs printed, woven, or knitted textiles for production",Q28640,http://wikidata.org/entity/Q18611810
Q874894,1,window dresser,type of retail worker,Q28640,http://wikidata.org/entity/Q874894
Q11287574,1,industrial designer,professional who designs products and objects in the field of industrial design,Q28640,http://wikidata.org/entity/Q11287574
Q13745166,1,Koninklijke Van Kempen & Begeer,Dutch silver manufacturer,Q83405,http://wikidata.org/entity/Q13745166
Q241338,1,Wiener Werkstätte,production community of artists in Vienna,Q1400264,http://wikidata.org/entity/Q241338
Q877686,1,University of Applied Arts Vienna,university,Q875538,http://wikidata.org/entity/Q877686
Q16138,1,Oer-Erkenschwick,"town in the district of Recklinghausen, in North Rhine-Westphalia, Germany",Q54935786,http://wikidata.org/entity/Q16138
Q882116,1,Tobias Michael,Composer and cantor,Q5,http://wikidata.org/entity/Q882116
Q46845,1,Oelsnitz,"town in the Vogtland district of Saxony, Germany",Q448801,http://wikidata.org/entity/Q46845
Q238101,3,University of Minnesota,"public research university in Minneapolis and Saint Paul, Minnesota, United States",Q62078547,http://wikidata.org/entity/Q238101
Q182973,7,University of Iowa,"public research university in Iowa City, Iowa, United States",Q62078547,http://wikidata.org/entity/Q182973
Q172,10,Toronto,"capital and largest city of the province of Ontario, Canada",Q515,http://wikidata.org/entity/Q172
Q1144262,1,Western University,"public research university located in London, Ontario, Canada",Q62078547,http://wikidata.org/entity/Q1144262
Q180865,10,University of Toronto,"public research university in the Greater Toronto Area of Ontario, Canada",Q62078547,http://wikidata.org/entity/Q180865
Q2405480,1,voice actor,"person who provides voice-overs for a character in films, animation, video games, or in other media",Q28640,http://wikidata.org/entity/Q2405480
Q29432888,1,Ad Windig,Dutch photographer (1912-1996),Q5,http://wikidata.org/entity/Q29432888
Q22442963,1,Ida Dequeecker,Belgian feminist and politician,Q5,http://wikidata.org/entity/Q22442963
Q702486,2,Trier University,university,Q5028741,http://wikidata.org/entity/Q702486
Q75280769,1,John FitzGerald Mahon,(1858-1942),Q5,http://wikidata.org/entity/Q75280769
Q75280768,1,Lady Alice Browne,(1877-1970),Q5,http://wikidata.org/entity/Q75280768
Q734266,2,Courtauld Institute of Art,university in London,Q875538,http://wikidata.org/entity/Q734266
Q2910,5,Ludwigshafen,"city in Rhineland-Palatinate, Germany",Q1549591,http://wikidata.org/entity/Q2910
Q3958,1,Neubrandenburg,"city in Mecklenburg-Vorpommern, Germany",Q42744322,http://wikidata.org/entity/Q3958
Q5584327,1,Gopsall,"former civil parish in Leicestershire, England, United Kingdom",Q3257686,http://wikidata.org/entity/Q5584327
Q10671006,1,,,Q615980,http://wikidata.org/entity/Q10671006
Q10519255,1,Hedvig Eleonora parish,"parish in Stockholm, Sweden",Q615980,http://wikidata.org/entity/Q10519255
Q509338,1,Esens,"municipality in Lower Saxony, Germany",Q42744322,http://wikidata.org/entity/Q509338
Q7801,1,International Court of Justice,primary judicial organ of the United Nations,Q1262438,http://wikidata.org/entity/Q7801
Q570544,1,viola da braccio,a term variously applied during the baroque period to instruments of the violin family,Q110295396,http://wikidata.org/entity/Q570544
Q3952,4,Plauen,"Greater district town and district capital, Vogtland Rural District, Saxony, Germany",Q448801,http://wikidata.org/entity/Q3952
Q865849,1,Birr,"town in County Offaly, Ireland",Q3957,http://wikidata.org/entity/Q865849
Q209142,1,South Lanarkshire,local government area of Scotland,Q15060255,http://wikidata.org/entity/Q209142
Q750425,1,Saint-Amour,"commune in Jura, France",Q484170,http://wikidata.org/entity/Q750425
Q1605741,1,Henri Brunschwig,French historian of modern age (1904–1989),Q5,http://wikidata.org/entity/Q1605741
Q11921803,1,Fernand L'Huillier,French historian (1905-1997),Q5,http://wikidata.org/entity/Q11921803
Q843018,1,Kunszentmiklós,town in Hungary,Q13218690,http://wikidata.org/entity/Q843018
Q1068701,1,Budapest District II,district in Budapest,Q851110,http://wikidata.org/entity/Q1068701
Q390287,4,Eötvös Loránd University,"public research university in Budapest, Hungary",Q62078547,http://wikidata.org/entity/Q390287
Q9093,1,Bülach,municipality in the canton of Zürich in Switzerland,Q70208,http://wikidata.org/entity/Q9093
Q890709,1,Boguszów-Gorce,city and urban gmina of Poland,Q2616791,http://wikidata.org/entity/Q890709
Q6998,3,Freising,"town in Upper Bavaria, Germany",Q85631896,http://wikidata.org/entity/Q6998
Q194007,1,Robin Mallapert,French musician,Q5,http://wikidata.org/entity/Q194007
Q5452131,1,Firmin Lebel,French composer,Q5,http://wikidata.org/entity/Q5452131
Q23641819,1,Giacomo Coppola,teacher of Palestrina,Q5,http://wikidata.org/entity/Q23641819
Q76311895,1,Horace Decimus Fellowes,Peerage person ID=680337,Q5,http://wikidata.org/entity/Q76311895
Q96761155,1,Irène Fernandez,French philosopher,Q5,http://wikidata.org/entity/Q96761155
Q2211070,1,Ramon Fernandez,"French writer, journalist and literary critic (1894–1944)",Q5,http://wikidata.org/entity/Q2211070
Q55929702,1,Liliane Tasca,,Q5,http://wikidata.org/entity/Q55929702
Q55906551,1,Rámon Fernández,"Mexican physicist, politician and diplomat",Q5,http://wikidata.org/entity/Q55906551
Q272262,1,Watermael-Boitsfort,"municipality in the Brussels-Capital Region, Belgium",Q493522,http://wikidata.org/entity/Q272262
Q25215,1,Valduggia,Italian comune,Q747074,http://wikidata.org/entity/Q25215
Q10351,1,Villafranca Piemonte,Italian comune,Q747074,http://wikidata.org/entity/Q10351
Q702158,1,Ludwig Thuille,Austrian composer (1861–1907),Q5,http://wikidata.org/entity/Q702158
Q630611,1,Walter Courvoisier,Swiss composer and music educator (1875-1931),Q5,http://wikidata.org/entity/Q630611
Q55044,27,Ludwig-Maximilians-Universität München,"public university in Munich, Germany",Q62078547,http://wikidata.org/entity/Q55044
Q30131998,1,cultural anthropologist,scholar of cultural anthropology,Q28640,http://wikidata.org/entity/Q30131998
Q3443893,1,West Chester University of Pennsylvania,public university in southeastern Pennsylvania,Q3918,http://wikidata.org/entity/Q3443893
Q49213,6,University of Texas at Austin,"public university in Austin, Texas, USA",Q62078547,http://wikidata.org/entity/Q49213
Q235034,4,University of Pittsburgh,"state-related research university located in Pittsburgh, Pennsylvania, United States",Q221096,http://wikidata.org/entity/Q235034
Q94788833,1,Ottmar Hammerstein,,Q5,http://wikidata.org/entity/Q94788833
Q94788834,1,Gerhard Hammerstein,,Q5,http://wikidata.org/entity/Q94788834
Q1879132,1,Lämmerspiel,"municipal district of Mühlheim in Landkreis Offenbach, Germany",Q1499928,http://wikidata.org/entity/Q1879132
Q64010806,1,Walxheim,quarter of Unterschneidheim,Q19730508,http://wikidata.org/entity/Q64010806
Q715301,3,comics artist,person who creates the artwork for comics,Q28640,http://wikidata.org/entity/Q715301
Q176,2,Quebec,province of Canada,Q11828004,http://wikidata.org/entity/Q176
Q578109,3,television producer,occupation within video production for TV,Q28640,http://wikidata.org/entity/Q578109
Q2453259,2,Surbiton,"suburban area of south-west London within the Royal Borough of Kingston upon Thames, England",Q2755753,http://wikidata.org/entity/Q2453259
Q391805,1,Ambleside,"town in Cumbria, England",Q3957,http://wikidata.org/entity/Q391805
Q2194352,1,East Riding of Yorkshire,one of the historic subdivisions of Yorkshire,Q94730503,http://wikidata.org/entity/Q2194352
Q3464028,1,Holme-on-Spalding-Moor,"village and civil parish in East Yorkshire, England",Q532,http://wikidata.org/entity/Q3464028
Q52553554,1,hymnologist,scholar of hymns,Q12737077,http://wikidata.org/entity/Q52553554
Q1711347,1,cultural policy,"policy intended to impact the arts, language, heritage, or diversity",Q96251375,http://wikidata.org/entity/Q1711347
Q54647,1,San Giorgio Morgeto,Italian comune,Q747074,http://wikidata.org/entity/Q54647
Q695419,1,Langegg bei Graz,former municipality in Austria,Q1802801,http://wikidata.org/entity/Q695419
Q63931,3,Stans,"municipality in, and capital of, the Swiss canton of Nidwalden",Q54935504,http://wikidata.org/entity/Q63931
Q390375,1,National Library of New Zealand,national library,Q22806,http://wikidata.org/entity/Q390375
Q61604271,1,Alexander Turnbull Library,part of the National Library of New Zealand,Q7075,http://wikidata.org/entity/Q61604271
Q3518,2,Neuenfelde,"rural quarter in the borough Harburg of Hamburg, Germany",Q15830667,http://wikidata.org/entity/Q3518
Q1607,1,Blankenese,"quarter in Altona, Hamburg, Germany",Q15830667,http://wikidata.org/entity/Q1607
Q501639,1,Brake,"municipality on the Lower Weser in the Wesermarsch District, Lower Saxony, Germany",Q42744322,http://wikidata.org/entity/Q501639
Q170390,1,County of Oldenburg,countship,Q353344,http://wikidata.org/entity/Q170390
Q2453541,1,Propria Cures,"Dutch satirical student newspaper, published weekly in Amsterdam",Q1002697,http://wikidata.org/entity/Q2453541
Q660015,1,Telfs,"municipality in Innsbruck-Land District, Tyrol, Austria",Q562061,http://wikidata.org/entity/Q660015
Q264311,1,Henndorf am Wallersee,"municipality in Salzburg-Umgebung District, Salzburg, Austria",Q1802801,http://wikidata.org/entity/Q264311
Q23079,1,Northumberland,"ceremonial county and unitary authority area in north east England, UK",Q180673,http://wikidata.org/entity/Q23079
Q1145814,4,University of Illinois system,public university system in Illinois,Q1075106,http://wikidata.org/entity/Q1145814
Q1137180,1,Seuilly,"commune in Indre-et-Loire, France",Q484170,http://wikidata.org/entity/Q1137180
Q194138,1,Chinon,"French commune in Indre-et-Loire, Centre-Val de Loire",Q484170,http://wikidata.org/entity/Q194138
Q2856653,1,Antoine Rabelais,French lawyer,Q5,http://wikidata.org/entity/Q2856653
Q776223,3,University of Montpellier,French university located in Montpellier (2022- ),Q77979904,http://wikidata.org/entity/Q776223
Q31640,1,Unterschwaningen,"municipality in Bavaria, Germany",Q116457956,http://wikidata.org/entity/Q31640
Q113860630,1,Chey Dearing,academic in New Zealand,Q5,http://wikidata.org/entity/Q113860630
Q113860645,1,Anita Jagroop-Dearing,academic in New Zealand,Q5,http://wikidata.org/entity/Q113860645
Q15401884,1,medical researcher,occupation,Q28640,http://wikidata.org/entity/Q15401884
Q5330219,1,Eastern Institute of Technology,"technical university in Napier, New Zealand",Q1371037,http://wikidata.org/entity/Q5330219
Q2897491,1,Jacopo Melani,Italian composer and violinist (1623-1676),Q5,http://wikidata.org/entity/Q2897491
Q2622497,1,Alessandro Melani,Italian composer,Q5,http://wikidata.org/entity/Q2622497
Q446240,1,Maria Kunigunde of Saxony,"Princess of Saxony and Poland, abbess of Essen and Thorn (1740–1826)",Q5,http://wikidata.org/entity/Q446240
Q237706,1,Maria Anna Sophia of Saxony,"wife of Maximilian III Joseph, Elector of Bavaria; daughter of Augustus III of Poland and Maria Josepha of Austria",Q5,http://wikidata.org/entity/Q237706
Q70244,1,Princess Maria Christina of Saxony,Princess of Saxony and an Abbess,Q5,http://wikidata.org/entity/Q70244
Q15439085,1,Princess Maria Elisabeth of Saxony,German Princess of Saxony,Q5,http://wikidata.org/entity/Q15439085
Q16859543,1,Maria Margaretha of Saxony,Princess of Saxony,Q5,http://wikidata.org/entity/Q16859543
Q163043,1,Marie Josèphe of Saxony,dauphine of France (1731-1767),Q5,http://wikidata.org/entity/Q163043
Q169512,1,Maria Amalia of Saxony,Queen consort of Spain (1724-1760),Q5,http://wikidata.org/entity/Q169512
Q215988,1,"Charles of Saxony, Duke of Courland",German prince (1733-1796),Q5,http://wikidata.org/entity/Q215988
Q565780,1,Clemens Wenceslaus of Saxony,Roman Catholic archbishop (1739-1812),Q5,http://wikidata.org/entity/Q565780
Q60657,1,"Albert Casimir, Duke of Teschen",Duke of Teschen from 1766 to 1822 (1738–1822),Q5,http://wikidata.org/entity/Q60657
Q63605,1,Prince Francis Xavier of Saxony,German prince and member of the House of Wettin,Q5,http://wikidata.org/entity/Q63605
Q53438,1,Augustus III of Poland,"King of Poland, Elector of Saxony (1696-1763)",Q5,http://wikidata.org/entity/Q53438
Q84276,1,Maria Josepha of Austria,Queen of Poland,Q5,http://wikidata.org/entity/Q84276
Q1065414,15,Vrije Universiteit Amsterdam,"university in Amsterdam, Netherlands",Q3918,http://wikidata.org/entity/Q1065414
Q999763,5,University of Paris 1 Pantheon-Sorbonne,"French university located at the heart of the Latin Quarter, in Paris",Q3551775,http://wikidata.org/entity/Q999763
Q3245180,1,sick comforter,"minor clerical official who conducts services, visits the sick, and teaches children",Q28640,http://wikidata.org/entity/Q3245180
Q702411,1,Rheydt,"subdivision of Mönchengladbach, Germany",Q253019,http://wikidata.org/entity/Q702411
Q17169,3,Giovanni Bellini,15th- and 16th-century Italian Renaissance painter (1430–1516),Q5,http://wikidata.org/entity/Q17169
Q290407,2,Gentile Bellini,Italian painter of the renaissance (1429–1507),Q5,http://wikidata.org/entity/Q290407
Q1743903,1,Francesco Vecellio,Italian painter,Q5,http://wikidata.org/entity/Q1743903
Q17074910,1,Tommaso Vecellio,,Q5,http://wikidata.org/entity/Q17074910
Q41065,1,Pieve di Cadore,Italian comune,Q747074,http://wikidata.org/entity/Q41065
Q17074728,1,Gregorio Vecellio,"Venetian council member and soldier (d. 1538), father of Titian",Q5,http://wikidata.org/entity/Q17074728
Q16620526,1,House of Vecellio,noble family,Q13417114,http://wikidata.org/entity/Q16620526
Q1623099,1,Navalcarnero,municipality of Spain,Q2074737,http://wikidata.org/entity/Q1623099
Q313189,1,Schöneberg,"locality of Berlin, Germany",Q35034452,http://wikidata.org/entity/Q313189
Q2424465,1,Luca Bati,Italian Baroque composer,Q5,http://wikidata.org/entity/Q2424465
Q4853732,3,children's writer,writer of literature targeted primarily at children,Q28640,http://wikidata.org/entity/Q4853732
Q20551564,1,collector of fairy tales,person who collects fairy tales from oral and written sources,Q12737077,http://wikidata.org/entity/Q20551564
Q711896,1,Rollot,"commune in Somme, France",Q484170,http://wikidata.org/entity/Q711896
Q194420,16,16th arrondissement of Paris,"one of the 20 administrative districts of Paris, France",Q702842,http://wikidata.org/entity/Q194420
Q1067935,4,Laval University,"public research university in Quebec City, Quebec, Canada",Q62078547,http://wikidata.org/entity/Q1067935
Q392189,9,Université de Montréal,"university in Montreal, Quebec, Canada",Q3551519,http://wikidata.org/entity/Q392189
Q1634522,1,Université du Québec à Montréal,"university based in Montreal, Quebec, Canada",Q3551519,http://wikidata.org/entity/Q1634522
Q201492,10,McGill University,"English-language public research university in Montreal, Quebec, Canada",Q62078547,http://wikidata.org/entity/Q201492
Q2278254,1,Sherborne School,"school in Sherborne, Dorset, England, UK",Q2418495,http://wikidata.org/entity/Q2278254
Q10686,1,Belfast,capital city of Northern Ireland,Q515,http://wikidata.org/entity/Q10686
Q1281963,1,Martin Galway,British musician,Q5,http://wikidata.org/entity/Q1281963
Q62122631,1,Angelo Condulmer,,Q5,http://wikidata.org/entity/Q62122631
Q62119732,1,Bariola di Niccolò Correr,,Q5,http://wikidata.org/entity/Q62119732
Q227694,1,Gregory XII,pope of the Catholic Church from 1406 to 1415,Q5,http://wikidata.org/entity/Q227694
Q2657000,1,Antonio Correr,Italian cardinal,Q5,http://wikidata.org/entity/Q2657000
Q3765384,1,Gregorio Correr,Patriarch of Venice,Q5,http://wikidata.org/entity/Q3765384
Q359189,1,Angelo Barbarigo,Italian cardinal of the Roman Catholic church,Q5,http://wikidata.org/entity/Q359189
Q102605,1,Paul II,pope of the Catholic Church from 1464 to 1471,Q5,http://wikidata.org/entity/Q102605
Q920363,1,Condulmer family,venetian noble family,Q58481200,http://wikidata.org/entity/Q920363
Q7900285,1,Urbán de Vargas,Spanish composer,Q5,http://wikidata.org/entity/Q7900285
Q1649476,1,Algemesí,municipality of Spain,Q2074737,http://wikidata.org/entity/Q1649476
Q3571185,1,Josep Prades i Gallent,Organist and composer,Q5,http://wikidata.org/entity/Q3571185
Q284696,2,Oberelsbach,market municipality of Germany,Q100341898,http://wikidata.org/entity/Q284696
Q1714370,1,Theologische Fakultät Trier,ecclesiastical university in Trier,Q118868153,http://wikidata.org/entity/Q1714370
Q57202075,1,Roger Gaudefroy-Demombynes,,Q5,http://wikidata.org/entity/Q57202075
Q1170042,1,Mur-de-Sologne,"commune in Loir-et-Cher, France",Q484170,http://wikidata.org/entity/Q1170042
Q1797649,1,Maurice Gaudefroy-Demombynes,"French Arabist, Islamologist and historian of religion (1862–1957)",Q5,http://wikidata.org/entity/Q1797649
Q68129,1,Olten,municipality in the canton of Solothurn in Switzerland,Q70208,http://wikidata.org/entity/Q68129
Q5262,1,Riehen,municipality in the canton of Basel-Stadt in Switzerland,Q70208,http://wikidata.org/entity/Q5262
Q9899,4,Amsterdam,"municipality in the Netherlands, containing the cities of Amsterdam and Weesp",Q2039348,http://wikidata.org/entity/Q9899
Q230127,2,4th arrondissement of Paris,"one of the 20 administrative districts of Paris, France",Q702842,http://wikidata.org/entity/Q230127
Q74392220,1,Dominique Ferran,French musician,Q5,http://wikidata.org/entity/Q74392220
Q757837,1,Cornelis Hofstede de Groot,Dutch art historian (1863-1930),Q5,http://wikidata.org/entity/Q757837
Q120510,1,Wolfgang Stechow,German-American art historian (1896-1974),Q5,http://wikidata.org/entity/Q120510
Q359992,1,Junior Mance,American musician (1928–2021),Q5,http://wikidata.org/entity/Q359992
Q1375402,1,Fred Hersch,American jazz pianist,Q5,http://wikidata.org/entity/Q1375402
Q332983,1,Kenny Werner,"American jazz pianist, composer, and author",Q5,http://wikidata.org/entity/Q332983
Q499491,1,Jimmy Cobb,American jazz drummer (1929–2020),Q5,http://wikidata.org/entity/Q499491
Q7562916,1,Sophia Rosoff,American pianist,Q5,http://wikidata.org/entity/Q7562916
Q16568,1,Jacksonville,"city in Duval County, and largest city in State of Florida, United States",Q1093829,http://wikidata.org/entity/Q16568
Q248970,1,Berklee College of Music,"independent college of contemporary music in Boston, Massachusetts, United States",Q902104,http://wikidata.org/entity/Q248970
Q599316,3,The New School,private university in New York,Q902104,http://wikidata.org/entity/Q599316
Q5642595,1,Hall High School,"high school in Connecticut, United States",Q9826,http://wikidata.org/entity/Q5642595
Q526691,1,Werneck,market municipality of Germany in Bavaria,Q100341898,http://wikidata.org/entity/Q526691
Q616905,3,University of Augsburg,public university in Germany,Q875538,http://wikidata.org/entity/Q616905
Q6237,1,Lecco,Italian comune in Lombardy,Q747074,http://wikidata.org/entity/Q6237
Q100143,1,Caprino Bergamasco,Italian comune,Q747074,http://wikidata.org/entity/Q100143
Q14825988,1,Maggianico,neighborhood of the Italian city of Lecco,Q123705,http://wikidata.org/entity/Q14825988
Q23926940,1,Ercole Gaibara,Italian Baroque composer (c. 1620–1690),Q5,http://wikidata.org/entity/Q23926940
Q1936608,1,Johan Hendrik van Heurn,Dutch historian,Q5,http://wikidata.org/entity/Q1936608
Q1641529,1,Mora,town and municipality in Toledo province,Q2074737,http://wikidata.org/entity/Q1641529
Q238723,3,5th arrondissement of Paris,"one of the 20 administrative districts of Paris, France",Q702842,http://wikidata.org/entity/Q238723
Q791277,1,Avon,"commune in Seine-et-Marne, France",Q484170,http://wikidata.org/entity/Q791277
Q121998,1,ambassador,highest diplomatic rank,Q303618,http://wikidata.org/entity/Q121998
Q784364,1,Bemmel,"village in Lingewaard, Netherlands",Q532,http://wikidata.org/entity/Q784364
Q11462,1,Surabaya,"city in East Java Province, Indonesia",Q3199141,http://wikidata.org/entity/Q11462
Q33423050,1,Baarn,"human settlement in Baarn, the Netherlands",Q13539802,http://wikidata.org/entity/Q33423050
Q3241660,1,Linus,son of Apollo and Calliope in Greek mythology,Q22988604,http://wikidata.org/entity/Q3241660
Q1539620,1,Oeagrus,"mythical character, father of Orpheus",Q22988604,http://wikidata.org/entity/Q1539620
Q103975,1,Calliope,muse of epic poetry,Q22988604,http://wikidata.org/entity/Q103975
Q1061782,1,Rhesus of Thrace,mythical king and demigod,Q22988604,http://wikidata.org/entity/Q1061782
Q3689758,1,Convitto Nazionale Cicognini,classical lyceum in Prato in the province of Prato (Italy),Q5518,http://wikidata.org/entity/Q3689758
Q550772,1,Johann Joseph Abert,"German composer, conductor, double-bassist (1832-1915)",Q5,http://wikidata.org/entity/Q550772
Q56834600,1,Frédéric Loliée,,Q5,http://wikidata.org/entity/Q56834600
Q2078223,1,Kelmscott,"village and civil parish in West Oxfordshire, Oxfordshire, England",Q532,http://wikidata.org/entity/Q2078223
Q1191335,1,Colgate University,"private liberal arts college in New York State, United States",Q902104,http://wikidata.org/entity/Q1191335
Q1100801,1,Cleveland State University,"public research university in Cleveland, Ohio",Q875538,http://wikidata.org/entity/Q1100801
Q3417076,1,Radley College,"school in Oxfordshire, UK",Q2418495,http://wikidata.org/entity/Q3417076
Q776807,2,Magdalene College,constituent college of the University of Cambridge in England,Q1055028,http://wikidata.org/entity/Q776807
Q5108787,1,Christ Church Cathedral School,"boarding school in Oxford, Oxfordshire, England, UK",Q4367464,http://wikidata.org/entity/Q5108787
Q41753,3,Klagenfurt am Wörthersee,"capital city of Carinthia, Austria",Q262882,http://wikidata.org/entity/Q41753
Q215129,1,Adam Friedrich Oeser,German etcher and painter (1717–1799),Q5,http://wikidata.org/entity/Q215129
Q215998,1,Justus Christian Loder,German anatomist and surgeon (1753-1832),Q5,http://wikidata.org/entity/Q215998
Q95740,1,Cornelia Schlosser,German author of letters and sister of Johann Wolfgang von Goethe (1750-1777),Q5,http://wikidata.org/entity/Q95740
Q1585819,1,Johann Caspar Goethe,German lawyer and father of Johann Wolfgang Goethe,Q5,http://wikidata.org/entity/Q1585819
Q103757,1,Catharina Elisabeth Goethe,Mother of Johann Wolfgang Goethe,Q5,http://wikidata.org/entity/Q103757
Q2079256,1,Peter im Baumgarten,Swiss copperplate engraver,Q5,http://wikidata.org/entity/Q2079256
Q1534158,1,Goethe,family of the German poet Johann Wolfgang von Goethe,Q8436,http://wikidata.org/entity/Q1534158
Q94935765,1,Otto Pfister,Swiss architect,Q5,http://wikidata.org/entity/Q94935765
Q64869,1,Fällanden,"municipality in the canton of Zürich, Switzerland",Q70208,http://wikidata.org/entity/Q64869
Q10297252,1,crime fiction writer,writer writing fiction about crime,Q12737077,http://wikidata.org/entity/Q10297252
Q38022,6,St. Louis,"independent city in Missouri, United States",Q1549591,http://wikidata.org/entity/Q38022
Q18426,5,The Bronx,"borough of New York City, New York, United States",Q408804,http://wikidata.org/entity/Q18426
Q490732,1,Fort Collins,"city and county seat of Larimer County, Colorado, United States",Q1093829,http://wikidata.org/entity/Q490732
Q1008912,1,Montecito,"unincorporated census-designated place in Santa Barbara County, California, United States",Q17343829,http://wikidata.org/entity/Q1008912
Q49272176,1,György Gombosi,Hungarian art historian (1904-1945),Q5,http://wikidata.org/entity/Q49272176
Q48963844,1,Dea Forsdyke,Austrian violinist,Q5,http://wikidata.org/entity/Q48963844
Q3268876,1,Lycée Pasteur,French High School in Neuilly-sur-Seine,Q20860083,http://wikidata.org/entity/Q3268876
Q1001231,1,Szczawno-Zdrój,city and urban gmina of Poland,Q2616791,http://wikidata.org/entity/Q1001231
Q61658,1,Ditzingen,town in Germany,Q42744322,http://wikidata.org/entity/Q61658
Q1614897,1,Musisches Gymnasium,school,Q1955139,http://wikidata.org/entity/Q1614897
Q273605,4,École normale supérieure de lettres et sciences humaines,"former humanities-focused grande école in Lyon, France",Q847027,http://wikidata.org/entity/Q273605
Q27431165,1,Bernard Granville,"English army officer and politician, born 1670; died 1723 December 08",Q5,http://wikidata.org/entity/Q27431165
Q75240982,1,Mary Westcombe,Peerage person ID=3105,Q5,http://wikidata.org/entity/Q75240982
Q1828038,1,Lismore,"town in County Waterford, Ireland",Q3957,http://wikidata.org/entity/Q1828038
Q987759,1,Enniscorthy,"town in County Wexford, Ireland",Q486972,http://wikidata.org/entity/Q987759
Q4728794,1,All Hallows College,college of higher education in Dublin,Q189004,http://wikidata.org/entity/Q4728794
Q7590902,1,"St. Patrick's, Carlow College","college in Carlow, Ireland",Q189004,http://wikidata.org/entity/Q7590902
Q136672269,1,Frans Lodewijk Pannekoek,Dutch civil servant (1876-1952),Q5,http://wikidata.org/entity/Q136672269
Q10393,1,Bogor,"city in West Java Province, Indonesia",Q3199141,http://wikidata.org/entity/Q10393
Q572503,1,Ortrand,town in Germany,Q42744322,http://wikidata.org/entity/Q572503
Q633075,1,Castelmoron-sur-Lot,"commune in Lot-et-Garonne, France",Q484170,http://wikidata.org/entity/Q633075
Q115793163,1,director of the archives,,Q12737077,http://wikidata.org/entity/Q115793163
Q505601,1,Wassenaar,"town and municipality in South Holland, Netherlands",Q2039348,http://wikidata.org/entity/Q505601
Q2498708,1,Arie Mout,Dutch lawyer and writer (1900–1978),Q5,http://wikidata.org/entity/Q2498708
Q1517021,4,University of Western Australia,"university in Perth, Western Australia",Q875538,http://wikidata.org/entity/Q1517021
Q1501219,1,Gemäldegalerie Alte Meister,art gallery housed in the Schloss Wilhelmshöhe in Kassel in Germany,Q207694,http://wikidata.org/entity/Q1501219
Q45670,2,Kingdom of Portugal,kingdom in Southwestern Europe (1139–1910),Q417175,http://wikidata.org/entity/Q45670
Q157808,3,Technical University of Munich,public research university in Germany,Q1371037,http://wikidata.org/entity/Q157808
Q117083317,1,Tineke Haak,"Dutch resistance fighter during WW-II, 1922-2004",Q5,http://wikidata.org/entity/Q117083317
Q1389937,1,Jur Haak,Dutch football player (1891-1945),Q5,http://wikidata.org/entity/Q1389937
Q118144737,1,Jet Haak,,Q5,http://wikidata.org/entity/Q118144737
Q29948997,1,Suriname studies researcher,,Q28640,http://wikidata.org/entity/Q29948997
Q18691547,1,Hoogeveen,"town in Hoogeveen Municipality, Netherlands",Q3957,http://wikidata.org/entity/Q18691547
Q509566,1,Plattling,"town in Bavaria, Germany",Q42744322,http://wikidata.org/entity/Q509566
Q57919,1,Arendal,"municipality in Agder, Norway",Q755707,http://wikidata.org/entity/Q57919
Q259086,1,Bad Hall,"municipality in Steyr-Land District, Upper Austria, Austria",Q667509,http://wikidata.org/entity/Q259086
Q17345122,1,urologist,physician who specializes in urology,Q66811410,http://wikidata.org/entity/Q17345122
Q310695,3,Technical University of Darmstadt,German university (1877-),Q875538,http://wikidata.org/entity/Q310695
Q631922,1,Tiefenort,municipality of Germany,Q253019,http://wikidata.org/entity/Q631922
Q503424,11,University of Leeds,"university in Leeds, United Kingdom",Q62078547,http://wikidata.org/entity/Q503424
Q129421,5,"University of California, Davis","public university in the Davis, California area; part of the University of California system",Q3918,http://wikidata.org/entity/Q129421
Q457281,13,University of Illinois Urbana–Champaign,"public research university in Urbana and Champaign, Illinois, United States",Q62078547,http://wikidata.org/entity/Q457281
Q222450,2,Zurich University of the Arts,"University in the city of Zürich, Switzerland",Q383092,http://wikidata.org/entity/Q222450
Q618045,1,Margate,"town in Kent, England",Q3957,http://wikidata.org/entity/Q618045
Q18125,2,Manchester,"city in Greater Manchester, England",Q515,http://wikidata.org/entity/Q18125
Q15244494,1,Manchester High School for Girls,"school in Manchester, UK",Q9826,http://wikidata.org/entity/Q15244494
Q3723541,1,Ellis Gibbons,English Renaissance composer,Q5,http://wikidata.org/entity/Q3723541
Q18671031,1,Edward Gibbons,English musician,Q5,http://wikidata.org/entity/Q18671031
Q112400893,1,Franz Haselböck,Austrian organist (1939-2024),Q5,http://wikidata.org/entity/Q112400893
Q676362,1,Bergern im Dunkelsteinerwald,"municipality in Krems District, Lower Austria, Austria",Q1802801,http://wikidata.org/entity/Q676362
Q924289,4,King's College,college of the University of Cambridge,Q1055028,http://wikidata.org/entity/Q924289
Q3711,3,Belgrade,capital of Serbia,Q515,http://wikidata.org/entity/Q3711
Q1458113,4,University of Victoria,"university in Greater Victoria, British Columbia, Canada",Q108402759,http://wikidata.org/entity/Q1458113
Q138720962,1,,,Q5,http://wikidata.org/entity/Q138720962
Q2353984,1,Straubenzell,,Q685309,http://wikidata.org/entity/Q2353984
Q138720949,1,,,Q5,http://wikidata.org/entity/Q138720949
Q138720952,1,,,Q5,http://wikidata.org/entity/Q138720952
Q92595686,1,Hans Haussherr,,Q5,http://wikidata.org/entity/Q92595686
Q5552584,1,Gerrit Pietersz Sweelink,Dutch Golden Age painter (1566-1612),Q5,http://wikidata.org/entity/Q5552584
Q1863843,1,Pieter Sywertszoon,1535 - before 8 Jun 1573,Q5,http://wikidata.org/entity/Q1863843
Q108763584,1,Sweelinck family,,Q8436,http://wikidata.org/entity/Q108763584
Q43668,3,Louisville,"county seat of Jefferson County, Kentucky, United States",Q1093829,http://wikidata.org/entity/Q43668
Q499451,7,Rutgers University,"multi-campus public research university in New Jersey, United States",Q62078547,http://wikidata.org/entity/Q499451
Q85812639,1,Vailsburg High School,"public high school in Newark, New Jersey, United States",Q3914,http://wikidata.org/entity/Q85812639
Q193826,1,Douai,"commune in Nord, France",Q484170,http://wikidata.org/entity/Q193826
Q1047060,5,Case Western Reserve University,"private university in Ohio, United States",Q902104,http://wikidata.org/entity/Q1047060
Q1075116,1,Colby College,"private liberal arts college located on Mayflower Hill in Waterville, Maine, USA",Q6540832,http://wikidata.org/entity/Q1075116
Q1196251,1,Union Theological Seminary,"independent, ecumenical, Christian seminary in New York City",Q233324,http://wikidata.org/entity/Q1196251
Q7401684,1,Saint Louis University School of Medicine,"medical school in St. Louis, Missouri, United States",Q494230,http://wikidata.org/entity/Q7401684
Q10495587,1,Finnish church parish,parish in Stockholm,Q615980,http://wikidata.org/entity/Q10495587
Q2456619,1,Trusen,human settlement in Germany,Q2983893,http://wikidata.org/entity/Q2456619
Q881130,3,Rostock University of Music and Drama,"German music, theatre, and dance university",Q2143781,http://wikidata.org/entity/Q881130
Q1616240,1,Axel,"city in Terneuzen, Netherlands",Q13539802,http://wikidata.org/entity/Q1616240
Q450202,1,guitar maker,profession,Q28640,http://wikidata.org/entity/Q450202
Q808313,1,Barlaeus Gymnasium,secondary school in Amsterdam in the Netherlands,Q55043,http://wikidata.org/entity/Q808313
Q27317265,1,lusitanist,scholar specializing in Portuguese studies,Q28640,http://wikidata.org/entity/Q27317265
Q230899,10,University of Manchester,"public research university in Manchester, England, United Kingdom",Q3918,http://wikidata.org/entity/Q230899
Q1972979,1,Chevremont,"neighborhood of Kerkrade, Netherlands",Q532,http://wikidata.org/entity/Q1972979
Q187865,2,antiquarian seller,profession,Q28640,http://wikidata.org/entity/Q187865
Q23070,1,Sneek,"town in Súdwest-Fryslân, Netherlands",Q515,http://wikidata.org/entity/Q23070
Q10027,1,Baarn,municipality in the Netherlands,Q2039348,http://wikidata.org/entity/Q10027
Q94752453,1,Marulla Hesse,educator (1880-1953),Q5,http://wikidata.org/entity/Q94752453
Q487921,2,Calw,"city in Baden-Württemberg, Germany",Q134626,http://wikidata.org/entity/Q487921
Q694086,1,Montagnola,"village and former municipality in Collina d'Oro in the canton of Ticino, Switzerland",Q685309,http://wikidata.org/entity/Q694086
Q43287,2,German Empire,German nation-state in Central Europe from 1871 to 1918,Q11514315,http://wikidata.org/entity/Q43287
Q106996,1,Johannes Hesse,German theologian (1847–1916),Q5,http://wikidata.org/entity/Q106996
Q23059263,1,Marie Hesse,(1842-1902),Q5,http://wikidata.org/entity/Q23059263
Q1381118,1,Evangelical Seminaries of Maulbronn and Blaubeuren,seminary,Q233324,http://wikidata.org/entity/Q1381118
Q19523829,1,Buddhism as a religion,,Q13408937,http://wikidata.org/entity/Q19523829
Q41630,1,psychoanalysis,psychological theory that was founded in 1890 by the Viennese neurologist Sigmund Freud,Q1047113,http://wikidata.org/entity/Q41630
Q117213594,1,Toos Heuwekemeijer,,Q5,http://wikidata.org/entity/Q117213594
Q117235956,1,Toon Heuwekemeijer,,Q5,http://wikidata.org/entity/Q117235956
Q1024903,1,Sloten,"former village and neighborhood in Amsterdam, Netherlands",Q123705,http://wikidata.org/entity/Q1024903
Q25860650,1,Blaricum,"town in Noord-Holland, the Netherlands",Q532,http://wikidata.org/entity/Q25860650
Q992071,1,Bruck,"district of Erlangen, Germany",Q1499928,http://wikidata.org/entity/Q992071
Q94904151,1,Arnold Hildesheimer,,Q5,http://wikidata.org/entity/Q94904151
Q5502791,1,Frensham Heights School,"school in Surrey, UK",Q2418495,http://wikidata.org/entity/Q5502791
Q183515,1,Salzkotten,"small city in the Paderborn District, North Rhine-Westphalia, Germany",Q42744322,http://wikidata.org/entity/Q183515
Q700824,3,Hamburg University of Music and Drama,university of music in Hamburg,Q184644,http://wikidata.org/entity/Q700824
Q192775,6,University of Glasgow,"university in Glasgow, Scotland, United Kingdom, founded in 1451",Q62078547,http://wikidata.org/entity/Q192775
Q719954,1,Strzelin,city of Poland,Q515,http://wikidata.org/entity/Q719954
Q111051344,1,Christoph Ludwig Hoffmann,,Q5,http://wikidata.org/entity/Q111051344
Q111069553,1,Louise Albertine Hoffmann,23 Jul 1748 - 13 Mar 1796,Q5,http://wikidata.org/entity/Q111069553
Q1056391,4,head teacher,most senior teacher at a school,Q11488158,http://wikidata.org/entity/Q1056391
Q1618702,1,Hillebrand van der Aa,Dutch painter (1659-1721),Q5,http://wikidata.org/entity/Q1618702
Q112488798,1,Boudewijn van der Aa,,Q5,http://wikidata.org/entity/Q112488798
Q957729,4,photojournalist,journalism occupation,Q28640,http://wikidata.org/entity/Q957729
Q2463603,1,Tägliche Rundschau,,Q11032,http://wikidata.org/entity/Q2463603
Q2378692,1,Sächsische Zeitung,regional German daily newspaper published in Dresden,Q1110794,http://wikidata.org/entity/Q2378692
Q665940,1,Allgemeiner Deutscher Nachrichtendienst,news and photo agency of the GDR (1946-1992),Q4830453,http://wikidata.org/entity/Q665940
Q110975294,1,Zentralbild,German photo agency,Q860572,http://wikidata.org/entity/Q110975294
Q2758,2,Mönchengladbach,"city in North Rhine-Westphalia, Germany",Q1549591,http://wikidata.org/entity/Q2758
Q17675230,1,Thea Holme,"actor, writer (1904-1980)",Q5,http://wikidata.org/entity/Q17675230
Q7184020,1,Philip Mainwaring Johnston,"architect, architectural historian (1865-1936)",Q5,http://wikidata.org/entity/Q7184020
Q274709,1,Princess Élisabeth of France,"French Princess, Sister of King Louis XVI, Martyr and Servant of God",Q5,http://wikidata.org/entity/Q274709
Q3752070,1,Frans Pietersz de Grebber,painter from the Northern Netherlands (1573-1649),Q5,http://wikidata.org/entity/Q3752070
Q1614461,1,Assendelft,"village in Zaanstad, Netherlands",Q532,http://wikidata.org/entity/Q1614461
Q711775,1,Jan Saenredam,"Dutch painter, engraver and cartographer (1565–1607)",Q5,http://wikidata.org/entity/Q711775
Q2333685,1,Aleid Gerhard van Tricht,,Q5,http://wikidata.org/entity/Q2333685
Q2085250,1,,"school in Zeist, Netherlands",Q3914,http://wikidata.org/entity/Q2085250
Q2203161,1,Baarnsch Lyceum,"school in Baarn, Netherlands",Q3914,http://wikidata.org/entity/Q2203161
Q48689278,1,Amsterdams Lyceum,"public school in Amsterdam, Netherlands",Q159334,http://wikidata.org/entity/Q48689278
Q5191777,1,Lorentz Casimir Lyceum,"school in Eindhoven, the Netherlands",Q3914,http://wikidata.org/entity/Q5191777
Q2195480,1,Willem Vogelsang,Dutch art historian (1875–1954),Q5,http://wikidata.org/entity/Q2195480
Q33421377,1,Amersfoort,"city in the province of Utrecht, the Netherlands",Q515,http://wikidata.org/entity/Q33421377
Q736674,2,University of Colorado Boulder,"public university in Boulder, Colorado, USA and flagship of the University of Colorado System",Q875538,http://wikidata.org/entity/Q736674
Q192517,1,Boulder,"city in and county seat of Boulder County, Colorado, United States",Q1093829,http://wikidata.org/entity/Q192517
Q574571,4,University of Regensburg,"university in Bavaria, Germany",Q875538,http://wikidata.org/entity/Q574571
Q2871,3,Hagen,German city in North Rhine-Westphalia,Q1549591,http://wikidata.org/entity/Q2871
Q214019,1,Martin Krause,German musician (1853-1918),Q5,http://wikidata.org/entity/Q214019
Q3774,1,Chillán,"city in the Ñuble Region, Chile",Q25412763,http://wikidata.org/entity/Q3774
Q492868,1,Mürzzuschlag,"municipality in Bruck-Mürzzuschlag District, Styria, Austria",Q667509,http://wikidata.org/entity/Q492868
Q110328626,1,Carlos Arrau Ojeda,- 1904,Q5,http://wikidata.org/entity/Q110328626
Q110328729,1,Lucrecia León y Bravo de Villalba,,Q5,http://wikidata.org/entity/Q110328729
Q1348163,1,Erland von Koch,"Swedish composer, educator, conductor, organist and pianist (1910–2009)",Q5,http://wikidata.org/entity/Q1348163
Q3047623,1,Edith Fischer,Chilean pianist,Q5,http://wikidata.org/entity/Q3047623
Q571441,3,Stern Conservatory,"music school in Berlin, Germany",Q184644,http://wikidata.org/entity/Q571441
Q875424,1,Professor by special appointment,a professor at a university who holds a special chair,Q4164871,http://wikidata.org/entity/Q875424
Q1456426,1,Oeventrop,"borough of Arnsberg, Germany",Q253019,http://wikidata.org/entity/Q1456426
Q6661427,1,Llangammarch,"parish in Powys, Wales",Q102496,http://wikidata.org/entity/Q6661427
Q81174,1,Jesus College,college of the University of Oxford in England,Q2581649,http://wikidata.org/entity/Q81174
Q138498924,1,Johann Caspar Wilcke,German trumpeter and father-in-law of composer Johann Sebastian Bach,Q5,http://wikidata.org/entity/Q138498924
Q138498935,1,Margaretha Elisabeth Wilcke,Mother-in-law of composer Johann Sebastian Bach,Q5,http://wikidata.org/entity/Q138498935
Q137708106,1,Jakob Huizinga,Dutch physician (1870–1948),Q5,http://wikidata.org/entity/Q137708106
Q15462162,5,cultural historian,humanist who is engaged in cultural history,Q28640,http://wikidata.org/entity/Q15462162
Q3108022,1,Dirk Huizinga,Dutch professor,Q5,http://wikidata.org/entity/Q3108022
Q76849,2,Georg Simmel,"German sociologist, philosopher, and critic (1858–1918)",Q5,http://wikidata.org/entity/Q76849
Q9970,1,Velsen,municipality in the Netherlands,Q2039348,http://wikidata.org/entity/Q9970
Q1780,3,Bratislava,capital city of Slovakia,Q515,http://wikidata.org/entity/Q1780
Q812726,1,Bačko Dobro Polje,village in Serbia,Q532,http://wikidata.org/entity/Q812726
Q104607,1,Andrew Huxley,English physiologist and biophysicist (1917–2012),Q5,http://wikidata.org/entity/Q104607
Q243419,1,Julian Huxley,"British evolutionary biologist, philosopher, author (1887–1975)",Q5,http://wikidata.org/entity/Q243419
Q96077396,1,[Noel] Trevenen Huxley,( -1914),Q5,http://wikidata.org/entity/Q96077396
Q96077397,1,Margaret Arnold Huxley,( -1981),Q5,http://wikidata.org/entity/Q96077397
Q909146,1,Godalming,"town in the Borough of Waverley in Surrey, England",Q3957,http://wikidata.org/entity/Q909146
Q1818992,1,Leonard Huxley,British writer (1860-1933),Q5,http://wikidata.org/entity/Q1818992
Q19325895,1,Julia Huxley,British biographer and writer,Q5,http://wikidata.org/entity/Q19325895
Q2366752,1,Écrits de Paris,journal,Q685935,http://wikidata.org/entity/Q2366752
Q168751,8,Duke University,"private university in Durham, North Carolina, USA",Q3918,http://wikidata.org/entity/Q168751
Q76518,1,Hans Vaihinger,German philosopher (1852–1933),Q5,http://wikidata.org/entity/Q76518
Q797846,2,Girton College,college of the University of Cambridge,Q1055028,http://wikidata.org/entity/Q797846
Q4879150,1,Bedford High School for Girls,"school in Bedford, England",Q159334,http://wikidata.org/entity/Q4879150
Q76299482,1,Anthony Ashworth Jackson-Stops,Peerage person ID=672224,Q5,http://wikidata.org/entity/Q76299482
Q76299134,1,Jean Jackson Jackson-Stops,(1914-2003),Q5,http://wikidata.org/entity/Q76299134
Q3577767,1,École d'ingénieurs de Purpan,Graduate Engineering school created in 1919,Q1663017,http://wikidata.org/entity/Q3577767
Q2994406,3,Conseil national de l'Ordre des médecins,medical association in France,Q10729872,http://wikidata.org/entity/Q2994406
Q851041,1,Glendora,"city in the San Gabriel Valley in Los Angeles County, California, United States",Q1093829,http://wikidata.org/entity/Q851041
Q1026926,1,"California State University, Long Beach","public university in Long Beach, California, United States",Q875538,http://wikidata.org/entity/Q1026926
Q868421,4,"University of California, Irvine","public research university in Irvine, California, United States",Q62078547,http://wikidata.org/entity/Q868421
Q4942065,1,Bonita High School,"high school in La Verne, Los Angeles County, California",Q9826,http://wikidata.org/entity/Q4942065
Q381338,1,Roquefort-les-Pins,"commune in Alpes-Maritimes, France",Q484170,http://wikidata.org/entity/Q381338
Q835960,2,University of São Paulo,public state university in Brazil,Q875538,http://wikidata.org/entity/Q835960
Q10274592,2,Escola de Comunicações e Artes da Universidade de São Paulo,"Public organization, teaching, research and extension unit of the University of São paulo",Q2385804,http://wikidata.org/entity/Q10274592
Q38053159,1,geomorphologist,earth scientist who studies the form and evolution of landscapes,Q28640,http://wikidata.org/entity/Q38053159
Q34006,1,Hollywood,"neighborhood in Los Angeles, California, United States",Q123705,http://wikidata.org/entity/Q34006
Q1024426,1,University of South Carolina,"public university in Columbia, South Carolina",Q875538,http://wikidata.org/entity/Q1024426
Q761534,2,University of Georgia,"public university located in Athens, Georgia, United States",Q3918,http://wikidata.org/entity/Q761534
Q766145,3,University of Oregon,"public research university in Eugene, Oregon, USA",Q875538,http://wikidata.org/entity/Q766145
Q838330,8,University of Wisconsin–Madison,"public research university in Madison, Wisconsin, USA",Q62078547,http://wikidata.org/entity/Q838330
Q7738527,1,The Gunnery,"private, college prep school in Washington, Connecticut, United States",Q269770,http://wikidata.org/entity/Q7738527
Q120310,1,Neukirchen,"municipality in Schleswig-Holstein, Germany",Q116457956,http://wikidata.org/entity/Q120310
Q3708235,1,Hillsdale,"town in Columbia County, New York, United States",Q15127012,http://wikidata.org/entity/Q3708235
Q1218,8,Jerusalem,"city in the Middle East, holy to the three Abrahamic religions",Q515,http://wikidata.org/entity/Q1218
Q3890820,2,Pinkhos Churgin,Israeli historian (1894-1957),Q5,http://wikidata.org/entity/Q3890820
Q1124657,3,Bar-Ilan University,"Israeli research university in Ramat Gan, Israel",Q62078547,http://wikidata.org/entity/Q1124657
Q836805,3,Chalmers University of Technology,"university in Gothenburg, Sweden",Q3918,http://wikidata.org/entity/Q836805
Q311975,1,Boston,"town and port in Lincolnshire, England, UK",Q3957,http://wikidata.org/entity/Q311975
Q1124095,1,Musée de Cluny,"museum in Paris, France",Q16735822,http://wikidata.org/entity/Q1124095
Q571293,4,Sorbonne Nouvelle-Paris 3,"French university, emanation of the old Faculty of Letters of Paris Universities",Q96888669,http://wikidata.org/entity/Q571293
Q326243,1,Stanislaus Joyce,Irish writer,Q5,http://wikidata.org/entity/Q326243
Q2528857,1,Rathgar,suburb of Dublin,Q486972,http://wikidata.org/entity/Q2528857
Q3809381,1,John Stanislaus Joyce,father of James Joyce (1849-1931),Q5,http://wikidata.org/entity/Q3809381
Q1068258,5,University College Dublin,"university located in Dublin, Ireland",Q875538,http://wikidata.org/entity/Q1068258
Q2294995,1,Clongowes Wood College,"school located near Clane in County Kildare, Ireland",Q17048668,http://wikidata.org/entity/Q2294995
Q3777738,1,Belvedere College,"secondary school for boys in Dublin, Ireland",Q159334,http://wikidata.org/entity/Q3777738
Q10683835,1,Sundsvalls parish,"a parish in the Diocese of Härnösand, Sweden",Q615980,http://wikidata.org/entity/Q10683835
Q1972721,2,Luleå University of Technology,Swedish university,Q38723,http://wikidata.org/entity/Q1972721
Q46135,3,Créteil,"French commune and city in Val-de-Marne, Île-de-France",Q484170,http://wikidata.org/entity/Q46135
Q1457902,2,Friedrich-Wilhelm Krummacher,German theologian (1901-1974),Q5,http://wikidata.org/entity/Q1457902
Q3971,1,Herford,"town in the Herford district, in North Rhine-Westphalia, Germany",Q1548518,http://wikidata.org/entity/Q3971
Q627402,1,Burtenbach,"market municipality of Germany, Günzburg district, Swabia, Bavaria",Q100341898,http://wikidata.org/entity/Q627402
Q2899,2,Mülheim an der Ruhr,"city in North Rhine-Westphalia, Germany",Q1549591,http://wikidata.org/entity/Q2899
Q4037,1,Schwäbisch Gmünd,"urban municipality in the district of Ostalbkreis, Baden-Württemberg, Germany",Q42744322,http://wikidata.org/entity/Q4037
Q1041737,1,Carleton University,"university in Ottawa, Ontario, Canada",Q45400320,http://wikidata.org/entity/Q1041737
Q2339702,1,Steinbach,City part of Baden-Baden in the state of Baden-Württemberg in Germany,Q253019,http://wikidata.org/entity/Q2339702
Q635466,1,Steinbach,"commune in Haut-Rhin, France",Q484170,http://wikidata.org/entity/Q635466
Q17372993,1,Conservatório Nacional de Lisboa,school in Portugal,Q3914,http://wikidata.org/entity/Q17372993
Q61093,1,"John George IV, Elector of Saxony",German noble (1668-1694),Q5,http://wikidata.org/entity/Q61093
Q1693896,1,Johann Georg Maximilian Fürstenhoff,architect (1686-1753),Q5,http://wikidata.org/entity/Q1693896
Q454483,1,John George III of Saxony,Elector of Saxony from 1680 to 1691,Q5,http://wikidata.org/entity/Q454483
Q235828,1,Princess Anna Sophie of Denmark,electress consort of Saxony,Q5,http://wikidata.org/entity/Q235828
Q161059,1,Frederik IV of Denmark,king of Denmark and Norway (1699–1730),Q5,http://wikidata.org/entity/Q161059
Q1001571,1,Zalewo,city of Poland,Q515,http://wikidata.org/entity/Q1001571
Q251325,1,Vöcklabruck,"municipality in Vöcklabruck District, Upper Austria, Austria",Q667509,http://wikidata.org/entity/Q251325
Q1525940,1,Giovanni Battista Vivaldi,Italian violinist,Q5,http://wikidata.org/entity/Q1525940
Q49205,5,Wellesley College,private women's liberal arts college in Massachusetts,Q3918,http://wikidata.org/entity/Q49205
Q95205105,1,Margarethe Maickler,,Q5,http://wikidata.org/entity/Q95205105
Q505147,1,Weil der Stadt,"town in Baden-Württemberg, Germany",Q42744322,http://wikidata.org/entity/Q505147
Q108838635,1,Heinrich Kepler,19 Jan 1547 - uncertain 1589,Q5,http://wikidata.org/entity/Q108838635
Q67158,1,Katharina Kepler,accused in a witch trial & mother of Johannes Kepler,Q5,http://wikidata.org/entity/Q67158
Q459735,1,Ambrosius Rhode,"German mathematician, author and astronomer (1577-1633)",Q5,http://wikidata.org/entity/Q459735
Q55125365,1,Johann Odontius,Magister artium Universität Altdorf 1603,Q5,http://wikidata.org/entity/Q55125365
Q619,1,Nicolaus Copernicus,Polish mathematician and astronomer (1473–1543),Q5,http://wikidata.org/entity/Q619
Q46853,1,Adorf/Vogtl.,urban municipality of Germany,Q42744322,http://wikidata.org/entity/Q46853
Q9799,3,Heerlen,municipality in the Netherlands,Q2039348,http://wikidata.org/entity/Q9799
Q26430,1,Tilburg,municipality in the Netherlands,Q1549591,http://wikidata.org/entity/Q26430
Q136765836,1,Nederlandse fabriek van muziekinstrumenten M.J.H. Kessels,,Q4830453,http://wikidata.org/entity/Q136765836
Q650345,13,Hochschule für Musik Freiburg,"institution of higher education in Freiburg, Germany",Q184644,http://wikidata.org/entity/Q650345
Q14817,1,Lemgo,"Old Hanseatic town in the Lippe district of North Rhine-Westphalia, Germany",Q54935786,http://wikidata.org/entity/Q14817
Q38826872,1,Ceramic Synthesis and Functionalization Laboratory,"CNRS research laboratory in Saint Gobain, France",Q7315155,http://wikidata.org/entity/Q38826872
Q14938,1,Bernburg,"town in the Salzland Rural District, Saxony-Anhalt, Germany",Q3957,http://wikidata.org/entity/Q14938
Q1622200,1,Hochschule für Musik Berlin,Wikimedia disambiguation page,Q4167410,http://wikidata.org/entity/Q1622200
Q21482267,1,Ernst August Abel,German painter,Q5,http://wikidata.org/entity/Q21482267
Q19279268,1,Ernst Heinrich Abel,"German artist, active 1770-1773",Q5,http://wikidata.org/entity/Q19279268
Q2665908,1,Leopold August Abel,"Violinist, composer",Q5,http://wikidata.org/entity/Q2665908
Q706348,1,Christian Ferdinand Abel,"German Baroque violinist, cellist and viol virtuoso",Q5,http://wikidata.org/entity/Q706348
Q494604,1,St. Veit an der Glan,"municipality in St. Veit/Glan District, Carinthia, Austria",Q667509,http://wikidata.org/entity/Q494604
Q1749935,1,Wolferdus Senguerdius,"Dutch librarian, physicist and author",Q5,http://wikidata.org/entity/Q1749935
Q923574,1,Voorhout,"village and former municipality in South Holland, the Netherlands",Q532,http://wikidata.org/entity/Q923574
Q136193088,1,Jacobus Boerhaave,,Q5,http://wikidata.org/entity/Q136193088
Q136193089,1,Hagar Daalder,,Q5,http://wikidata.org/entity/Q136193089
Q118982,1,Georg Gottlob Richter,German philosopher and physician (1694-1773),Q5,http://wikidata.org/entity/Q118982
Q1348255,1,John Pringle,Scottish physician,Q5,http://wikidata.org/entity/Q1348255
Q3039871,1,William Brownrigg,British scientist,Q5,http://wikidata.org/entity/Q3039871
Q1237175,1,William Cadogan,British doctor,Q5,http://wikidata.org/entity/Q1237175
Q6969550,1,Nathaniel Cotton,British writer,Q5,http://wikidata.org/entity/Q6969550
Q102334020,1,Thomas Dale,Medicinae Dr. Universiteit Leiden 1723,Q5,http://wikidata.org/entity/Q102334020
Q1270730,1,Frederik Winter,German university teacher and writer (1712-1760),Q5,http://wikidata.org/entity/Q1270730
Q437352,1,Alexander Monro,Scottish doctor (1697-1767),Q5,http://wikidata.org/entity/Q437352
Q102338261,1,John Innes,Medicinae Dr. Universiteit Leiden and Università degli Studi di Padova 1722,Q5,http://wikidata.org/entity/Q102338261
Q102338262,1,Andrew St. Clair,Medicinae Dr. Universiteit Leiden and Université d'Angers 1720,Q5,http://wikidata.org/entity/Q102338262
Q1701631,1,John Rutherford,Scottish physician,Q5,http://wikidata.org/entity/Q1701631
Q1693009,1,Johann Christoph Bohl,German physician and author,Q5,http://wikidata.org/entity/Q1693009
Q55904757,1,Matthias Ernst Boretius,physician and botanist,Q5,http://wikidata.org/entity/Q55904757
Q1607145,1,Henry Pemberton,British doctor,Q5,http://wikidata.org/entity/Q1607145
Q102338951,1,Augustus Johannes Hugo,Medicinae Dr. Universiteit Leiden 1711,Q5,http://wikidata.org/entity/Q102338951
Q55890486,1,Johann Thomas Soemmerring,Medicinae Dr. Universiteit Leiden 1725,Q5,http://wikidata.org/entity/Q55890486
Q61462,1,Bernhard Siegfried Albinus,German-born Dutch anatomist (1697-1770),Q5,http://wikidata.org/entity/Q61462
Q131266,1,Krems,city in Austria,Q262882,http://wikidata.org/entity/Q131266
Q6842,1,Kleve,"town in Kleve District, in North Rhine-Westphalia, Germany",Q134626,http://wikidata.org/entity/Q6842
Q309988,1,Karlsruhe Institute of Technology,"technical university and research center in Karlsruhe, Germany",Q1371037,http://wikidata.org/entity/Q309988
Q448324,9,Hochschule für Musik Karlsruhe,college of music in Karlsruhe,Q184644,http://wikidata.org/entity/Q448324
Q72974,2,Winterswijk,"municipality in Gelderland, the Netherlands",Q2039348,http://wikidata.org/entity/Q72974
Q153006,24,Freie Universität Berlin,"public research university in Berlin, Germany",Q62078547,http://wikidata.org/entity/Q153006
Q2001429,1,Barneveld,"village in Barneveld, Netherlands",Q532,http://wikidata.org/entity/Q2001429
Q83286,1,Socialist Federal Republic of Yugoslavia,Central and Southeast European socialist state (1945–1992),Q3024240,http://wikidata.org/entity/Q83286
Q46880,4,Mühltroff,"neighborhood in Pausa-Mühltroff, Germany",Q486972,http://wikidata.org/entity/Q46880
Q852389,1,beekeeper,person who keeps honey bees,Q28640,http://wikidata.org/entity/Q852389
Q12902372,2,flautist,musician who plays the flute,Q66715801,http://wikidata.org/entity/Q12902372
Q62,8,San Francisco,"consolidated city and county in California, United States",Q13218382,http://wikidata.org/entity/Q62
Q15989,2,Uelzen,"town in northwest Germany, capital of the district of Uelzen, Lower Saxony, Germany",Q42744322,http://wikidata.org/entity/Q15989
Q33470616,1,Oudewater,human settlement in the Netherlands,Q13539802,http://wikidata.org/entity/Q33470616
Q280824,2,Eindhoven University of Technology,"public technical university in Eindhoven, Netherlands",Q3918,http://wikidata.org/entity/Q280824
Q1645221,1,,family,Q8436,http://wikidata.org/entity/Q1645221
Q7494595,1,Sher-e-Kashmir University of Agricultural Sciences and Technology of Kashmir,"state public university in Srinagar, Jammu and Kashmir, India",Q3918,http://wikidata.org/entity/Q7494595
Q30273889,1,Central Institute of Temperate Horticulture,"facility in Srinagar, India",Q13226383,http://wikidata.org/entity/Q30273889
Q7260235,1,Punjab Agricultural University,"state public university in Ludhiana, Punjab, India",Q7603893,http://wikidata.org/entity/Q7260235
Q432311,1,Porto Empedocle,Italian comune,Q747074,http://wikidata.org/entity/Q432311
Q2822439,1,Accademia Nazionale d'Arte Drammatica Silvio D'Amico,"education organization in Rome, Italy",Q3918,http://wikidata.org/entity/Q2822439
Q505504,1,Titisee-Neustadt,"town in Baden-Württemberg, Germany",Q12350930,http://wikidata.org/entity/Q505504
Q2205508,1,St. Joseph,"city in and county seat of Berrien County, Michigan, United States",Q1093829,http://wikidata.org/entity/Q2205508
Q885299,1,Oberrotweil,"quarter of Vogtsburg im Kaiserstuhl, Baden-Württemberg, Germany",Q253019,http://wikidata.org/entity/Q885299
Q2706,1,Bremerhaven,German city in the Free Hanseatic City of Bremen,Q1549591,http://wikidata.org/entity/Q2706
Q2389280,1,Spekholzerheide,"neighborhood of Kerkrade, Netherlands",Q123705,http://wikidata.org/entity/Q2389280
Q28914824,1,Kerkrade,"city in Limburg, the Netherlands",Q1852859,http://wikidata.org/entity/Q28914824
Q1137652,7,Maastricht University,public university in Maastricht,Q3918,http://wikidata.org/entity/Q1137652
Q172455,4,Boulogne-Billancourt,"French commune in Hauts-de-Seine, Île-de-France",Q484170,http://wikidata.org/entity/Q172455
Q822543,1,Bernard Lacoste,"Fashion designer, businessman (1931-2006)",Q5,http://wikidata.org/entity/Q822543
Q221454,1,René Lacoste,French tennis player,Q5,http://wikidata.org/entity/Q221454
Q1802065,1,Landesamt für Verfassungsschutz Baden-Württemberg,"state-level intelligence and security agency of Baden-Württemberg, Germany",Q1554407,http://wikidata.org/entity/Q1802065
Q1803457,1,Schwäbisch Gmünd,former district of Germany,Q106658,http://wikidata.org/entity/Q1803457
Q652449,1,Trigny,"commune in Marne, France",Q484170,http://wikidata.org/entity/Q652449
Q20077,1,Werdau,"town in Saxony, Germany",Q448801,http://wikidata.org/entity/Q20077
Q622449,1,Grünheide (Mark),"municipality in Brandenburg state, Germany",Q116457956,http://wikidata.org/entity/Q622449
Q107103261,1,Arnold Leers,"in Aachen, Germany - Oct 1673 Rotterdam",Q5,http://wikidata.org/entity/Q107103261
Q107103262,1,Johanna van Berckel,1622 Schiedam -,Q5,http://wikidata.org/entity/Q107103262
Q30096,4,Frederiksberg,town area in Copenhagen Urban Area (and capital of Frederiksberg Municipality),Q3957,http://wikidata.org/entity/Q30096
Q12336936,1,Schneekloths Skole,"school in Copenhagen, existing from 1854 until 1992",Q16969697,http://wikidata.org/entity/Q12336936
Q848324,1,Voorschoten,"village and municipality in South Holland, Netherlands",Q2039348,http://wikidata.org/entity/Q848324
Q511291,3,Royal Academy of Art,"art and design academy in The Hague, Netherlands",Q383092,http://wikidata.org/entity/Q511291
Q2284813,1,Sigismund Weier,"German mathematician, librarian, astronomer and historian (1579-1661)",Q5,http://wikidata.org/entity/Q2284813
Q1510196,1,Laurentius Weger,"philosopher, professor and non-fiction writer (1599-1629)",Q5,http://wikidata.org/entity/Q1510196
Q1696332,1,Johann Strauß,German mathematician (1590-1630),Q5,http://wikidata.org/entity/Q1696332
Q1230580,1,Albert Linemann,German mathematician and astronomer (1603-1653),Q5,http://wikidata.org/entity/Q1230580
Q1084798,1,Christoph Eilard,German physicist,Q5,http://wikidata.org/entity/Q1084798
Q1692651,1,Johann Behm,German author and theologian (1578-1648),Q5,http://wikidata.org/entity/Q1692651
Q153091,1,Duchy of Prussia,historical state (1525–1701),Q154547,http://wikidata.org/entity/Q153091
Q136083685,1,,,Q5,http://wikidata.org/entity/Q136083685
Q136083686,1,,,Q5,http://wikidata.org/entity/Q136083686
Q125119,1,August Pfeiffer,German theologian,Q5,http://wikidata.org/entity/Q125119
Q324138,1,Academic Gymnasium Danzig,"school in Gdańsk, Poland",Q6005015,http://wikidata.org/entity/Q324138
Q1467921,1,Kol Torah,yeshiva,Q154773,http://wikidata.org/entity/Q1467921
Q5530225,1,Geisinger Health System,"hospital in Pennsylvania, United States",Q11000047,http://wikidata.org/entity/Q5530225
Q100956278,1,Dascena (United States),organization,Q4830453,http://wikidata.org/entity/Q100956278
Q1193547,4,Tulane University,"private research university in New Orleans, Louisiana, United States",Q3918,http://wikidata.org/entity/Q1193547
Q529176,1,,town of Germany,Q42744322,http://wikidata.org/entity/Q529176
Q3659812,1,Carlo Ruini,Italian jurist (1456-1530),Q5,http://wikidata.org/entity/Q3659812
Q3745175,1,Filippo Decio,jurist,Q5,http://wikidata.org/entity/Q3745175
Q3763946,1,Giasone del Maino,Italian jurist,Q5,http://wikidata.org/entity/Q3763946
Q3629754,1,Janus Parrhasius,Italian humanist,Q5,http://wikidata.org/entity/Q3629754
Q498547,1,Janus Lascaris,Greek humanist,Q5,http://wikidata.org/entity/Q498547
Q3769597,1,Giulio Claro,Italian jurist,Q5,http://wikidata.org/entity/Q3769597
Q5348276,1,Eguinaire Baron,French jurist,Q5,http://wikidata.org/entity/Q5348276
Q15711374,1,Guido Panciroli,Italian jurist,Q5,http://wikidata.org/entity/Q15711374
Q19984962,1,Giacomo Menochio,Italian jurist of the Renaissance (1532-1607),Q5,http://wikidata.org/entity/Q19984962
Q2391149,1,Leende,"village in Heeze-Leende, the Netherlands",Q532,http://wikidata.org/entity/Q2391149
Q712489,1,Henk Badings,Dutch composer born in Java,Q5,http://wikidata.org/entity/Q712489
Q1025685,1,Borculo,"town in Berkelland, Netherlands",Q13539802,http://wikidata.org/entity/Q1025685
Q135956123,1,Maria Jansdr Pauw,Dutch art collector,Q5,http://wikidata.org/entity/Q135956123
Q1161376,1,Élincourt-Sainte-Marguerite,"commune in Oise, France",Q484170,http://wikidata.org/entity/Q1161376
Q115893,1,Marcel Raymond,Swiss literary critic (1897-1981),Q5,http://wikidata.org/entity/Q115893
Q1685767,1,Jean Plattard,French university teacher (1873-1939),Q5,http://wikidata.org/entity/Q1685767
Q94809466,1,August Wilhelm von Lenz,,Q5,http://wikidata.org/entity/Q94809466
Q94773758,1,Elisabeth Lenz,,Q5,http://wikidata.org/entity/Q94773758
Q7895554,1,University of Indianapolis,private college in Indianapolis,Q3918,http://wikidata.org/entity/Q7895554
Q4879627,1,Beechen Cliff School,"school in Bath and North East Somerset, UK",Q159334,http://wikidata.org/entity/Q4879627
Q46342,1,Zovencedo,Italian comune,Q747074,http://wikidata.org/entity/Q46342
Q226221,1,Lido di Venezia,"sandbar island located on Laguna Veneta near Venice, Italy",Q23442,http://wikidata.org/entity/Q226221
Q1746572,1,Kleinenbremen,human settlement in Germany,Q253019,http://wikidata.org/entity/Q1746572
Q104107,1,Jan Bender,German composer (1909–1994),Q5,http://wikidata.org/entity/Q104107
Q456550,3,Tienen,"municipality in Flemish Brabant, Belgium",Q493522,http://wikidata.org/entity/Q456550
Q241918,2,Jette,"municipality in the Brussels-Capital Region, Belgium",Q493522,http://wikidata.org/entity/Q241918
Q2640827,1,gynecologist,physician who specializes in gynecology,Q28640,http://wikidata.org/entity/Q2640827
Q11750509,1,Księginice Małe,"village in Lower Silesian, Poland",Q3558970,http://wikidata.org/entity/Q11750509
Q484858,1,Weidling,locality in Tulln District,Q19730508,http://wikidata.org/entity/Q484858
Q10936,2,Werne,"town in Unna District, in North Rhine-Westphalia, Germany",Q54935786,http://wikidata.org/entity/Q10936
Q1153275,1,RIKEN,scientific research institute in Japan,Q31855,http://wikidata.org/entity/Q1153275
Q49120,1,Tufts University,"private research university in Medford/Somerville, Massachusetts",Q3918,http://wikidata.org/entity/Q49120
Q160954,3,Civita Castellana,Italian comune,Q747074,http://wikidata.org/entity/Q160954
Q1621,1,Stellingen,"quarter of Hamburg, Germany",Q15830667,http://wikidata.org/entity/Q1621
Q25066,1,Fontanetto Po,Italian comune,Q747074,http://wikidata.org/entity/Q25066
Q715970,1,Artà,municipality of Spain,Q2074737,http://wikidata.org/entity/Q715970
Q12059906,1,herder,"person who tends, feeds, or guards herds of various domestic animals in places where these animals wander pasture lands",Q12737077,http://wikidata.org/entity/Q12059906
Q132582,1,Pan,"Greek god of the mountain wilds, shepherds, flocks, rustic music, fertility, spring, and theatrical criticism, with the hindquarters, legs, and horns of a goat",Q22989102,http://wikidata.org/entity/Q132582
Q41680,1,Dionysus,ancient Greek god of winemaking and wine,Q13405593,http://wikidata.org/entity/Q41680
Q28224106,1,Symaithis,river nymph,Q182037,http://wikidata.org/entity/Q28224106
Q1024362,1,Spanish National Research Council,National research council in Spain,Q96312874,http://wikidata.org/entity/Q1024362
Q11941335,1,Peter Ritter,composer,Q5,http://wikidata.org/entity/Q11941335
Q11040,1,Waldbröl,"town in Oberbergischer Kreis (district), in North Rhine-Westphalia, Germany",Q13220204,http://wikidata.org/entity/Q11040
Q46210,5,University of Milan,"university in Milan, Italy",Q62078547,http://wikidata.org/entity/Q46210
Q688462,2,Henry Casimir I of Nassau-Dietz,"Stadtholder of Groningen, Friesland and Drenthe (1612-1640)",Q5,http://wikidata.org/entity/Q688462
Q21560139,2,Elisabeth Friso van Nassau-Dietz,Dutch princess that died in childhood,Q5,http://wikidata.org/entity/Q21560139
Q71444,2,"Ernest Casimir I, Count of Nassau-Dietz","Count of Nassau-Dietz and Stadtholder of Groningen, Friesland and Drenthe (1574-1632)",Q5,http://wikidata.org/entity/Q71444
Q71436,2,Sophia Hedwig of Brunswick-Lüneburg,German noblewoman (1592-1642),Q5,http://wikidata.org/entity/Q71436
Q646085,1,House of Nassau,European aristocratic dynasty,Q13417114,http://wikidata.org/entity/Q646085
Q134672,2,Exeter,"city in Devon, England",Q515,http://wikidata.org/entity/Q134672
Q66162110,1,Exeter Cathedral School,"school in Devon, UK",Q2418495,http://wikidata.org/entity/Q66162110
Q1278284,4,Eastman School of Music,"American music school in Rochester, New York, U.S.",Q184644,http://wikidata.org/entity/Q1278284
Q15884208,1,Zevenaar,"town in Zevenaar, Netherlands",Q13539802,http://wikidata.org/entity/Q15884208
Q146984,1,Groesbeek,"village in Berg en Dal, Netherlands",Q1852859,http://wikidata.org/entity/Q146984
Q595668,5,Tilburg University,public university in The Netherlands,Q557206,http://wikidata.org/entity/Q595668
Q788091,3,Autonomous University of Madrid,Spanish public university established in 1968,Q875538,http://wikidata.org/entity/Q788091
Q2062675,2,Madrid Royal Conservatory,,Q16707841,http://wikidata.org/entity/Q2062675
Q1140479,1,Cristóbal Galán,Spanish composer,Q5,http://wikidata.org/entity/Q1140479
Q5274850,1,Diego Xaraba,Spanish composer,Q5,http://wikidata.org/entity/Q5274850
Q124413131,1,Antonio Guadarrama,Spanish composer,Q5,http://wikidata.org/entity/Q124413131
Q283349,1,Royal Library of Madrid,library in Spain,Q22806,http://wikidata.org/entity/Q283349
Q1357700,1,Infante Henry of Castile,Castilian nobleman and soldier,Q5,http://wikidata.org/entity/Q1357700
Q2012699,1,Philip of Castile,prince,Q5,http://wikidata.org/entity/Q2012699
Q2423033,1,"Ferdinand, Count of Aumale",infante of Castile,Q5,http://wikidata.org/entity/Q2423033
Q2468400,1,Manuel of Castile,"Senhor de Villena, Escalona e Peñafiel",Q5,http://wikidata.org/entity/Q2468400
Q3741963,1,Frederick of Castile,Castilian infante,Q5,http://wikidata.org/entity/Q3741963
Q3948085,1,Sancho of Castile,(1233-1261),Q5,http://wikidata.org/entity/Q3948085
Q59604,1,Eleanor of Castile,Infanta of Castile and queen consort of England,Q5,http://wikidata.org/entity/Q59604
Q3742711,1,Ferdinando di Castiglia,Peerage person ID=41912,Q5,http://wikidata.org/entity/Q3742711
Q3840289,1,Luigi di Castiglia,son of Fernando III of Castile and Juana de Ponthieu. Infante of Castile and Lord of Marchena. person ID=41922,Q5,http://wikidata.org/entity/Q3840289
Q5726308,1,Berenguela de Castilla,Peerage person ID=41925,Q5,http://wikidata.org/entity/Q5726308
Q6004786,1,Maria de Castilla,(1235-1235),Q5,http://wikidata.org/entity/Q6004786
Q764421,1,Elisabeth of Swabia,Queen consort of Castile and Léon,Q5,http://wikidata.org/entity/Q764421
Q16141539,1,House of Burgundy - Castile and León,"House of Burgundy, 1126 to 1369",Q1156073,http://wikidata.org/entity/Q16141539
Q135580026,1,,Spanish organist (1883-1971),Q5,http://wikidata.org/entity/Q135580026
Q10950141,1,Nebra,,Q12397176,http://wikidata.org/entity/Q10950141
Q1473677,1,University of Santiago de Compostela,university in Spain,Q875538,http://wikidata.org/entity/Q1473677
Q1687025,1,Comillas Pontifical University,"university located in Madrid, Spain",Q2120466,http://wikidata.org/entity/Q1687025
Q6434669,1,Facultad de Teología de Granada,Universidad Loyola,Q118868153,http://wikidata.org/entity/Q6434669
Q1650310,1,Villarroya de la Sierra,"human settlement in Zaragoza Province, Aragon, Spain",Q2074737,http://wikidata.org/entity/Q1650310
Q24861,3,Albany,"capital city of the State of New York, United States, and seat of Albany County",Q1093829,http://wikidata.org/entity/Q24861
Q106078548,1,Walter Ludwig,,Q5,http://wikidata.org/entity/Q106078548
Q51165825,1,Daniel François Lunsingh Scheurleer,Dutch monuments inspector (1908-1999),Q5,http://wikidata.org/entity/Q51165825
Q19753807,1,Constant Willem Lunsingh Scheurleer,"Dutch banker, art historian and collector of antiquities (1881–1941)",Q5,http://wikidata.org/entity/Q19753807
Q30916813,1,,,Q22674925,http://wikidata.org/entity/Q30916813
Q189441,4,Jagiellonian University,Polish higher education institution,Q875538,http://wikidata.org/entity/Q189441
Q2219180,1,Pieter Maarschalkerweerd,Dutch organ maker (1812-1882),Q5,http://wikidata.org/entity/Q2219180
Q17484288,6,ethnomusicologist,person studying ethnomusicology,Q66666607,http://wikidata.org/entity/Q17484288
Q15851280,1,Totto di Bernardo Machiavelli,Brother of Niccolò Machiavelli,Q5,http://wikidata.org/entity/Q15851280
Q823072,1,Bernardo di Niccolò Machiavelli,father of Niccolò Machiavelli,Q5,http://wikidata.org/entity/Q823072
Q111456925,1,Bartolomea di Stefano Nelli,mother of philosopher Niccolo Machiavelli,Q5,http://wikidata.org/entity/Q111456925
Q15311816,1,Niccolò Machiavelli,Florentine politician,Q5,http://wikidata.org/entity/Q15311816
Q120790,1,Friedrich Magirius,German theologian,Q5,http://wikidata.org/entity/Q120790
Q464752,1,Dresden Academy of Fine Arts,university,Q875538,http://wikidata.org/entity/Q464752
Q15976341,4,slavist,person who studies Slavic languages and cultures,Q28640,http://wikidata.org/entity/Q15976341
Q60098894,1,Russian studies scholar,scholar of Russian studies,Q28640,http://wikidata.org/entity/Q60098894
Q276857,1,Warka,city of Poland,Q515,http://wikidata.org/entity/Q276857
Q3252438,1,Princenhage,"neighborhood in Breda, the Netherlands",Q486972,http://wikidata.org/entity/Q3252438
Q2116037,1,Berg en Dal,"village in Berg en Dal, Netherlands",Q532,http://wikidata.org/entity/Q2116037
Q191808,1,nun,female member of a monastic order,Q4504549,http://wikidata.org/entity/Q191808
Q2820510,1,Abbaye d'Aywiers,,Q160742,http://wikidata.org/entity/Q2820510
Q302697,1,Awirs,"section of Flémalle, Belgium",Q2785216,http://wikidata.org/entity/Q302697
Q3309511,2,,French painter and engraver (1617-1663),Q5,http://wikidata.org/entity/Q3309511
Q512727,1,Nicolas Dorigny,French engraver (1658-1746),Q5,http://wikidata.org/entity/Q512727
Q74972553,1,Matteo Marinelli,,Q5,http://wikidata.org/entity/Q74972553
Q1608004,1,Taddeo Crivelli,Italian painter of illuminated manuscripts,Q5,http://wikidata.org/entity/Q1608004
Q941609,1,Antonio Badile,Italian painter (1518-1560),Q5,http://wikidata.org/entity/Q941609
Q2054338,1,Benedetto Caliari,Italian painter (1538-1598),Q5,http://wikidata.org/entity/Q2054338
Q1106830,1,Antonio Vassilacchi,Greek painter active in Venice and Veneto (1556-1629),Q5,http://wikidata.org/entity/Q1106830
Q2297219,1,Domenico Riccio,Italian painter (1516-1567),Q5,http://wikidata.org/entity/Q2297219
Q1378931,1,Giovanni Battista Zelotti,Italian painter (1526-1578),Q5,http://wikidata.org/entity/Q1378931
Q2307935,1,University of Udine,university in Italy,Q3918,http://wikidata.org/entity/Q2307935
Q6558,1,Belluno,Italian comune in Veneto Region,Q747074,http://wikidata.org/entity/Q6558
Q2730732,1,equestrian,sportsperson who rides horses,Q12737077,http://wikidata.org/entity/Q2730732
Q7895152,1,University of Calgary Faculty of Veterinary Medicine,faculty of the University of Calgary,Q81755572,http://wikidata.org/entity/Q7895152
Q1046164,1,Agriculture and Agri-Food Canada,agriculture ministry of Canada,Q1364302,http://wikidata.org/entity/Q1046164
Q2120416,1,Pontifical Institute of Sacred Music,pontifical music school in Vatican,Q1021290,http://wikidata.org/entity/Q2120416
Q1136074,1,Champigny-sur-Veude,"commune in Indre-et-Loire, France",Q484170,http://wikidata.org/entity/Q1136074
Q220313,1,Gemistus Pletho,15th-century Byzantine Greek philosopher,Q5,http://wikidata.org/entity/Q220313
Q7351953,1,Roberto de' Rossi,Italian humanist,Q5,http://wikidata.org/entity/Q7351953
Q932292,1,Lorenzo the Elder,Italian banker,Q5,http://wikidata.org/entity/Q932292
Q333393,1,Giovanni di Bicci de' Medici,Italian banker,Q5,http://wikidata.org/entity/Q333393
Q2551583,1,Piccarda Bueri,Italian noblewoman,Q5,http://wikidata.org/entity/Q2551583
Q56395987,1,Alessandro de' Bardi,count of Vernio,Q5,http://wikidata.org/entity/Q56395987
Q2462658,2,manager,person whose job is to manage something,Q28640,http://wikidata.org/entity/Q2462658
Q3075052,2,folklorist,person who studies folklore,Q28640,http://wikidata.org/entity/Q3075052
Q7401528,1,Saint Joseph's Seminary,major seminary of the Archdiocese of New York,Q14911880,http://wikidata.org/entity/Q7401528
Q67146961,1,"Department of Mathematics ""Federigo Enriques""",academic department of the University of Milan,Q2467461,http://wikidata.org/entity/Q67146961
Q975,3,San Antonio,"city in Bexar, Comal, and Medina counties in Texas, United States, that is the seat of Bexar County",Q1093829,http://wikidata.org/entity/Q975
Q9212,1,United States Army,land service branch of the United States Armed Forces,Q37726,http://wikidata.org/entity/Q9212
Q560573,1,Paul Hofhaimer,Austrian organist and composer,Q5,http://wikidata.org/entity/Q560573
Q1225393,1,Oizé,"commune in Sarthe, France",Q484170,http://wikidata.org/entity/Q1225393
Q100772,1,Busseto,Italian comune in the province of Parma,Q747074,http://wikidata.org/entity/Q100772
Q131491,2,Brighton,"city of Brighton & Hove, in East Sussex, England",Q1549591,http://wikidata.org/entity/Q131491
Q368929,2,Jindřichův Hradec,town in the Czech Republic,Q5153359,http://wikidata.org/entity/Q368929
Q787608,1,Radslavice,village in Přerov District of Olomouc region,Q5153359,http://wikidata.org/entity/Q787608
Q1348579,1,Moravian Museum,museum in Czechia,Q33506,http://wikidata.org/entity/Q1348579
Q13221862,1,"Faculty of Arts, Palacký University of Olomouc",,Q683471,http://wikidata.org/entity/Q13221862
Q14960,6,Brno,city in the Czech Republic,Q15978299,http://wikidata.org/entity/Q14960
Q341056,1,Česká Třebová,town in the Czech Republic,Q5153359,http://wikidata.org/entity/Q341056
Q652710,1,Letovice,town in the Czech Republic,Q5153359,http://wikidata.org/entity/Q652710
Q371321,1,Šlapanice,town in the Czech Republic,Q5153359,http://wikidata.org/entity/Q371321
Q470445,2,Prostějov,Czech city,Q515,http://wikidata.org/entity/Q470445
Q664895,1,Uherský Brod,town in the Czech Republic,Q5153359,http://wikidata.org/entity/Q664895
Q455464,3,Noordwijk,city and municipality in the Netherlands,Q1852859,http://wikidata.org/entity/Q455464
Q1229996,3,University of Seville,university of Spain,Q875538,http://wikidata.org/entity/Q1229996
Q4852651,1,Balthasar I Moretus,Flemish printer (1574-1641),Q5,http://wikidata.org/entity/Q4852651
Q66707635,1,Melchior Moretus,"theologian, priest",Q5,http://wikidata.org/entity/Q66707635
Q1913333,1,Jan Moretus,Flemish printer and publisher (1543–1610),Q5,http://wikidata.org/entity/Q1913333
Q66619181,1,Martina Plantin,lace merchant and printer,Q5,http://wikidata.org/entity/Q66619181
Q22998645,1,Moretus,,Q8436,http://wikidata.org/entity/Q22998645
Q74641,1,Samer,"commune in Pas-de-Calais, France",Q484170,http://wikidata.org/entity/Q74641
Q61618,1,Zell im Wiesental,municipality in Germany,Q42744322,http://wikidata.org/entity/Q61618
Q1149998,1,Mozart family,family of the Austrian composer Wolfgang Amadeus Mozart,Q78425721,http://wikidata.org/entity/Q1149998
Q133455404,1,,bookbinder in Augsburg,Q5,http://wikidata.org/entity/Q133455404
Q1589201,1,Johann Georg Mozart,German bookbinder (1679-1736),Q5,http://wikidata.org/entity/Q1589201
Q324320,1,Margarethe Danzi,German composer and singer,Q5,http://wikidata.org/entity/Q324320
Q544883,1,Montserrat Torrent,Spanish organist,Q5,http://wikidata.org/entity/Q544883
Q851011,1,Algaida,municipality of Spain,Q2074737,http://wikidata.org/entity/Q851011
Q4890917,2,Municipal Conservatory of Music of Barcelona,Music school,Q47252234,http://wikidata.org/entity/Q4890917
Q64176500,1,Conservatori Superior de Música de les Illes Balears,,Q184644,http://wikidata.org/entity/Q64176500
Q1871055,1,"Joaquín Rodrigo Conservatory of Music, Valencia",superior conservatory of music in València,Q23002037,http://wikidata.org/entity/Q1871055
Q47457644,1,Conservatorio profesional de música de Zaragoza,,Q47252234,http://wikidata.org/entity/Q47457644
Q552020,1,Hohenkirchen,former municipality of Germany,Q253019,http://wikidata.org/entity/Q552020
Q11025,3,Semarang,"city in Central Java Province, Indonesia",Q3199141,http://wikidata.org/entity/Q11025
Q345927,1,Peter Kooy,Dutch bass singer,Q5,http://wikidata.org/entity/Q345927
Q83638438,1,glass harmonica player,musician playing glass harmonica,Q66715801,http://wikidata.org/entity/Q83638438
Q93295,1,Sohland an der Spree,municipality of Germany,Q116457956,http://wikidata.org/entity/Q93295
Q5133190,2,Clifton College,"independent school (UK) in Bristol, United Kingdom",Q2418495,http://wikidata.org/entity/Q5133190
Q637711,1,Chesham Bois,"village in Buckinghamshire, United Kingdom",Q532,http://wikidata.org/entity/Q637711
Q108374,1,Joseph Ferdinand Maria of Salern,German nobleman and general,Q5,http://wikidata.org/entity/Q108374
Q19964878,1,Theresia Emanuela of Bavaria,German princess,Q5,http://wikidata.org/entity/Q19964878
Q95815,1,Ferdinand Maria Innocenz of Bavaria,Bavarian prince and imperial field marshal,Q5,http://wikidata.org/entity/Q95815
Q2581691,1,Countess Palatine Maria Anna of Neuburg,Countess Palatine of Neuburg by birth and was a Duchess of Bavaria (1693-1751),Q5,http://wikidata.org/entity/Q2581691
Q19520908,1,Samuel Pierre l'Honoré Naber,Dutch navy officer and historian (1865-1936),Q5,http://wikidata.org/entity/Q19520908
Q27215334,1,Jean Charles Naber,Dutch university teacher,Q5,http://wikidata.org/entity/Q27215334
Q3048257,1,Samuel Adrianus Naber,Dutch classical philologist,Q5,http://wikidata.org/entity/Q3048257
Q1673452,1,Isaac Uziel,Spanish poet and rabbi,Q5,http://wikidata.org/entity/Q1673452
Q30188,1,Madeira Island,island of Portugal,Q23442,http://wikidata.org/entity/Q30188
Q157798,1,watchmaker,artisan who makes and repairs watches,Q28640,http://wikidata.org/entity/Q157798
Q55019,1,Covent Garden,"district in London, England",Q2755753,http://wikidata.org/entity/Q55019
Q151083,1,Elisa Bonaparte,French princess (1777-1820),Q5,http://wikidata.org/entity/Q151083
Q152782,1,Caroline Bonaparte,Queen of Naples and Sicily (1782-1839),Q5,http://wikidata.org/entity/Q152782
Q152785,1,Pauline Bonaparte,French princess,Q5,http://wikidata.org/entity/Q152785
Q7726,1,Joseph Bonaparte,brother of Napoleon Bonaparte; King of Naples (1806–08) and Spain (1808–13),Q5,http://wikidata.org/entity/Q7726
Q151098,1,Lucien Bonaparte,1st Prince of Canino and Musignano (1775–1840),Q5,http://wikidata.org/entity/Q151098
Q151087,1,Jérôme Bonaparte,Napoleon I's brother (1784–1860),Q5,http://wikidata.org/entity/Q151087
Q75585274,1,unnamed daughter Bonaparte,short-lived sister of emperor Napoleon (1773-1773),Q5,http://wikidata.org/entity/Q75585274
Q40104,2,Ajaccio,French commune and prefecture of Corse-du-Sud and Corsica,Q484170,http://wikidata.org/entity/Q40104
Q578060,1,Longwood House,residence of Napoleon Bonaparte on Saint Helena,Q811979,http://wikidata.org/entity/Q578060
Q151869,1,Carlo Bonaparte,Father of Napoleon Bonaparte,Q5,http://wikidata.org/entity/Q151869
Q151995,1,Maria-Letizia Bonaparte,mother of Napoleon,Q5,http://wikidata.org/entity/Q151995
Q205779,1,"Camillo Borghese, 6th Prince of Sulmona",French general and Italian prince (1775–1832),Q5,http://wikidata.org/entity/Q205779
Q62024,1,Stéphanie de Beauharnais,"consort of Karl, Grand Duke of Baden, and adoptive daughter of Napoleon I",Q5,http://wikidata.org/entity/Q62024
Q7721,1,Napoleon III,"President of the Second French Republic, Emperor of the Second French Empire and last monarch of France (1808–1873)",Q5,http://wikidata.org/entity/Q7721
Q273480,1,École Militaire,"Military facility at the south area of Champ de Mars, Paris",Q1497364,http://wikidata.org/entity/Q273480
Q516448,1,Haiger,"town in Lahn-Dill-Kreis in Hesse, Germany",Q3957,http://wikidata.org/entity/Q516448
Q49940,2,Newark-on-Trent,"market town in Newark and Sherwood, Nottinghamshire, England",Q18511725,http://wikidata.org/entity/Q49940
Q116038887,1,Edith Pope,mother of Alexander Pope,Q5,http://wikidata.org/entity/Q116038887
Q7859531,1,Twyford School,"school in Hampshire, UK",Q269770,http://wikidata.org/entity/Q7859531
Q5424039,1,Gerard Kiljan,Dutch graphic designer (1891-1968),Q5,http://wikidata.org/entity/Q5424039
Q828977,1,Paul Schuitema,"Dutch lithographer, photographer, typographer, academy lecturer, graphic designer, filmmaker, architect, furniture designer, etcher, painter, inventor, draftsman, textile artist (1897-1973)",Q5,http://wikidata.org/entity/Q828977
Q2492430,1,Annet Nieuwenhuijzen,Dutch actress (1930-2016),Q5,http://wikidata.org/entity/Q2492430
Q2000124,3,postage stamp designer,person who designs postage stamps,Q28640,http://wikidata.org/entity/Q2000124
Q1514799,1,Gerrit Rietveld Academie,art academy in Amsterdam,Q383092,http://wikidata.org/entity/Q1514799
Q1850290,1,Nijverdal,farm village in the Netherlands,Q532,http://wikidata.org/entity/Q1850290
Q724131,1,Brecht,"municipality in Antwerp, Belgium",Q493522,http://wikidata.org/entity/Q724131
Q6016976,1,Ernst Norlind,Swedish writer and painter (1877-1952),Q5,http://wikidata.org/entity/Q6016976
Q6016968,1,Arnold Norlind,Swedish writer,Q5,http://wikidata.org/entity/Q6016968
Q10713844,1,Vellinge church parish,,Q615980,http://wikidata.org/entity/Q10713844
Q10484135,2,Engelbrekt church parish,parish of the Church of Sweden,Q615980,http://wikidata.org/entity/Q10484135
Q132773668,1,,,Q5,http://wikidata.org/entity/Q132773668
Q132773676,1,,,Q5,http://wikidata.org/entity/Q132773676
Q1027432,2,rue du Faubourg-Saint-Honoré,"street in Paris, France",Q21000333,http://wikidata.org/entity/Q1027432
Q270230,3,8th arrondissement of Paris,administrative district of Paris,Q702842,http://wikidata.org/entity/Q270230
Q18844224,2,science fiction writer,person who writes works of science fiction,Q28640,http://wikidata.org/entity/Q18844224
Q1288375,1,Ernst Christian Hesse,German composer,Q5,http://wikidata.org/entity/Q1288375
Q56521299,1,Johanna Elisabeth Döbricht,German soprano,Q5,http://wikidata.org/entity/Q56521299
Q2087635,1,Oskar Back,Dutch violinist and music teacher of Hungarian family origin (1879–1963),Q5,http://wikidata.org/entity/Q2087635
Q634309,1,Hage,municipality of Germany,Q11732217,http://wikidata.org/entity/Q634309
Q671348,1,Worthing,"town in West Sussex, England",Q3957,http://wikidata.org/entity/Q671348
Q531102,1,Rodmell,"village in East Sussex, United Kingdom",Q532,http://wikidata.org/entity/Q531102
Q3942,1,Aschaffenburg,"town in Bavaria, Germany",Q42744322,http://wikidata.org/entity/Q3942
Q124605835,1,map drawer,drawer of maps,Q28640,http://wikidata.org/entity/Q124605835
Q131725357,1,"Pieter van Campen, Heer van Randenbroek",Est 1568 -,Q5,http://wikidata.org/entity/Q131725357
Q131725370,1,"Gerritge Claes Jansdr. Berents, Vrouwe van Randenbroek",,Q5,http://wikidata.org/entity/Q131725370
Q1983347,1,Matthias Withoos,painter from the Northern Netherlands (1627-1703),Q5,http://wikidata.org/entity/Q1983347
Q943517,1,Newquay,"town, civil parish, seaside resort and fishing port in Cornwall, England",Q3957,http://wikidata.org/entity/Q943517
Q178782,1,Pernis,"district of Rotterdam, Netherlands",Q532,http://wikidata.org/entity/Q178782
Q15457362,1,Heinrich Schwemmer,German music teacher and composer (1621-1696),Q5,http://wikidata.org/entity/Q15457362
Q877576,1,Georg Caspar Wecker,German composer,Q5,http://wikidata.org/entity/Q877576
Q3085,1,Reutlingen,"city in Baden-Württemberg, Germany",Q1549591,http://wikidata.org/entity/Q3085
Q1647,1,Rijeka,"city and settlement in Primorje-Gorski Kotar County, Croatia",Q15105893,http://wikidata.org/entity/Q1647
Q24265174,5,philosophy historian,occupation,Q28640,http://wikidata.org/entity/Q24265174
Q51985,7,Technische Universität Berlin,"public research university in Berlin, Germany",Q62078547,http://wikidata.org/entity/Q51985
Q105186,1,pharmacist,healthcare professional who practices in pharmacy,Q3922583,http://wikidata.org/entity/Q105186
Q64877,1,Egg,municipality in Switzerland,Q70208,http://wikidata.org/entity/Q64877
Q19971972,1,Wilhelm Bombast von Hohenheim,(1457-1534),Q5,http://wikidata.org/entity/Q19971972
Q112534635,1,NN,- Abt 1502,Q5,http://wikidata.org/entity/Q112534635
Q102304479,1,Lorentz Lutz,Universität Basel,Q5,http://wikidata.org/entity/Q102304479
Q1493121,1,military historian,person whose principal occupation or training is in military history,Q28640,http://wikidata.org/entity/Q1493121
Q17489339,8,historian of Modern Age,person who studies modern history,Q28640,http://wikidata.org/entity/Q17489339
Q3886622,1,Meyer Children's Hospital,pediatric hospital in Italy,Q16917,http://wikidata.org/entity/Q3886622
Q100145,1,Caravaggio,Italian comune,Q747074,http://wikidata.org/entity/Q100145
Q63017728,1,particle physicist,person engaged in high-energy particle physics,Q28640,http://wikidata.org/entity/Q63017728
Q1996635,1,optician,dispenser of eyeglasses and contact lenses,Q28640,http://wikidata.org/entity/Q1996635
Q1637611,1,Palacký University Olomouc,Czech university,Q875538,http://wikidata.org/entity/Q1637611
Q13360278,1,"Faculty of Science, Palacký University Olomouc",faculty of Palacký University Olomouc,Q180958,http://wikidata.org/entity/Q13360278
Q20901931,1,Institute of Physics of the Czech Academy of Sciences,research institute,Q31855,http://wikidata.org/entity/Q20901931
Q94847385,1,Lawton P. G. Peckham,,Q5,http://wikidata.org/entity/Q94847385
Q115654875,1,Katharine Hartwell Austin,,Q5,http://wikidata.org/entity/Q115654875
Q14918221,1,Joan Nin i Serra,Spanish composer and catholic priest (1804-1867),Q5,http://wikidata.org/entity/Q14918221
Q15088976,1,Josep Brocà i Codina,Spanish composer and classical guitarist (1805-1882),Q5,http://wikidata.org/entity/Q15088976
Q12812,1,Tortosa,"municipality of Tarragona, Spain",Q33146843,http://wikidata.org/entity/Q12812
Q19325084,1,Paulina Pepys,sister of Samuel Pepys (1640–1689),Q5,http://wikidata.org/entity/Q19325084
Q75588843,1,John Pepys,(born 1600),Q5,http://wikidata.org/entity/Q75588843
Q75588844,1,Margaret Kite,(died 1667),Q5,http://wikidata.org/entity/Q75588844
Q21192421,1,John Jackson,Nephew of Samuel Pepys,Q5,http://wikidata.org/entity/Q21192421
Q104177309,1,Stanley Asimov,American journalist,Q5,http://wikidata.org/entity/Q104177309
Q2919046,1,biochemist,scientist specialized in biochemistry,Q28640,http://wikidata.org/entity/Q2919046
Q18814623,2,autobiographer,person who wrote their autobiography,Q12737077,http://wikidata.org/entity/Q18814623
Q3745071,1,science writer,person who writes about science and on scientific topics,Q28640,http://wikidata.org/entity/Q3745071
Q1010621,1,Petrovichi,"hamlet in Smolensk Oblast, Russia",Q5084,http://wikidata.org/entity/Q1010621
Q2305208,1,Russian Socialist Federative Soviet Republic,1918–1922 sovereign state in Eurasia,Q3024240,http://wikidata.org/entity/Q2305208
Q2505739,1,hispanist,scholar specialising in Hispanic studies,Q28640,http://wikidata.org/entity/Q2505739
Q16031,1,Arnay-le-Duc,"commune in Côte-d'Or, France",Q484170,http://wikidata.org/entity/Q16031
Q2827098,1,Agostino Perini,Italian historian and naturalist (1802–1878),Q5,http://wikidata.org/entity/Q2827098
Q18654792,1,Pietro Cerniti,Italian medieval law scholar,Q5,http://wikidata.org/entity/Q18654792
Q6119913,1,Jacobus de Belviso,medieval Italian scholar law,Q5,http://wikidata.org/entity/Q6119913
Q384263,1,Barlaam of Seminara,Italian theologian,Q5,http://wikidata.org/entity/Q384263
Q920858,1,Giovanni d'Andrea,Italian jurist (1270-1348),Q5,http://wikidata.org/entity/Q920858
Q7452592,1,Petracco,father to the Italian poet Francesco Petrarch,Q5,http://wikidata.org/entity/Q7452592
Q110738792,1,Eietta Canigiani,1270 - certain 1319,Q5,http://wikidata.org/entity/Q110738792
Q16268493,1,Giovanni Malpaghini,humanist of the early renaissance,Q5,http://wikidata.org/entity/Q16268493
Q21208300,1,Giovanni Guaccero,Italian composer,Q5,http://wikidata.org/entity/Q21208300
Q94776091,1,Anna Pevsner,,Q5,http://wikidata.org/entity/Q94776091
Q19754081,1,Phoebe Stanton,architectural historian,Q5,http://wikidata.org/entity/Q19754081
Q3665646,1,basketball player,person who plays in basketball,Q28640,http://wikidata.org/entity/Q3665646
Q1784043,1,Kopidlno,town in the Czech Republic,Q5153359,http://wikidata.org/entity/Q1784043
Q3132,1,Moers,"city in North Rhine-Westphalia, Germany",Q42744322,http://wikidata.org/entity/Q3132
Q94849063,1,Henrich ter Steegen,,Q5,http://wikidata.org/entity/Q94849063
Q1200920,1,Conservatoire de Musique,"music school in Geneva, Switzerland",Q811979,http://wikidata.org/entity/Q1200920
Q10056,3,Zeist,municipality in the Dutch province of Utrecht,Q2039348,http://wikidata.org/entity/Q10056
Q33527010,1,Zeist,"town in Utrecht, the Netherlands",Q1852859,http://wikidata.org/entity/Q33527010
Q1616233,1,Leidschendam,"town and former municipality in South Holland, the Netherlands",Q3957,http://wikidata.org/entity/Q1616233
Q1953,1,Yerevan,capital of Armenia,Q20724701,http://wikidata.org/entity/Q1953
Q481605,1,Boris Piotrovsky,Soviet archaeologist (1908-1990),Q5,http://wikidata.org/entity/Q481605
Q4159906,1,Hripsime Djanpoladian,Russian Armenian archaeologist,Q5,http://wikidata.org/entity/Q4159906
Q91217,1,Montepulciano,Italian urban municipality,Q747074,http://wikidata.org/entity/Q91217
Q688310,1,Armin Thalheim,German pianist,Q5,http://wikidata.org/entity/Q688310
Q23985849,1,Felanitx,town of the municipality with the same name,Q121289819,http://wikidata.org/entity/Q23985849
Q4294371,1,Department of Health,"Australian government department, 2013-2022",Q1519799,http://wikidata.org/entity/Q4294371
Q598841,5,Monash University,"public university based in Melbourne, Australia",Q875538,http://wikidata.org/entity/Q598841
Q2419598,1,Norwell,"town in Plymouth County, Massachusetts, United States",Q15127012,http://wikidata.org/entity/Q2419598
Q15142,1,University of Massachusetts Amherst,"public university in Massachusetts, USA",Q3918,http://wikidata.org/entity/Q15142
Q3446076,1,Bridgewater State University,"public university in Bridgewater, Massachusetts",Q3918,http://wikidata.org/entity/Q3446076
Q712328,1,Theodoros of Cyrene,5th century BC Greek mathematician,Q5,http://wikidata.org/entity/Q712328
Q1336424,1,Hermogenes,ancient Greek philosopher,Q5,http://wikidata.org/entity/Q1336424
Q11917254,1,Dionysius,Greek grammarian who taught Plato as a child,Q5,http://wikidata.org/entity/Q11917254
Q467522,1,Potone,mother of Speusippus,Q5,http://wikidata.org/entity/Q467522
Q353580,1,Adeimantus of Collytus,brother of Plato,Q5,http://wikidata.org/entity/Q353580
Q1364945,1,Glaucon,older brother of Plato,Q5,http://wikidata.org/entity/Q1364945
Q582005,1,Antiphon,half-brother of Plato,Q5,http://wikidata.org/entity/Q582005
Q667017,1,Ariston of Athens,father of the Greek philosopher Plato,Q5,http://wikidata.org/entity/Q667017
Q444595,1,Perictione,mother of Plato,Q5,http://wikidata.org/entity/Q444595
Q3476281,1,volapükologist,person whose scientific interest is Volapük or who learns the language as a hobby,Q28640,http://wikidata.org/entity/Q3476281
Q105500030,1,Jacob Ploos van Amstel,,Q5,http://wikidata.org/entity/Q105500030
Q1700326,2,John H. Plumb,British historian (1911–2001),Q5,http://wikidata.org/entity/Q1700326
Q15985128,2,medical historian,humanist who is engaged in history of medicine,Q28640,http://wikidata.org/entity/Q15985128
Q785,1,,British Crown dependency in the Channel Islands,Q185086,http://wikidata.org/entity/Q785
Q15447440,1,Albert Malherbe,French university teacher (1845-1915),Q5,http://wikidata.org/entity/Q15447440
Q3268685,1,Lycée Gabriel Guist'hau,High school in France,Q2511322,http://wikidata.org/entity/Q3268685
Q3578484,1,Nantes School of Art,"art school in Nantes, France",Q383092,http://wikidata.org/entity/Q3578484
Q131007912,1,Sophia Johanna Potgieter,donor of a jewelry set to the Dutch KOG (Koninklijk Oudheidkundig Genootschap),Q5,http://wikidata.org/entity/Q131007912
Q671411,1,Hermann de Pourtalès,"Olympic sailor, gold and silver medal winner from Switzerland, military officer in the Prussian army (1847-1904)",Q5,http://wikidata.org/entity/Q671411
Q136126111,1,Marguerite (Daisy) Marcet,3 Mar 1857 Genève - 19 Dec 1888 Cannes,Q5,http://wikidata.org/entity/Q136126111
Q60107781,1,Louis de Pourtales,"Swiss-Prussian military officer, diplomat and politician (1773-1848)",Q5,http://wikidata.org/entity/Q60107781
Q3157999,1,Jacques-Louis de Pourtalès,"private banker, merchant, slave trader and industrialist from Geneva and Neuchâtel",Q5,http://wikidata.org/entity/Q3157999
Q85633141,1,Auguste de Pourtalès,Swiss painter and art collector (1840-1918),Q5,http://wikidata.org/entity/Q85633141
Q681714,1,House of Pourtalès,French-German noble family,Q13417114,http://wikidata.org/entity/Q681714
Q55043,2,gymnasium,type of school providing advanced secondary education in Europe,Q112872396,http://wikidata.org/entity/Q55043
Q234924,1,Tarascon,"commune in Bouches-du-Rhône, France",Q484170,http://wikidata.org/entity/Q234924
Q1294133,1,Kirchenmusikdirektor,church music director,Q216353,http://wikidata.org/entity/Q1294133
Q556505,1,Hardisleben,former municipality of Germany,Q253019,http://wikidata.org/entity/Q556505
Q105048,2,Słupsk,"city in the Pomeranian Voivodeship, in the northern part of Poland",Q925381,http://wikidata.org/entity/Q105048
Q2009714,3,Royal Conservatory of Liège,art school in Belgium,Q184644,http://wikidata.org/entity/Q2009714
Q393426,1,Žatec,"town in Louny District, Ústí nad Labem Region, Czech Republic",Q5153359,http://wikidata.org/entity/Q393426
Q95202397,1,Elisabeth Raabe,,Q5,http://wikidata.org/entity/Q95202397
Q113294578,1,Mr. Wilhelm Radermacher,"1501 Aachen, Germany - 30 Jan 1554",Q5,http://wikidata.org/entity/Q113294578
Q113294583,1,Maria Houperts,1510 Limbourg - 1579,Q5,http://wikidata.org/entity/Q113294583
Q807316,1,Barban,"municipality and settlement in Istria County, Croatia",Q57058,http://wikidata.org/entity/Q807316
Q397145,1,Ștefan Niculescu,Romanian composer (1927–2008),Q5,http://wikidata.org/entity/Q397145
Q1224484,2,Tiberiu Olah,Romanian-Hungarian composer,Q5,http://wikidata.org/entity/Q1224484
Q775105,2,Aurel Stroe,Romanian composer (1932–2008),Q5,http://wikidata.org/entity/Q775105
Q19660,4,Bucharest,capital and largest city of Romania,Q640364,http://wikidata.org/entity/Q19660
Q3591374,1,Éric Tanguy,French composer,Q5,http://wikidata.org/entity/Q3591374
Q1888128,1,National University of Music Bucharest,Romanian university of music,Q3918,http://wikidata.org/entity/Q1888128
Q107474482,1,Francisco Berge,,Q5,http://wikidata.org/entity/Q107474482
Q645411,1,Joan Pau Pujol,Spanish/Catalan composer and organist (1570-1626),Q5,http://wikidata.org/entity/Q645411
Q11967,1,Huesca,"municipality in Huesca Province, Aragon, Spain",Q2074737,http://wikidata.org/entity/Q11967
Q2462558,1,Salamanca New Cathedral,"cathedral of Salamanca, Spain",Q56242215,http://wikidata.org/entity/Q2462558
Q5758474,1,"Our Lady of the Assumption Cathedral, Granada","church in Granada, Nicaragua",Q2977,http://wikidata.org/entity/Q5758474
Q107810,1,Hermann Ranke,German Egyptologist (1878-1953),Q5,http://wikidata.org/entity/Q107810
Q20820556,1,Otto Ranke,German psychiatrist and university teacher,Q5,http://wikidata.org/entity/Q20820556
Q1819648,1,Friedrich Ranke,German theologian (1842–1918),Q5,http://wikidata.org/entity/Q1819648
Q47554,1,Toruń,city in north-central Poland,Q925381,http://wikidata.org/entity/Q47554
Q569668,1,Pohlheim,"town in Landkreis Gießen in Hesse, Germany",Q3957,http://wikidata.org/entity/Q569668
Q2698451,1,Rašica,"village in Lower Carniola, Slovenia",Q486972,http://wikidata.org/entity/Q2698451
Q569460,4,Hanns Eisler Music School Berlin,music conservatory in Berlin,Q184644,http://wikidata.org/entity/Q569460
Q3519142,2,Teteringen,"village in Breda, the Netherlands",Q532,http://wikidata.org/entity/Q3519142
Q817840,2,Bennebroek,"village and former municipality in Bloemendaal, the Netherlands",Q532,http://wikidata.org/entity/Q817840
Q111589476,1,Lucas van Regteren Altena,(1865-1934),Q5,http://wikidata.org/entity/Q111589476
Q136029102,1,Charlotte Octavia Loman,,Q5,http://wikidata.org/entity/Q136029102
Q2248623,1,scholar,medieval student or cleric,Q12737077,http://wikidata.org/entity/Q2248623
Q50305872,1,Sigrid Reinitzer,Austrian librarian,Q5,http://wikidata.org/entity/Q50305872
Q103270,1,Santa Maria a Monte,Italian comune,Q747074,http://wikidata.org/entity/Q103270
Q1641454,1,Calatorao,municipality of Spain,Q2074737,http://wikidata.org/entity/Q1641454
Q159605,1,Tivoli,Italian comune,Q747074,http://wikidata.org/entity/Q159605
Q1143278,1,Twickenham,"suburban area in west London, England",Q3957,http://wikidata.org/entity/Q1143278
Q118865,2,clarinetist,musician who plays the clarinet,Q66715801,http://wikidata.org/entity/Q118865
Q798875,1,Badeleben,human settlement,Q486972,http://wikidata.org/entity/Q798875
Q82141,1,Waibstadt,municipality in Germany,Q42744322,http://wikidata.org/entity/Q82141
Q111768363,1,Adrianus van Riemsdijk,4 Jan 1749 Tiel - 18 Apr 1817 Tiel,Q5,http://wikidata.org/entity/Q111768363
Q111768373,1,Wilhelmina van Rijnberk,5 Jan 1749 Tiel - 31 May 1806 Tiel,Q5,http://wikidata.org/entity/Q111768373
Q183192,1,Max Heindel,American astrologer and occultist (1865-1919),Q5,http://wikidata.org/entity/Q183192
Q78484,1,Rudolf Steiner,"Austrian social reformer, occultist and esotericist (1861–1925)",Q5,http://wikidata.org/entity/Q78484
Q72790944,1,Raimund Rilling,,Q5,http://wikidata.org/entity/Q72790944
Q439425,1,Matthias Manasi,German conductor and pianist,Q5,http://wikidata.org/entity/Q439425
Q135286585,1,Trisevgeni Kalokiri,Greek musician and pedagogue,Q5,http://wikidata.org/entity/Q135286585
Q168267,1,Hilda Geiringer,Austrian mathematician (1893–1973),Q5,http://wikidata.org/entity/Q168267
Q263064,5,"University of California, Santa Barbara","public university near Goleta, California, United States and part of the University of California system",Q875538,http://wikidata.org/entity/Q263064
Q1378320,1,Swarthmore College,"liberal arts college in Swarthmore, Pennsylvania",Q1377182,http://wikidata.org/entity/Q1378320
Q4804923,1,Asheville School,"boarding school in North Carolina, U.S.",Q15243209,http://wikidata.org/entity/Q4804923
Q52416902,1,John Harris Wicks,English educator and author,Q5,http://wikidata.org/entity/Q52416902
Q606140,2,University of Waikato,"university in Hamilton, New Zealand",Q875538,http://wikidata.org/entity/Q606140
Q63952000,1,gender studies scholar,profession,Q28640,http://wikidata.org/entity/Q63952000
Q1123379,1,Károli Gáspár University of the Reformed Church in Hungary,university,Q3918,http://wikidata.org/entity/Q1123379
Q476246,1,sailor,person who participates in the sport of sailing,Q28640,http://wikidata.org/entity/Q476246
Q2250189,1,Leone Sinigaglia,Italian composer (1868–1944),Q5,http://wikidata.org/entity/Q2250189
Q112330095,1,"Claude de Ronsard, Seigneur de la Poissonière",1518 - 30 Sep 1556,Q5,http://wikidata.org/entity/Q112330095
Q130650879,1,Charles de Ronsard,,Q5,http://wikidata.org/entity/Q130650879
Q130650994,1,Louise de Ronsard,,Q5,http://wikidata.org/entity/Q130650994
Q2242004,1,La Possonnière Castle,,Q23413,http://wikidata.org/entity/Q2242004
Q661814,1,La Riche,"commune in Indre-et-Loire, France",Q484170,http://wikidata.org/entity/Q661814
Q112330097,1,Louis de Ronsard,Abt 1479 La Possonière - 6 Jun 1544 Paris,Q5,http://wikidata.org/entity/Q112330097
Q3176006,1,Jeanne Chaudrier,- Aft 1540,Q5,http://wikidata.org/entity/Q3176006
Q1685890,1,Jean Vauquelin de la Fresnaye,French poet,Q5,http://wikidata.org/entity/Q1685890
Q126953836,1,René des Roches,,Q5,http://wikidata.org/entity/Q126953836
Q126953877,1,Claude de Fontbrenier,,Q5,http://wikidata.org/entity/Q126953877
Q79990,2,Christchurch,largest city in the South Island of New Zealand,Q515,http://wikidata.org/entity/Q79990
Q1150437,2,Victoria University of Wellington,public university in New Zealand,Q875538,http://wikidata.org/entity/Q1150437
Q432475,5,University of Canterbury,"public research university in Christchurch, New Zealand",Q3918,http://wikidata.org/entity/Q432475
Q287953,1,Jean Rostand,French writer (1894–1977),Q5,http://wikidata.org/entity/Q287953
Q202749,1,Edmond Rostand,French poet and dramatist (1868–1918),Q5,http://wikidata.org/entity/Q202749
Q440779,1,Rosemonde Gérard,French poet and playwright (1866–1953),Q5,http://wikidata.org/entity/Q440779
Q16034214,1,Rostand family,family,Q8436,http://wikidata.org/entity/Q16034214
Q1636757,1,Ethel Rosenberg,American woman executed for spying for the Soviet Union (1915-1953),Q5,http://wikidata.org/entity/Q1636757
Q2739096,1,Julius Rosenberg,American man executed for spying for the Soviet Union (1918–1953),Q5,http://wikidata.org/entity/Q2739096
Q421263,1,University of Rome,Wikimedia disambiguation page,Q4167410,http://wikidata.org/entity/Q421263
Q1774693,1,Lancing College,"non-elementary school in West Sussex, UK",Q269770,http://wikidata.org/entity/Q1774693
Q2487309,1,Mansfield College,college of the University of Oxford,Q2581649,http://wikidata.org/entity/Q2487309
Q772614,1,St Austell,"town in Cornwall, England, UK",Q3957,http://wikidata.org/entity/Q772614
Q23148,1,Cornwall,historic county of England and Celtic nation,Q1138494,http://wikidata.org/entity/Q23148
Q174570,11,London School of Economics and Political Science,"public university in London, United Kingdom",Q62078547,http://wikidata.org/entity/Q174570
Q7226029,1,Poltair School,"academy in St Austell, Cornwall, England",Q159334,http://wikidata.org/entity/Q7226029
Q4669300,1,Abraham van Blijenberch,Flemish painter (1575-1624),Q5,http://wikidata.org/entity/Q4669300
Q1497751,1,Geestemünde,"district of Bremerhaven, Germany",Q32597970,http://wikidata.org/entity/Q1497751
Q2628593,1,Bielsko,"until 1950 an independent town in Cieszyn Silesia, now part of Bielsko-Biała Poland",Q2983893,http://wikidata.org/entity/Q2628593
Q8218,1,Rabenau,"town in the Sächsische Schweiz-Osterzgebirge district, in the Free State of Saxony, Germany",Q42744322,http://wikidata.org/entity/Q8218
Q1539059,1,Gottfred Matthison-Hansen,Danish composer (1832–1909),Q5,http://wikidata.org/entity/Q1539059
Q1344992,1,Thomas Laub,Danish organist and composer (1852-1927),Q5,http://wikidata.org/entity/Q1344992
Q4958500,1,Sophie Keller,Danish opera singer (1850-1929),Q5,http://wikidata.org/entity/Q4958500
Q4582201,2,Østre Borgerdyd school,school,Q16969697,http://wikidata.org/entity/Q4582201
Q552003,1,Freiamt,"municipality in Baden-Württemberg, Germany",Q116457956,http://wikidata.org/entity/Q552003
Q5371902,3,harpsichordist,person who plays the harpsichord,Q28640,http://wikidata.org/entity/Q5371902
Q19664224,1,Gilbert Russell,British banker and army officer,Q5,http://wikidata.org/entity/Q19664224
Q75355059,1,Maud Nelke,(died 1982),Q5,http://wikidata.org/entity/Q75355059
Q273827,1,Champagne,historic province in the northeast of France,Q209495,http://wikidata.org/entity/Q273827
Q583910,1,Aš,town in Czechia,Q5153359,http://wikidata.org/entity/Q583910
Q2962070,3,production designer,"responsible for developing the visual concept of a film, television show, or theater production",Q4220920,http://wikidata.org/entity/Q2962070
Q21039889,1,Sachsendorf,"quarter of Cottbus, Germany",Q253019,http://wikidata.org/entity/Q21039889
Q494537,1,Kronach,"town in Oberfranken, Bavaria, Germany",Q134626,http://wikidata.org/entity/Q494537
Q94796750,1,Hans Sunder,1450 - bef. 22 Mar 1528,Q5,http://wikidata.org/entity/Q94796750
Q102062332,1,Barbara Hübner,1451 - Abt 1491,Q5,http://wikidata.org/entity/Q102062332
Q21996862,1,Antonius Heusler,German painter (1500–1561),Q5,http://wikidata.org/entity/Q21996862
Q696266,1,Hans Cranach,German Renaissance painter (1513-1537),Q5,http://wikidata.org/entity/Q696266
Q170339,1,Lucas Cranach the Younger,German Renaissance artist (1515–1586),Q5,http://wikidata.org/entity/Q170339
Q1079085,1,Christian Brück,German politician (1516-1567),Q5,http://wikidata.org/entity/Q1079085
Q95281,1,Gregor Brück,German jurist (ca. 1485-1557),Q5,http://wikidata.org/entity/Q95281
Q767689,1,Augustin Cranach,German artist (1554-1595),Q5,http://wikidata.org/entity/Q767689
Q1514870,1,Lucas Cranach III.,German painter (1586-1645),Q5,http://wikidata.org/entity/Q1514870
Q1504012,1,Georg Dasch,German politician (1510-1578),Q5,http://wikidata.org/entity/Q1504012
Q1048002,1,Caspar Pfreundt,German politician (1517-1574),Q5,http://wikidata.org/entity/Q1048002
Q380643,1,Aegidius Strauch,Wikimedia disambiguation page,Q4167410,http://wikidata.org/entity/Q380643
Q106943844,1,Cranach family,"German family of painters, draughtsmen and printmakers",Q8436,http://wikidata.org/entity/Q106943844
Q42857,1,prophet,person claiming to speak for divine beings,Q2642184,http://wikidata.org/entity/Q42857
Q154549,1,carpenter,profession; person who performs carpentry,Q56604560,http://wikidata.org/entity/Q154549
Q133485,1,rabbi,teacher of Torah in Judaism,Q63187384,http://wikidata.org/entity/Q133485
Q1349880,1,thaumaturge,occupation of a miracle worker or saint,Q2642184,http://wikidata.org/entity/Q1349880
Q15995642,1,religious leader,leader for a religious organization,Q4504549,http://wikidata.org/entity/Q15995642
Q2518689,1,healer,"unlicensed person who practices the art of healing using traditional practices, herbal remedies and even the power of suggestion",Q28640,http://wikidata.org/entity/Q2518689
Q51626,1,Messiah,"saviour or liberator of a group of people, most commonly in the Abrahamic religions",Q30149195,http://wikidata.org/entity/Q51626
Q5776,1,Bethlehem,city in the State of Palestine,Q515,http://wikidata.org/entity/Q5776
Q430776,1,Nazareth,city in Israel; predominantly inhabited by Muslim-Arab citizens of Israel; a center of Christian pilgrimage as the childhood home of Jesus,Q515,http://wikidata.org/entity/Q430776
Q170516,1,Calvary,site outside Jerusalem where Jesus was crucified according to the Gospels,Q54050,http://wikidata.org/entity/Q170516
Q16000109,2,Herodian Kingdom of Judea,"client state of the Roman Republic from 37 BCE, when Herod the Great was appointed ""King of the Jews"" by the Roman Senate",Q3932035,http://wikidata.org/entity/Q16000109
Q618057,2,Holy Family,"Jesus, Mary and Saint Joseph",Q8436,http://wikidata.org/entity/Q618057
Q2701168,2,Davidic line,lineage to King David in the Hebrew Bible and the New Testament,Q164950,http://wikidata.org/entity/Q2701168
Q83241,1,Galilee,large region mainly located in northern Israel,Q82794,http://wikidata.org/entity/Q83241
Q233067,1,Salome,Mother of John and Jacob,Q20643955,http://wikidata.org/entity/Q233067
Q67205775,1,seamstress,person who engages in the act of sewing textiles,Q12737077,http://wikidata.org/entity/Q67205775
Q1132798,1,Sepphoris,ancient city in Israel,Q46169,http://wikidata.org/entity/Q1132798
Q314700,1,Joachim,traditional father of the Virgin Mary,Q20643955,http://wikidata.org/entity/Q314700
Q164294,1,Saint Anne,mother of Virgin Mary in Christian and Islamic traditions; unnamed in the New Testament or Quran,Q20643955,http://wikidata.org/entity/Q164294
Q235849,2,Elizabeth,"mother of John the Baptist and the wife of Zacharias/Zachary, according to the Gospel of Luke",Q20643955,http://wikidata.org/entity/Q235849
Q8920,1,Hellerau,"quarter of Dresden, Germany",Q253019,http://wikidata.org/entity/Q8920
Q2538299,1,Wachau,"place near Leipzig, Germany",Q253019,http://wikidata.org/entity/Q2538299
Q659424,1,Pezinok,town in Slovakia,Q3957,http://wikidata.org/entity/Q659424
Q559969,1,Claude Gillot,French painter (1673-1722),Q5,http://wikidata.org/entity/Q559969
Q669206,1,Claude Audran III,French painter (1658-1734),Q5,http://wikidata.org/entity/Q669206
Q13522404,1,musette de cour,musical instrument of the bagpipe family,,http://wikidata.org/entity/Q13522404
Q212274,2,Nogent-sur-Marne,"French commune in Val-de-Marne, Île-de-France",Q484170,http://wikidata.org/entity/Q212274
Q116468979,1,Jean-Philippe Watteau,,Q5,http://wikidata.org/entity/Q116468979
Q3292127,1,Marie-Madeleine de Saint Exupéry,French writer (1897–1926),Q5,http://wikidata.org/entity/Q3292127
Q3484628,1,Simone de Saint-Exupéry,French writer (1898–1978),Q5,http://wikidata.org/entity/Q3484628
Q2095549,1,aircraft pilot,person controlling an aircraft in flight,Q28640,http://wikidata.org/entity/Q2095549
Q3344,6,2nd arrondissement of Lyon,"arrondissement of Lyon, France",Q702842,http://wikidata.org/entity/Q3344
Q116468528,1,Jean Marc de Saint-Exupéry,2 Jan 1863 Florac - 14 Mar 1904 Cogolin,Q5,http://wikidata.org/entity/Q116468528
Q94403472,1,Marie de Saint-Exupéry,writer,Q5,http://wikidata.org/entity/Q94403472
Q3066005,1,Saint-Exupéry family,family,Q8436,http://wikidata.org/entity/Q3066005
Q2723467,1,Aéropostale,French airline (1918–1933),Q46970,http://wikidata.org/entity/Q2723467
Q1809440,1,Paris-Soir,French daily newspaper,Q1110794,http://wikidata.org/entity/Q1809440
Q3558736,1,Villa St. Jean International School,"private school in Fribourg, Switzerland from 1903 to 1970",Q269770,http://wikidata.org/entity/Q3558736
Q3268865,1,Notre Dame de Mongré High School,"Private catholic school in Villefranche-sur-Saône, Rhône, France",Q9826,http://wikidata.org/entity/Q3268865
Q109793690,1,Gabrielle Louise de Rouvroy de Saint-Simon,Duchess of Brissac,Q5,http://wikidata.org/entity/Q109793690
Q2380366,1,"Claude de Rouvroy, duc de Saint-Simon",French noble,Q5,http://wikidata.org/entity/Q2380366
Q136281249,1,Charlotte de L'Aubepine,Abt 1640 - 7 Oct 1725,Q5,http://wikidata.org/entity/Q136281249
Q3066002,1,House Rouvroy de Saint-Simon,family,Q13417114,http://wikidata.org/entity/Q3066002
Q48033,1,Valeggio sul Mincio,Italian comune,Q747074,http://wikidata.org/entity/Q48033
Q11120,1,Werl,"town in the district of Soest in North Rhine-Westphalia, Germany",Q54935786,http://wikidata.org/entity/Q11120
Q131725752,1,Matthijs Salverda de Grave,(1832–1909),Q5,http://wikidata.org/entity/Q131725752
Q131725755,1,Pauline Brutel de la Rivière,22 Sep 1830 's-Gravenhage - 5 Jan 1894 's-Gravenhage,Q5,http://wikidata.org/entity/Q131725755
Q3018561,1,Apeldoorn,"city in Apeldoorn, Netherlands",Q1852859,http://wikidata.org/entity/Q3018561
Q842228,1,Sangüesa/Zangoza,"municipality and city in Navarre, Spain",Q2074737,http://wikidata.org/entity/Q842228
Q8851,1,Málaga,"municipality and capital of the province of Málaga, in Spain",Q2074737,http://wikidata.org/entity/Q8851
Q33826471,1,Jaime Torrens,Spanish composer,Q5,http://wikidata.org/entity/Q33826471
Q2600590,1,Felice Riccio,Italian painter (1542-1605),Q5,http://wikidata.org/entity/Q2600590
Q242793,1,Lanuvio,Italian comune,Q747074,http://wikidata.org/entity/Q242793
Q751612,2,Bronx High School of Science,specialized high school in New York City,Q9826,http://wikidata.org/entity/Q751612
Q863813,3,Binghamton University,public university in New York State,Q3918,http://wikidata.org/entity/Q863813
Q4775035,1,Antioch University,university with 5 campuses in the United States,Q3918,http://wikidata.org/entity/Q4775035
Q4775012,1,Antioch College,"college in Yellow Springs, Ohio",Q6540832,http://wikidata.org/entity/Q4775012
Q34106,2,Sarnia,"city in Ontario, Canada",Q515,http://wikidata.org/entity/Q34106
Q201603,2,Simon Fraser University,"public research university in Greater Vancouver, British Columbia, Canada",Q62078547,http://wikidata.org/entity/Q201603
Q2979657,3,The Royal Conservatory of Music,"music education institution based in Toronto, Ontario, Canada",Q184644,http://wikidata.org/entity/Q2979657
Q536722,1,Lübtheen,municipality of Germany,Q42744322,http://wikidata.org/entity/Q536722
Q158445,1,Grand Duchy of Mecklenburg-Schwerin,grand duchy,Q165116,http://wikidata.org/entity/Q158445
Q55599391,1,Kingdom of Sardinia,historic state 1324-1713,Q3024240,http://wikidata.org/entity/Q55599391
Q516485,1,Friedberg,"seat of Wetteraukreis and town in Hesse, Germany",Q134626,http://wikidata.org/entity/Q516485
Q169542,1,Hamburger Kunsthalle,"art museum in Hamburg, Germany",Q207694,http://wikidata.org/entity/Q169542
Q541642,1,Biesenthal,town in Germany,Q42744322,http://wikidata.org/entity/Q541642
Q327727,1,Osterode am Harz,municipality of Germany,Q2267870,http://wikidata.org/entity/Q327727
Q1622206,1,Trossingen University of Music,University of Music in Baden-Württemberg,Q3889692,http://wikidata.org/entity/Q1622206
Q19768315,1,Louis Jensen,Danish cellist (1882-1955),Q5,http://wikidata.org/entity/Q19768315
Q16064186,1,Johannes Schiørring,Danish violinist,Q5,http://wikidata.org/entity/Q16064186
Q10594813,1,Nationaltidende,Danish newspaper,Q1110794,http://wikidata.org/entity/Q10594813
Q59055,1,Berlingske,Danish newspaper,Q2305295,http://wikidata.org/entity/Q59055
Q12307511,1,,,Q41298,http://wikidata.org/entity/Q12307511
Q11989206,1,Metropolitanskolen,"former school in Copenhagen, Denmark",Q96086516,http://wikidata.org/entity/Q11989206
Q86882,1,Friedrich Spitta,German Protestant theologian (1852-1924),Q5,http://wikidata.org/entity/Q86882
Q94852920,1,Ludwig Otto Adalbert Spitta,,Q5,http://wikidata.org/entity/Q94852920
Q1292779,1,Wechold,former district in Germany,Q253019,http://wikidata.org/entity/Q1292779
Q456355,1,Philipp Spitta,German poet (1801–1859),Q5,http://wikidata.org/entity/Q456355
Q191229,1,Leibniz-Center for Literary and Cultural Research,research institute,Q31855,http://wikidata.org/entity/Q191229
Q644548,1,Péter Szondi,German literary scholar and philologist (1929–1971),Q5,http://wikidata.org/entity/Q644548
Q2916,2,Osnabrück,city in Germany,Q1549591,http://wikidata.org/entity/Q2916
Q280450,1,Scheibbs,"capital of Scheibbs District, Lower Austria, Austria",Q667509,http://wikidata.org/entity/Q280450
Q590383,1,Anton Huber,German university teacher (1888-1966),Q5,http://wikidata.org/entity/Q590383
Q2586708,1,Rüdinghausen,"quarter of Witten, North Rhine-Westfalia, Germany",Q253019,http://wikidata.org/entity/Q2586708
Q315156,1,Bad Neuenahr,human settlement,Q253019,http://wikidata.org/entity/Q315156
Q158158,3,TUD Dresden University of Technology,institute of higher education in the city of Dresden,Q62078547,http://wikidata.org/entity/Q158158
Q685557,4,Technical University of Dortmund,university in Dortmund,Q1371037,http://wikidata.org/entity/Q685557
Q61909,1,Weil am Rhein,municipality in Germany,Q42744322,http://wikidata.org/entity/Q61909
Q6413768,1,Kingswood College,school in South Africa,Q269770,http://wikidata.org/entity/Q6413768
Q236927,1,Archduchess Maria Anna of Austria,"Austrian archduchess, daughter of the Emperor of the Holy Empire Charles VI",Q5,http://wikidata.org/entity/Q236927
Q3847101,1,Archduchess Maria Amalia of Austria,(1724-1730),Q5,http://wikidata.org/entity/Q3847101
Q150665,1,"Charles VI, Holy Roman Emperor",18th century Habsburg Holy Roman Emperor,Q5,http://wikidata.org/entity/Q150665
Q57528,1,Elisabeth Christine of Brunswick-Wolfenbüttel,Holy Roman Empress consort (1691-1750),Q5,http://wikidata.org/entity/Q57528
Q632891,1,McMaster University,"public research university in Hamilton, Ontario, Canada",Q62078547,http://wikidata.org/entity/Q632891
Q564757,1,Sankt Goarshausen,town in Germany,Q41778911,http://wikidata.org/entity/Q564757
Q39785,1,Bad Soden am Taunus,"town in Main-Taunus-Kreis in Hesse, Germany",Q6882870,http://wikidata.org/entity/Q39785
Q55740503,1,Richard Schüller,Austrian economist,Q5,http://wikidata.org/entity/Q55740503
Q2540510,1,Gmina Stara Kiszewa,rural gmina of Poland,Q3504085,http://wikidata.org/entity/Q2540510
Q317215,1,Bundesdruckerei,German federally owned company for the production of official documents and devices,Q4830453,http://wikidata.org/entity/Q317215
Q564953,1,Heinrich Dorn,German composer and conductor (1804–1892),Q5,http://wikidata.org/entity/Q564953
Q20003633,1,Johann Gottfried Kuntsch,German organist and teacher (1775–1855),Q5,http://wikidata.org/entity/Q20003633
Q94898989,1,Karl Schumann,publisher (1801-1849),Q5,http://wikidata.org/entity/Q94898989
Q94898971,1,Julius Schumann,publisher (1805-1833),Q5,http://wikidata.org/entity/Q94898971
Q153759,1,Endenich,"quarter of Bonn, Germany",Q253019,http://wikidata.org/entity/Q153759
Q92090,1,August Schumann,German bookseller (1773-1826),Q5,http://wikidata.org/entity/Q92090
Q94777751,1,Christiane Schumann,(1767-1836),Q5,http://wikidata.org/entity/Q94777751
Q159569,3,Carl Reinecke,"German composer, conductor and pianist (1824–1910)",Q5,http://wikidata.org/entity/Q159569
Q565548,1,Albert Dietrich,German composer and conductor (1829–1908),Q5,http://wikidata.org/entity/Q565548
Q983632,1,Simone Peterzano,Milanese painter of the Cinquecento (c.1540-c.1596),Q5,http://wikidata.org/entity/Q983632
Q86697327,1,Felipe duram,father of the painter Caravaggio,Q5,http://wikidata.org/entity/Q86697327
Q86697616,1,Lucia Aratori,mother of the painter Caravaggio,Q5,http://wikidata.org/entity/Q86697616
Q37311684,4,book historian,,Q12737077,http://wikidata.org/entity/Q37311684
Q83485,1,Kaysersberg,"former commune in Haut-Rhin, France",Q484170,http://wikidata.org/entity/Q83485
Q874197,1,Lambaréné,town in Gabon,Q63208555,http://wikidata.org/entity/Q874197
Q55846604,1,Louis Théophile Schweitzer,1846 -,Q5,http://wikidata.org/entity/Q55846604
Q108838767,1,Adèle Schillinger,1 Oct 1842 Muhlbach - 3 Jul 1916 Gunsbach,Q5,http://wikidata.org/entity/Q108838767
Q973209,1,Wilhelm Heinrich von Thulemeier,German politician (1683-1740),Q5,http://wikidata.org/entity/Q973209
Q110152017,1,Ernestina Rosina von Schilden,Abt 1706/1707 - 17 Jan 1789 Berlin,Q5,http://wikidata.org/entity/Q110152017
Q2803035,1,Vossius Gymnasium,"Secondary school in Amsterdam, Netherlands",Q55043,http://wikidata.org/entity/Q2803035
Q702095,1,Eisenkappel-Vellach,"municipality in Völkermarkt District, Carinthia, Austria",Q562061,http://wikidata.org/entity/Q702095
Q34404,3,New Orleans,"largest city of the state of Louisiana, United States",Q1093829,http://wikidata.org/entity/Q34404
Q67405,1,Friedrich Georg Jünger,German writer (1898–1977),Q5,http://wikidata.org/entity/Q67405
Q94910199,1,Wolfgang Jünger,,Q5,http://wikidata.org/entity/Q94910199
Q94872863,1,Hans Otto Jünger,,Q5,http://wikidata.org/entity/Q94872863
Q94766244,1,Johanna Deventer-Jünger,,Q5,http://wikidata.org/entity/Q94766244
Q94743850,1,Lily Jünger,,Q5,http://wikidata.org/entity/Q94743850
Q3278478,1,municipality of Paris,"municipal government of Paris, France",Q86442081,http://wikidata.org/entity/Q3278478
Q45169,1,Carlo Tagliavini,Italian linguist (1903–1982),Q5,http://wikidata.org/entity/Q45169
Q19725531,1,Kei Koito,"Japanese musician, organist and musicologist",Q5,http://wikidata.org/entity/Q19725531
Q36188,2,University of Fribourg,"university in the city of Fribourg, Switzerland",Q875538,http://wikidata.org/entity/Q36188
Q1667022,1,Musée Cernuschi,"museum of Asian art in Paris, France",Q207694,http://wikidata.org/entity/Q1667022
Q860994,1,Guimet Museum,"museum in Paris, France",Q207694,http://wikidata.org/entity/Q860994
Q1587628,1,National Museum of Ceramics,museum in France,Q33506,http://wikidata.org/entity/Q1587628
Q28007795,1,Hella Brock,German music educator and musicologist,Q5,http://wikidata.org/entity/Q28007795
Q884127,1,Schweinitz,,Q253019,http://wikidata.org/entity/Q884127
Q664811,1,Dorum,"part of Wurster Nordseeküste, Lower Saxony, Germany",Q253019,http://wikidata.org/entity/Q664811
Q1493903,1,Garatshausen,human settlement in Germany,Q253019,http://wikidata.org/entity/Q1493903
Q678982,2,Leibniz University Hannover,"public university located in Hannover, Germany",Q875538,http://wikidata.org/entity/Q678982
Q455331,8,"Hanover University of Music, Drama and Media","artistic-scientific university in Hanover, Lower Saxony, Germany",Q2143781,http://wikidata.org/entity/Q455331
Q895401,2,Bowdoin College,"private liberal arts college in Brunswick, Maine",Q1377182,http://wikidata.org/entity/Q895401
Q190080,3,Carnegie Mellon University,"private research university in Pittsburgh, Pennsylvania, United States",Q902104,http://wikidata.org/entity/Q190080
Q516346,1,Royal Netherlands Meteorological Institute,research institute,Q31855,http://wikidata.org/entity/Q516346
Q5428892,1,"Faculty of Aerospace Engineering, Delft University of Technology","faculty of Delft University of Technology, the Netherlands",Q31855,http://wikidata.org/entity/Q5428892
Q3415830,1,Raamsdonk,"village in Geertruidenberg, the Netherlands",Q532,http://wikidata.org/entity/Q3415830
Q109877004,1,John Saumarez Smith,managing director of Heywood Hill bookshop in Mayfair,Q5,http://wikidata.org/entity/Q109877004
Q2131216,1,Redlynch,"village and civil parish in Wiltshire, England, UK",Q532,http://wikidata.org/entity/Q2131216
Q2223833,1,Boekmanstichting,"Boekman Foundation Institute for arts, culture and related policy (Dutch: Boekmanstichting) is a research institute for Dutch arts and culture policy and practice.",Q163740,http://wikidata.org/entity/Q2223833
Q212088,1,Cardross,"village in Argyll and Bute, Scotland",Q532,http://wikidata.org/entity/Q212088
Q136547325,1,Dalquhurn House,"country house in Renton, West Dunbartonshire, Scotland, UK",Q16884952,http://wikidata.org/entity/Q136547325
Q2009133,1,Oberbarmen,human settlement in Germany,Q13415859,http://wikidata.org/entity/Q2009133
Q56314891,1,historiographer,person who is officially responsible for writing the story of an entity,Q28640,http://wikidata.org/entity/Q56314891
Q28758428,1,Jean Du Bouchet,French historiographer and genealogist,Q5,http://wikidata.org/entity/Q28758428
Q115633831,1,Marie Nevelet,- Aft 1648,Q5,http://wikidata.org/entity/Q115633831
Q625157,1,Estremoz,municipality in Portugal,Q13217644,http://wikidata.org/entity/Q625157
Q26824,1,Alentejo region,NUTS II designated region of Portugal,Q3455656,http://wikidata.org/entity/Q26824
Q1308620,1,Studienrat,title/rank of teachers in German schools,Q480319,http://wikidata.org/entity/Q1308620
Q5632,1,Meschede,"town in the Hochsauerland district, in North Rhine-Westphalia, Germany",Q54935786,http://wikidata.org/entity/Q5632
Q525960,2,Blankenburg,"town in the district of Harz, Saxony-Anhalt, Germany",Q42744322,http://wikidata.org/entity/Q525960
Q133285515,1,,,Q5,http://wikidata.org/entity/Q133285515
Q133285514,1,,,Q5,http://wikidata.org/entity/Q133285514
Q255235,1,Rommerskirchen,municipality of Germany,Q116457956,http://wikidata.org/entity/Q255235
Q3141,6,Melbourne,"capital city of Victoria, Australia",Q515,http://wikidata.org/entity/Q3141
Q2872164,1,The Australian Ballet,classical ballet company in Australia,Q805233,http://wikidata.org/entity/Q2872164
Q4824066,1,Australian Dance Theatre.,"Contemporary dance company based in Adelaide, South Australia",Q2393314,http://wikidata.org/entity/Q4824066
Q7659894,1,Sydney Dance Company,Australian contemporary dance company,Q2393314,http://wikidata.org/entity/Q7659894
Q4823872,1,Australian Ballet School,training facility for The Australian Ballet,Q1561361,http://wikidata.org/entity/Q4823872
Q632468,1,Groß Schenkenberg,municipality of Germany,Q116457956,http://wikidata.org/entity/Q632468
Q18120029,2,bibliophile,person who collects or has a great love of books,Q12737077,http://wikidata.org/entity/Q18120029
Q131605,1,Merano,"municipality in South Tyrol, Italy",Q747074,http://wikidata.org/entity/Q131605
Q59591248,1,Aron Starobinski,Swiss physician and essayist,Q5,http://wikidata.org/entity/Q59591248
Q193727,4,Johns Hopkins University,"private university in Baltimore, Maryland, USA",Q902104,http://wikidata.org/entity/Q193727
Q672022,1,Collège Calvin,"school in Geneva, Switzerland",Q1244442,http://wikidata.org/entity/Q672022
Q995265,2,Bryn Mawr College,"liberal arts college in Pennsylvania, US",Q3918,http://wikidata.org/entity/Q995265
Q16271064,1,herpetologist,person studying reptiles or amphibians,Q28640,http://wikidata.org/entity/Q16271064
Q501758,3,University of Florida,"public research university in Gainesville, Florida, United States",Q62078547,http://wikidata.org/entity/Q501758
Q503419,1,University of Arizona,"public university in Tucson, Arizona, United States",Q875538,http://wikidata.org/entity/Q503419
Q5338120,1,PennWest Edinboro,"public university in Pennsylvania, U.S.",Q3918,http://wikidata.org/entity/Q5338120
Q504872,1,Scheinfeld,municipality of Germany,Q42744322,http://wikidata.org/entity/Q504872
Q10723793,1,Ystad church parish,,Q615980,http://wikidata.org/entity/Q10723793
Q10659399,1,Johannes parish,in the county of Stockholm,Q615980,http://wikidata.org/entity/Q10659399
Q88007074,1,Pauline Beylesss,,Q5,http://wikidata.org/entity/Q88007074
Q21198371,1,Chérubin Beyle,(1747-1819),Q5,http://wikidata.org/entity/Q21198371
Q21198372,1,Henriette Gagnon,(1757-1790),Q5,http://wikidata.org/entity/Q21198372
Q2292073,1,Melrose,"village in Curry County, New Mexico, United States",Q751708,http://wikidata.org/entity/Q2292073
Q1598967,1,Heinrich Stiehl,German choir director (1829–1886),Q5,http://wikidata.org/entity/Q1598967
Q50335240,1,Johann Jochim Diedrich Stiehl,German composer and organist,Q5,http://wikidata.org/entity/Q50335240
Q1617539,1,Hieronymus Florentinus Quehl,German composer,Q5,http://wikidata.org/entity/Q1617539
Q559966,2,Gräfenroda,"municipality in Thuringia, Germany",Q253019,http://wikidata.org/entity/Q559966
Q1051928,1,Kröller-Müller Museum,"art museum and sculpture garden in Otterlo, Netherlands",Q1759852,http://wikidata.org/entity/Q1051928
Q452388,1,Franz Strauss,German composer and virtuoso horn player. Father of Richard Strauss (1822–1905),Q5,http://wikidata.org/entity/Q452388
Q63485856,1,Josephine Strauss,"2nd wife of Franz Joseph Strauss, mother of composer Richard Strauss",Q5,http://wikidata.org/entity/Q63485856
Q2438674,1,Winchmore Hill,area in the London Borough of Enfield,Q2755753,http://wikidata.org/entity/Q2438674
Q195668,2,Queen Mary University of London,"public research university in London, United Kingdom; constituent college of the federal University of London",Q62078547,http://wikidata.org/entity/Q195668
Q5339031,1,Edmonton County School,"school in Enfield, UK",Q159334,http://wikidata.org/entity/Q5339031
Q2846686,1,Hubert Joseph Jean Lambert de Stuers,Dutch military officer (1788-1861),Q5,http://wikidata.org/entity/Q2846686
Q76248099,1,Hortense Josephine Constance Beyens,(1814-1869),Q5,http://wikidata.org/entity/Q76248099
Q2783669,1,De Stuers,family,Q13417114,http://wikidata.org/entity/Q2783669
Q175500,1,Banz Abbey,"cultural heritage monument in Bavaria, Germany",Q160742,http://wikidata.org/entity/Q175500
Q94818648,1,Valentin Rathgeber,,Q5,http://wikidata.org/entity/Q94818648
Q6954,2,Melle,"city in the district of Osnabrück, Lower Saxony, Germany",Q2267870,http://wikidata.org/entity/Q6954
Q2530113,1,Lorenzo Baldissera Tiepolo,Italian painter (1736–1776),Q5,http://wikidata.org/entity/Q2530113
Q10006,1,Hengelo,"city and municipality in Overijssel, the Netherlands",Q2039348,http://wikidata.org/entity/Q10006
Q200763,1,Kirchheimbolanden,"town in Rhineland-Palatinate, Germany",Q42744322,http://wikidata.org/entity/Q200763
Q1864603,1,Tibetologist,person who studies the Tibetan language and culture,Q28640,http://wikidata.org/entity/Q1864603
Q696276,1,Irdning,former municipality in Austria,Q562061,http://wikidata.org/entity/Q696276
Q6149,1,Soest,"town in North Rhine-Westphalia, Germany",Q134626,http://wikidata.org/entity/Q6149
Q119396109,1,Victor Swillens,"Dutch bassoonist and double-bassist, 1896-1940",Q5,http://wikidata.org/entity/Q119396109
Q1099275,1,Anna Jagiellon,"Polish princess, daughter Sigismund I the Old, died young",Q5,http://wikidata.org/entity/Q1099275
Q11487409,1,Regina Szafraniec,,Q5,http://wikidata.org/entity/Q11487409
Q233277,1,Catherine Jagellon,Queen of Sweden (1526-1583),Q5,http://wikidata.org/entity/Q233277
Q233989,1,Anna Jagiellon,Queen regnant of Poland and Grand Duchess of Lithuania,Q5,http://wikidata.org/entity/Q233989
Q235591,1,Isabella Jagiellon,Queen Consort of Hungary,Q5,http://wikidata.org/entity/Q235591
Q455255,1,"Sophia Jagiellon, Duchess of Brunswick-Lüneburg",Princess and Duchess of Brunswick-Lüneburg (1522-1575),Q5,http://wikidata.org/entity/Q455255
Q1699533,1,"Katharina of Poland, Countess of Montfort",German countess,Q5,http://wikidata.org/entity/Q1699533
Q271509,1,"Hedwig Jagiellon, Electress of Brandenburg",Electress Of Brandenburg (1513-1573),Q5,http://wikidata.org/entity/Q271509
Q11488890,1,Wojciech Olbracht,"Polish prince, youngest son of Sigismund I the Old, died young",Q5,http://wikidata.org/entity/Q11488890
Q2559763,1,John Jagiellon,"Bishop of Poznań and illegitimate son of Sigismund I the Old, King of Poland",Q5,http://wikidata.org/entity/Q2559763
Q54056,1,Sigismund I the Old,King of Poland and Grand Duke of Lithuania,Q5,http://wikidata.org/entity/Q54056
Q229434,1,Bona Sforza,Queen of Poland and Grand Duchess of Lithuania,Q5,http://wikidata.org/entity/Q229434
Q194355,1,Jagiellonian dynasty,"Lithuanian dynasty that ruled in Poland, Lithuania, Bohemia, Hungary and Croatia",Q164950,http://wikidata.org/entity/Q194355
Q2171238,1,Rozbark,"district of Bytom, Poland",Q1434401,http://wikidata.org/entity/Q2171238
Q623765,1,Rugby,"market town in Warwickshire, England, UK",Q3957,http://wikidata.org/entity/Q623765
Q206988,1,Cheltenham,"town in Gloucestershire, England",Q3957,http://wikidata.org/entity/Q206988
Q75905373,1,Henry Charles Talbot Rice,(1862-1931),Q5,http://wikidata.org/entity/Q75905373
Q75905378,1,Cecil Mary Lloyd,(died 1940),Q5,http://wikidata.org/entity/Q75905378
Q203889,1,Luton,"large town in Bedfordshire, England",Q3957,http://wikidata.org/entity/Q203889
Q499510,4,University of Liverpool,"University in Liverpool, United Kingdom",Q875538,http://wikidata.org/entity/Q499510
Q631402,1,Norwich,"city in New London County, Connecticut, United States",Q1093829,http://wikidata.org/entity/Q631402
Q16077,1,Rheinfelden,"town in Lörrach, Baden-Württemberg, Germany",Q42744322,http://wikidata.org/entity/Q16077
Q14821,2,Coburg,"town in Bavaria, Germany",Q1375749,http://wikidata.org/entity/Q14821
Q954035,2,University of Bradford,"University in Bradford, United Kingdom",Q875538,http://wikidata.org/entity/Q954035
Q1017247,1,Podbořany,town in the Czech Republic,Q5153359,http://wikidata.org/entity/Q1017247
Q727516,1,University of KwaZulu-Natal,"university in KwaZulu-Natal, South Africa (2004-)",Q3918,http://wikidata.org/entity/Q727516
Q47486748,1,National Institute for Theoretical and Computational Science,research institute in South Africa,Q31855,http://wikidata.org/entity/Q47486748
Q1066492,1,Stellenbosch University,"public research university in Stellenbosch, Western Cape, South Africa",Q875538,http://wikidata.org/entity/Q1066492
Q2139903,1,Reideburg,human settlement in Germany,Q253019,http://wikidata.org/entity/Q2139903
Q986435,1,Nykøbing Falster,Danish city,Q515,http://wikidata.org/entity/Q986435
Q188471,1,Arcidosso,"comune in Tuscany, Italy",Q747074,http://wikidata.org/entity/Q188471
Q1020231,1,Newport Pagnell,"town in Buckinghamshire, England",Q3957,http://wikidata.org/entity/Q1020231
Q760967,1,Clare College,college of the University of Cambridge,Q1055028,http://wikidata.org/entity/Q760967
Q6410900,1,King's College School,"school in Wimbledon, Merton, London, UK",Q2418495,http://wikidata.org/entity/Q6410900
Q3960462,1,Willem Vogelsang,Dutch linguist,Q5,http://wikidata.org/entity/Q3960462
Q119211972,1,Willem van Thienen,"Dutch organist, 1859-1939",Q5,http://wikidata.org/entity/Q119211972
Q11491523,1,historian of ideas,historian specialized on the history of ideas,Q12737077,http://wikidata.org/entity/Q11491523
Q4034864,1,Barrie & Jenkins,British publishing house,Q2085381,http://wikidata.org/entity/Q4034864
Q898097,1,Faber & Faber,British publishing house,Q2085381,http://wikidata.org/entity/Q898097
Q5326706,1,Early Music,peer-reviewed academic journal specialising in the study of early music,Q737498,http://wikidata.org/entity/Q5326706
Q7024,2,Lugano,"city in the canton of Ticino, Switzerland",Q70208,http://wikidata.org/entity/Q7024
Q209804,1,Das Schwarze Korps,"the official newspaper of the Schutzstaffel, published on Wednesdays and distributed free of charge",Q1002697,http://wikidata.org/entity/Q209804
Q315473,1,National Zeitung,newspaper,Q11032,http://wikidata.org/entity/Q315473
Q21181,1,Fredericia,town in Denmark,Q515,http://wikidata.org/entity/Q21181
Q194961,1,Theodor van der Schuer,Dutch Golden Age painter (1634-1707),Q5,http://wikidata.org/entity/Q194961
Q19756117,1,Louis du Guernier,French artist (1614-1659),Q5,http://wikidata.org/entity/Q19756117
Q351328,1,Adam van Noort,Flemish painter (1562-1641),Q5,http://wikidata.org/entity/Q351328
Q30592340,1,Rubens family,Noble family,Q13417114,http://wikidata.org/entity/Q30592340
Q452580,1,Vincenzo Gonzaga,Duke of Mantua and Montferrat (1562-1612),Q5,http://wikidata.org/entity/Q452580
Q182021,1,Marie de' Medici,"Queen of France, second wife of King Henry IV of France (1575-1642)",Q5,http://wikidata.org/entity/Q182021
Q3899305,1,Scots International Church,Church of Scotland church in Rotterdam,Q16970,http://wikidata.org/entity/Q3899305
Q3400985,14,academic,person who works as a teacher or researcher at a university or other higher education institution,Q28640,http://wikidata.org/entity/Q3400985
Q223429,5,University of Birmingham,"university in Birmingham, England, United Kingdom",Q62078547,http://wikidata.org/entity/Q223429
Q877925,6,Queen's University Belfast,"public research university in Belfast, United Kingdom",Q62078547,http://wikidata.org/entity/Q877925
Q10295543,1,Hilary Arthur Reuel Tolkien,brother of J. R. R. Tolkien,Q5,http://wikidata.org/entity/Q10295543
Q37701,2,Bloemfontein,judicial capital of South Africa,Q515,http://wikidata.org/entity/Q37701
Q170478,1,Bournemouth,"town in the ceremonial county of Dorset, England",Q3957,http://wikidata.org/entity/Q170478
Q76335458,1,Arthur Reuel Tolkien,father of J. R. R. Tolkien,Q5,http://wikidata.org/entity/Q76335458
Q10322682,1,Mabel Suffield,Mother of J. R. R. Tolkien,Q5,http://wikidata.org/entity/Q10322682
Q82718,1,Tolkien family,family,Q8436,http://wikidata.org/entity/Q82718
Q368519,1,George MacDonald,Scottish writer and Christian minister (1824–1905),Q5,http://wikidata.org/entity/Q368519
Q2274359,1,Edward Wyke-Smith,English writer (1871–1935),Q5,http://wikidata.org/entity/Q2274359
Q33977,1,Jules Verne,French writer (1828–1905),Q5,http://wikidata.org/entity/Q33977
Q237196,1,H. Rider Haggard,English adventure novelist (1856–1925),Q5,http://wikidata.org/entity/Q237196
Q458658,1,"Edward Plunkett, 18th Baron of Dunsany",Irish writer and dramatist (1878-1957),Q5,http://wikidata.org/entity/Q458658
Q216406,1,Edward Burne-Jones,British Pre-Raphaelite painter (1833-1898),Q5,http://wikidata.org/entity/Q216406
Q182589,1,William Morris,"British textile artist, author, and socialist (1834–1896)",Q5,http://wikidata.org/entity/Q182589
Q183167,1,G. K. Chesterton,English author and Christian apologist (1874–1936),Q5,http://wikidata.org/entity/Q183167
Q153159,1,,"Finnish physician, philologist and collector of traditional Finnish oral poetry (1802-1884)",Q5,http://wikidata.org/entity/Q153159
Q48328,1,Beowulf,Old English heroic epic poem,Q37484,http://wikidata.org/entity/Q48328
Q648732,1,St Davids,"city in Pembrokeshire, Wales",Q515,http://wikidata.org/entity/Q648732
Q23135,1,Worcestershire,non-metropolitan county in the West Midlands of England,Q769603,http://wikidata.org/entity/Q23135
Q588635,1,Niederroßla,village in Germany,Q532,http://wikidata.org/entity/Q588635
Q193413,1,Rybinsk,Russian city,Q192287,http://wikidata.org/entity/Q193413
Q13625,1,Vibo Valentia,Italian comune,Q747074,http://wikidata.org/entity/Q13625
Q392897,1,Polytechnic University of Turin,"technical university in Turin, Italy",Q1371037,http://wikidata.org/entity/Q392897
Q703993,1,GSI Helmholtz Centre for Heavy Ion Research,research institute,Q31855,http://wikidata.org/entity/Q703993
Q1945883,1,Royal Netherlands Institute in Rome,Dutch academic institution in Rome,Q4671277,http://wikidata.org/entity/Q1945883
Q21680663,3,classical composer,person who composes classical music,Q66715801,http://wikidata.org/entity/Q21680663
Q2994559,1,Conservatoire de Bordeaux Jacques Thibaud,,Q184644,http://wikidata.org/entity/Q2994559
Q984173,1,Jacob van Swanenburgh,painter from the Northern Netherlands (1571-1638),Q5,http://wikidata.org/entity/Q984173
Q352864,1,Pieter Lastman,Dutch painter (1583–1633),Q5,http://wikidata.org/entity/Q352864
Q6278906,1,Joris van Schooten,Dutch Golden Age painter (1587-1651),Q5,http://wikidata.org/entity/Q6278906
Q3161764,1,Jan Pynas,painter from the Northern Netherlands,Q5,http://wikidata.org/entity/Q3161764
Q55912483,1,Harmen Gerritszoon van Rijn,Rembrandt's father,Q5,http://wikidata.org/entity/Q55912483
Q29885090,1,Neeltje Willemsdr. Zuytbrouck,Rembrandt's mother,Q5,http://wikidata.org/entity/Q29885090
Q19034,1,Arent de Gelder,Dutch painter (1645–1727),Q5,http://wikidata.org/entity/Q19034
Q60099,1,Willem Drost,Dutch painter (1633–1659),Q5,http://wikidata.org/entity/Q60099
Q65317,1,Godfrey Kneller,German-born British painter (1646–1723),Q5,http://wikidata.org/entity/Q65317
Q166379,1,Philips Koninck,painter from the Northern Netherlands (1619–1688),Q5,http://wikidata.org/entity/Q166379
Q200817,1,Titus van Rijn,child of Dutch painter Rembrandt,Q5,http://wikidata.org/entity/Q200817
Q213049,1,Abraham van Dijck,Dutch Golden Age painter (1635-1680),Q5,http://wikidata.org/entity/Q213049
Q259393,1,Bernhard Keil,painter from Denmark (1624-1687),Q5,http://wikidata.org/entity/Q259393
Q335927,1,Gerrit Dou,Dutch painter (1613-1675),Q5,http://wikidata.org/entity/Q335927
Q370576,1,Jürgen Ovens,Dutch painter (1623-1678),Q5,http://wikidata.org/entity/Q370576
Q3183,1,Perth,"capital city of Western Australia, Australia",Q515,http://wikidata.org/entity/Q3183
Q40478,1,London Borough of Hammersmith and Fulham,borough in the London Region in England,Q211690,http://wikidata.org/entity/Q40478
Q18504321,1,Castelrotto,settlement in the Italian municipality of San Pietro in Cariano,Q1134686,http://wikidata.org/entity/Q18504321
Q46941,1,Negrar di Valpolicella,Italian comune,Q747074,http://wikidata.org/entity/Q46941
Q3778007,1,Chingford,"area of the London Borough of Waltham Forest in London, England",Q3957,http://wikidata.org/entity/Q3778007
Q460110,1,Hugo Kaun,German composer and conductor (1863-1932),Q5,http://wikidata.org/entity/Q460110
Q15977,2,Meppen,town in northwest Germany,Q2267870,http://wikidata.org/entity/Q15977
Q1840,1,Veenendaal,town and municipality in the Netherlands,Q2039348,http://wikidata.org/entity/Q1840
Q2281003,1,Bennekom,"village in Ede, Netherlands",Q532,http://wikidata.org/entity/Q2281003
Q95304290,1,Walter Peter van Stigt,Dutch mathematician,Q5,http://wikidata.org/entity/Q95304290
Q500147,1,Korbach,"seat of Landkreis Waldeck-Frankenberg and town in Hesse, Germany",Q3957,http://wikidata.org/entity/Q500147
Q1987630,1,Niederbobritzsch,human settlement in Germany,Q253019,http://wikidata.org/entity/Q1987630
Q114415725,1,Scuola Normale Superiore. Classe di Lettere e Filosofia,academic department,Q2467461,http://wikidata.org/entity/Q114415725
Q288109,1,Fondo,former Italian comune,Q3685476,http://wikidata.org/entity/Q288109
Q3953350,1,Royal Elizabethan School,school in Rovereto,Q3914,http://wikidata.org/entity/Q3953350
Q155376,1,Lorenzo Monaco,Italian painter (c. 1370 – c. 1425),Q5,http://wikidata.org/entity/Q155376
Q2254774,1,Gherardo Starnina,Italian painter (1354-1413),Q5,http://wikidata.org/entity/Q2254774
Q2842361,1,Ambrogio di Baldese,Italian painter (1352-1429),Q5,http://wikidata.org/entity/Q2842361
Q4887231,1,Benedetto da Fiesole,Italian illuminator (1389-1448),Q5,http://wikidata.org/entity/Q4887231
Q82880,1,Vicchio,Italian comune,Q747074,http://wikidata.org/entity/Q82880
Q1284002,1,Zanobi Strozzi,Italian painter (1412–1468),Q5,http://wikidata.org/entity/Q1284002
Q623017,1,Universalmuseum Joanneum,Austrian museum,Q207694,http://wikidata.org/entity/Q623017
Q876452,1,Bundesdenkmalamt,Austrian Federal Monuments Office,Q1188075,http://wikidata.org/entity/Q876452
Q22669155,1,fresco painter,person who paints frescoes,Q28640,http://wikidata.org/entity/Q22669155
Q14623005,1,architectural draftsperson,drafter of technical drawings of buildings,Q28640,http://wikidata.org/entity/Q14623005
Q26208311,1,Domenico Tiepolo,father of Giovanni Battista Tiepolo,Q5,http://wikidata.org/entity/Q26208311
Q26208304,1,Orsetta Tiepolo,mother of Giovanni Battista Tiepolo,Q5,http://wikidata.org/entity/Q26208304
Q1384461,1,Gregorio Lazzarini,Italian painter (1657-1730),Q5,http://wikidata.org/entity/Q1384461
Q525647,1,Passo Fundo,"municipality of Rio Grande do Sul state, Brazil",Q3184121,http://wikidata.org/entity/Q525647
Q17504992,1,social historian,humanist who is engaged in social history,Q28640,http://wikidata.org/entity/Q17504992
Q1232180,1,University of Granada,Spanish university,Q875538,http://wikidata.org/entity/Q1232180
Q584919,2,University of Madrid,former name of the Complutense University of Madrid (1943-1970),Q3918,http://wikidata.org/entity/Q584919
Q1442385,1,Universidad Internacional Menéndez Pelayo,Spanish university,Q875538,http://wikidata.org/entity/Q1442385
Q184478,1,University of California,"university system in California, United States",Q1075106,http://wikidata.org/entity/Q184478
Q5970567,1,IES Beatriz Galindo,co-educational day school for pupils from 12 to 18 years of age,Q5341295,http://wikidata.org/entity/Q5970567
Q365989,1,Francisco Pacheco,Spanish painter and teacher (1564-1644),Q5,http://wikidata.org/entity/Q365989
Q21198367,1,Juan Rodríguez de Silva,father of Diego Velázquez,Q5,http://wikidata.org/entity/Q21198367
Q21198368,1,Jerónima Velázquez,Херонима Веласкес-Мать Диего Веласкеса вроде христовница или чото такое,Q5,http://wikidata.org/entity/Q21198368
Q11704556,1,Tomás de Aguiar,baroque Spanish painter,Q5,http://wikidata.org/entity/Q11704556
Q162615,1,Cartagena,"municipality in the Region of Murcia, Spain",Q2074737,http://wikidata.org/entity/Q162615
Q5838831,1,Escuela Oficial de Cine,,Q380093,http://wikidata.org/entity/Q5838831
Q3387717,5,theatrical director,person overseeing the mounting of a theatre production,Q28640,http://wikidata.org/entity/Q3387717
Q41621,3,Haifa,third-largest city in Israel,Q515,http://wikidata.org/entity/Q41621
Q957670,1,Irina Petrescu,Romanian actress (1941-2013),Q5,http://wikidata.org/entity/Q957670
Q195081,2,I. L. Caragiale National University of Theatre and Film,"theatre and film university in Bucharest, Romania",Q875538,http://wikidata.org/entity/Q195081
Q754898,1,Athanor Academy,Athanor Academy for Performing Arts Passau,Q162633,http://wikidata.org/entity/Q754898
Q118434145,1,"National Theatre Bucharest ""Ion Luca Caragiale""",theatre company,Q11812394,http://wikidata.org/entity/Q118434145
Q12741987,1,Comedy Theater,Theater in Bucharest,Q24354,http://wikidata.org/entity/Q12741987
Q118288113,1,Grillo-Theater,,Q742421,http://wikidata.org/entity/Q118288113
Q1541180,1,Grades,"locality in St. Veit an der Glan District, Austria",Q11183787,http://wikidata.org/entity/Q1541180
Q871601,1,Friesach,"municipality in St. Veit/Glan District, Carinthia, Austria",Q667509,http://wikidata.org/entity/Q871601
Q2559107,1,Jacob de Gheyn I,miniature painter (c.1532–1582),Q5,http://wikidata.org/entity/Q2559107
Q1478130,1,Jacob Vosmaer,Dutch Golden Age painter (1584-1641),Q5,http://wikidata.org/entity/Q1478130
Q159660,1,"Maria of Austria, Holy Roman Empress",Holy Roman empress (1528-1603),Q5,http://wikidata.org/entity/Q159660
Q70764308,1,Infante Fernando of Austria,16th-century Spanish infante who died in infancy,Q5,http://wikidata.org/entity/Q70764308
Q170264,1,"Joanna of Austria, Princess of Portugal","Spanish infanta, Austrian archduchess, Portuguese princess",Q5,http://wikidata.org/entity/Q170264
Q938778,1,Isabel of Castile,Infanta of Castile,Q5,http://wikidata.org/entity/Q938778
Q307815,1,Margaret of Parma,Habsburg noble (1522-1586),Q5,http://wikidata.org/entity/Q307815
Q6137930,1,Tadea of Austria,"illegitimate daughter of Charles V, Holy Roman Emperor, and Orsolina della Penna",Q5,http://wikidata.org/entity/Q6137930
Q157107,1,John of Austria,Spanish military leader (1547–1578),Q5,http://wikidata.org/entity/Q157107
Q11697419,1,Palacio de Pimentel,"cultural property in Valladolid, Spain",Q16560,http://wikidata.org/entity/Q11697419
Q91142,1,Castelnuovo Berardenga,Italian comune,Q747074,http://wikidata.org/entity/Q91142
Q69961,2,Muralto,"municipality in the canton of Ticino, Switzerland",Q70208,http://wikidata.org/entity/Q69961
Q1072363,1,chief officer,highest-ranked corporate officer of a given type,Q11488158,http://wikidata.org/entity/Q1072363
Q2218481,1,Oosterbeek,"village in Renkum, Netherlands",Q532,http://wikidata.org/entity/Q2218481
Q75489756,1,Johannes Willem Buurman,Peerage person ID=173169,Q5,http://wikidata.org/entity/Q75489756
Q1920373,1,Mendorf,church village in Upper Bavaria,Q253019,http://wikidata.org/entity/Q1920373
Q6491450,1,intendant,public official in non-English-speaking countries,Q4164871,http://wikidata.org/entity/Q6491450
Q559520,1,Langenau,"town in Baden-Württemberg, Germany",Q3957,http://wikidata.org/entity/Q559520
Q62868,1,Koszalin,city with powiat rights of Poland,Q925381,http://wikidata.org/entity/Q62868
Q5609925,1,Grobniki,"place in Opole, Poland",Q3558970,http://wikidata.org/entity/Q5609925
Q66955,1,Franz Xaver Haberl,German priest and musicologist (1840–1910),Q5,http://wikidata.org/entity/Q66955
Q502427,1,Flossenbürg,municipality of Germany,Q116457956,http://wikidata.org/entity/Q502427
Q679134,2,University of Paderborn,German university in North Rhine-Westphalia,Q875538,http://wikidata.org/entity/Q679134
Q290751,1,Jean Le Pautre,French artist and engraver (1618–1682),Q5,http://wikidata.org/entity/Q290751
Q75001467,1,court architect,architect working for a sovereign or noble court,Q28640,http://wikidata.org/entity/Q75001467
Q863935,1,Binnenhof,"complex of buildings in The Hague, the Netherlands",Q1497364,http://wikidata.org/entity/Q863935
Q692381,2,Het Loo Palace,"palace in Apeldoorn, Netherlands",Q16560,http://wikidata.org/entity/Q692381
Q1072284,1,Huis ten Bosch,palace in The Hague,Q16560,http://wikidata.org/entity/Q1072284
Q18576582,1,metallurgist,person skilled in metallurgy,Q28640,http://wikidata.org/entity/Q18576582
Q49108,4,Massachusetts Institute of Technology,"private university in Cambridge, Massachusetts, USA, founded 1861",Q3918,http://wikidata.org/entity/Q49108
Q92346,1,Hans Joachim Moser,German musicologist (1889–1967),Q5,http://wikidata.org/entity/Q92346
Q1079409,1,Alphonse-Louis du Plessis de Richelieu,"Catholic cardinal, archbishop and abbot",Q5,http://wikidata.org/entity/Q1079409
Q47090651,1,Isabelle-Françoise du Plessis de Richelieu,1582 - 5 Jun 1648,Q5,http://wikidata.org/entity/Q47090651
Q22248548,1,Henri du Plessis de Richelieu,,Q5,http://wikidata.org/entity/Q22248548
Q3086353,1,François du Plessis de Richelieu,French diplomat,Q5,http://wikidata.org/entity/Q3086353
Q96244452,1,Susanne de La Porte,(1551-1616),Q5,http://wikidata.org/entity/Q96244452
Q101082533,1,House of Richelieu,French noble family,Q13417114,http://wikidata.org/entity/Q101082533
Q3879,1,Neumünster,"city in Schleswig-Holstein, Germany",Q42744322,http://wikidata.org/entity/Q3879
Q675848,2,University of Zagreb,Croatian university,Q875538,http://wikidata.org/entity/Q675848
Q1012371,1,Lafayette,"city in Oregon, USA",Q63440326,http://wikidata.org/entity/Q1012371
Q46613,1,Northern Germany,geographic region,Q82794,http://wikidata.org/entity/Q46613
Q1692102,1,Johan Wikmanson,Swedish composer (1753-1800),Q5,http://wikidata.org/entity/Q1692102
Q1746377,2,Kleinbobritzsch,human settlement in Germany,Q253019,http://wikidata.org/entity/Q1746377
Q104720,1,Zielona Góra,City with powiat rights of Poland,Q925381,http://wikidata.org/entity/Q104720
Q158248,1,Anne of Denmark,"Queen consort of James VI of Scots, I of England (1574-1619)",Q5,http://wikidata.org/entity/Q158248
Q452932,1,Hedwig of Denmark,electress consort of Saxony (1581-1641),Q5,http://wikidata.org/entity/Q452932
Q274428,1,Augusta of Denmark,duchess consort of Schleswig-Holstein-Gottorp,Q5,http://wikidata.org/entity/Q274428
Q3429250,1,"John, Prince of Schleswig-Holstein",Danish prince (1583-1602),Q5,http://wikidata.org/entity/Q3429250
Q819778,1,Ulrik of Denmark,Danish prince-bishop,Q5,http://wikidata.org/entity/Q819778
Q2616482,1,"Elizabeth of Denmark, Duchess of Brunswick-Wolfenbüttel",Duchess consort of Brunswick-Wolfenbüttel (1573-1626),Q5,http://wikidata.org/entity/Q2616482
Q206101,1,Rosenborg Castle,palace in Copenhagen,Q16560,http://wikidata.org/entity/Q206101
Q154041,1,Frederick II of Denmark,King of Denmark and Norway (1534–1588),Q5,http://wikidata.org/entity/Q154041
Q57654,1,Sophie of Mecklenburg-Güstrow,Queen consort of Denmark and Norway,Q5,http://wikidata.org/entity/Q57654
Q17839,1,Nizza Monferrato,Italian comune,Q747074,http://wikidata.org/entity/Q17839
Q82174,2,Brașov,"city in Brașov County, Romania",Q640364,http://wikidata.org/entity/Q82174
Q2765,2,Gelsenkirchen,"town in North Rhine-Westphalia, Germany",Q1549591,http://wikidata.org/entity/Q2765
Q19817613,1,Attenham,human settlement in Germany,Q253019,http://wikidata.org/entity/Q19817613
Q516611,1,Mayen,municipality of Germany,Q42744322,http://wikidata.org/entity/Q516611
Q522025,1,Cadolzburg,market municipality of Germany,Q100341898,http://wikidata.org/entity/Q522025
Q2666909,1,Jacobus Harrewijn,engraver (1660–1727),Q5,http://wikidata.org/entity/Q2666909
Q106694029,1,Laurens Scherm,Dutch draftsman and engraver (1673–1702),Q5,http://wikidata.org/entity/Q106694029
Q7183060,1,Philibert Bouttats,"Flemish engraver (1735-1708). As there are 4 engravers named Philipbert Bouttats, the biographical information is difficult to allocate. (1635–1707)",Q5,http://wikidata.org/entity/Q7183060
Q4528202,1,Adriaan Schoonebeek,Dutch painter (1661–1705),Q5,http://wikidata.org/entity/Q4528202
Q16887133,1,dignitary,person granted an honorary title by a monarch or other political leader,Q12737077,http://wikidata.org/entity/Q16887133
Q688377,1,Drogenbos,"municipality in Flemish Brabant, Belgium",Q493522,http://wikidata.org/entity/Q688377
Q131631,1,Nymphenburg Palace,"Baroque palace in Munich, Bavaria, southern Germany",Q1686006,http://wikidata.org/entity/Q131631
Q256961,1,Electorate of Bavaria,state in the Holy Roman Empire,Q26830017,http://wikidata.org/entity/Q256961
Q65947,1,"John Christian, Count Palatine of Sulzbach",Count of the Palatinate-Sulzbach from 1732 to 1733,Q5,http://wikidata.org/entity/Q65947
Q3847326,1,Maria Henriette de La Tour d'Auvergne,French noblewoman,Q5,http://wikidata.org/entity/Q3847326
Q63649,1,Count Palatine Joseph Charles of Sulzbach,"Heir apparent of Neuburg, Sulzbach and the Palatinate",Q5,http://wikidata.org/entity/Q63649
Q272476,1,Countess Palatine Elisabeth Auguste of Sulzbach,German countess,Q5,http://wikidata.org/entity/Q272476
Q21197924,1,celticist,,Q66666607,http://wikidata.org/entity/Q21197924
Q3764,2,Witten,"town in the district of Ennepe-Ruhr-Kreis, in North Rhine-Westphalia, Germany",Q42744322,http://wikidata.org/entity/Q3764
Q132124681,1,Foundation for Cultural Inventory,,Q10549978,http://wikidata.org/entity/Q132124681
Q109997291,1,Cornelis Tulk,Dutch pottery painter,Q5,http://wikidata.org/entity/Q109997291
Q17488392,1,historian of cartography,humanist who is engaged in history of cartography,Q28640,http://wikidata.org/entity/Q17488392
Q2516852,2,literary editor,"editor in a press editorial department, publishing house or similar organization who deals with aspects concerning literature and books, especially reviews",Q28640,http://wikidata.org/entity/Q2516852
Q3898,1,Castrop-Rauxel,"town in Recklinghausen District, in North Rhine-Westphalia, Germany",Q1375749,http://wikidata.org/entity/Q3898
Q199094,1,Zierenberg,"town in Landkreis Kassel in Hesse, Germany",Q3957,http://wikidata.org/entity/Q199094
Q2288677,1,Arend Jan Dunning,Dutch physician and university professor (1930–2009),Q5,http://wikidata.org/entity/Q2288677
Q36036,3,Lviv,capital city of Lviv Oblast in western Ukraine,Q12131624,http://wikidata.org/entity/Q36036
Q1992023,2,Lviv Conservatory,"conservatory in Lviv, Ukraine",Q184644,http://wikidata.org/entity/Q1992023
Q11713131,4,Institute of Musicology at the University of Warsaw,unit of University of Warsaw,Q1664720,http://wikidata.org/entity/Q11713131
Q23064,2,Cheshire,"ceremonial county in England, United Kingdom",Q180673,http://wikidata.org/entity/Q23064
Q7592627,1,St Bede's College,"school in Manchester, UK",Q2418495,http://wikidata.org/entity/Q7592627
Q5711746,1,Augusto Salazar Bondy,Peruvian philosopher (1925–1974),Q5,http://wikidata.org/entity/Q5711746
Q2868,2,Lima,capital and largest city of Peru,Q515,http://wikidata.org/entity/Q2868
Q270145,1,National University of San Marcos,"public research university in Lima, Peru",Q62078547,http://wikidata.org/entity/Q270145
Q2881254,1,Colegio Alexander von Humboldt,German international school in Peru,Q1202076,http://wikidata.org/entity/Q2881254
Q5142899,1,Colegio San Agustín,"school in Lima, Peru",Q423208,http://wikidata.org/entity/Q5142899
Q275636,1,Simmern/Hunsrück,municipality of Germany,Q42744322,http://wikidata.org/entity/Q275636
Q15204138,1,Brahms-Institut,library in Germany,Q7315155,http://wikidata.org/entity/Q15204138
Q99940,2,Forlimpopoli,Italian comune,Q747074,http://wikidata.org/entity/Q99940
Q252580,1,Duchy of Modena and Reggio,former country,Q3024240,http://wikidata.org/entity/Q252580
Q165040,1,Duchy of Parma and Piacenza,former Italian state (1545–1802; 1814–1859),Q107230986,http://wikidata.org/entity/Q165040
Q538254,2,Rolande Falcinelli,French musician (1920–2006),Q5,http://wikidata.org/entity/Q538254
Q3438805,1,Roger Chapelet,French painter (1903-1995),Q5,http://wikidata.org/entity/Q3438805
Q18214734,1,Erik Feller,French composer and organist,Q5,http://wikidata.org/entity/Q18214734
Q6762770,1,Marie Borroff,American writer (1923-2019),Q5,http://wikidata.org/entity/Q6762770
Q6861650,1,Milwaukee-Downer College,former women's college in Milwaukee,Q3918,http://wikidata.org/entity/Q6861650
Q5763774,1,Hillsdale College,"liberal arts college in Hillsdale, Michigan, United States",Q1377182,http://wikidata.org/entity/Q5763774
Q1755318,1,University of Wisconsin–Milwaukee,university in Milwaukee,Q875538,http://wikidata.org/entity/Q1755318
Q1278221,1,Eastern Michigan University,"comprehensive, co-educational public university in Ypsilanti, Michigan, United States",Q875538,http://wikidata.org/entity/Q1278221
Q192334,3,University of North Carolina at Chapel Hill,"public research university in Chapel Hill, North Carolina, United States",Q62078547,http://wikidata.org/entity/Q192334
Q230492,14,University of Michigan,"public research university in Ann Arbor, Michigan",Q62078547,http://wikidata.org/entity/Q230492
Q203293,1,Langres,"commune in Haute-Marne, France",Q484170,http://wikidata.org/entity/Q203293
Q1210539,1,Didier Diderot,French craftsman,Q5,http://wikidata.org/entity/Q1210539
Q3370725,1,Paul Boësnier de l'Orme,French economist (-1793),Q5,http://wikidata.org/entity/Q3370725
Q1056780,1,Cesare Brandi,Italian art historian (1906-1988),Q5,http://wikidata.org/entity/Q1056780
Q1752540,1,University of Calabria,"collegiate research university in Rende, Italy",Q3918,http://wikidata.org/entity/Q1752540
Q3831894,1,Liceo Torquato Tasso,classical lyceum in Roma in the province of Roma (Italy) [school id: RMPC250005],Q5518,http://wikidata.org/entity/Q3831894
Q4068,1,Stolberg,"town in the district of Aachen, in North Rhine-Westphalia, Germany",Q54935786,http://wikidata.org/entity/Q4068
Q569827,1,Spandau,"locality of the borough Spandau of Berlin, Germany",Q35034452,http://wikidata.org/entity/Q569827
Q6051619,5,opinion journalist,journalist who makes no claim of objectivity,Q28640,http://wikidata.org/entity/Q6051619
Q74001,1,"Sophia von Kielmansegg, Countess of Darlington",German-born British courtier and half-sister of George I of Great Britain (1675-1725),Q5,http://wikidata.org/entity/Q74001
Q501621,1,Bad Iburg,town in Germany,Q42744322,http://wikidata.org/entity/Q501621
Q39981,1,Voghera,Italian comune,Q747074,http://wikidata.org/entity/Q39981
Q6278892,1,Joris Ponse,Dutch painter (1723-1783),Q5,http://wikidata.org/entity/Q6278892
Q597322,1,Jacob van Strij,18th century painter from the Northern Netherlands (1756-1815),Q5,http://wikidata.org/entity/Q597322
Q380537,1,Francesco Squarcione,Italian painter of the Renaissance from Padua (1397-1468),Q5,http://wikidata.org/entity/Q380537
Q18498195,1,Isola Mantegna,"village in Veneto, northern Italy",Q1134686,http://wikidata.org/entity/Q18498195
Q19569666,1,Gaspare da Padova,Italian active 1466-1517,Q5,http://wikidata.org/entity/Q19569666
Q106650591,1,Bernardino Mantegna,Italian painter (1494-1528),Q5,http://wikidata.org/entity/Q106650591
Q313310,1,Jacopo Bellini,Italian painter,Q5,http://wikidata.org/entity/Q313310
Q37562,1,Donatello,Early Renaissance Italian sculptor (1386–1466),Q5,http://wikidata.org/entity/Q37562
Q21534140,1,Hans Grimmer,"painter, active in 1560",Q5,http://wikidata.org/entity/Q21534140
Q4164507,6,art critic,person who specializes in evaluating art,Q28640,http://wikidata.org/entity/Q4164507
Q71707,1,Fukushima Prefecture,prefecture of Japan,Q50337,http://wikidata.org/entity/Q71707
Q845072,1,Musashino Academia Musicae,music university in Japan,Q184644,http://wikidata.org/entity/Q845072
Q5507734,1,Fukushima Prefectural Asaka High School,"public school in Koriyama, Fukushima, Japan",Q56351315,http://wikidata.org/entity/Q5507734
Q2510091,2,Sydney Conservatorium of Music,music faculty of the University of Sydney,Q184644,http://wikidata.org/entity/Q2510091
Q487556,6,University of Sydney,Australian university founded in 1850,Q62078547,http://wikidata.org/entity/Q487556
Q558494,1,Aßlar,"town in Lahn-Dill-Kreis in Hesse, Germany",Q42744322,http://wikidata.org/entity/Q558494
Q144488,4,University of Warsaw,largest university in Poland,Q3918,http://wikidata.org/entity/Q144488
Q11712953,1,"Institute of Literary Research, Polish Academy of Sciences",research institute of the Polish Academy of Sciences,Q7315155,http://wikidata.org/entity/Q11712953
Q16940780,2,Miguel Chikaoka,Brazilian photographer,Q5,http://wikidata.org/entity/Q16940780
Q12829733,2,Belém,"municipality of Pará state, Brazil",Q1549591,http://wikidata.org/entity/Q12829733
Q4558480,2,Universidade Federal do Pará,"public university in the state of Pará, Brazil",Q875538,http://wikidata.org/entity/Q4558480
Q916292,1,scribe,person who wrote or copied manuscripts,Q16335296,http://wikidata.org/entity/Q916292
Q4041,2,Lumière University Lyon 2,"French public university in Lyon, France created in 1969",Q2385804,http://wikidata.org/entity/Q4041
Q6386271,3,media scholar,occupation,Q28640,http://wikidata.org/entity/Q6386271
Q8963721,1,genealogist,person specializing in genealogy,Q28640,http://wikidata.org/entity/Q8963721
Q14803,1,Weiden in der Oberpfalz,"district-free city in Bavaria, Germany",Q253030,http://wikidata.org/entity/Q14803
Q628099,1,association football coach,person doing training of association footballers (profession/occupation); for team position (head coach or manager) use Q136659823,Q28640,http://wikidata.org/entity/Q628099
Q152027,1,,"commune in Loire-Atlantique, France",Q484170,http://wikidata.org/entity/Q152027
Q1064376,1,Trignac,"commune in Loire-Atlantique, France",Q484170,http://wikidata.org/entity/Q1064376
Q370224,1,Noisy-le-Sec,"commune in Seine-Saint-Denis, France",Q484170,http://wikidata.org/entity/Q370224
Q1000817,1,Leiderdorp,"town and municipality in South Holland, Netherlands",Q2039348,http://wikidata.org/entity/Q1000817
Q63004165,1,Willem Storm van Leeuwen,Dutch university teacher,Q5,http://wikidata.org/entity/Q63004165
Q269667,1,Rheinfelden,municipality in the canton Aargau in Switzerland,Q70208,http://wikidata.org/entity/Q269667
Q2256277,1,Swiss National Sound Archives,"sound archive in Lugano, Switzerland",Q27030766,http://wikidata.org/entity/Q2256277
Q189829,1,hermit,person who lives in seclusion from society,Q12737077,http://wikidata.org/entity/Q189829
Q1022487,1,Ein Karem,neighborhood in Jerusalem,Q123705,http://wikidata.org/entity/Q1022487
Q1549278,1,Machaerus,hilltop palace in Jordan,Q839954,http://wikidata.org/entity/Q1549278
Q139464,1,Zechariah,father of John the Baptist; New Testament biblical character,Q20643955,http://wikidata.org/entity/Q139464
Q51666,1,historical Jesus,Jesus as a historical person,Q5,http://wikidata.org/entity/Q51666
Q104028,1,Judea,region of ancient Israel,Q3024240,http://wikidata.org/entity/Q104028
Q166198,1,Grand Duchess Maria Pavlovna of Russia,Russian Grand Duchess,Q5,http://wikidata.org/entity/Q166198
Q233471,1,Grand Duchess Alexandra Pavlovna of Russia,Grand Duchess of Russia (1783-1801),Q5,http://wikidata.org/entity/Q233471
Q234257,1,Catherine Pavlovna of Russia,Queen of Wurttemburg,Q5,http://wikidata.org/entity/Q234257
Q234442,1,Grand Duchess Elena Pavlovna of Russia,Russian grand duchess (1784-1803),Q5,http://wikidata.org/entity/Q234442
Q3350444,1,Grand Duchess Olga Pavlovna of Russia,Grand Duchess of Russia,Q5,http://wikidata.org/entity/Q3350444
Q130734,1,Nicholas I of Russia,The 11th Emperor of Russia (1825–1855),Q5,http://wikidata.org/entity/Q130734
Q15193,1,Alexander I of Russia,The tenth Emperor of Russia (1777–1825),Q5,http://wikidata.org/entity/Q15193
Q161106,1,Grand Duke Konstantin Pavlovich of Russia,Russian grand duke (1779–1831),Q5,http://wikidata.org/entity/Q161106
Q371731,1,Grand Duke Michael Pavlovich of Russia,Russian Grand Duke (1798-1849),Q5,http://wikidata.org/entity/Q371731
Q870568,1,Holstein-Gottorp-Romanov,imperial house of Russia from 1762 to 1917,Q164950,http://wikidata.org/entity/Q870568
Q213708,1,Prince Frederik of the Netherlands,Dutch Royal (1797-1881),Q5,http://wikidata.org/entity/Q213708
Q2436648,1,Princess Pauline of Orange-Nassau,Dutch princess (1800–1806),Q5,http://wikidata.org/entity/Q2436648
Q253805,1,Princess Marianne of the Netherlands,Dutch royal; youngest child of King William I of the Netherlands and Princess Wilhelmine of Prussia (1810–1883),Q5,http://wikidata.org/entity/Q253805
Q236978,1,"Wilhelmine of Prussia, Queen of the Netherlands",queen consort of the Netherlands from 1815 to 1837 (1774–1837),Q5,http://wikidata.org/entity/Q236978
Q2327183,1,Museum of City History Leipzig,"museum in Leipzig, Germany",Q33506,http://wikidata.org/entity/Q2327183
Q1332706,1,Landesmuseum Württemberg,"museum in Stuttgart, Germany",Q33506,http://wikidata.org/entity/Q1332706
Q10531534,1,Händel-Gesellschaft,German society that produced 105-volume edition of Handel's work,Q24300735,http://wikidata.org/entity/Q10531534
Q2093794,3,Vassar College,"private, coeducational liberal arts college in the Town of Poughkeepsie, New York, in the United States",Q6540832,http://wikidata.org/entity/Q2093794
Q303843,1,"César, Duke of Vendôme",French nobleman,Q5,http://wikidata.org/entity/Q303843
Q984647,1,"Nicolas Henri, Duke of Orléans",French duke,Q5,http://wikidata.org/entity/Q984647
Q274732,1,Elisabeth of France,Queen consort of Spain (1602-1644),Q5,http://wikidata.org/entity/Q274732
Q1083398,1,Christine of France,Duchess of Savoy (1606-1663),Q5,http://wikidata.org/entity/Q1083398
Q3663505,1,Catherine Henriette de Bourbon,French noble,Q5,http://wikidata.org/entity/Q3663505
Q848615,1,Henrietta Maria of France,"queen consort of England, Scotland, and Ireland as the wife of King Charles I",Q5,http://wikidata.org/entity/Q848615
Q321434,1,"Henri de Bourbon, Duke of Verneuil",Bishop of Metz,Q5,http://wikidata.org/entity/Q321434
Q526731,1,Antoine de Bourbon,(1607-1632),Q5,http://wikidata.org/entity/Q526731
Q3175920,1,Jeanne-Baptiste de Bourbon,(died 1670),Q5,http://wikidata.org/entity/Q3175920
Q2364464,1,Alexandre de Vendôme,(1598-1629),Q5,http://wikidata.org/entity/Q2364464
Q3174197,2,Jean Rabel,"French painter, engraver, print publisher, and writer (c.1545-1603)",Q5,http://wikidata.org/entity/Q3174197
Q3093916,1,Gabriel Pérelle,French painter (1610-1677),Q5,http://wikidata.org/entity/Q3093916
Q8010423,1,William H. Goetzmann,American historian of philosophy (1930–2010),Q5,http://wikidata.org/entity/Q8010423
Q8047426,1,Yale School of Management,graduate business school of Yale University,Q1143635,http://wikidata.org/entity/Q8047426
Q1737,1,Bregenz,"urban municipality in the Bregenz District, Vorarlberg, Austria",Q667509,http://wikidata.org/entity/Q1737
Q715230,1,Prince Georg Wilhelm of Hesse-Darmstadt,Hessian-Darmsradter Royal (1722-1782),Q5,http://wikidata.org/entity/Q715230
Q213610,1,"Louis IX, Landgrave of Hesse-Darmstadt",Landgrave of Hesse-Darmstadt (1719–1790),Q5,http://wikidata.org/entity/Q213610
Q116887001,1,Luise Auguste of Hesse-Darmstadt,,Q5,http://wikidata.org/entity/Q116887001
Q213677,1,"Louis VIII, Landgrave of Hesse-Darmstadt",Landgrave of Hesse-Darmstadt,Q5,http://wikidata.org/entity/Q213677
Q64194,1,Countess Charlotte of Hanau-Lichtenberg,wife of Landgrave Louis VIII of Hesse-Darmstadt,Q5,http://wikidata.org/entity/Q64194
Q1714631,1,Jutta Müller-Tamm,German historian,Q5,http://wikidata.org/entity/Q1714631
Q22850,1,Eva Lohse,German politician,Q5,http://wikidata.org/entity/Q22850
Q74265307,1,Gernot Jacob-Friesen,German pre-historian,Q5,http://wikidata.org/entity/Q74265307
Q158252,1,"Elizabeth Stuart, Queen of Bohemia",Electress consort of the Palatine and Queen of Bohemia (1596-1662),Q5,http://wikidata.org/entity/Q158252
Q4269678,1,Margaret Stuart,Scottish princess; second daughter of King James VI of Scotland and Anne of Denmark,Q5,http://wikidata.org/entity/Q4269678
Q4269872,1,"Robert Stuart, Duke of Kintyre and Lorne",fifth child of James VI of Scotland and Anne of Denmark,Q5,http://wikidata.org/entity/Q4269872
Q756268,1,Stirling Castle,"castle in Stirling, Scotland, UK",Q23413,http://wikidata.org/entity/Q756268
Q317070,1,University of Mannheim,university in Germany,Q875538,http://wikidata.org/entity/Q317070
Q422208,1,Wageningen University & Research,university in the Netherlands,Q875538,http://wikidata.org/entity/Q422208
Q515036,1,Ottersberg,municipality of Germany,Q11732217,http://wikidata.org/entity/Q515036
Q16486978,1,Jan Bokszczanin,Polish organist,Q5,http://wikidata.org/entity/Q16486978
Q1179599,1,DePauw University,"private liberal arts college in Greencastle, Indiana, United States",Q1377182,http://wikidata.org/entity/Q1179599
Q14705764,1,Morris Museum,"Morristown, New Jersey established in 1943",Q33506,http://wikidata.org/entity/Q14705764
Q6974530,1,National Music Museum,"musical instrument museum at the University of South Dakota, United States",Q17455058,http://wikidata.org/entity/Q6974530
Q55316394,1,Thomas J. Watson Foundation,charitable trust honoring Thomas J. Watson,Q5074440,http://wikidata.org/entity/Q55316394
Q14947,1,Backnang,"town in Baden-Württemberg, Germany",Q42744322,http://wikidata.org/entity/Q14947
Q1506598,1,Georg von Hegnenberg-Dux,German officer,Q5,http://wikidata.org/entity/Q1506598
Q86349,1,Mechthild of Bavaria,German duchess (1532-1565),Q5,http://wikidata.org/entity/Q86349
Q60936,1,"Wilhelm IV, Duke of Bavaria",Duke of Bavaria,Q5,http://wikidata.org/entity/Q60936
Q68658,1,Marie of Baden-Sponheim,Margravine of Baden by birth and by marriage Duchess of Bavaria,Q5,http://wikidata.org/entity/Q68658
Q1402736,1,Privatdozent,"academic title at European universities, an independent instructor who does not hold a professorship",Q486983,http://wikidata.org/entity/Q1402736
Q186702,1,Chattanooga,"city in and county seat of Hamilton County, Tennessee, United States",Q1093829,http://wikidata.org/entity/Q186702
Q132132991,1,Jere Ellis Meacham,,Q5,http://wikidata.org/entity/Q132132991
Q188413,1,Newsweek,weekly magazine based in New York City,Q1684600,http://wikidata.org/entity/Q188413
Q29052,2,Vanderbilt University,"private university in Nashville, Tennessee, US",Q902104,http://wikidata.org/entity/Q29052
Q7458159,1,Sewanee: The University of the South,"liberal arts university in Sewanee, Tennessee",Q233324,http://wikidata.org/entity/Q7458159
Q7750751,1,The McCallie School,"school in Chattanooga, Tennessee, United States",Q428602,http://wikidata.org/entity/Q7750751
Q6963057,1,Nancy Walker Bush,Sister of George H W Bush,Q5,http://wikidata.org/entity/Q6963057
Q1703111,1,Jonathan Bush,American banker (1931–2021),Q5,http://wikidata.org/entity/Q1703111
Q8010613,1,William H. T. Bush,American banker (1938–2018),Q5,http://wikidata.org/entity/Q8010613
Q21552502,1,"Prescott S. Bush, Jr.",brother of George H.W. Bush,Q5,http://wikidata.org/entity/Q21552502
Q739428,2,Milton,"town in Norfolk County, Massachusetts, United States",Q2154459,http://wikidata.org/entity/Q739428
Q324742,1,Prescott Bush,American politician and US Senator from Connecticut (1895-1972),Q5,http://wikidata.org/entity/Q324742
Q4100648,1,Dorothy Walker Bush,American politician (1901–1992),Q5,http://wikidata.org/entity/Q4100648
Q4718801,1,Alexander Ellis III,businessperson,Q5,http://wikidata.org/entity/Q4718801
Q6253359,1,John Prescott Ellis,American journalist,Q5,http://wikidata.org/entity/Q6253359
Q6209691,1,Joe Ellis,American football administrator (born 1957),Q5,http://wikidata.org/entity/Q6209691
Q6274305,1,Jonathan S. Bush,American businessman,Q5,http://wikidata.org/entity/Q6274305
Q863042,1,Billy Bush,American radio and television host (born 1971),Q5,http://wikidata.org/entity/Q863042
Q2743830,1,Bush family,"American family prominent in the fields of politics, sports, entertainment, and business",Q952037,http://wikidata.org/entity/Q2743830
Q37230,1,Central Intelligence Agency,national foreign intelligence agency of the United States,Q125577386,http://wikidata.org/entity/Q37230
Q5604846,1,Greenwich Country Day School,"co-educational, independent day school in Greenwich, Connecticut, United States",Q3914,http://wikidata.org/entity/Q5604846
Q1432645,1,Phillips Academy,"preparatory school in Andover, Massachusetts, United States",Q9826,http://wikidata.org/entity/Q1432645
Q5429039,3,"Faculty of Music, Cambridge",faculty of music in England; part of University of Cambridge,Q5429037,http://wikidata.org/entity/Q5429039
Q7744481,1,"The King's School, Worcester","school in Worcestershire, UK",Q3914,http://wikidata.org/entity/Q7744481
Q2860067,1,Cothen,village of community Wijk bij Duurstede in Dutch province Utrecht,Q532,http://wikidata.org/entity/Q2860067
Q13415826,1,De Bilt,village in the Netherlands,Q532,http://wikidata.org/entity/Q13415826
Q437512,1,weaver,craftsperson or artist who creates fabrics or textile artworks using weaving techniques,Q28640,http://wikidata.org/entity/Q437512
Q1073654,1,Chinchero District,district of Peru,Q2179958,http://wikidata.org/entity/Q1073654
Q916367,1,National University of San Antonio Abad in Cusco,public university in Peru,Q875538,http://wikidata.org/entity/Q916367
Q13382749,1,polar explorer,explorer of arctic or antarctic regions,Q12737077,http://wikidata.org/entity/Q13382749
Q254651,1,navigator,"crew position responsible for navigation of an aircraft, spacecraft or vessel",Q28640,http://wikidata.org/entity/Q254651
Q12038843,1,seafarer,"explorer, sailor, or trader cruising the seas and oceans",Q28640,http://wikidata.org/entity/Q12038843
Q1897112,1,skipper,person responsible in a recreational or professional ship,Q28640,http://wikidata.org/entity/Q1897112
Q133854714,1,maritime cartographer,,Q28640,http://wikidata.org/entity/Q133854714
Q949390,1,Formerum,"village in Terschelling, Netherlands",Q1852859,http://wikidata.org/entity/Q949390
Q80413,1,Novaya Zemlya,Arctic archipelago in northern Russia,Q1402592,http://wikidata.org/entity/Q80413
Q1616123,1,Het Scheepvaartmuseum,"maritime museum in Amsterdam, Netherlands",Q1863818,http://wikidata.org/entity/Q1616123
Q603161,1,Hukvaldy,village in Frýdek-Místek District of Moravian Silesian region,Q5153359,http://wikidata.org/entity/Q603161
Q158257,1,Hlučín,town in Czechia,Q5153359,http://wikidata.org/entity/Q158257
Q282708,2,Jan van Scorel,painter from the Northern Netherlands (1495–1562),Q5,http://wikidata.org/entity/Q282708
Q30058212,1,Cornelis Willemsz,,Q5,http://wikidata.org/entity/Q30058212
Q21710992,1,Jan Lucasz.,painter,Q5,http://wikidata.org/entity/Q21710992
Q9926,1,Heemskerk,"town and municipality in North Holland, the Netherlands",Q2039348,http://wikidata.org/entity/Q9926
Q2868336,1,Cornelis van der Goude,Dutch painter (1510-1550),Q5,http://wikidata.org/entity/Q2868336
Q2626854,1,Kûbaard,"village in Súdwest-Fryslân, Netherlands",Q532,http://wikidata.org/entity/Q2626854
Q271130,1,Verdelot,"commune in Seine-et-Marne, France",Q484170,http://wikidata.org/entity/Q271130
Q2208974,1,Groede,"village in Sluis, Netherlands",Q486972,http://wikidata.org/entity/Q2208974
Q948866,1,Nieuwkoop,"municipality in South Holland, the Netherlands",Q2039348,http://wikidata.org/entity/Q948866
Q1087187,1,Buren,"town in Buren, Netherlands",Q13539802,http://wikidata.org/entity/Q1087187
Q42336,1,Viadana,Italian comune,Q747074,http://wikidata.org/entity/Q42336
Q111202,1,Gualtieri,Italian comune,Q747074,http://wikidata.org/entity/Q111202
Q25213,1,Trino,Italian comune,Q747074,http://wikidata.org/entity/Q25213
Q201982,2,Clichy,"commune in Hauts-de-Seine, France",Q484170,http://wikidata.org/entity/Q201982
Q901598,1,Mersuay,"commune in Haute-Saône, France",Q484170,http://wikidata.org/entity/Q901598
Q3164612,1,Jean-Charles Ablitzer,French organist,Q5,http://wikidata.org/entity/Q3164612
Q3406651,3,radio producer,person who supervises the production of a radio show,Q28640,http://wikidata.org/entity/Q3406651
Q2120364,2,Radio France,French public service radio broadcaster,Q43229,http://wikidata.org/entity/Q2120364
Q108603412,1,Jacques Hoefnagel,"Antwerp merchant active in London from ca. 1558, died 1579",Q5,http://wikidata.org/entity/Q108603412
Q112482724,1,Elisabeth Vezeler,1525 -,Q5,http://wikidata.org/entity/Q112482724
Q112763602,1,Abraham Liesaert,,Q5,http://wikidata.org/entity/Q112763602
Q183458,1,Andrea del Verrocchio,"15th century Italian sculptor, goldsmith and painter (c.1435-1488)",Q5,http://wikidata.org/entity/Q183458
Q321563,1,Paolo dal Pozzo Toscanelli,Florentine astronomer,Q5,http://wikidata.org/entity/Q321563
Q154184,1,Anchiano,"locality in Vinci, Tuscany, Italy",Q1134686,http://wikidata.org/entity/Q154184
Q1122731,1,Clos Lucé,castle,Q751876,http://wikidata.org/entity/Q1122731
Q205116,2,Amboise,"commune in Indre-et-Loire, France",Q484170,http://wikidata.org/entity/Q205116
Q148540,1,Republic of Florence,city-state on the Appenine Peninsula between 1115–1532/69,Q3624078,http://wikidata.org/entity/Q148540
Q371916,1,Ser Piero da Vinci,father of Leonardo da Vinci,Q5,http://wikidata.org/entity/Q371916
Q9185238,1,Caterina di Meo Lippi,mother of Leonardo da Vinci,Q5,http://wikidata.org/entity/Q9185238
Q207929,1,Pontormo,Florentine Mannerist painter,Q5,http://wikidata.org/entity/Q207929
Q469379,1,Francesco Melzi,Italian painter (1490-1570),Q5,http://wikidata.org/entity/Q469379
Q495110,1,Andrea Solari,Italian painter (1460-1524),Q5,http://wikidata.org/entity/Q495110
Q1056977,1,Cesare da Sesto,Italian painter (1477-1523),Q5,http://wikidata.org/entity/Q1056977
Q954126,1,Salaì,Italian artist (1480-1524),Q5,http://wikidata.org/entity/Q954126
Q187998,1,Cesare Borgia,Duke of Romagna and former Catholic cardinal,Q5,http://wikidata.org/entity/Q187998
Q2469233,1,Ippolita Maria Sforza,Italian noble,Q5,http://wikidata.org/entity/Q2469233
Q561411,1,Ascanio Sforza,"1455-1505, Italian Cardinal of the Catholic Church",Q5,http://wikidata.org/entity/Q561411
Q166886,1,duke,noble or royal title in some European countries and their colonies,Q355567,http://wikidata.org/entity/Q166886
Q40832,1,Vigevano,Italian comune,Q747074,http://wikidata.org/entity/Q40832
Q213349,1,Loches,"French commune in Indre-et-Loire, Centre-Val de Loire",Q484170,http://wikidata.org/entity/Q213349
Q310536,1,Francesco I Sforza,Italian condottiero and Sforza dynasty founder (1401–1466),Q5,http://wikidata.org/entity/Q310536
Q1232642,1,Bianca Maria Visconti,Duchess of Milan from 1450 to 1468,Q5,http://wikidata.org/entity/Q1232642
Q161136,1,Bianca Maria Sforza,"Holy Roman Empress, Presumptive crown princess of Hungary",Q5,http://wikidata.org/entity/Q161136
Q10276,1,San Mauro Torinese,Italian comune,Q747074,http://wikidata.org/entity/Q10276
Q3580037,1,Edouard Souberbielle,French musician and organist,Q5,http://wikidata.org/entity/Q3580037
Q384602,1,Ministry of Culture of France,French ministry,Q14037025,http://wikidata.org/entity/Q384602
Q222344,1,cinematographer,chief over the camera and lighting crews working on a film,Q4220920,http://wikidata.org/entity/Q222344
Q28729,1,Kozhikode,"city in Kerala, India",Q515,http://wikidata.org/entity/Q28729
Q1352,1,Chennai,"city and state capital of Tamil Nadu, India",Q51929311,http://wikidata.org/entity/Q1352
Q116266935,1,Isaac Laurensz. van der Vinne,brother of the painter Vincent; Haarlemer (1625-1665),Q5,http://wikidata.org/entity/Q116266935
Q76180841,1,Claude Francis Strickland,British colonial administrator (1881–1962),Q5,http://wikidata.org/entity/Q76180841
Q76180843,1,Dorothy Lisa Branson,(died 1972),Q5,http://wikidata.org/entity/Q76180843
Q61961547,1,Van Vladeracken,,Q15054477,http://wikidata.org/entity/Q61961547
Q3563550,1,"Faculty of Arts, Charles University in Prague",faculty of Charles University in Prague,Q180958,http://wikidata.org/entity/Q3563550
Q80826,1,Uhingen,town in Germany,Q42744322,http://wikidata.org/entity/Q80826
Q1233544,1,Stuttgart Media University,University in Stuttgart,Q1365560,http://wikidata.org/entity/Q1233544
Q1380220,1,Evangelische Hochschule für Kirchenmusik Tübingen,"Protestant church music university in Tübingen, Germany",Q184644,http://wikidata.org/entity/Q1380220
Q81132,1,Vollenhove,"town in Overijssel, the Netherlands",Q13539802,http://wikidata.org/entity/Q81132
Q33439227,1,Gorinchem,town in the Netherlands,Q677678,http://wikidata.org/entity/Q33439227
Q834196,1,Samarang,"district in Garut Regency, West Java Province, Indonesia",Q3700011,http://wikidata.org/entity/Q834196
Q2175803,1,Thijmen Jacobsz Hinlopen,Dutch businessman,Q5,http://wikidata.org/entity/Q2175803
Q6149116,1,Jan Jacobszoon Hinlopen,Dutch art collector and merchant,Q5,http://wikidata.org/entity/Q6149116
Q2015259,1,Jacob J. Hinlopen,Dutch art collector (1621-1679),Q5,http://wikidata.org/entity/Q2015259
Q1619415,1,Hinlopen family,patrician family of Amsterdam,Q8436,http://wikidata.org/entity/Q1619415
Q987487,1,Ostrov,town in the Czech Republic,Q5153359,http://wikidata.org/entity/Q987487
Q4304481,1,Isaac Mossel,cellist from the Netherlands (1870-1923),Q5,http://wikidata.org/entity/Q4304481
Q66817316,1,Karel de Jong,Pianist and music educator,Q5,http://wikidata.org/entity/Q66817316
Q17042,1,Oakland,"city and county seat of Alameda County, California, United States",Q1549591,http://wikidata.org/entity/Q17042
Q49111,6,Cambridge,"city in Middlesex County, Massachusetts, United States of America",Q1093829,http://wikidata.org/entity/Q49111
Q2142429,1,Johan Hendrik van Wassenaer Obdam,"Dutch noble, politician, and art collector, best known for Kneuterdijk Palace (1683-1745)",Q5,http://wikidata.org/entity/Q2142429
Q1007172,1,Delden,town in Overijssel,Q13539802,http://wikidata.org/entity/Q1007172
Q693172,1,Jacob van Wassenaer Obdam,Dutch general (1645-1714),Q5,http://wikidata.org/entity/Q693172
Q2593367,1,Adriana Sophia van Raesfelt,"- 30 Aug 1694 Kasteel Twickel, Delden",Q5,http://wikidata.org/entity/Q2593367
Q1921431,1,Merchant Taylors' School,"independent day school for boys, originally in London, now at Northwood, Hertfordshire, England, UK",Q2418495,http://wikidata.org/entity/Q1921431
Q34802799,1,Wozinkel,"locality near Grebbin, Mecklenburg",Q253019,http://wikidata.org/entity/Q34802799
Q1340262,6,Chopin University of Music,Polish university of music,Q28469887,http://wikidata.org/entity/Q1340262
Q697111,1,Forschungszentrum Jülich,interdisciplinary research centre in Germany,Q31855,http://wikidata.org/entity/Q697111
Q655358,1,Chernyshevskoye,"human settlement in Nesterovsky District, Kaliningrad Oblast, Russia",Q2514025,http://wikidata.org/entity/Q655358
Q1904383,1,Weert,"section of Bornem, Belgium",Q2785216,http://wikidata.org/entity/Q1904383
Q3455803,2,director,director of a creative work,Q28640,http://wikidata.org/entity/Q3455803
Q488683,1,Fayette County,"county in Pennsylvania, United States",Q13414763,http://wikidata.org/entity/Q488683
Q19329886,1,Paul Warhola,Andy Warhol's brother,Q5,http://wikidata.org/entity/Q19329886
Q15433367,1,John Warhola,Andy Warhol's brother and trustee of the Andy Warhol Foundation for the Visual Arts,Q5,http://wikidata.org/entity/Q15433367
Q5603,2,Andy Warhol,"American artist, film director, and producer (1928–1987)",Q5,http://wikidata.org/entity/Q5603
Q6081443,1,Isaacus Rothovius,Finnish bishop (1572-1652),Q5,http://wikidata.org/entity/Q6081443
Q5515663,1,Gabriel Gustafsson Oxenstierna,Swedish statesman (1587-1640),Q5,http://wikidata.org/entity/Q5515663
Q10572934,1,Löts parish,keeper in the parish of Trögdi in Sweden (–C.E.1862),Q1523821,http://wikidata.org/entity/Q10572934
Q10501003,1,Fånö,"building in Enköping Municipality, Sweden",Q41176,http://wikidata.org/entity/Q10501003
Q2253913,1,Gustaf Gabrielsson Oxenstierna,Swedish politician (1551-1597),Q5,http://wikidata.org/entity/Q2253913
Q18326069,1,Barbro Axelsdotter,Swedish noblewoman,Q5,http://wikidata.org/entity/Q18326069
Q573442,1,Oxenstierna,noble family,Q13417114,http://wikidata.org/entity/Q573442
Q64500,1,Remetschwil,municipality in the canton of Aargau in Switzerland,Q70208,http://wikidata.org/entity/Q64500
Q130497,1,François Thierry,French organbuilder,Q5,http://wikidata.org/entity/Q130497
Q554425,1,FH Münster,"University of Applied Sciences Münster, Germany",Q1365560,http://wikidata.org/entity/Q554425
Q922981,1,Mijnsheerenland,farm village in the Netherlands,Q532,http://wikidata.org/entity/Q922981
Q48087,1,Oderzo,Italian comune,Q747074,http://wikidata.org/entity/Q48087
Q554777,1,Hachelbich,human settlement in Germany,Q253019,http://wikidata.org/entity/Q554777
Q284604,1,Kłodzko,city and urban gmina of Poland,Q2616791,http://wikidata.org/entity/Q284604
Q18748122,1,Bach-Museum Leipzig,museum in Germany,Q33506,http://wikidata.org/entity/Q18748122
Q12887,3,Schaerbeek,"municipality in the Brussels-Capital Region, Belgium",Q493522,http://wikidata.org/entity/Q12887
Q14492,1,Balikpapan,"city in East Kalimantan Province, Indonesia",Q3199141,http://wikidata.org/entity/Q14492
Q126269,1,Wolverhampton,"city in the West Midlands, England, United Kingdom",Q515,http://wikidata.org/entity/Q126269
Q18197817,2,Jean-Auguste Stecher,Belgian literary historian,Q5,http://wikidata.org/entity/Q18197817
Q3097,2,Remscheid,"city in North Rhine-Westphalia, Germany",Q1549591,http://wikidata.org/entity/Q3097
Q317032,1,University of Düsseldorf,university in Germany,Q875538,http://wikidata.org/entity/Q317032
Q4072,1,Göppingen,"town in Göppingen District, Stuttgart, Baden-Württemberg, Germany",Q42744322,http://wikidata.org/entity/Q4072
Q11713220,1,"Institute of Art, Polish Academy of Sciences","scientific and research institute Warsaw, Poland",Q31855,http://wikidata.org/entity/Q11713220
Q2359976,1,Utrechts Stedelijk Gymnasium,,Q1244442,http://wikidata.org/entity/Q2359976
Q2541412,1,Waldemar Woehl,German writer and organist (1902–1976),Q5,http://wikidata.org/entity/Q2541412
Q2168240,1,Zaandijk,"village in Zaanstad, Netherlands",Q532,http://wikidata.org/entity/Q2168240
Q20733777,1,Hellmuth Wolff,(1876-1961),Q5,http://wikidata.org/entity/Q20733777
Q65182519,1,"Sevelen, Issum",,Q123705,http://wikidata.org/entity/Q65182519
Q187805,1,Spokane,"city in and county seat of Spokane County, Washington, United States",Q1093829,http://wikidata.org/entity/Q187805
Q3611056,1,Alfea,,Q3257686,http://wikidata.org/entity/Q3611056
Q661272,1,Fürstenfeld,"town in Hartberg-Fürstenfeld District, Styria, Austria",Q667509,http://wikidata.org/entity/Q661272
Q4707722,1,Alan Schechter,American political scientist,Q5,http://wikidata.org/entity/Q4707722
Q1896700,2,Marian Wright Edelman,American activist for children's rights (born 1939),Q5,http://wikidata.org/entity/Q1896700
Q5932520,1,Hugh Rodham,American lawyer,Q5,http://wikidata.org/entity/Q5932520
Q7823289,1,Anthony-Tony-Dean Rodham,an American consultant and a businessman (yrs. 1954.–2019.),Q5,http://wikidata.org/entity/Q7823289
Q27787813,1,Edgewater Hospital,"hospital in Chicago, United States",Q16917,http://wikidata.org/entity/Q27787813
Q16013081,1,Hugh E. Rodham,father of Hillary Rodham Clinton,Q5,http://wikidata.org/entity/Q16013081
Q5298463,1,Dorothy Howell Rodham,American homemaker (1919–2011),Q5,http://wikidata.org/entity/Q5298463
Q12073283,1,Yale – New Haven Hospital,"hospital in New Haven, Connecticut, United States",Q16917,http://wikidata.org/entity/Q12073283
Q8047418,1,Yale Review of Law and Social Action,academic journal,Q746654,http://wikidata.org/entity/Q8047418
Q5098068,1,Children's Defense Fund,non-profit organization in the USA,Q431603,http://wikidata.org/entity/Q5098068
Q1070333,1,University of Arkansas,"public research university in Fayetteville, Arkansas, USA",Q62078547,http://wikidata.org/entity/Q1070333
Q7367828,1,Rose Law Firm,American law firm,Q613142,http://wikidata.org/entity/Q7367828
Q12310971,1,bassoonist,musician who plays the bassoon,Q66715801,http://wikidata.org/entity/Q12310971
Q2132,1,Victoria,"capital city of the province of British Columbia, Canada",Q60458065,http://wikidata.org/entity/Q2132
Q754085,1,Winsted,"census-designated place in Winchester, Connecticut, United States",Q498162,http://wikidata.org/entity/Q754085
Q1428659,1,Piscataway,"township in Middlesex County, New Jersey, United States",Q7830213,http://wikidata.org/entity/Q1428659
Q1140542,2,Mount Holyoke College,liberal arts college in the United States,Q6540832,http://wikidata.org/entity/Q1140542
Q390551,1,United States National Institutes of Health,US government medical research agency,Q20857065,http://wikidata.org/entity/Q390551
Q164524,1,Louňovice pod Blaníkem,"market town in Central Bohemian Region, Czech Republic",Q5153359,http://wikidata.org/entity/Q164524
Q2379067,1,,human settlement in Germany,Q253019,http://wikidata.org/entity/Q2379067
Q1520230,1,Gevangenpoort,former gate and medieval prison on the Buitenhof in The Hague,Q82117,http://wikidata.org/entity/Q1520230
Q6763074,1,Marie Wieck,German musician,Q5,http://wikidata.org/entity/Q6763074
Q67025,1,Woldemar Bargiel,German composer (1828-1897),Q5,http://wikidata.org/entity/Q67025
Q19185644,1,Alwin Wieck,German violinist and music teacher (1821-1885),Q5,http://wikidata.org/entity/Q19185644
Q55847172,1,Gustav Wieck,German instrument maker (1823-1884),Q5,http://wikidata.org/entity/Q55847172
Q42529772,1,Mariane Bargiel,"German pianist, soprano and piano teacher (1797-1872)",Q5,http://wikidata.org/entity/Q42529772
Q19119765,1,Margarethe Stern,German pianist,Q5,http://wikidata.org/entity/Q19119765
Q18759122,1,Orpheline Olsen,Danish pianist,Q5,http://wikidata.org/entity/Q18759122
Q5434026,1,Fanny Davies,British pianist and music teacher (1861–1934),Q5,http://wikidata.org/entity/Q5434026
Q15452779,1,Adelina de Lara,British musician (1872–1961),Q5,http://wikidata.org/entity/Q15452779
Q119902,1,Ilona Eibenschütz,Hungarian pianist (1873-1967),Q5,http://wikidata.org/entity/Q119902
Q704340,1,Carl Friedberg,German pianist (1872–1955),Q5,http://wikidata.org/entity/Q704340
Q1356732,1,Ernesto Elorduy,Mexican composer and pianist (1853-1913),Q5,http://wikidata.org/entity/Q1356732
Q1908732,1,Mathilde Verne,English pianist (1865-1936),Q5,http://wikidata.org/entity/Q1908732
Q213246,1,Alphen aan den Rijn,municipality in the Netherlands,Q2039348,http://wikidata.org/entity/Q213246
Q535910,2,Albrecht Dürer the Elder,German artist (1427–1502),Q5,http://wikidata.org/entity/Q535910
Q262771,2,Michael Wolgemut,German painter and printmaker (1434–1519),Q5,http://wikidata.org/entity/Q262771
Q449920,1,Hans Dürer the Younger,German artist (1490-1534),Q5,http://wikidata.org/entity/Q449920
Q1340900,1,Endres Dürer,German goldsmith,Q5,http://wikidata.org/entity/Q1340900
Q21567927,1,Barbara Dürer,mother of Albrecht Dürer,Q5,http://wikidata.org/entity/Q21567927
Q164696,1,Hans Baldung Grien,German painter and printmaker (1484–1545),Q5,http://wikidata.org/entity/Q164696
Q441066,1,Julius Caesar Scaliger,"Italian scholar, physician and philosopher (1484-1558)",Q5,http://wikidata.org/entity/Q441066
Q1488410,1,Hieronymus Holper,German goldsmith,Q5,http://wikidata.org/entity/Q1488410
Q2711860,1,Hans Frey,German lute maker,Q5,http://wikidata.org/entity/Q2711860
Q927350,1,Jacopo de' Barbari,Italian painter and engraver (1460-1516),Q5,http://wikidata.org/entity/Q927350
Q1756231,1,Carmo de Minas,"town and municipality in the state of Minas Gerais, Brazil",Q3184121,http://wikidata.org/entity/Q1756231
Q273534,1,École du Louvre,institution of higher education and French Grande École in Paris,Q38723,http://wikidata.org/entity/Q273534
Q3152445,1,Institut national du patrimoine,French higher education institution,Q38723,http://wikidata.org/entity/Q3152445
Q203645,1,Chalon-sur-Saône,"commune in Saône-et-Loire, France",Q484170,http://wikidata.org/entity/Q203645
Q263877,1,Huskvarna,"place in Jönköping Municipality, Sweden",Q515,http://wikidata.org/entity/Q263877
Q957738,1,Horatio Parker,American composer and teacher (1863–1919),Q5,http://wikidata.org/entity/Q957738
Q49198,1,Danbury,"city in Fairfield County, Connecticut, United States",Q1093829,http://wikidata.org/entity/Q49198
Q63098567,1,George Ives,"1845-1894 , bandmaster and choral director",Q5,http://wikidata.org/entity/Q63098567
Q96812923,1,Mary Elizabeth Parmelee,"1849 - 25 Jan 1928 Danbury, Connecticut",Q5,http://wikidata.org/entity/Q96812923
Q679894,1,Aurignac,"commune in Haute-Garonne, France",Q484170,http://wikidata.org/entity/Q679894
Q372483,1,Jouy-en-Josas,"commune in Yvelines, France",Q484170,http://wikidata.org/entity/Q372483
Q6120636,1,Jacques Gregoir,Belgian musician,Q5,http://wikidata.org/entity/Q6120636
Q271783,2,Turnhout,"municipality in Antwerp, Belgium",Q493522,http://wikidata.org/entity/Q271783
Q206686,1,Hohenwestedt,municipality of Germany,Q116457956,http://wikidata.org/entity/Q206686
Q3024424,2,sound designer,"professional responsible for creating the auditory elements of a production, such as a film, television show, theater play, or video game",Q28640,http://wikidata.org/entity/Q3024424
Q19850998,1,sound artist,artist who uses sound as a medium,Q28640,http://wikidata.org/entity/Q19850998
Q211033,2,Herstal,"city in Wallonia, Belgium",Q493522,http://wikidata.org/entity/Q211033
Q5344690,1,Edward Onslow,British politician (1758-1829),Q5,http://wikidata.org/entity/Q5344690
Q76293535,1,Marie Rosalie de Bourdeille,died 1842,Q5,http://wikidata.org/entity/Q76293535
Q10760,1,Brandis,"town in the Leipzig district, in the Free State of Saxony, Germany",Q42744322,http://wikidata.org/entity/Q10760
Q447185,1,Jutta von Sponheim,German noble and nun,Q5,http://wikidata.org/entity/Q447185
Q551617,1,Bermersheim vor der Höhe,municipality of Germany,Q116457956,http://wikidata.org/entity/Q551617
Q557972,1,Kloster Rupertsberg,monastery,Q44613,http://wikidata.org/entity/Q557972
Q285879,1,Bingen am Rhein,"German town on the Rhine, home of the Mäuseturm",Q42744322,http://wikidata.org/entity/Q285879
Q565067,1,Disibodenberg,abbey,Q160742,http://wikidata.org/entity/Q565067
Q3057926,1,Trellech,"village in Trellech United, Monmouthshire, Wales",Q532,http://wikidata.org/entity/Q3057926
Q17740419,1,Plas Penrhyn,"house in Penrhyndeudraeth, Gwynedd, Wales",Q3947,http://wikidata.org/entity/Q17740419
Q1071035,1,Penrhyndeudraeth,"town in Gwynedd, Wales",Q2630741,http://wikidata.org/entity/Q1071035
Q81759238,2,music professor,university teacher teaching music,Q66666607,http://wikidata.org/entity/Q81759238
Q15568,1,University of Hong Kong,public research university in Hong Kong,Q62078547,http://wikidata.org/entity/Q15568
Q692100,1,Alois Riegl,Austrian art historian (1858-1905),Q5,http://wikidata.org/entity/Q692100
Q8684,2,Seoul,capital and largest city of South Korea,Q7574799,http://wikidata.org/entity/Q8684
Q884,1,South Korea,country in East Asia,Q3624078,http://wikidata.org/entity/Q884
Q896116,2,Karlsruhe University of Arts and Design,art school,Q383092,http://wikidata.org/entity/Q896116
Q39997,1,Korea University,"university in Seoul, South Korea",Q902104,http://wikidata.org/entity/Q39997
Q44107,1,Peter Handke,"Austrian writer, playwright and film director (born 1942)",Q5,http://wikidata.org/entity/Q44107
Q47739,1,Zhuang Zhou,Chinese Taoist philosopher (c. 369–286 BC),Q5,http://wikidata.org/entity/Q47739
Q79237,1,Eslöv,"urban area in Eslöv Municipality, Sweden",Q12813115,http://wikidata.org/entity/Q79237
Q2211,2,Malmö,"city in Skåne County, Sweden",Q12813115,http://wikidata.org/entity/Q2211
Q553959,1,Nikolai Zverev,Russian classical pianist (1833–1893),Q5,http://wikidata.org/entity/Q553959
Q947291,1,Vasily Safonov,"Russian pianist, teacher, conductor and composer (1852-1918)",Q5,http://wikidata.org/entity/Q947291
Q313970,1,Anton Arensky,"Russian composer, pianist and professor of music",Q5,http://wikidata.org/entity/Q313970
Q335006,1,Sergei Ivanovich Taneyev,"Russian composer, pianist, music theorist and teacher (1856–1915)",Q5,http://wikidata.org/entity/Q335006
Q133523215,1,Ksenia Nikolayevna Scriabin,,Q5,http://wikidata.org/entity/Q133523215
Q4422636,1,Nikolay Skryabin,Russian diplomat,Q5,http://wikidata.org/entity/Q4422636
Q83213929,1,Lyubov Petrovna Shchetinina,Russian pianist,Q5,http://wikidata.org/entity/Q83213929
Q2645362,1,Alfred La Liberté,Composer and pianist (1882-1952),Q5,http://wikidata.org/entity/Q2645362
Q111077443,1,,,Q5,http://wikidata.org/entity/Q111077443
Q110980604,1,,,Q5,http://wikidata.org/entity/Q110980604
Q574222,1,Anthony of Sourozh,Russian Orthodox bishop and theological author (1914-2003),Q5,http://wikidata.org/entity/Q574222
Q215539,11,Moscow Conservatory,higher musical education institution in Moscow,Q184644,http://wikidata.org/entity/Q215539
Q1905242,1,Martin Wegelius,Finnish composer (1846–1906),Q5,http://wikidata.org/entity/Q1905242
Q566825,1,Albert Becker,German composer and conductor (1834-1899),Q5,http://wikidata.org/entity/Q566825
Q202158,1,Hämeenlinna,city in the region of Tavastia Proper in Finland,Q3957,http://wikidata.org/entity/Q202158
Q208293,3,Järvenpää,city in the region of Uusimaa in Finland,Q515,http://wikidata.org/entity/Q208293
Q28695,4,University of Helsinki,"public university in Helsinki, Finland",Q875538,http://wikidata.org/entity/Q28695
Q14683607,1,Palos Verdes High School,"high school in Los Angeles County, California",Q9826,http://wikidata.org/entity/Q14683607
Q75246428,1,Henrik Koestler,Peerage person ID=7930,Q5,http://wikidata.org/entity/Q75246428
Q689400,2,TU Wien,"university of technology in Vienna, Austria",Q875538,http://wikidata.org/entity/Q689400
Q4482231,1,Glikeriya Fedotova,Russian actress (1846-1925),Q5,http://wikidata.org/entity/Q4482231
Q4229603,1,Fyodor Komissarzhevsky,Russian singer and music educator (1838–1905),Q5,http://wikidata.org/entity/Q4229603
Q4427286,1,Zinaida Sokolova,Russian and Soviet actress (1865–1950),Q5,http://wikidata.org/entity/Q4427286
Q39082449,1,Vladimir Alexeev,Russian writer,Q5,http://wikidata.org/entity/Q39082449
Q111578453,1,Sergey Alekseyev,merchant,Q5,http://wikidata.org/entity/Q111578453
Q126688987,1,Elizaveta Yakovleva,,Q5,http://wikidata.org/entity/Q126688987
Q255808,1,Maria Ouspenskaya,Russian actress (1876-1949),Q5,http://wikidata.org/entity/Q255808
Q373718,1,Olga Gzovskaïa,Russian and Soviet theater and film actress (1883-1962),Q5,http://wikidata.org/entity/Q373718
Q440723,1,Evgeny Vakhtangov,Russian actor and theatre director (1883-1922),Q5,http://wikidata.org/entity/Q440723
Q1347264,1,Ryszard Bolesławski,"Polish theatre and film director, actor (1889–1937)",Q5,http://wikidata.org/entity/Q1347264
Q1984085,1,Alisa Koonen,Russian actress (1889–1974),Q5,http://wikidata.org/entity/Q1984085
Q49492,1,Michael Chekhov,Russian actor and director (1891-1955),Q5,http://wikidata.org/entity/Q49492
Q466584,1,Olga Knipper,Russian actress (1868–1959),Q5,http://wikidata.org/entity/Q466584
Q165721,1,Vsevolod Meyerhold,Russian theatre director (1874–1940),Q5,http://wikidata.org/entity/Q165721
Q234795,1,Alla Nazimova,"Russian-American actress, screenwriter and producer (1879–1945)",Q5,http://wikidata.org/entity/Q234795
Q32788,1,Stella Adler,American actress and acting teacher (1901–1992),Q5,http://wikidata.org/entity/Q32788
Q2390830,1,Theodore Komisarjevsky,Russian theatre director (1882-1954),Q5,http://wikidata.org/entity/Q2390830
Q1855635,1,Vladimir Sokoloff,Russian actor (1889–1962),Q5,http://wikidata.org/entity/Q1855635
Q840812,1,Moscow Art Theatre,Russian theatre company,Q11812394,http://wikidata.org/entity/Q840812
Q36661,1,Henrik Ibsen,Norwegian playwright and theatre director (1828–1906),Q5,http://wikidata.org/entity/Q36661
Q11131,1,Hazebrouck,"commune in Nord department, Hauts-de-France, France",Q484170,http://wikidata.org/entity/Q11131
Q900761,1,Gosselies,"section of Charleroi, Wallonia, Belgium",Q2785216,http://wikidata.org/entity/Q900761
Q558922,1,Illinois State University,"public university in Normal, Illinois",Q3918,http://wikidata.org/entity/Q558922
Q23140,1,Warwickshire,"ceremonial and non-metropolitan county in England, UK",Q769603,http://wikidata.org/entity/Q23140
Q246884,1,Lewes,"town in East Sussex, England",Q1357964,http://wikidata.org/entity/Q246884
Q4758751,1,Andrew Toovey,British composer (b. 1962),Q5,http://wikidata.org/entity/Q4758751
Q1161297,3,University of Sussex,"university in Brighton and Hove, UK",Q62078547,http://wikidata.org/entity/Q1161297
Q49174,1,Bridgeport,"county seat city of Fairfield County, Connecticut, United States",Q1093829,http://wikidata.org/entity/Q49174
Q138604063,1,Lucien Rancière,,Q5,http://wikidata.org/entity/Q138604063
Q2946099,1,University of Vincennes,experimental university built in 1968 in the Bois de Vincennes (Paris) and demolished in 1980,Q3551775,http://wikidata.org/entity/Q2946099
Q1194988,9,Paris 8 University,"public university in Paris, France",Q3551775,http://wikidata.org/entity/Q1194988
Q681250,14,European Graduate School,Swiss private university,Q2385804,http://wikidata.org/entity/Q681250
Q622038,1,Joseph Jacotot,French teacher and educational philosopher (1770-1840),Q5,http://wikidata.org/entity/Q622038
Q7052,1,Landau in der Pfalz,"town in Rhineland-Palatinate, Germany",Q42744322,http://wikidata.org/entity/Q7052
Q4149,1,Neustadt an der Weinstraße,"independent city in Rhineland-Palatinate, Germany",Q42744322,http://wikidata.org/entity/Q4149
Q462746,3,Jörg Widmann,"German composer, conductor and clarinetist",Q5,http://wikidata.org/entity/Q462746
Q319333,1,University of Hildesheim,university in Germany,Q875538,http://wikidata.org/entity/Q319333
Q1423151,1,A. C. Ewing,British philosopher (1899-1973),Q5,http://wikidata.org/entity/Q1423151
Q2180099,1,Buslingthorpe,"hamlet and civil parish in Lincolnshire, England",Q5084,http://wikidata.org/entity/Q2180099
Q4577318,1,Brinkworth,"village and civil parish in Wiltshire, England",Q532,http://wikidata.org/entity/Q4577318
Q76039602,1,John Scruton,Peerage person ID=487189,Q5,http://wikidata.org/entity/Q76039602
Q18024939,1,Maria Calvelli-Adorno,,Q5,http://wikidata.org/entity/Q18024939
Q1082755,1,Christiane Luise Hegel,German governess,Q5,http://wikidata.org/entity/Q1082755
Q21198339,1,Georg Ludwig Hegel,Württemberg court official (1733-1799),Q5,http://wikidata.org/entity/Q21198339
Q102515921,1,Maria Magdalena Louisa Fromm,14 Nov 1741 Stuttgart - 20 Sep 1783 Stuttgart,Q5,http://wikidata.org/entity/Q102515921
Q76725,1,Max Stirner,German philosopher (1806-1856),Q5,http://wikidata.org/entity/Q76725
Q102515598,1,Georg Ludwig Christoph Hegel,29 Jul 1687 Winnenden - 21 Jan 1730 Ludwigsburg,Q5,http://wikidata.org/entity/Q102515598
Q20266330,1,Frederick William University Berlin,"former university in Berlin, Germany; predecessor of Humboldt University",Q3918,http://wikidata.org/entity/Q20266330
Q28002997,1,Philipp Gmür,Swiss lawyer,Q5,http://wikidata.org/entity/Q28002997
Q106937118,1,Kathi Loch,German director of museum and theatrologist,Q5,http://wikidata.org/entity/Q106937118
Q1622152,2,Bern Academy of the Arts,"public school in Bern, Biel/Bienne, Switzerland",Q2143781,http://wikidata.org/entity/Q1622152
Q65786348,1,Peter Mersch,"German mathematician, futurologist and author",Q5,http://wikidata.org/entity/Q65786348
Q153012,1,University of Potsdam,university in the German city of Potsdam,Q875538,http://wikidata.org/entity/Q153012
Q1075104,5,University of Essex,"university in Essex, United Kingdom",Q875538,http://wikidata.org/entity/Q1075104
Q1051840,2,Sarah Lawrence College,private liberal arts college in the United States,Q6540832,http://wikidata.org/entity/Q1051840
Q16563,1,Memphis,"city in and county seat of Shelby County, Tennessee, United States",Q1093829,http://wikidata.org/entity/Q16563
Q49167,3,Wesleyan University,"private liberal arts college in Middletown, Connecticut, United States",Q3918,http://wikidata.org/entity/Q49167
Q213439,5,University of Virginia,"public university in Charlottesville, Virginia",Q62078547,http://wikidata.org/entity/Q213439
Q6822542,1,Metairie Park Country Day School,"private, nondenominational, co-educational school in Metairie, Louisiana, United States",Q3914,http://wikidata.org/entity/Q6822542
Q2281920,1,Sidney Farber,American physician (1903-1973),Q5,http://wikidata.org/entity/Q2281920
Q59771145,1,Eugene M. Farber,,Q5,http://wikidata.org/entity/Q59771145
Q40435,3,Buffalo,"city and county seat of Erie County, New York, United States",Q15063611,http://wikidata.org/entity/Q40435
Q36091,1,Minneapolis,"city in and seat of Hennepin County, and largest city in State of Minnesota, United States",Q62049,http://wikidata.org/entity/Q36091
Q309331,2,Ohio State University,"public research university in Columbus, Ohio, United States",Q62078547,http://wikidata.org/entity/Q309331
Q148349,1,Lambeth,"district in Central London, England",Q2755753,http://wikidata.org/entity/Q148349
Q217755,1,Saint-Laurent-du-Var,"commune in Alpes-Maritimes, France",Q484170,http://wikidata.org/entity/Q217755
Q243873,1,Cadenet,"commune in Vaucluse, France",Q484170,http://wikidata.org/entity/Q243873
Q2891347,2,Batignolles-Monceau,"former commune in Seine, France",Q484170,http://wikidata.org/entity/Q2891347
Q197297,4,17th arrondissement of Paris,"one of the 20 administrative districts of Paris, France",Q702842,http://wikidata.org/entity/Q197297
Q54633,1,Palmi,Italian comune,Q747074,http://wikidata.org/entity/Q54633
Q271358,1,Varazze,Italian comune,Q747074,http://wikidata.org/entity/Q271358
Q43440,1,Giosuè Carducci,Italian poet and literary critic (1835-1907),Q5,http://wikidata.org/entity/Q43440
Q1619820,1,Beniamino Cesi,Italian musician (1845-1907),Q5,http://wikidata.org/entity/Q1619820
Q472,3,Sofia,capital city of Bulgaria,Q200250,http://wikidata.org/entity/Q472
Q2664073,1,Rafael Orozco,Spanish musician (1946-1996),Q5,http://wikidata.org/entity/Q2664073
Q108565655,1,John Falck,film exhibitor,Q5,http://wikidata.org/entity/Q108565655
Q123249,1,Edwin Fischer,Swiss conductor and classical pianist (1886-1960),Q5,http://wikidata.org/entity/Q123249
Q124477,1,Paul Baumgartner,Swiss musician (1903-1976),Q5,http://wikidata.org/entity/Q124477
Q1810197,1,Loučná nad Desnou,village in Šumperk District of Olomouc region,Q5153359,http://wikidata.org/entity/Q1810197
Q70691,1,Wiesenberg,,Q486972,http://wikidata.org/entity/Q70691
Q1238570,8,political scientist,expert in or student of political science,Q28640,http://wikidata.org/entity/Q1238570
Q8611,1,La Spezia,Italian comune,Q747074,http://wikidata.org/entity/Q8611
Q612665,2,Vrije Universiteit Brussel,"Dutch-speaking university in Brussels, Belgium (since 1970)",Q3918,http://wikidata.org/entity/Q612665
Q378134,7,UCLouvain,"french-speaking university in Louvain-la-Neuve, Belgium",Q557206,http://wikidata.org/entity/Q378134
Q189387,1,Ischia,volcanic island in the Tyrrhenian Sea,Q1161185,http://wikidata.org/entity/Q189387
Q65806,1,Ernst Laas,German philosopher (1837–1885),Q5,http://wikidata.org/entity/Q65806
Q76709,1,Hermann Cohen,German philosopher (1842–1918),Q5,http://wikidata.org/entity/Q76709
Q94920685,1,Gottfried Andreas Natorp,,Q5,http://wikidata.org/entity/Q94920685
Q544890,1,Plainfield,"city in Union County, New Jersey, United States of America",Q2974552,http://wikidata.org/entity/Q544890
Q1138384,1,University of Mississippi,public university in the United States,Q875538,http://wikidata.org/entity/Q1138384
Q861548,3,Florida State University,"public university in Tallahassee, Florida, United States",Q875538,http://wikidata.org/entity/Q861548
Q49207,1,University of New Hampshire,"public research university in New Hampshire, USA",Q62078547,http://wikidata.org/entity/Q49207
Q659841,1,Korneuburg,"capital of Korneuburg District, Lower Austria, Austria",Q667509,http://wikidata.org/entity/Q659841
Q472316,7,University of Nottingham,"public research university in Nottingham, England",Q875538,http://wikidata.org/entity/Q472316
Q1235146,1,documentary filmmaker,director or producer of documentary films,Q28640,http://wikidata.org/entity/Q1235146
Q2459497,1,director of radio drama,person who directs an audio production like a radio drama,Q28640,http://wikidata.org/entity/Q2459497
Q3282637,3,film producer,person supervising the making of a film,Q4220920,http://wikidata.org/entity/Q3282637
Q19908,3,France Culture,French public radio channel,Q14350,http://wikidata.org/entity/Q19908
Q2864718,1,Art Press,bilingial monthly art magazine in France,Q11032,http://wikidata.org/entity/Q2864718
Q3070099,1,Festival d'Automne à Paris,"annual festival of dance, theater, and music performance in Paris",Q220505,http://wikidata.org/entity/Q3070099
Q529879,1,Röcken,human settlement in Germany,Q253019,http://wikidata.org/entity/Q529879
Q9334029,1,satirist,author of satirical texts,Q12737077,http://wikidata.org/entity/Q9334029
Q14932,1,Langen,"town in Landkreis Offenbach in Hesse, Germany",Q42744322,http://wikidata.org/entity/Q14932
Q451053,1,Fallersleben,human settlement in Germany,Q253019,http://wikidata.org/entity/Q451053
Q56004,1,Princely Abbey of Corvey,"abbey in North Rhine-Westphalia, Germany",Q160742,http://wikidata.org/entity/Q56004
Q124220629,1,Heinrich Wilhelm Hoffmann,"merchant, innkeeper, senator and mayor of Fallersleben, Germany",Q5,http://wikidata.org/entity/Q124220629
Q124220664,1,Dorothea Hoffmann,,Q5,http://wikidata.org/entity/Q124220664
Q23661,1,Wellington,"capital city of New Zealand; urban area of the cities of Wellington, Lower Hutt, Upper Hutt, and Porirua",Q702492,http://wikidata.org/entity/Q23661
Q1898562,1,White River Junction,"unincorporated village and census-designated place in the town of Hartford, Windsor County, Vermont",Q498162,http://wikidata.org/entity/Q1898562
Q895457,1,Bowling Green State University,"public university in Bowling Green, Ohio, United States",Q875538,http://wikidata.org/entity/Q895457
Q1563,1,Havana,capital and largest city of Cuba,Q515,http://wikidata.org/entity/Q1563
Q671812,2,Chapel Hill,"town in Orange County, North Carolina, United States",Q15127012,http://wikidata.org/entity/Q671812
Q640652,1,University of Oklahoma,"public research university in Norman, Oklahoma, United States",Q62078547,http://wikidata.org/entity/Q640652
Q83726,2,Ealing,"area in the London Borough of Ealing, England, UK",Q2755753,http://wikidata.org/entity/Q83726
Q6254080,2,John Radcliffe Hospital,"hospital in Oxford, England",Q1059324,http://wikidata.org/entity/Q6254080
Q414041,1,"Academy of Fine Arts, Nuremberg","art school in Nuremberg, Germany",Q383092,http://wikidata.org/entity/Q414041
Q101045727,1,University College London Bartlett Faculty of the Built Environment,faculty,Q180958,http://wikidata.org/entity/Q101045727
Q672416,2,Scuola Normale Superiore,public higher learning institution in Italy,Q3953379,http://wikidata.org/entity/Q672416
Q766353,2,Hampton,suburban area in the London Borough of Richmond upon Thames in England,Q188509,http://wikidata.org/entity/Q766353
Q78721,1,Hans Swarowsky,Austrian conductor and music educator (1899-1975),Q5,http://wikidata.org/entity/Q78721
Q15872605,1,Antonia Kufferath,Belgian soprano,Q5,http://wikidata.org/entity/Q15872605
Q1633139,1,Hubert Ferdinand Kufferath,"German composer, conductor, musicologist and music educator (1818–1896)",Q5,http://wikidata.org/entity/Q1633139
Q137710989,1,,,Q5,http://wikidata.org/entity/Q137710989
Q211346,3,psychiatrist,physician who specializes in psychiatry,Q28640,http://wikidata.org/entity/Q211346
Q818297,1,Villeneuve-les-Sablons,"commune in Oise, France",Q484170,http://wikidata.org/entity/Q818297
Q1429296,1,Cour-Cheverny,"commune in Loir-et-Cher, France",Q484170,http://wikidata.org/entity/Q1429296
Q2979304,1,La Borde clinic,Psychiatric clinic in France,Q1774898,http://wikidata.org/entity/Q2979304
Q20203368,1,Elisabeth Vitu,,Q5,http://wikidata.org/entity/Q20203368
Q20203379,1,Suzanne Vitu,,Q5,http://wikidata.org/entity/Q20203379
Q2871456,1,Auguste Vitu,French writer,Q5,http://wikidata.org/entity/Q2871456
Q20203362,1,Madame Auguste Vitu,,Q5,http://wikidata.org/entity/Q20203362
Q207622,1,Argentan,"commune in Orne, France",Q484170,http://wikidata.org/entity/Q207622
Q1048755,1,Chambois,"former commune in Orne, France",Q484170,http://wikidata.org/entity/Q1048755
Q3083542,1,CNews,French television Channel,Q1616075,http://wikidata.org/entity/Q3083542
Q43216,1,Epicurus,ancient Greek philosopher,Q5,http://wikidata.org/entity/Q43216
Q72981,1,Wijchen,"municipality in Gelderland, the Netherlands",Q2039348,http://wikidata.org/entity/Q72981
Q871441,1,German School of Barcelona,"school in Esplugues de Llobregat, Spain",Q111594067,http://wikidata.org/entity/Q871441
Q518466,1,Brunswick,"town in Cumberland County, Maine, United States",Q2154459,http://wikidata.org/entity/Q518466
Q579321,2,Dalhousie University,"public research university in Nova Scotia, Canada",Q62078547,http://wikidata.org/entity/Q579321
Q326342,1,Concordia University,"university in Montreal, Quebec, Canada",Q3551519,http://wikidata.org/entity/Q326342
Q705624,1,Jurriaan Andriessen,Dutch composer (1925–1996),Q5,http://wikidata.org/entity/Q705624
Q2073534,1,Caecilia Andriessen,"Dutch composer, pianist and musicologist",Q5,http://wikidata.org/entity/Q2073534
Q15277924,1,Sir George Williams University,former public university,Q875538,http://wikidata.org/entity/Q15277924
Q1420239,1,Temple University,"public research university in Philadelphia, United States",Q3918,http://wikidata.org/entity/Q1420239
Q2839378,1,Aloÿs Fornerod,Swiss composer and conductor (1890-1965),Q5,http://wikidata.org/entity/Q2839378
Q1109084,3,Marc Bloch University,French university (1971-2008),Q3551775,http://wikidata.org/entity/Q1109084
Q110561544,1,Erik Petzäll,,Q5,http://wikidata.org/entity/Q110561544
Q57407324,1,Borås parish,församling i Sverige,Q615980,http://wikidata.org/entity/Q57407324
Q10658638,1,Råda församling,former parish in Skara bishopric,Q615980,http://wikidata.org/entity/Q10658638
Q31887008,1,Petzäll,,Q8436,http://wikidata.org/entity/Q31887008
Q659080,4,University of Bern,university in the Swiss capital of Bern,Q1767829,http://wikidata.org/entity/Q659080
Q798800,1,Bad Vöslau,"municipality in Baden District, Lower Austria, Austria",Q667509,http://wikidata.org/entity/Q798800
Q171219,2,Dornbirn,"urban municipality in Dornbirn District, Vorarlberg, Austria",Q667509,http://wikidata.org/entity/Q171219
Q670224,1,Karlheinz Essl,Austrian composer,Q5,http://wikidata.org/entity/Q670224
Q457169,1,Petr Kotik,Czech composer,Q5,http://wikidata.org/entity/Q457169
Q4887524,1,Benet Casablancas,"Spanish composer, musicologist and music pedagogue",Q5,http://wikidata.org/entity/Q4887524
Q1391919,1,Gerald Barry,Irish composer,Q5,http://wikidata.org/entity/Q1391919
Q49388,1,Georg Friedrich Haas,Austrian composer,Q5,http://wikidata.org/entity/Q49388
Q1465303,1,Webster University,"university in Webster Groves, St. Louis",Q902104,http://wikidata.org/entity/Q1465303
Q14707545,1,United Nations International School,International school in New York City,Q3914,http://wikidata.org/entity/Q14707545
Q1495820,1,Hartmut Böhme,German humanities scholar and germanist,Q5,http://wikidata.org/entity/Q1495820
Q16389557,5,philosopher of science,philosopher specializing in the philosophy of science,Q28640,http://wikidata.org/entity/Q16389557
Q343,1,La Flèche,"commune in Sarthe, France",Q484170,http://wikidata.org/entity/Q343
Q500692,1,University of Bremen,university in Germany,Q875538,http://wikidata.org/entity/Q500692
Q83362,1,Recanati,Italian comune,Q747074,http://wikidata.org/entity/Q83362
Q1742507,3,University of Macerata,university in Italy,Q875538,http://wikidata.org/entity/Q1742507
Q160262,1,Caprarola,Italian comune,Q747074,http://wikidata.org/entity/Q160262
Q53742,1,Donauwörth,"city in Bavaria, Germany",Q448801,http://wikidata.org/entity/Q53742
Q3555023,1,Vathy,"town in Ithaca island , Greece",Q486972,http://wikidata.org/entity/Q3555023
Q13529891,1,"John Butcher, 1st Baron Danesfort",British barrister and politician (1853-1935),Q5,http://wikidata.org/entity/Q13529891
Q7411025,1,Samuel Butcher,Bishop of Meath,Q5,http://wikidata.org/entity/Q7411025
Q75595541,1,Mary Leahy,(died 1886),Q5,http://wikidata.org/entity/Q75595541
Q1017260,1,La Tronche,"commune in Isère, France",Q484170,http://wikidata.org/entity/Q1017260
Q20644303,1,Gertrud Schönberg,daughter of Arnold Schönberg (1902-1947),Q5,http://wikidata.org/entity/Q20644303
Q20644306,1,Ronald Schoenberg,son of Arnold Schönberg,Q5,http://wikidata.org/entity/Q20644306
Q20644304,1,Georg Schönberg,son of Arnold Schönberg,Q5,http://wikidata.org/entity/Q20644304
Q20644307,1,Lawrence Schoenberg,son of Arnold Schoenberg,Q5,http://wikidata.org/entity/Q20644307
Q78524,1,Alexander von Zemlinsky,"Austrian Jewish composer, conductor, and teacher (1871-1942)",Q5,http://wikidata.org/entity/Q78524
Q55846473,1,Samuel Schönberg,,Q5,http://wikidata.org/entity/Q55846473
Q71198,2,Josef Rufer,Austrian musicologist (1893–1985),Q5,http://wikidata.org/entity/Q71198
Q514802,1,Prussian Academy of Arts,"state arts academy first established in Berlin, Brandenburg, in 1694/1696, dissolved 1945",Q383092,http://wikidata.org/entity/Q514802
Q45006,1,,"German painter, sculptor, printmaker, and architect (1863–1928)",Q5,http://wikidata.org/entity/Q45006
Q170071,1,Josef Albers,"German-American designer, painter, educator and typographer (1888–1976)",Q5,http://wikidata.org/entity/Q170071
Q588124,1,Anton Ažbe,Slovenian artist (1862-1905),Q5,http://wikidata.org/entity/Q588124
Q110607515,2,Luigi Iorini,Italian sculptor 1817-1911,Q5,http://wikidata.org/entity/Q110607515
Q23989364,1,Sten Djurberg,Swedish military officer and painter,Q5,http://wikidata.org/entity/Q23989364
Q112260799,1,,,Q5,http://wikidata.org/entity/Q112260799
Q124354,3,Bauhaus,school in Germany that combined crafts and the fine arts,Q32880,http://wikidata.org/entity/Q124354
Q3890936,1,"Moscow State University, Faculty of Law",,Q3488547,http://wikidata.org/entity/Q3890936
Q4331495,1,Grekov Odesa Art school,"Art school in Odesa, Ukraine",Q2385804,http://wikidata.org/entity/Q4331495
Q557000,1,Haystacks,series of paintings by Claude Monet,Q15727816,http://wikidata.org/entity/Q557000
Q23085,1,Lohengrin,opera by Richard Wagner,Q58483083,http://wikidata.org/entity/Q23085
Q189454,1,Helena Blavatsky,Russian occult writer (1831-1891),Q5,http://wikidata.org/entity/Q189454
Q200034,1,pointillism,"technique of painting with small, distinct dots",Q3326867,http://wikidata.org/entity/Q200034
Q166593,1,Fauvism,artistic style that emphasized painterly qualities and strong color over the representational or realistic values retained by Impressionism,Q968159,http://wikidata.org/entity/Q166593
Q4142290,1,Blue Rose,Russian artist association,Q4502119,http://wikidata.org/entity/Q4142290
Q537226,1,Edward Lloyd,Governor of Maryland (1779-1834),Q5,http://wikidata.org/entity/Q537226
Q104428176,1,Sally Scott Murray,First Lady of Maryland (1775–1854),Q5,http://wikidata.org/entity/Q104428176
Q34647,1,Johannesburg,largest city in South Africa,Q515,http://wikidata.org/entity/Q34647
Q94741887,1,Helen Arnheim-Badt,,Q5,http://wikidata.org/entity/Q94741887
Q13717,1,Libération,French daily newspaper,Q1110794,http://wikidata.org/entity/Q13717
Q27530148,2,Victorian College of the Arts,"arts campus of the University of Melbourne, Australia",Q383092,http://wikidata.org/entity/Q27530148
Q319078,8,University of Melbourne,"Australian public university located in Melbourne, Victoria, Australia",Q875538,http://wikidata.org/entity/Q319078
Q2447131,1,Jorge Luis Prats,Cuban pianist,Q5,http://wikidata.org/entity/Q2447131
Q21511915,1,Colette Merklen-Dutournier,French pianist,Q5,http://wikidata.org/entity/Q21511915
Q18377876,1,Anna Serret Almenara,pianist,Q5,http://wikidata.org/entity/Q18377876
Q4776946,1,Antonio Russolo,Italian composer,Q5,http://wikidata.org/entity/Q4776946
Q47143,1,Portogruaro,Italian comune,Q747074,http://wikidata.org/entity/Q47143
Q39550,1,Laveno-Mombello,Italian comune,Q747074,http://wikidata.org/entity/Q39550
Q18216771,7,video artist,person who creates video art,Q28640,http://wikidata.org/entity/Q18216771
Q18074503,5,installation artist,artist specialized in installation art,Q28640,http://wikidata.org/entity/Q18074503
Q14205608,1,Grave,"town in Land van Cuijk, the Netherlands",Q13539802,http://wikidata.org/entity/Q14205608
Q4052476,2,V2 Institute for the Unstable Media,"cultural institution in Rotterdam, the Netherlands",Q3152824,http://wikidata.org/entity/Q4052476
Q22942768,1,Royal Academy for Art and Design,former art academy in 's-Hertogenbosch,Q383092,http://wikidata.org/entity/Q22942768
Q180,2,Wikimedia Foundation,American charitable organization,Q163740,http://wikidata.org/entity/Q180
Q2920487,1,Netherlands Media Art Institute,former museum and institute in Amsterdam,Q33506,http://wikidata.org/entity/Q2920487
Q1164651,1,Netherlands Film Academy,Dutch film academy based in Amsterdam,Q38723,http://wikidata.org/entity/Q1164651
Q22977426,1,Academie voor Beeldende Kunsten Sint-Joost,"former art academy in Breda, Netherlands",Q383092,http://wikidata.org/entity/Q22977426
Q2422926,1,Utrecht School of the Arts,"Art school in Utrecht, Netherlands",Q383092,http://wikidata.org/entity/Q2422926
Q5546853,1,Royal Academy of Fine Arts of Gent,"art school in Ghent, Belgium",Q383092,http://wikidata.org/entity/Q5546853
Q1419997,1,event producer,"person specializing in planning and execution of parties, events, exhibitions, meetings, conventions, weddings and other things",Q828721,http://wikidata.org/entity/Q1419997
Q33420194,1,Aalsmeer,"town in North Holland, the Netherlands",Q532,http://wikidata.org/entity/Q33420194
Q641087,1,Amsterdam University of the Arts,higher education institution,Q38723,http://wikidata.org/entity/Q641087
Q569450,1,Josef Reicha,Czech composer and violoncellist,Q5,http://wikidata.org/entity/Q569450
Q354547,1,Adelebsen,small settlement in Germany,Q11732217,http://wikidata.org/entity/Q354547
Q499588,2,Poperinge,"municipality in West Flanders, Belgium",Q493522,http://wikidata.org/entity/Q499588
Q135916325,1,,,Q5,http://wikidata.org/entity/Q135916325
Q135988794,1,,French engineer,Q5,http://wikidata.org/entity/Q135988794
Q135984788,1,,French soldier (1897-1917),Q5,http://wikidata.org/entity/Q135984788
Q136225453,1,,,Q5,http://wikidata.org/entity/Q136225453
Q1411222,1,George Mason University,"public liberal arts and research university in Fairfax County, Virginia",Q3918,http://wikidata.org/entity/Q1411222
Q556098,1,Pace University,private university in the New York metropolitan area,Q3918,http://wikidata.org/entity/Q556098
Q76473,6,University of Southampton,"research university located in Southampton, United Kingdom",Q875538,http://wikidata.org/entity/Q76473
Q1760791,1,Middlesex University,"university in London, United Kingdom",Q3918,http://wikidata.org/entity/Q1760791
Q610999,1,Dragon School,"school in Oxford, Oxfordshire, UK",Q2418495,http://wikidata.org/entity/Q610999
Q21550346,1,aesthetician,philosopher,Q28640,http://wikidata.org/entity/Q21550346
Q935686,1,Larne,"town in County Antrim, Northern Ireland, UK",Q3957,http://wikidata.org/entity/Q935686
Q748092,1,Kirkkonummi,municipality in the region of Uusimaa in Finland,Q856076,http://wikidata.org/entity/Q748092
Q6430706,3,critic,professional who makes a living communicating their opinions and assessments of various forms of creative work,Q28640,http://wikidata.org/entity/Q6430706
Q1757,3,Helsinki,capital and most populous city of Finland,Q515,http://wikidata.org/entity/Q1757
Q105705582,1,Irma Sarje,Finnish cookbook writer,Q5,http://wikidata.org/entity/Q105705582
Q6588,1,Périgueux,"French commune in Dordogne, New Aquitaine",Q484170,http://wikidata.org/entity/Q6588
Q1110067,2,Collège international de philosophie,tertiary education institute,Q38723,http://wikidata.org/entity/Q1110067
Q55416,1,Chioggia,Italian comune,Q747074,http://wikidata.org/entity/Q55416
Q880447,2,Black Mountain College,college in the United States known for its liberal and arts education,Q383092,http://wikidata.org/entity/Q880447
Q1759246,2,theatrical producer,person or firm that oversees the staging of theatre productions,Q15839299,http://wikidata.org/entity/Q1759246
Q1939928,1,Mittagong,"town in New South Wales, Australia",Q3957,http://wikidata.org/entity/Q1939928
Q5112,1,Adelaide,capital city of South Australia,Q515,http://wikidata.org/entity/Q5112
Q781365,1,Australian Broadcasting Corporation,state-funded independent national public broadcaster of Australia,Q1254874,http://wikidata.org/entity/Q781365
Q2503809,4,Kingston University,UK university (1992-),Q3918,http://wikidata.org/entity/Q2503809
Q528231,5,"Goldsmiths, University of London","public research university in London, UK",Q62078547,http://wikidata.org/entity/Q528231
Q1045828,3,University of East Anglia,"university in Norwich, England, United Kingdom",Q62078547,http://wikidata.org/entity/Q1045828
Q72259,3,Portsmouth,"city in Hampshire, England, United Kingdom",Q515,http://wikidata.org/entity/Q72259
Q4112760,1,Vyshnivchyk,"village in Zolotnyky Hromada, Ternopil Raion, Ternopil Oblast, Ukraine",Q21672098,http://wikidata.org/entity/Q4112760
Q62692,1,Günter Wand,German orchestra conductor (1912-2002),Q5,http://wikidata.org/entity/Q62692
Q1731607,1,Karl Hermann Pillney,Austrian pianist (1896–1980),Q5,http://wikidata.org/entity/Q1731607
Q1911568,1,Maurits Frank,"Dutch musician, educationist and music educator (1892-1959)",Q5,http://wikidata.org/entity/Q1911568
Q86109,1,Otto Schreier,Austrian mathematician (1901–1929),Q5,http://wikidata.org/entity/Q86109
Q586762,1,Westport,"town in Fairfield County, Connecticut, United States",Q2154459,http://wikidata.org/entity/Q586762
Q162279,1,Kuopio,city in the region of Northern Savonia in Finland,Q515,http://wikidata.org/entity/Q162279
Q1210045,1,Dickinson College,college in Pennsylvania,Q189004,http://wikidata.org/entity/Q1210045
Q1357891,1,Middlebury College,"private college in Middlebury, Vermont, US",Q902104,http://wikidata.org/entity/Q1357891
Q693290,1,Luigi Pareyson,Italian philosopher (1918–1991),Q5,http://wikidata.org/entity/Q693290
Q4791085,1,Aristotelis Koundouroff,Greek musician,Q5,http://wikidata.org/entity/Q4791085
Q19766421,1,Cosmas Xenakis,Greek architect (1925-1984),Q5,http://wikidata.org/entity/Q19766421
Q188478,1,Brăila,"city in Brăila County, Muntenia, Romania",Q640364,http://wikidata.org/entity/Q188478
Q45909,1,John Cale,"Welsh composer, singer-songwriter and record producer (born 1942)",Q5,http://wikidata.org/entity/Q45909
Q56479089,3,Nil Parent,Canadian composer,Q5,http://wikidata.org/entity/Q56479089
Q18572711,1,Nikos Kypourgos,Greek composer,Q5,http://wikidata.org/entity/Q18572711
Q15487843,1,Haris Xanthoudakis,"Greek composer, musicologist, theorist and pedagogue",Q5,http://wikidata.org/entity/Q15487843
Q1640726,1,National Technical University of Athens,Greek university,Q3918,http://wikidata.org/entity/Q1640726
Q2339581,1,Sturgis,city in U.S. state of Michigan,Q1093829,http://wikidata.org/entity/Q2339581
Q219563,6,University of Washington,"public research university in Seattle, Washington, United States",Q62078547,http://wikidata.org/entity/Q219563
Q729554,1,Herbert Blumer,"American sociologist, player of American football (1900–1987)",Q5,http://wikidata.org/entity/Q729554
Q729038,1,Donald T. Campbell,American social scientist (1916–1996),Q5,http://wikidata.org/entity/Q729038
Q49109,2,Bard College,"private liberal arts college in Annandale-on-Hudson, New York",Q1377182,http://wikidata.org/entity/Q49109
Q213361,1,Pembrokeshire,"principal area in south-west Wales, United Kingdom",Q15979307,http://wikidata.org/entity/Q213361
Q8059739,1,Ysgol Gyfun Llangefni,"school in Isle of Anglesey, UK",Q682697,http://wikidata.org/entity/Q8059739
Q3492,1,Sumatra,"island in western Indonesia, westernmost of the Sunda Islands",Q23442,http://wikidata.org/entity/Q3492
Q1379757,1,Rye,"city in Westchester County, New York, United States",Q15063611,http://wikidata.org/entity/Q1379757
Q173813,2,Stanford,"census-designated place in Santa Clara County, California, United States",Q498162,http://wikidata.org/entity/Q173813
Q57719,1,Xuzhou,"prefecture-level city in Jiangsu, China",Q748149,http://wikidata.org/entity/Q57719
Q194366,1,Lommel,"city in Limburg, Belgium",Q493522,http://wikidata.org/entity/Q194366
Q1787936,10,Lithuanian Academy of Music and Theatre,"public university in Vilnius, Lithuania",Q3889692,http://wikidata.org/entity/Q1787936
Q522541,1,Bad Schwalbach,"seat of Rheingau-Taunus-Kreis and town in Hesse, Germany",Q134626,http://wikidata.org/entity/Q522541
Q175129,4,13th arrondissement of Paris,"one of the 20 administrative districts of Paris, France",Q702842,http://wikidata.org/entity/Q175129
Q494247,3,University of Rouen-Normandy,French university in Rouen. Founded in 1966,Q3551775,http://wikidata.org/entity/Q494247
Q1247117,1,St. Sergius Institute,"private school of higher education in Orthodox theology, in Paris, in France",Q3054803,http://wikidata.org/entity/Q1247117
Q258981,1,Lugoj,"city in Timiș County, Romania",Q640364,http://wikidata.org/entity/Q258981
Q1075683,1,Saint-Auban-sur-l'Ouvèze,"commune in Drôme, France",Q484170,http://wikidata.org/entity/Q1075683
Q48292,1,Arles,"commune in Bouches-du-Rhône, France",Q484170,http://wikidata.org/entity/Q48292
Q192589,1,Anderny,"commune in Meurthe-et-Moselle, France",Q484170,http://wikidata.org/entity/Q192589
Q26759595,1,communication scholar,occupation,Q28640,http://wikidata.org/entity/Q26759595
Q375606,7,"Birkbeck, University of London","public research university located in Bloomsbury, London, England",Q62078547,http://wikidata.org/entity/Q375606
Q10753,1,Narsdorf,district of Geithain; formerly independent municipality in Saxony,Q253019,http://wikidata.org/entity/Q10753
Q1758259,1,,,Q2120173,http://wikidata.org/entity/Q1758259
Q102398072,1,philosophy faculty of the German university of Prague,former faculty of philosophy,Q10922451,http://wikidata.org/entity/Q102398072
Q71180,2,Rochlitz,"town in Germany, Saxony",Q448801,http://wikidata.org/entity/Q71180
Q598974,2,Antonin Marmontel,"French composer, pianist and music educator (1850–1907)",Q5,http://wikidata.org/entity/Q598974
Q130788360,1,Claire Marquier,,Q5,http://wikidata.org/entity/Q130788360
Q272886,1,Claude Arrieu,French composer (1903–1990),Q5,http://wikidata.org/entity/Q272886
Q2356507,1,Gaby Casadesus,pianist (1901–1999),Q5,http://wikidata.org/entity/Q2356507
Q4293451,2,Nina Milkina,Russian pianist,Q5,http://wikidata.org/entity/Q4293451
Q455682,1,Jeanne-Marie Darré,French pianist (1905–1999),Q5,http://wikidata.org/entity/Q455682
Q2001488,8,Norwegian Academy of Music,"music conservatory in Oslo, Norway",Q2065736,http://wikidata.org/entity/Q2001488
Q486156,2,University of Oslo,Norwegian public research university,Q875538,http://wikidata.org/entity/Q486156
Q616591,1,Oberlin College,"private liberal arts college in Oberlin, Ohio, United States",Q189004,http://wikidata.org/entity/Q616591
Q11990264,1,Oslo Conservatory of Music,,Q184644,http://wikidata.org/entity/Q11990264
Q95213426,1,Monika Rihm,,Q5,http://wikidata.org/entity/Q95213426
Q448111,1,Rebecca Saunders,British ex-pat New Music composer based in Germany (born 1967),Q5,http://wikidata.org/entity/Q448111
Q724283,1,Essen,"municipality in Antwerp, Belgium",Q493522,http://wikidata.org/entity/Q724283
Q134944990,1,Keun-Tshen Goba,Venezuelan Buddhist teacher,Q5,http://wikidata.org/entity/Q134944990
Q548323,1,Chögyam Trungpa,Tibetan Buddhist lama and writer (1939-1987),Q5,http://wikidata.org/entity/Q548323
Q1364408,1,Ugyen Rinpoche,Nepalese Buddhist Lama (1920–1996),Q5,http://wikidata.org/entity/Q1364408
Q41997,1,Talcahuano,city in Chile,Q25412763,http://wikidata.org/entity/Q41997
Q376452,1,Humberto Maturana,Chilean biologist and philosopher (1928–2021),Q5,http://wikidata.org/entity/Q376452
Q3157543,1,Jacob Gordin,20th c. Russian Jewish philosopher and scholar,Q5,http://wikidata.org/entity/Q3157543
Q4115712,2,Kaunas,city and administrative center of Kaunas County in Lithuania,Q515,http://wikidata.org/entity/Q4115712
Q213510,1,Belgian Congo,former Belgian colony corresponding to the modern-day Democratic Republic of the Congo,Q133156,http://wikidata.org/entity/Q213510
Q574606,5,Université libre de Bruxelles,"French-speaking university in Brussels, Belgium (since 1970)",Q3918,http://wikidata.org/entity/Q574606
Q514652,1,Quebec Contemporary Music Society,"performing arts presenting organization in Montreal, Quebec, Canada",Q32178211,http://wikidata.org/entity/Q514652
Q68120,1,Frauenfeld,"town in, and capital of, the Swiss canton of Thurgau",Q70208,http://wikidata.org/entity/Q68120
Q397343,1,Solihull,town in the West Midlands of England,Q3957,http://wikidata.org/entity/Q397343
Q7558100,1,Solihull School,"school in Solihull, UK",Q3914,http://wikidata.org/entity/Q7558100
Q2560634,1,Houdeng-Aimeries,"section of La Louvière, Belgium",Q2785216,http://wikidata.org/entity/Q2560634
Q117037780,1,Elizabeth Culler,American psychologist,Q5,http://wikidata.org/entity/Q117037780
Q107609570,1,A. Dwight Culler,American scholar of Victorian literature,Q5,http://wikidata.org/entity/Q107609570
Q8055565,1,York St John University,"Public university in York, England, United Kingdom",Q3918,http://wikidata.org/entity/Q8055565
Q371740,2,Hans von Koessler,German composer (1853–1926),Q5,http://wikidata.org/entity/Q371740
Q171357,2,Kecskemét,city in the central part of Hungary,Q13218690,http://wikidata.org/entity/Q171357
Q289763,1,László Erkel,Hungarian pianist and conductor (1845-1896),Q5,http://wikidata.org/entity/Q289763
Q375024,1,István Thomán,"(1862–1940 classical pianist, piano teacher",Q5,http://wikidata.org/entity/Q375024
Q837161,1,Sânnicolau Mare,"town in Timiș County, Romania",Q16858213,http://wikidata.org/entity/Q837161
Q791022,1,Béla Bartók,school director (1855-1888),Q5,http://wikidata.org/entity/Q791022
Q29477445,1,Paula Voit,music teacher; mother of Béla Bartók,Q5,http://wikidata.org/entity/Q29477445
Q213661,1,Joseph Kosma,Hungarian-French composer (1905–1969),Q5,http://wikidata.org/entity/Q213661
Q364179,1,Fritz Reiner,Hungarian American orchestra conductor (1888–1963),Q5,http://wikidata.org/entity/Q364179
Q665460,1,Sándor Veress,Swiss composer of Hungarian origin (1907-1992),Q5,http://wikidata.org/entity/Q665460
Q1347757,3,György Sándor,Hungarian musician (1912–2005),Q5,http://wikidata.org/entity/Q1347757
Q38308640,1,Alice Carrard,Australian pianist and piano teacher,Q5,http://wikidata.org/entity/Q38308640
Q6001076,1,Ilona Vincze-Kraus,Hungarian pianist,Q5,http://wikidata.org/entity/Q6001076
Q122024211,1,Imre Balabán,"(1889-1947) insurance expert, classical pianist, folk song collector",Q5,http://wikidata.org/entity/Q122024211
Q1314631,1,Emma Kodály,"(1863–1958) composer, translator",Q5,http://wikidata.org/entity/Q1314631
Q72246131,1,Ervin Voit,Hungarian painter (1882-1932),Q5,http://wikidata.org/entity/Q72246131
Q135875346,1,Adèle Wittert van Hoogland,Baroness and wife of Oscar Desoer de Solières (1826-1907),Q5,http://wikidata.org/entity/Q135875346
Q55860592,1,Jean-Baptiste Sartre,(1874-1906),Q5,http://wikidata.org/entity/Q55860592
Q136004279,1,Anne-Marie Schweitzer,22 Jul 1882 St.Albain - 30 Jan 1969 Paris,Q5,http://wikidata.org/entity/Q136004279
Q3128334,1,Cours Hattemer,Paris Private school,Q2511322,http://wikidata.org/entity/Q3128334
Q24382,8,Bielefeld University,"university in Bielefeld, Germany",Q875538,http://wikidata.org/entity/Q24382
Q16745050,1,Seymour Solomon,American record label executive,Q5,http://wikidata.org/entity/Q16745050
Q102796669,1,Sabine Klimm,,Q5,http://wikidata.org/entity/Q102796669
Q7082,1,Stendal,"town in Saxony-Anhalt, Germany",Q707813,http://wikidata.org/entity/Q7082
Q1882131,1,Reichensachsen,human settlement in Germany,Q253019,http://wikidata.org/entity/Q1882131
Q3659952,1,Carlo Vidusso,Italian pianist (1911-1978),Q5,http://wikidata.org/entity/Q3659952
Q318633,1,Arturo Benedetti Michelangeli,Italian pianist,Q5,http://wikidata.org/entity/Q318633
Q2529326,1,Gino Pollini,Italian architect (1903-1991),Q5,http://wikidata.org/entity/Q2529326
Q18578770,1,Renata Melotti,"sister of Fausto Melotti, wife of Gino Pollini, mother of Maurizio Pollini",Q5,http://wikidata.org/entity/Q18578770
Q16860757,1,Erika Haase,German pianist (1935–2013),Q5,http://wikidata.org/entity/Q16860757
Q2451955,1,Yves Rechsteiner,"Swiss musician, organist, music theorist, harpsichordist and music educator",Q5,http://wikidata.org/entity/Q2451955
Q432871,2,Hélène Boschi,Swiss musician (1917–1990),Q5,http://wikidata.org/entity/Q432871
Q2994566,1,Regional Conservatory of Lyon,"music school in Lyon, France",Q17487523,http://wikidata.org/entity/Q2994566
Q82765,2,Olsztyn,"city in Warmian-Masurian Voivodeship, Poland",Q925381,http://wikidata.org/entity/Q82765
Q585268,1,Spéracèdes,"commune in Alpes-Maritimes, France",Q484170,http://wikidata.org/entity/Q585268
Q2412514,1,Mount Kisco,"village and town in Westchester County, New York, United States",Q15127012,http://wikidata.org/entity/Q2412514
Q151876,1,Bad Frankenhausen,spa town in the German state of Thuringia,Q42744322,http://wikidata.org/entity/Q151876
Q506039,1,Galmsbüll,municipality of Germany,Q116457956,http://wikidata.org/entity/Q506039
Q321197,1,Cieszyn,"border town in southern Poland and the administrative seat of Cieszyn County, Silesian Voivodeship",Q2616791,http://wikidata.org/entity/Q321197
Q3045956,1,Guilderland,"town in Albany County, New York, United States",Q15127012,http://wikidata.org/entity/Q3045956
Q7712997,1,The Albany Academy,"private, college-prep, day school in Albany, New York, USA",Q428602,http://wikidata.org/entity/Q7712997
Q1779650,1,design engineer,"professional who applies engineering principles to the design and development of products, systems, or structures",Q28640,http://wikidata.org/entity/Q1779650
Q273442,2,Aarschot,"city in Flemish Brabant, Belgium",Q493522,http://wikidata.org/entity/Q273442
Q615109,2,Duffel,"municipality in Antwerp, Belgium",Q493522,http://wikidata.org/entity/Q615109
Q1102564,1,Jászladány,village in Hungary,Q2590631,http://wikidata.org/entity/Q1102564
Q833964,1,Théâtre de l'Ambigu-Comique,"former theatre on Boulevard Saint-Martin in Paris, France, 1828-1966",Q24354,http://wikidata.org/entity/Q833964
Q159814,1,Uslar,"town and municipality in Lower Saxony, Germany",Q42744322,http://wikidata.org/entity/Q159814
Q4830436,1,Axford,"village in Wiltshire, United Kingdom",Q532,http://wikidata.org/entity/Q4830436
Q76375069,1,James Warnock,Peerage person ID=720859,Q5,http://wikidata.org/entity/Q76375069
Q1384,1,New York,state of the United States of America,Q35657,http://wikidata.org/entity/Q1384
Q3181954,1,Stalhille,"section of Jabbeke, Belgium",Q2785216,http://wikidata.org/entity/Q3181954
Q2644838,1,Jan De Cuyper,Belgian historian (1896-1981),Q5,http://wikidata.org/entity/Q2644838
Q78118,1,Adolf Michaelis,German classical archaeologist (1835–1910),Q5,http://wikidata.org/entity/Q78118
Q70140,1,Paul Warburg,American banker (1868-1932),Q5,http://wikidata.org/entity/Q70140
Q67580,1,Max Warburg,German banker (1867-1946),Q5,http://wikidata.org/entity/Q67580
Q214114,1,Felix M. Warburg,German-American banker and philanthropist (1871–1937),Q5,http://wikidata.org/entity/Q214114
Q50833651,1,Fritz M. Warburg,,Q5,http://wikidata.org/entity/Q50833651
Q20980011,1,Moritz M. Warburg,German banker (1838-1910),Q5,http://wikidata.org/entity/Q20980011
Q96087241,1,Charlotte Esther Oppenheim,(1842-1921),Q5,http://wikidata.org/entity/Q96087241
Q554997,1,Warburg family,American family and financial dynasty of German Jewish descent,Q8436,http://wikidata.org/entity/Q554997
Q69071,1,Münchenbuchsee,municipality in the canton of Bern in Switzerland,Q70208,http://wikidata.org/entity/Q69071
Q12315687,1,Harald W. Lauesen,Danish painter (1913-1989),Q5,http://wikidata.org/entity/Q12315687
Q662355,4,Kunstakademie Düsseldorf,"art school in Düsseldorf, Germany",Q383092,http://wikidata.org/entity/Q662355
Q158840,1,James Ensor,Belgian painter (1860–1949),Q5,http://wikidata.org/entity/Q158840
Q76309644,1,Nicholas Phipps,Peerage person ID=678986,Q5,http://wikidata.org/entity/Q76309644
Q26515,1,Östersund,"urban area in Östersund Municipality, Sweden",Q12813115,http://wikidata.org/entity/Q26515
Q2897461,1,Bernard Attali,French official and business executive,Q5,http://wikidata.org/entity/Q2897461
Q770596,2,L'Express,French weekly news magazine,Q11032,http://wikidata.org/entity/Q770596
Q769657,1,Conseil d'État,French administrative justice institution and legal counsel to the government,Q3687335,http://wikidata.org/entity/Q769657
Q1546437,4,Paris Dauphine University,"grande école and established public research and higher education institution in Paris, France",Q1542938,http://wikidata.org/entity/Q1546437
Q273523,1,École Nationale des Ponts et Chaussées,French institution of higher education and research,Q1663017,http://wikidata.org/entity/Q273523
Q3223754,1,Le Journal des arts,bi-weekly newspaper,Q1002697,http://wikidata.org/entity/Q3223754
Q3578164,1,French National School of Forestry,"agricultural school in Nancy, France",Q28521933,http://wikidata.org/entity/Q3578164
Q923193,1,Les Échos,French news website and daily newspaper,Q11032,http://wikidata.org/entity/Q923193
Q1189954,3,Mines ParisTech,French engineering grande école (selective higher education institution),Q1663017,http://wikidata.org/entity/Q1189954
Q859363,4,Sciences Po,"higher-education institution in Paris, France",Q875538,http://wikidata.org/entity/Q859363
Q1431541,5,Lycée Janson-de-Sailly,"secondary school in Paris, France",Q20860083,http://wikidata.org/entity/Q1431541
Q85885,1,Margaret Stonborough-Wittgenstein,Austrian philanthropist (1882-1958),Q5,http://wikidata.org/entity/Q85885
Q170348,2,Paul Wittgenstein,"Austrian pianist of Jewish heritage, emigrant from Nazi Austria to USA (1887-1961)",Q5,http://wikidata.org/entity/Q170348
Q96090157,1,Johannes Wittgenstein,,Q5,http://wikidata.org/entity/Q96090157
Q96090161,1,Rudolf Wittgenstein,(1881-1904),Q5,http://wikidata.org/entity/Q96090161
Q96090158,1,,,Q5,http://wikidata.org/entity/Q96090158
Q96090155,1,Dora Wittgenstein,,Q5,http://wikidata.org/entity/Q96090155
Q96090160,2,Helene Wittgenstein,musician,Q5,http://wikidata.org/entity/Q96090160
Q96090154,1,Hermine Wittgenstein,"Austrian painter, chronist and social worker",Q5,http://wikidata.org/entity/Q96090154
Q1981987,1,Neuwaldegg,quarter of Vienna,Q123705,http://wikidata.org/entity/Q1981987
Q563305,1,Karl Wittgenstein,Austro-Hungarian steel tycoon (1847–1913),Q5,http://wikidata.org/entity/Q563305
Q21549619,1,,mother of Ludwig Wittgenstein (1850–1926),Q5,http://wikidata.org/entity/Q21549619
Q4725710,1,Alice Ambrose,American logician (1906-2001),Q5,http://wikidata.org/entity/Q4725710
Q2586809,1,Wittgenstein family,family,Q8436,http://wikidata.org/entity/Q2586809
Q2516913,1,Meester Cornelis,city district of Jakarta,Q1434505,http://wikidata.org/entity/Q2516913
Q13972,2,Tartu,second most populous city in Estonia,Q11881845,http://wikidata.org/entity/Q13972
Q106208189,2,computer artist,"artist who uses a computer as a main tool for creating pieces of art or for performances, mainly in the fields of 2D and 3D graphics, video and multimedia",Q28640,http://wikidata.org/entity/Q106208189
Q100268438,1,Renaud Nattiez,,Q5,http://wikidata.org/entity/Q100268438
Q10495152,1,Filipstad church parish,"parish in the Diocese of Karlstad, Sweden",Q615980,http://wikidata.org/entity/Q10495152
Q3578285,2,École normale supérieure de Fontenay-aux-Roses,former humanities-focused grande école in France,Q38723,http://wikidata.org/entity/Q3578285
Q33935,4,Tel Aviv,city in Israel,Q1549591,http://wikidata.org/entity/Q33935
Q1235608,3,Paris Diderot University,French university existing from 1971 to 2019,Q3551775,http://wikidata.org/entity/Q1235608
Q85,2,Cairo,capital city of Egypt,Q1549591,http://wikidata.org/entity/Q85
Q5474645,1,Foundling Museum,"museum in Bloomsbury, London, England, United Kingdom",Q33506,http://wikidata.org/entity/Q5474645
Q5123283,1,City Literary Institute,"adult education college in Holborn, London, England",Q1664720,http://wikidata.org/entity/Q5123283
Q144491,1,Alberto Guerrero,Chilean classical pianist (1886-1959),Q5,http://wikidata.org/entity/Q144491
Q6745053,1,Malvern Collegiate Institute,"high school in Toronto, Canada",Q9826,http://wikidata.org/entity/Q6745053
Q3431248,2,Richard Stöhr,Austrian composer (1874–1967),Q5,http://wikidata.org/entity/Q3431248
Q49163,1,Lawrence,"city in Essex County, Massachusetts, United States",Q1093829,http://wikidata.org/entity/Q49163
Q7752498,1,The Mountbatten School,"school in Hampshire, UK",Q4671329,http://wikidata.org/entity/Q7752498
Q2297044,1,Ilford,"town in the London Borough of Redbridge, England, UK",Q3957,http://wikidata.org/entity/Q2297044
Q2679243,1,Woodford Green,"part of the suburb of Woodford in East London, England",Q2755753,http://wikidata.org/entity/Q2679243
Q113565168,1,Hilde Heinitz,,Q5,http://wikidata.org/entity/Q113565168
Q837129,1,Woodland,"seat of Yolo County, California, United States",Q1093829,http://wikidata.org/entity/Q837129
Q333886,4,Georgetown University,"private university in Washington, D.C., United States",Q902104,http://wikidata.org/entity/Q333886
Q1536258,2,Southern Methodist University,"private university in Dallas, Texas, United States",Q902104,http://wikidata.org/entity/Q1536258
Q590643,1,Miami University,"public research university located in Oxford, Ohio, United States",Q62078547,http://wikidata.org/entity/Q590643
Q734774,4,Saint Louis University,"private research university with campuses in St. Louis, Missouri, and Madrid, Spain",Q3918,http://wikidata.org/entity/Q734774
Q7589715,1,St. Louis University High School,"high school in Missouri, United States",Q9826,http://wikidata.org/entity/Q7589715
Q37043,1,Tallahassee,"county seat of Leon County, Florida, USA and Florida federated state capital city",Q1093829,http://wikidata.org/entity/Q37043
Q221645,4,Stockholm University,"state university of Stockholm, Sweden",Q875538,http://wikidata.org/entity/Q221645
Q1035745,2,Cardiff University,"public research university in Cardiff, United Kingdom",Q62078547,http://wikidata.org/entity/Q1035745
Q16308157,1,Americanist,"specialized person who studies history, society and culture of the Americas",Q28640,http://wikidata.org/entity/Q16308157
Q189047,1,Zellig S. Harris,populariser of theoretical linguistics,Q5,http://wikidata.org/entity/Q189047
Q5329064,1,East Oak Lane,"neighborhood of Philadelphia, Pennsylvania, United States",Q123705,http://wikidata.org/entity/Q5329064
Q57196,2,Franz Brentano,German philosopher and psychologist as well as refounder of the theory of intentionality (1838–1917),Q5,http://wikidata.org/entity/Q57196
Q1414443,1,filmmaker,creator of a cinematic work,Q4220920,http://wikidata.org/entity/Q1414443
Q9379869,1,lecturer,"knowledgeable person who gives informative talks, as opposed to ceremonial or persuasive",Q28640,http://wikidata.org/entity/Q9379869
Q18931911,1,theorist,person who develops theories in a field,Q28640,http://wikidata.org/entity/Q18931911
Q1430377,1,property master,"person responsible for purchasing, acquiring, manufacturing, properly placing, and/or overseeing any accessories needed for a film, television or theatrical production",Q15839299,http://wikidata.org/entity/Q1430377
Q971223,1,Buxton,"town in Derbyshire, England",Q3957,http://wikidata.org/entity/Q971223
Q1549451,1,Großmehlra,human settlement in Germany,Q253019,http://wikidata.org/entity/Q1549451
Q136220621,1,,,Q5,http://wikidata.org/entity/Q136220621
Q12295481,1,Stoyan Brashovanov,Bulgarian musicologist (1888-1956),Q5,http://wikidata.org/entity/Q12295481
Q773527,1,Winona,"city and the county seat of Winona County, Minnesota, United States",Q1093829,http://wikidata.org/entity/Q773527
Q815593,1,Gruissan,"commune in Aude, France",Q484170,http://wikidata.org/entity/Q815593
Q100975217,1,Berta Jahn-Beer,Austrian pianist and teacher,Q5,http://wikidata.org/entity/Q100975217
Q434601,1,Franz Schmidt,"Austrian composer, cellist and pianist (1874-1939)",Q5,http://wikidata.org/entity/Q434601
Q697836,1,Oswald Kabasta,Austrian conductor (1896–1946),Q5,http://wikidata.org/entity/Q697836
Q1706722,1,research fellow,employees or officials at a university or a research institute who undertake research,Q486983,http://wikidata.org/entity/Q1706722
Q21765562,2,Leuven,"town in Leuven municipality, Belgium",Q515,http://wikidata.org/entity/Q21765562
Q40840,1,Tampere,city in the region of Pirkanmaa in Finland,Q1549591,http://wikidata.org/entity/Q40840
Q323154,1,Tobias Picker,American composer,Q5,http://wikidata.org/entity/Q323154
Q443519,1,Wojciech Żywny,"Polish pianist, composer of Czech origin; Frédéric Chopin's piano teacher",Q5,http://wikidata.org/entity/Q443519
Q393087,1,Żelazowa Wola,town,Q3558970,http://wikidata.org/entity/Q393087
Q1202039,3,"Royal Holloway, University of London","university in Surrey, UK",Q3918,http://wikidata.org/entity/Q1202039
Q1414861,2,University of Exeter,"public research university located in Exeter, United Kingdom",Q62078547,http://wikidata.org/entity/Q1414861
Q1333399,5,University of Leicester,"university in Leicester, United Kingdom",Q3918,http://wikidata.org/entity/Q1333399
Q668950,1,Saint-Ghislain,"city in Wallonia, Belgium",Q493522,http://wikidata.org/entity/Q668950
Q752129,2,astrophysicist,person who is occupied in astrophysics,Q28640,http://wikidata.org/entity/Q752129
Q1565424,1,John Rahn,"American music theorist, composer, bassoonist, and professor of music",Q5,http://wikidata.org/entity/Q1565424
Q332498,2,Brigham Young University,"private research university in Provo, Utah, United States",Q902104,http://wikidata.org/entity/Q332498
Q638859,3,Mills College at Northeastern University,"liberal arts and sciences college located in Oakland, United States",Q3660535,http://wikidata.org/entity/Q638859
Q3330547,1,chronicler,writer of a chronicle,Q28640,http://wikidata.org/entity/Q3330547
Q61663,1,Korntal-Münchingen,"town in the District of Ludwigsburg, Baden-Württemberg, Germany",Q3957,http://wikidata.org/entity/Q61663
Q702482,1,University of Bayreuth,university in Germany,Q5028741,http://wikidata.org/entity/Q702482
Q3588592,1,Émile Labiche,French politician (1827-1922),Q5,http://wikidata.org/entity/Q3588592
Q3268619,2,Lycée Chaptal,"high school in Paris, France",Q2385804,http://wikidata.org/entity/Q3268619
Q376547,1,Jules Duprato,French composer (1827–1892),Q5,http://wikidata.org/entity/Q376547
Q16889559,1,Marius Audran,French singer,Q5,http://wikidata.org/entity/Q16889559
Q3577686,1,Niedermeyer school in Paris,private music school at Paris,Q3914,http://wikidata.org/entity/Q3577686
Q1908566,1,Laguna Beach,"city in Orange County, California, United States",Q1093829,http://wikidata.org/entity/Q1908566
Q7328159,1,Richard Oldenburg,American museum director (1933–2018),Q5,http://wikidata.org/entity/Q7328159
Q135618687,1,,,Q5,http://wikidata.org/entity/Q135618687
Q135618685,1,,,Q5,http://wikidata.org/entity/Q135618685
Q893704,1,Boris Kostelanetz,Russian lawyer,Q5,http://wikidata.org/entity/Q893704
Q49114,5,Brown University,"private university in Providence, Rhode Island, United States",Q902104,http://wikidata.org/entity/Q49114
Q3887264,1,Ottavio Ziino,Italian conductor and composer (1909–1995),Q5,http://wikidata.org/entity/Q3887264
Q747388,1,Princeton,"city in Mercer County, West Virginia, United States",Q1093829,http://wikidata.org/entity/Q747388
Q723972,1,Boom,"municipality in Antwerp, Belgium",Q493522,http://wikidata.org/entity/Q723972
Q1012372,1,Griffin,"county seat of Spalding County, Georgia, United States",Q1093829,http://wikidata.org/entity/Q1012372
Q49218,2,Rochester,"county seat of Monroe County, New York, United States",Q1093829,http://wikidata.org/entity/Q49218
Q149990,2,University of Rochester,"private, nonsectarian, research university in Rochester, New York, United States",Q3918,http://wikidata.org/entity/Q149990
Q621043,5,Emory University,"private research university in Atlanta, Georgia, United States",Q902104,http://wikidata.org/entity/Q621043
Q1068072,2,University of Delaware,"university in Newark, Delaware, USA",Q615150,http://wikidata.org/entity/Q1068072
Q622137,2,Lehigh University,"private research university in Bethlehem, Pennsylvania, United States",Q3918,http://wikidata.org/entity/Q622137
Q1003621,1,Wydminy,"village in Warmian-Masurian VoIvodeship, Poland",Q3558970,http://wikidata.org/entity/Q1003621
Q11838079,1,,,Q180958,http://wikidata.org/entity/Q11838079
Q1017008,1,Hohoe,"town in Volta Region, Ghana",Q3957,http://wikidata.org/entity/Q1017008
Q117,1,Ghana,country in West Africa,Q3624078,http://wikidata.org/entity/Q117
Q37100,2,Auckland,"city on the North Island, New Zealand",Q515,http://wikidata.org/entity/Q37100
Q18880107,1,Margaret Read,musician,Q5,http://wikidata.org/entity/Q18880107
Q13382576,1,rower,sportsperson taking part in rowing competitions,Q12737077,http://wikidata.org/entity/Q13382576
Q798640,1,Boscobel,"fourth-class city in Grant County, Wisconsin",Q15221373,http://wikidata.org/entity/Q798640
Q749421,1,University of Cincinnati – College-Conservatory of Music,university,Q3889692,http://wikidata.org/entity/Q749421
Q1019515,1,Schaesberg,"village in Landgraaf, Netherlands",Q532,http://wikidata.org/entity/Q1019515
Q1547084,1,University of Twente,"university in Enschede, Netherlands",Q3918,http://wikidata.org/entity/Q1547084
Q82960,3,Rottweil,"town in the district of Rottweil, Baden-Württemberg, Germany",Q515,http://wikidata.org/entity/Q82960
Q184359,1,Le Puy-en-Velay,"commune in Haute-Loire, France",Q484170,http://wikidata.org/entity/Q184359
Q504530,1,Walsall,"town in West Midlands, England, UK",Q3957,http://wikidata.org/entity/Q504530
Q12765408,1,epidemiologist,researcher on how diseases are spread,Q28640,http://wikidata.org/entity/Q12765408
Q65256029,1,Leo-Henn Humal,Estonian biophysicist (born 1940),Q5,http://wikidata.org/entity/Q65256029
Q12362105,1,Ene-Margit Tiit,Estonian mathematician and statistician (born 1934),Q5,http://wikidata.org/entity/Q12362105
Q16406120,1,Arnold Humal,Estonian mathematician and academician (1908-1987),Q5,http://wikidata.org/entity/Q16406120
Q7212115,1,Georg Eduard Luiga,Estonian journalist and writer (1866–1936),Q5,http://wikidata.org/entity/Q7212115
Q1370342,4,Estonian Academy of Music and Theatre,"university in Tallinn, Estonia",Q3889692,http://wikidata.org/entity/Q1370342
Q5433951,1,Fannie Charles Dillon,American composer,Q5,http://wikidata.org/entity/Q5433951
Q5582919,1,Good Samaritan Hospital,"hospital in Los Angeles, California, United States",Q16917,http://wikidata.org/entity/Q5582919
Q14683182,1,Los Angeles High School,"public magnet secondary school in the Los Angeles Unified School District, in Los Angeles, California, U.S., founded in 1873",Q9826,http://wikidata.org/entity/Q14683182
Q1640731,1,Polytechnic University of Catalonia,"public university in Barcelona, Spain",Q3918,http://wikidata.org/entity/Q1640731
Q57272060,1,Geoffrey Midgley,British philosopher (1921-1997),Q5,http://wikidata.org/entity/Q57272060
Q3292026,1,Marie-Laure Stengers,Belgian politician,Q5,http://wikidata.org/entity/Q3292026
Q3078912,1,Jean Stengers,Belgian historian (1922-2002),Q5,http://wikidata.org/entity/Q3078912
Q204547,1,Waregem,"municipality in West Flanders, Belgium",Q493522,http://wikidata.org/entity/Q204547
Q18916652,1,Anne Day-Helveg,"Austrian dancer, dance teacher, and romance writer",Q5,http://wikidata.org/entity/Q18916652
Q55859053,1,Dora Popper,,Q5,http://wikidata.org/entity/Q55859053
Q55845735,1,Simon Siegmund Carl Popper,"Austrian attorney-at-law, father of Karl Popper (1856-1932)",Q5,http://wikidata.org/entity/Q55845735
Q115111057,1,Jenny Popper,6 Jul 1864 - uncertain 15 May 1938,Q5,http://wikidata.org/entity/Q115111057
Q2580994,1,W. W. Bartley III,20th-century American philosopher,Q5,http://wikidata.org/entity/Q2580994
Q296249,1,Imre Lakatos,Hungarian philosopher of mathematics and science (1922-1974),Q5,http://wikidata.org/entity/Q296249
Q184980,1,Thomas Kuhn,"American historian, physicist and philosopher (1922 – 1996)",Q5,http://wikidata.org/entity/Q184980
Q1997321,1,Edmonton,"suburb of London, England",Q3957,http://wikidata.org/entity/Q1997321
Q9387,1,Max Weber,"German sociologist, philosopher, and political economist (1864–1920)",Q5,http://wikidata.org/entity/Q9387
Q15948,4,Émile Durkheim,French sociologist (1858–1917),Q5,http://wikidata.org/entity/Q15948
Q94018,1,Alfred Schütz,American sociologist (1899–1959),Q5,http://wikidata.org/entity/Q94018
Q314471,1,Erving Goffman,Canadian-American sociologist (1922–1982),Q5,http://wikidata.org/entity/Q314471
Q203913,1,Talcott Parsons,American sociologist (1902 – 1979),Q5,http://wikidata.org/entity/Q203913
Q128126,2,Claude Lévi-Strauss,French anthropologist and ethnologist (1908–2009),Q5,http://wikidata.org/entity/Q128126
Q75812,2,Norbert Elias,German sociologist (1897–1990),Q5,http://wikidata.org/entity/Q75812
Q243686,1,Désertines,French commune in Allier,Q484170,http://wikidata.org/entity/Q243686
Q627653,1,Wallhalben,"municipality in Rhineland-Palatinate, Germany",Q116457956,http://wikidata.org/entity/Q627653
Q780745,1,Worcester College,college of the University of Oxford,Q2581649,http://wikidata.org/entity/Q780745
Q1516684,1,University of Kent,"public research university based in Kent, United Kingdom",Q62078547,http://wikidata.org/entity/Q1516684
Q14565186,3,cognitive scientist,scientist specializing in cognitive science,Q28640,http://wikidata.org/entity/Q14565186
Q753034,1,Calexico,"city in Imperial County, California, United States",Q1093829,http://wikidata.org/entity/Q753034
Q803903,1,Bainbridge Island,"city in Kitsap County, Washington State, United States",Q1093829,http://wikidata.org/entity/Q803903
Q1198571,2,University of Nice Sophia Antipolis,"French university located in Nice, France",Q3551775,http://wikidata.org/entity/Q1198571
Q19370961,1,University of Côte d'Azur,"French university created in 2015, which succeeds the University of Nice founded in 1965",Q875538,http://wikidata.org/entity/Q19370961
Q112357917,1,Barbara Petrozolin-Skowrońska,"Polish historian, encyclopedist",Q5,http://wikidata.org/entity/Q112357917
Q886869,1,Radio Zet,Polish radio station,Q14350,http://wikidata.org/entity/Q886869
Q129110,1,Telewizja Polska,Polish public service broadcaster,Q15265344,http://wikidata.org/entity/Q129110
Q446161,1,TV Puls,Polish television station,Q1616075,http://wikidata.org/entity/Q446161
Q282171,1,Polsat,Polish commercial television channel,Q1616075,http://wikidata.org/entity/Q282171
Q1067189,1,Polskie Radio,Polish public broadcasting organization,Q1126006,http://wikidata.org/entity/Q1067189
Q9302326,1,Radio Wnet,radio station in Warsaw,Q14350,http://wikidata.org/entity/Q9302326
Q9379430,1,"Faculty of Philosophy and Sociology, University of Warsaw",faculty of University of Warsaw,Q4671277,http://wikidata.org/entity/Q9379430
Q3460629,1,Naples,"village in Ontario County, New York, United States",Q751708,http://wikidata.org/entity/Q3460629
Q3555971,1,Jules Verne specialist,,Q28640,http://wikidata.org/entity/Q3555971
Q4051,2,Friedrichshafen,"city in Baden-Württemberg, Germany",Q134626,http://wikidata.org/entity/Q4051
Q765515,1,Magyar Rádió,Hungarian public radio station,Q14350,http://wikidata.org/entity/Q765515
Q56411802,1,Editio Musica Budapest,sheet music publisher,Q4830453,http://wikidata.org/entity/Q56411802
Q569779,1,Universal Edition,Austrian classical music publisher,Q18127,http://wikidata.org/entity/Q569779
Q56650894,1,Bálint György Journalist Academy,,Q2385804,http://wikidata.org/entity/Q56650894
Q187346,1,Constantine,city in Algeria,Q515,http://wikidata.org/entity/Q187346
Q21872,1,Hayange,"commune in Moselle, France",Q484170,http://wikidata.org/entity/Q21872
Q3122301,1,Guy de Wendel,French politician (1878-1955),Q5,http://wikidata.org/entity/Q3122301
Q1395201,1,De Wendel family,noble family from the Lorraine region,Q13417114,http://wikidata.org/entity/Q1395201
Q96090176,1,Maximilian Michael Salzer,,Q5,http://wikidata.org/entity/Q96090176
Q123766,1,Charlottesville,"independent city in Virginia, United States",Q1266818,http://wikidata.org/entity/Q123766
Q864855,1,Georgia Tech,"public research university in Atlanta, Georgia, United States",Q62078547,http://wikidata.org/entity/Q864855
Q842909,4,Rice University,"private university in Houston, Texas, USA",Q902104,http://wikidata.org/entity/Q842909
Q216077,1,Jiujiang,"prefecture-level city in Jiangxi, China",Q748149,http://wikidata.org/entity/Q216077
Q7148252,1,Patsy Healey,British urban planning academic (1940–2024),Q5,http://wikidata.org/entity/Q7148252
Q23298,1,Kent,"ceremonial county of England, United Kingdom",Q180673,http://wikidata.org/entity/Q23298
Q1476060,1,Cecil Terence Ingold,British biologist (1905-2010),Q5,http://wikidata.org/entity/Q1476060
Q737823,1,James J. Gibson,American psychologist (1904-1979),Q5,http://wikidata.org/entity/Q737823
Q847384,2,Utrechts Conservatorium,music school,Q184644,http://wikidata.org/entity/Q847384
Q193899,1,Fontenay-sous-Bois,"commune in Val-de-Marne, France",Q484170,http://wikidata.org/entity/Q193899
Q985526,1,Silver City,"town in and county seat of Grant County, New Mexico, United States",Q15127012,http://wikidata.org/entity/Q985526
Q1319893,1,Valencia,"neighborhood of Santa Clarita, California, United States",Q17343829,http://wikidata.org/entity/Q1319893
Q75478,4,New York University Tandon School of Engineering,"university in Brooklyn, New York, U.S.",Q3918,http://wikidata.org/entity/Q75478
Q1026827,1,California Institute of the Arts,"private university in Santa Clarita, California, United States",Q383092,http://wikidata.org/entity/Q1026827
Q817902,2,Bennington College,liberal arts college in Vermont,Q189004,http://wikidata.org/entity/Q817902
Q7567459,1,South High School,high school in Denver,Q9826,http://wikidata.org/entity/Q7567459
Q128466,1,Villejuif,"commune in Val-de-Marne, France",Q484170,http://wikidata.org/entity/Q128466
Q15839206,2,molecular biologist,profession,Q28640,http://wikidata.org/entity/Q15839206
Q67048,1,Grabs,municipality in the canton of St. Gallen in Switzerland,Q70208,http://wikidata.org/entity/Q67048
Q347,1,Liechtenstein,country in Central Europe,Q3624078,http://wikidata.org/entity/Q347
Q124151722,1,Rudolf Rheinberger,Liechtensteiner physician and historian (1917-2009),Q5,http://wikidata.org/entity/Q124151722
Q1298862,1,Egon Rheinberger,"Liechtensteiner architect, sculptor and painter (1870-1936)",Q5,http://wikidata.org/entity/Q1298862
Q59336306,1,Hans Rheinberger,Liechtensteiner architect (1911-1980),Q5,http://wikidata.org/entity/Q59336306
Q19285503,1,Hermine Rheinberger,Liechtensteiner writer (1864-1932),Q5,http://wikidata.org/entity/Q19285503
Q59336291,1,Volker Rheinberger,Liechtensteiner politician,Q5,http://wikidata.org/entity/Q59336291
Q4982073,1,Rebecka Tarschys,Swedish journalist,Q5,http://wikidata.org/entity/Q4982073
Q4953155,1,Hedvig Hedqvist,Swedish architect,Q5,http://wikidata.org/entity/Q4953155
Q6204405,1,Bernhard Tarschys,,Q5,http://wikidata.org/entity/Q6204405
Q47490324,1,Karin Tarschys,Swedish academic,Q5,http://wikidata.org/entity/Q47490324
Q15632482,2,epistemologist,person with an extensive knowledge of epistemology,Q28640,http://wikidata.org/entity/Q15632482
Q2207185,1,Terneuzen,"town in Zeeland, Netherlands",Q13539802,http://wikidata.org/entity/Q2207185
Q316795,1,Reinhold Glière,Soviet Ukrainian composer (1875–1956),Q5,http://wikidata.org/entity/Q316795
Q4238606,1,Sontsivka,"village in Pokrovsk Raion, Donetsk Oblast, Ukraine",Q21672098,http://wikidata.org/entity/Q4238606
Q178416,3,Saint Petersburg Conservatory,music school in Saint Petersburg,Q184644,http://wikidata.org/entity/Q178416
Q2039075,1,Roslyn,"incorporated village in Nassau County, New York, United States of America",Q55237813,http://wikidata.org/entity/Q2039075
Q10843402,1,swimmer,sportsperson taking part in swimming competitions,Q12737077,http://wikidata.org/entity/Q10843402
Q6730,1,Perpignan,"French commune in Pyrénées-Orientales, Occitania",Q484170,http://wikidata.org/entity/Q6730
Q626415,1,Gimel-les-Cascades,"commune in Corrèze, France",Q484170,http://wikidata.org/entity/Q626415
Q5476869,1,Fox Primary School,"school in Kensington and Chelsea, UK",Q5155053,http://wikidata.org/entity/Q5476869
Q403428,1,Billerica,"town in Middlesex County, Massachusetts, United States",Q2154459,http://wikidata.org/entity/Q403428
Q489197,1,Torrance,"city in Los Angeles County, California, United States",Q13218357,http://wikidata.org/entity/Q489197
Q631066,2,Clemson University,"public university in South Carolina, United States",Q875538,http://wikidata.org/entity/Q631066
Q1132346,1,North Carolina State University,"public research university in Raleigh, North Carolina, United States",Q62078547,http://wikidata.org/entity/Q1132346
Q174158,8,Hebrew University of Jerusalem,Israeli university in Jerusalem,Q3918,http://wikidata.org/entity/Q174158
Q622664,9,"University of California, San Diego","public university in La Jolla, California, United States",Q875538,http://wikidata.org/entity/Q622664
Q1023499,1,Hudson,"city and the county seat of Columbia County, New York, United States",Q1093829,http://wikidata.org/entity/Q1023499
Q49146,1,New London,"city in Connecticut, United States",Q1093829,http://wikidata.org/entity/Q49146
Q3446272,1,Wesleyan College,educational facility in Georgia,Q6540832,http://wikidata.org/entity/Q3446272
Q2938,1,Leverkusen,"city in North Rhine-Westphalia, Germany",Q1549591,http://wikidata.org/entity/Q2938
Q1270831,1,University of Redlands,"private liberal arts university located in Redlands, California",Q3918,http://wikidata.org/entity/Q1270831
Q16885640,1,Seymour Shifrin,American composer (1926-1979),Q5,http://wikidata.org/entity/Q16885640
Q868660,2,Kingston,"city in and the county seat of Ulster County, New York, United States",Q1093829,http://wikidata.org/entity/Q868660
Q49211,2,Rensselaer Polytechnic Institute,"private research university in Troy, New York",Q902104,http://wikidata.org/entity/Q49211
Q1472358,1,University of Houston,"state research university in Houston, Texas, United States",Q3918,http://wikidata.org/entity/Q1472358
Q3551,2,Rabat,capital city of Morocco,Q515,http://wikidata.org/entity/Q3551
Q3420646,1,Raymond Badiou,French politician (1905–1996),Q5,http://wikidata.org/entity/Q3420646
Q2496149,1,University of Reims,"university located in Reims, France",Q3551775,http://wikidata.org/entity/Q2496149
Q185105,1,Fernand Braudel,French historian and leader of the Annales School,Q5,http://wikidata.org/entity/Q185105
Q7039,1,Lahr/Schwarzwald,"city in western Baden-Württemberg, Germany",Q42744322,http://wikidata.org/entity/Q7039
Q12440,1,Eeklo,"city in East Flanders, Belgium",Q493522,http://wikidata.org/entity/Q12440
Q1990900,1,Jerome Lowenthal,American pianist,Q5,http://wikidata.org/entity/Q1990900
Q8054492,1,Yoheved Kaplinsky,American pianist and educator,Q5,http://wikidata.org/entity/Q8054492
Q704544,1,Michel Dalberto,French pianist,Q5,http://wikidata.org/entity/Q704544
Q19825978,1,Milena Mollova,Bulgarian pianist,Q5,http://wikidata.org/entity/Q19825978
Q17151,1,Thessaloniki,"city in Macedonia, Greece",Q1549591,http://wikidata.org/entity/Q17151
Q2994532,1,Thessaloniki State Conservatory,"music educational institute in Thessaloniki, Greece",Q184644,http://wikidata.org/entity/Q2994532
Q593407,1,Nigel Glendinning,British art historian (1929–2013),Q5,http://wikidata.org/entity/Q593407
Q2493658,1,Victoria Glendinning,British writer,Q5,http://wikidata.org/entity/Q2493658
Q24255440,1,Eduard Cassirer,businessperson and manufacturer (1843-1916),Q5,http://wikidata.org/entity/Q24255440
Q3410028,2,psychoanalyst,psychiatrist or psychotherapist who specializes in psychoanalysis,Q28640,http://wikidata.org/entity/Q3410028
Q178385,1,Sliven,"city in Sliven municipality, Sliven oblast, Bulgaria",Q15303838,http://wikidata.org/entity/Q178385
Q1093910,1,City College of New York,senior college of the City University of New York,Q38723,http://wikidata.org/entity/Q1093910
Q521992,1,Hohenheim,"quarter of Stuttgart, Baden-Württemberg, Germany",Q253019,http://wikidata.org/entity/Q521992
Q29388219,1,Otto Friedrich Vossler,(1831-1906),Q5,http://wikidata.org/entity/Q29388219
Q76515,2,Erich Rothacker,German philosopher (1888–1965),Q5,http://wikidata.org/entity/Q76515
Q168000,1,American University,"private liberal arts and research-based university in Washington, D.C., USA",Q902104,http://wikidata.org/entity/Q168000
Q939607,2,University of Roehampton,"university in Wandsworth, UK",Q3918,http://wikidata.org/entity/Q939607
Q6113783,1,Jack M. Barrack Hebrew Academy,"private, jewish day school in Bryn Mawr, PA, United States",Q6190035,http://wikidata.org/entity/Q6113783
Q18786372,1,Huysse-Lozère,former municipality in Belgium,Q19730508,http://wikidata.org/entity/Q18786372
Q452119,1,Charles Gleyre,Swiss artist (1806-1874),Q5,http://wikidata.org/entity/Q452119
Q28599819,1,Marc Bazille,,Q5,http://wikidata.org/entity/Q28599819
Q752898,1,Beaune-la-Rolande,"commune in Loiret, France",Q484170,http://wikidata.org/entity/Q752898
Q3170658,1,Gaston Bazille,French politician (1819-1894),Q5,http://wikidata.org/entity/Q3170658
Q2821533,1,Abel Rey,French philosopher (1873-1940),Q5,http://wikidata.org/entity/Q2821533
Q209093,2,Bar-sur-Aube,"commune in Aube, France",Q484170,http://wikidata.org/entity/Q209093
Q158030,1,Cornelius Castoriadis,Greek-French philosopher (1922–1997),Q5,http://wikidata.org/entity/Q158030
Q20903300,2,Michel Adam,French philosopher (1926-2007),Q5,http://wikidata.org/entity/Q20903300
Q263730,1,Alejandro Jodorowsky,Chilean-French filmmaker and comics writer,Q5,http://wikidata.org/entity/Q263730
Q94895914,1,Moritz Horkheimer,German textile manufacturer and art collector,Q5,http://wikidata.org/entity/Q94895914
Q76242576,1,"John Hume, 11th of Ninewells",(1709-1786),Q5,http://wikidata.org/entity/Q76242576
Q134837659,1,Catherine Hume Fullerton,,Q5,http://wikidata.org/entity/Q134837659
Q76242571,1,"Joseph Hume, 10th of Ninewells",(1681-1713),Q5,http://wikidata.org/entity/Q76242571
Q76242574,1,Katherine Falconer,(1683-1745),Q5,http://wikidata.org/entity/Q76242574
Q2888216,1,Advocates Library,"library of the Faculty of Advocates, Edinburgh",Q6503358,http://wikidata.org/entity/Q2888216
Q18794353,1,"Embassy of the United Kingdom, Paris",British embassy,Q3917681,http://wikidata.org/entity/Q18794353
Q82049,1,George Berkeley,Irish idealist philosopher and Anglican bishop (1685–1753),Q5,http://wikidata.org/entity/Q82049
Q841686,1,Mons-en-Barœul,"commune in Nord, France",Q484170,http://wikidata.org/entity/Q841686
Q741194,1,Contamine-sur-Arve,"commune in Haute-Savoie, France",Q484170,http://wikidata.org/entity/Q741194
Q5303281,1,Downside School,"school in Somerset, England, UK",Q3238833,http://wikidata.org/entity/Q5303281
Q15575,2,Flinders University,"public university in Adelaide, South Australia",Q875538,http://wikidata.org/entity/Q15575
Q6606110,1,industrialist,owner or operator of a factory or manufacturing business,Q12737077,http://wikidata.org/entity/Q6606110
Q15261973,1,Nottingham College,Further education college in Nottinghamshire,Q189004,http://wikidata.org/entity/Q15261973
Q238469,1,Beautiran,"commune in Gironde, France",Q484170,http://wikidata.org/entity/Q238469
Q194160,2,Clamart,"commune in Hauts-de-Seine, France",Q484170,http://wikidata.org/entity/Q194160
Q20791505,1,University of Bordeaux,French university from 1896 to 1971,Q3551775,http://wikidata.org/entity/Q20791505
Q3268957,5,Lycée Thiers,"educational facility in Marseille, France",Q20860083,http://wikidata.org/entity/Q3268957
Q525425,1,Rathenow,"town in Brandenburg state, Germany",Q54935786,http://wikidata.org/entity/Q525425
Q16086,1,Rheinberg,"town in Wesel, North Rhine-Westphalia, Germany",Q54935786,http://wikidata.org/entity/Q16086
Q12876478,1,,"village in Elis, Greece",Q532,http://wikidata.org/entity/Q12876478
Q547867,1,National and Kapodistrian University of Athens,"university in Athens, Greece",Q3918,http://wikidata.org/entity/Q547867
Q204860,1,Wegberg,"town in North Rhine-Westphalia, Germany",Q54935786,http://wikidata.org/entity/Q204860
Q49117,7,University of Pennsylvania,"private research university in Philadelphia, Pennsylvania, United States",Q902104,http://wikidata.org/entity/Q49117
Q105628,1,Jean Rounault,German writer (1910–1987),Q5,http://wikidata.org/entity/Q105628
Q273263,2,RWTH Aachen University,"university in Aachen, Germany",Q875538,http://wikidata.org/entity/Q273263
Q105084,1,Gliwice,city with powiat rights of Poland in Upper Silesia,Q925381,http://wikidata.org/entity/Q105084
Q661916,1,Nyugat,Hungarian literary journal,Q1002697,http://wikidata.org/entity/Q661916
Q57951,1,Marienberg,town in Germany,Q448801,http://wikidata.org/entity/Q57951
Q10887,1,Attendorn,"town in North Rhine-Westphalia, Germany",Q54935786,http://wikidata.org/entity/Q10887
Q163973,1,Ellwangen,"urban municipality in Baden-Württemberg, Germany",Q42744322,http://wikidata.org/entity/Q163973
Q192964,1,Istanbul University,"public university in Istanbul, Turkey",Q875538,http://wikidata.org/entity/Q192964
Q7025,1,Erkelenz,town in the Rhineland in western Germany,Q54935786,http://wikidata.org/entity/Q7025
Q266915,1,Siegsdorf,municipality of Germany,Q4946461,http://wikidata.org/entity/Q266915
Q683159,1,Neue Zeitschrift für Musik,magazine,Q41298,http://wikidata.org/entity/Q683159
Q89886721,1,Dresdner Zeitung,"German newspaper, 1848-1850",Q11032,http://wikidata.org/entity/Q89886721
Q159630,1,Chemnitz University of Technology,"public university in Chemnitz, Germany",Q875538,http://wikidata.org/entity/Q159630
Q63252801,1,Polytechnikum Karlsruhe,German polytechnic school (1825–1884),Q845392,http://wikidata.org/entity/Q63252801
Q1750241,1,Kämmeritz,"human settlement in Schkölen, Germany",Q253019,http://wikidata.org/entity/Q1750241
Q913987,1,Hamburg University of Applied Sciences,university of applied sciences in Hamburg,Q1365560,http://wikidata.org/entity/Q913987
Q2971,2,Paderborn,"city in North Rhine-Westphalia, Germany",Q42744322,http://wikidata.org/entity/Q2971
Q98178,1,Berta Lask,German writer and journalist (1878–1967),Q5,http://wikidata.org/entity/Q98178
Q212856,1,Wadowice,town of Poland,Q515,http://wikidata.org/entity/Q212856
Q4277429,1,Mala Turia,"village in Dolyna Raion, Ivano-Frankivsk Oblast, Ukraine",Q21672098,http://wikidata.org/entity/Q4277429
Q5615115,1,Viking Dahl,Swedish composer and artist (1895-1945),Q5,http://wikidata.org/entity/Q5615115
Q588,1,Katowice,"city in Silesian Voivodeship, Poland",Q1549591,http://wikidata.org/entity/Q588
Q533166,1,Tutzing,"municipality in the district of Starnberg in Bavaria, Germany",Q116457956,http://wikidata.org/entity/Q533166
Q124445397,1,Otto Koffka,,Q5,http://wikidata.org/entity/Q124445397
Q1796186,1,Royal Wilhelms-Gymnasium,former school in Berlin,Q1542966,http://wikidata.org/entity/Q1796186
Q953169,1,Westzaan,"village in Zaanstad, Netherlands",Q532,http://wikidata.org/entity/Q953169
Q938359,1,Madison,"borough in Morris County, New Jersey, United States",Q2911266,http://wikidata.org/entity/Q938359
Q2112,2,Bielefeld,"big city in North Rhine Westphalia, Germany",Q1549591,http://wikidata.org/entity/Q2112
Q71786,1,Isabel Mundry,German composer,Q5,http://wikidata.org/entity/Q71786
Q1774046,1,Marc Jongen,German journalist and politician,Q5,http://wikidata.org/entity/Q1774046
Q674550,1,Armand Marsick,Belgian conductor and composer (1877-1959),Q5,http://wikidata.org/entity/Q674550
Q1328403,1,Minnesota Orchestra,"symphonic orchestra based in Minneapolis, Minnesota, USA",Q42998,http://wikidata.org/entity/Q1328403
Q9833,1,Etten-Leur,town and municipality in the Netherlands,Q2039348,http://wikidata.org/entity/Q9833
Q208713,6,Ixelles,"municipality in the Brussels-Capital Region, Belgium",Q493522,http://wikidata.org/entity/Q208713
Q31555441,1,Tienen,"town in Tienen municipality, Belgium",Q515,http://wikidata.org/entity/Q31555441
Q174061,1,Denguin,"commune in Pyrénées-Atlantiques, France",Q484170,http://wikidata.org/entity/Q174061
Q135616917,1,Albert Bourdieu,,Q5,http://wikidata.org/entity/Q135616917
Q135616924,1,Noémie Bourdieu,,Q5,http://wikidata.org/entity/Q135616924
Q36696947,1,Béatrice Nodé-Langlois,,Q5,http://wikidata.org/entity/Q36696947
Q1586586,1,Taras Yachshenko,Ukrainian composer and pianist (1964–2017),Q5,http://wikidata.org/entity/Q1586586
Q139743,1,Zelenodolsk,city in Russia,Q192287,http://wikidata.org/entity/Q139743
Q2618105,1,Kazan Conservatory,"educational institution in Qazan, Tatarstan",Q184644,http://wikidata.org/entity/Q2618105
Q4525839,1,Viktor Schnittke,Soviet/German writer (1937–1994),Q5,http://wikidata.org/entity/Q4525839
Q198748,1,Engels,"city in Saratov Oblast, Russia",Q192287,http://wikidata.org/entity/Q198748
Q4525840,1,Harry Schnittke,Soviet journalist (1914–1975),Q5,http://wikidata.org/entity/Q4525840
Q1041542,1,Carla Mann,German actress (1881–1910),Q5,http://wikidata.org/entity/Q1041542
Q1343523,1,Julia Löhr,sister of Heinrich and Thomas Mann (1877–1927),Q5,http://wikidata.org/entity/Q1343523
Q76480,1,Heinrich Mann,German writer (1871–1950),Q5,http://wikidata.org/entity/Q76480
Q2524329,1,Viktor Mann,German author (1890-1949),Q5,http://wikidata.org/entity/Q2524329
Q15978337,1,social critic,critic focused on social issues,Q12737077,http://wikidata.org/entity/Q15978337
Q90357,1,Thomas Johann Heinrich Mann,German politician and merchant (1840-1891),Q5,http://wikidata.org/entity/Q90357
Q78023,1,Júlia da Silva Bruhns,Wife of German politician (1851-1923),Q5,http://wikidata.org/entity/Q78023
Q65176,1,Alfred Pringsheim,"German Jewish mathematician, art collector, patron of the arts and refugee from Nazis (1850-1941)",Q5,http://wikidata.org/entity/Q65176
Q90882149,1,Henri Emmanuel Faber,,Q5,http://wikidata.org/entity/Q90882149
Q5506724,1,Frédéric Théodore Faber,painter (1782-1844),Q5,http://wikidata.org/entity/Q5506724
Q1373477,1,Eugène Ernest Hillemacher,French artist (1818-1887),Q5,http://wikidata.org/entity/Q1373477
Q3089790,1,Frédéric-Désiré Hillemacher,French printmaker (1811-1886),Q5,http://wikidata.org/entity/Q3089790
Q492467,3,University of Auckland,"university in Auckland, New Zealand",Q875538,http://wikidata.org/entity/Q492467
Q97144,1,Werner Meinhof,art historian (1901-1940),Q5,http://wikidata.org/entity/Q97144
Q1465255,1,Ingeborg Meinhof,German art historian (1909–1949),Q5,http://wikidata.org/entity/Q1465255
Q23788092,1,Wolfgang Röhl,,Q5,http://wikidata.org/entity/Q23788092
Q1392312,1,Sucha Huta,village of Poland,Q3558970,http://wikidata.org/entity/Q1392312
Q2558399,1,Fontmell Magna,"village in Dorset, England, UK",Q532,http://wikidata.org/entity/Q2558399
Q201164,1,William Sterndale Bennett,British musician (1816-75),Q5,http://wikidata.org/entity/Q201164
Q831474,1,presbyter,profession,Q63188683,http://wikidata.org/entity/Q831474
Q779458,1,ascetic,person who practices asceticism,Q12737077,http://wikidata.org/entity/Q779458
Q12328016,1,mystic,occupation,Q12737077,http://wikidata.org/entity/Q12328016
Q1607183,1,Villaturiel,municipality of Spain,Q2074737,http://wikidata.org/entity/Q1607183
Q641669,1,Arenas de San Pedro,municipality in Spain,Q2074737,http://wikidata.org/entity/Q641669
Q810029,1,Basil Hall Chamberlain,British academic (1850–1935),Q5,http://wikidata.org/entity/Q810029
Q16755977,1,racial theorist,,Q12737077,http://wikidata.org/entity/Q16755977
Q541348,1,Southsea,"town in Hampshire, England",Q3957,http://wikidata.org/entity/Q541348
Q12379240,1,William Charles Chamberlain,Rear admiral in the British Royal Navy (1818-1878),Q5,http://wikidata.org/entity/Q12379240
Q75957415,1,Eliza Jane Hall,(died 1856),Q5,http://wikidata.org/entity/Q75957415
Q467269,1,Cheltenham College,"independent school in Cheltenham, Gloucestershire, England, UK",Q1972829,http://wikidata.org/entity/Q467269
Q7627335,1,Stubbington House School,"preparatory school in Ascot, Berkshire, United Kingdom",Q3914,http://wikidata.org/entity/Q7627335
Q3152083,1,Ottawa Hospital Research Institute,,Q31855,http://wikidata.org/entity/Q3152083
Q627969,2,University of Ottawa,"public research university in Ottawa, Ontario, Canada",Q62078547,http://wikidata.org/entity/Q627969
Q7607283,1,Stem Cell Network,organization,Q43229,http://wikidata.org/entity/Q7607283
Q324922,1,Lipno,"town in Poland, in Kuyavian-Pomeranian Voivodeship",Q2616791,http://wikidata.org/entity/Q324922
Q13318,2,Imperia,"coastal city and comune in the region of Liguria, Italy",Q747074,http://wikidata.org/entity/Q13318
Q2119652,1,Oneglia,"human settlement in Imperia, Province of Imperia, Liguria, Italy",Q1134686,http://wikidata.org/entity/Q2119652
Q42716,4,Saint-Étienne,"commune in Loire, France",Q484170,http://wikidata.org/entity/Q42716
Q205580,1,Palaiseau,"commune in Essonne, France",Q484170,http://wikidata.org/entity/Q205580
Q3268643,1,Lycée Descartes,"Tours, France",Q20860083,http://wikidata.org/entity/Q3268643
Q381678,1,André Leroi-Gourhan,French archaeologist (1911-1986),Q5,http://wikidata.org/entity/Q381678
Q178577,1,,"American mathematician, scientist in cybernetics and artificial intelligence (1894–1964)",Q5,http://wikidata.org/entity/Q178577
Q345815,1,Pierre Laromiguière,French philosopher (1756-1837),Q5,http://wikidata.org/entity/Q345815
Q965524,1,Pierre Paul Royer-Collard,French academic (1763-1845),Q5,http://wikidata.org/entity/Q965524
Q290140,1,Étienne Vacherot,French philosopher (1809-1897),Q5,http://wikidata.org/entity/Q290140
Q1479519,2,Félix Ravaisson-Mollien,French academic (1813–1900),Q5,http://wikidata.org/entity/Q1479519
Q2959720,1,Charles Bénard,French educationist (1807-1898),Q5,http://wikidata.org/entity/Q2959720
Q3446028,1,Royal Conservatoire of Scotland,"conservatoire of music, drama, and dance in the centre of Glasgow, Scotland, UK",Q184644,http://wikidata.org/entity/Q3446028
Q2094157,1,Pieszcz,"village in West Pomeranian, Poland",Q3558970,http://wikidata.org/entity/Q2094157
Q2715192,1,Prestbury,"village and civil parish in Cheshire East, England",Q532,http://wikidata.org/entity/Q2715192
Q3288324,1,Marc Philonenko,French historian,Q5,http://wikidata.org/entity/Q3288324
Q4484280,1,Maximilian Filonenko,,Q5,http://wikidata.org/entity/Q4484280
Q123856285,1,conservatoire du 6e arrondissement de Paris,,Q3152824,http://wikidata.org/entity/Q123856285
Q59925977,1,Paul Magritte,Belgian composer,Q5,http://wikidata.org/entity/Q59925977
Q667790,1,Lessines,"city in Wallonia, Belgium",Q493522,http://wikidata.org/entity/Q667790
Q2822455,1,Académie Royale des Beaux-Arts - École supérieure des Arts de la Ville de Bruxelles,"art school in Brussels, Belgium",Q383092,http://wikidata.org/entity/Q2822455
Q2143377,1,Wallingford Riegger,American music composer (1885–1961),Q5,http://wikidata.org/entity/Q2143377
Q213905,1,Stefan Wolpe,German composer (1902–1972),Q5,http://wikidata.org/entity/Q213905
Q95096,1,Ath,"city in Wallonia, Belgium",Q493522,http://wikidata.org/entity/Q95096
Q2789128,1,Royal Conservatory of Mons,,Q184644,http://wikidata.org/entity/Q2789128
Q111966974,1,Conservatoire royal de Bruxelles,"conservatory in Brussels, Belgium",Q184644,http://wikidata.org/entity/Q111966974
Q16773661,1,econometrician,Profession,Q28640,http://wikidata.org/entity/Q16773661
Q237674,1,Saint-Gilles,"municipality in the Brussels-Capital Region, Belgium",Q493522,http://wikidata.org/entity/Q237674
Q114345194,1,Balduin Fischer,German classical philologist and teacher,Q5,http://wikidata.org/entity/Q114345194
Q1309598,1,Otto Rubensohn,German-Jewish classical archaeologist (1867–1964),Q5,http://wikidata.org/entity/Q1309598
Q94904869,1,Arnold Bork,,Q5,http://wikidata.org/entity/Q94904869
Q114341146,1,Leopold Percy Hobsbaum,(1881-1929),Q5,http://wikidata.org/entity/Q114341146
Q105698324,1,Nelly Hobsbaum,Austrian writer and translator,Q5,http://wikidata.org/entity/Q105698324
Q7594669,1,St Marylebone Grammar School,former school in London,Q967098,http://wikidata.org/entity/Q7594669
Q19963785,1,Prinz-Heinrichs-Gymnasium,former high school in Berlin-Schöneberg (1890-1945),Q1636697,http://wikidata.org/entity/Q19963785
Q5302695,1,Dowlais,"village and community of the county borough of Merthyr Tydfil, in Wales",Q532,http://wikidata.org/entity/Q5302695
Q14839,1,Aurich,"town in Lower Saxony, Germany",Q134626,http://wikidata.org/entity/Q14839
Q26208095,1,Maria Bezobrazova,"Russian philosopher, historiographer, educator, journalist and women's rights activist",Q5,http://wikidata.org/entity/Q26208095
Q43452,1,Autonomous University of Barcelona,"public university in Barcelona, Catalonia, Spain",Q875538,http://wikidata.org/entity/Q43452
Q130746964,1,Louis Heilbron,American lawyer,Q5,http://wikidata.org/entity/Q130746964
Q1780816,1,State University of New York at Albany,"state university in Albany, New York",Q875538,http://wikidata.org/entity/Q1780816
Q559745,1,Vachdorf,municipality of Germany,Q116457956,http://wikidata.org/entity/Q559745
Q100963702,1,Nathan Cobb,music theorist,Q5,http://wikidata.org/entity/Q100963702
Q102258011,1,Samantha Englander,music theorist and restaurant services manager,Q5,http://wikidata.org/entity/Q102258011
Q102260489,1,Thomas Johnson,music theorist,Q5,http://wikidata.org/entity/Q102260489
Q102261176,1,Bennett Samuel Lin,web and iOS developer and music theorist,Q5,http://wikidata.org/entity/Q102261176
Q104448533,1,Zach Myers,"American pianist, teacher, and composer",Q5,http://wikidata.org/entity/Q104448533
Q104479493,1,Matthew Szwyd,American musician,Q5,http://wikidata.org/entity/Q104479493
Q2063588,1,William Irwin Thompson,American poet and social critic (1938–2020),Q5,http://wikidata.org/entity/Q2063588
Q391028,4,University of British Columbia,"public research university in British Columbia, Canada",Q62078547,http://wikidata.org/entity/Q391028
Q3145132,1,Hôpital Antoine-Béclère,hospital in France,Q13226383,http://wikidata.org/entity/Q3145132
Q88390216,1,André Sève,,Q5,http://wikidata.org/entity/Q88390216
Q3269083,1,French Lycée in Brussels,"French school in Brussels, Belgium",Q106915712,http://wikidata.org/entity/Q3269083
Q3268914,2,Lycée Saint-Charles,"high school in Marseille, France",Q2511322,http://wikidata.org/entity/Q3268914
Q20724496,1,Éditions sociales,French publisher,Q2085381,http://wikidata.org/entity/Q20724496
Q601482,1,Georges Politzer,"French philosopher, Marxist theoretician and resistance member (1903-1942)",Q5,http://wikidata.org/entity/Q601482
Q215155,1,Fréjus,"commune in Var, France",Q484170,http://wikidata.org/entity/Q215155
Q1557578,1,Guy Reibel,French composer,Q5,http://wikidata.org/entity/Q1557578
Q360834,1,Ivo Malec,Croatian French composer (1925–2019),Q5,http://wikidata.org/entity/Q360834
Q24578959,1,Valentin Villard,,Q5,http://wikidata.org/entity/Q24578959
Q3128596,2,Haute école de musique de Genève,"music institution in Geneva, Switzerland",Q3918,http://wikidata.org/entity/Q3128596
Q2994564,1,Regional Conservatory of Lille,music school in France,Q17487523,http://wikidata.org/entity/Q2994564
Q493544,1,Makkum,"village in Súdwest-Fryslân, Netherlands",Q532,http://wikidata.org/entity/Q493544
Q1899314,1,Driebergen,"human settlement in Utrechtse Heuvelrug, the Netherlands",Q486972,http://wikidata.org/entity/Q1899314
Q502806,1,Marktgraitz,market municipality of Germany,Q100341898,http://wikidata.org/entity/Q502806
Q768714,1,Portadown,"town in County Armagh, Northern Ireland, UK",Q486972,http://wikidata.org/entity/Q768714
Q514940,1,Bergkirchen,municipality of Germany,Q116457956,http://wikidata.org/entity/Q514940
Q25330,1,Trenton,"capital of New Jersey, United States and seat of Mercer County, New Jersey, United States",Q2974552,http://wikidata.org/entity/Q25330
Q191856,2,Oyonnax,"commune in Ain, France",Q484170,http://wikidata.org/entity/Q191856
Q322570,1,Bernard Stevens,British composer (1916-1983),Q5,http://wikidata.org/entity/Q322570
Q3929,1,Port Louis,capital city of Mauritius,Q515,http://wikidata.org/entity/Q3929
Q4767645,1,Anna de La Grange,French opera singer,Q5,http://wikidata.org/entity/Q4767645
Q89796502,1,Dilip Kondepudi,Biomolecular researcher,Q5,http://wikidata.org/entity/Q89796502
Q84296,1,Ludwig Boltzmann,Austrian physicist and philosopher (1844–1906),Q5,http://wikidata.org/entity/Q84296
Q558384,1,Théophile de Donder,Belgian physicist (1872–1957),Q5,http://wikidata.org/entity/Q558384
Q4274784,1,Wilhelm Mayer,Austrian composer and music teacher (1831-1898),Q5,http://wikidata.org/entity/Q4274784
Q6697,1,Empoli,Italian comune,Q747074,http://wikidata.org/entity/Q6697
Q94492347,1,Ferdinando Busoni,Italian clarinetist and composer,Q5,http://wikidata.org/entity/Q94492347
Q42529696,1,Anna Weiss-Busoni,pianist,Q5,http://wikidata.org/entity/Q42529696
Q1320822,1,Zdenka Ticharich,"Hungarian pianist, music educator and composer (1900-1979)",Q5,http://wikidata.org/entity/Q1320822
Q6012920,1,Michael Zadora,American pianist and composer (1882-1946),Q5,http://wikidata.org/entity/Q6012920
Q728822,1,Egon Petri,Dutch musician (1881-1962),Q5,http://wikidata.org/entity/Q728822
Q1037441,1,Leo Sirota,"Russian, Austrian, and American pianist (1885–1965)",Q5,http://wikidata.org/entity/Q1037441
Q243072,1,Natalie Curtis,American ethnomusicologist (1875–1921),Q5,http://wikidata.org/entity/Q243072
Q3588297,1,Emile-Robert Blanchet,"Swiss pianist, composer and mountaineer (1877-1943)",Q5,http://wikidata.org/entity/Q3588297
Q835440,3,University of Konstanz,"university in Konstanz, Germany",Q875538,http://wikidata.org/entity/Q835440
Q911963,2,Institute of Advanced Studies Vienna,"economic research institute in Vienna, Austria",Q1478378,http://wikidata.org/entity/Q911963
Q72884,1,Karl Dilthey,German classical philologist and archaeologist (1839–1907),Q5,http://wikidata.org/entity/Q72884
Q94762248,1,Lilly Usener,,Q5,http://wikidata.org/entity/Q94762248
Q94767511,1,Marie Dilthey,,Q5,http://wikidata.org/entity/Q94767511
Q656680,1,Biebrich,"municipal district of the city of Wiesbaden in Hesse, Germany",Q1499928,http://wikidata.org/entity/Q656680
Q638380,1,Seis am Schlern,"human settlement in Kastelruth, South Tyrol, Trentino-South Tyrol, Italy",Q1134686,http://wikidata.org/entity/Q638380
Q55843679,1,Maximilian Dilthey,German theologian (1804-1867),Q5,http://wikidata.org/entity/Q55843679
Q94771612,1,Maria Laura Dilthey,,Q5,http://wikidata.org/entity/Q94771612
Q502710,1,Greiz,municipality of Germany,Q42744322,http://wikidata.org/entity/Q502710
Q70793,1,Martin Knutzen,German philosopher (1713–1751),Q5,http://wikidata.org/entity/Q70793
Q1694154,1,Johann Gottfried Teske,German physicist,Q5,http://wikidata.org/entity/Q1694154
Q21179195,1,Johann Georg Kant,Father of Immanuel Kant (1682-1746),Q5,http://wikidata.org/entity/Q21179195
Q123603152,1,Anna Regina Kant,mother of Immanuel Kant,Q5,http://wikidata.org/entity/Q123603152
Q70666,1,Jakob Sigismund Beck,German philosopher,Q5,http://wikidata.org/entity/Q70666
Q77881,1,Christian Jakob Kraus,German linguist (1753-1807),Q5,http://wikidata.org/entity/Q77881
Q1615351,1,'s-Graveland,"village in Wijdemeren, Netherlands",Q532,http://wikidata.org/entity/Q1615351
Q109877110,1,Victor Dwelshauvers-Dery,Belgian engineer and historian (1836-1913),Q5,http://wikidata.org/entity/Q109877110
Q174251,1,Châteauroux,"French commune in Indre, Centre-Val de Loire",Q484170,http://wikidata.org/entity/Q174251
Q15141465,2,Le Ménestrel,French music journal,Q41298,http://wikidata.org/entity/Q15141465
Q3551576,1,University of Clermont-Ferrand (1896-1976),"former French university from 1896 to 1976, replaced in 1976 by two diferent universities : Université Clermont I et Université Clermont II",Q3551775,http://wikidata.org/entity/Q3551576
Q612648,1,Blaise Pascal University (Clermont II),"former French university existing from 1976 to 2016 in Clermont-Ferrand, replaced by University Clermont Auvergne",Q3551775,http://wikidata.org/entity/Q612648
Q3268603,2,Lycée Bugeaud,"school in French Algeria, become Lycée Émir Abdelkader after the Algerian War",Q2511322,http://wikidata.org/entity/Q3268603
Q274969,1,Émile Boutroux,French philosopher and historian (1845–1921),Q5,http://wikidata.org/entity/Q274969
Q459138,1,Moina Mathers,French artist (1865–1928),Q5,http://wikidata.org/entity/Q459138
Q3308715,1,Michał Bergson,Polish musician (1820–1898),Q5,http://wikidata.org/entity/Q3308715
Q154145,2,Gabriel Marcel,"French philosopher, playwright, music critic and leading Christian existentialist (1889-1973)",Q5,http://wikidata.org/entity/Q154145
Q274978,2,Émile Bréhier,French historian of philosophy (1876–1952),Q5,http://wikidata.org/entity/Q274978
Q1897411,1,Marie Lenéru,"French playwright, diarist and writer (1875-1918)",Q5,http://wikidata.org/entity/Q1897411
Q4336642,1,Vladimir Grigorievich Orlov,Russian politician and courtier (1743-1831),Q5,http://wikidata.org/entity/Q4336642
Q106512360,1,Elisabeth Orlova,,Q5,http://wikidata.org/entity/Q106512360
Q657845,1,House of Orlov,noble family,Q13417114,http://wikidata.org/entity/Q657845
Q96089783,1,Thomas Locke,(1637-1663),Q5,http://wikidata.org/entity/Q96089783
Q1825419,1,Wrington,"village and civil parish in Somerset, England, UK",Q532,http://wikidata.org/entity/Q1825419
Q2233631,1,High Laver,"village in Essex, England, UK",Q532,http://wikidata.org/entity/Q2233631
Q21198546,1,John Locke,father of English philosopher John Locke,Q5,http://wikidata.org/entity/Q21198546
Q21198547,1,Agnes Keene,John Locke's mother,Q5,http://wikidata.org/entity/Q21198547
Q335017,1,Newport News,"independent city in Virginia, United States",Q1266818,http://wikidata.org/entity/Q335017
Q128069,1,Syracuse,"city in and county seat of Onondaga County, New York, United States",Q15063611,http://wikidata.org/entity/Q128069
Q28848,1,Saint Paul,"capital of the state of Minnesota, United States; county seat of Ramsey County, Minnesota",Q1093829,http://wikidata.org/entity/Q28848
Q76514,1,Alfred Weber,German geographer and economist (1868–1958),Q5,http://wikidata.org/entity/Q76514
Q104215560,1,Margarete Freudenthal-Sallis,German-Israeli sociologist,Q5,http://wikidata.org/entity/Q104215560
Q503336,1,Lawton,"city and County seat of Comanche County, Oklahoma, United States",Q1093829,http://wikidata.org/entity/Q503336
Q217346,3,Ithaca,"city in Tompkins County, New York, USA, enclosed by the town of the same name",Q15063611,http://wikidata.org/entity/Q217346
Q748306,1,Pierre François Joseph Durutte,French general (1767–1827),Q5,http://wikidata.org/entity/Q748306
Q101208601,1,Véturie Espagne,,Q5,http://wikidata.org/entity/Q101208601
Q1352683,1,Erich Kõlar,Estonian conductor (1924–2022),Q5,http://wikidata.org/entity/Q1352683
Q12361867,1,Yelena Poznjak-Kõlar,Estonian ballerina and dance teacher (born 1936),Q5,http://wikidata.org/entity/Q12361867
Q16405077,1,Ele Kõlar,Estonian singer (born 1951),Q5,http://wikidata.org/entity/Q16405077
Q16405081,1,Kaja Kõlar,Estonian singer (1953-1994),Q5,http://wikidata.org/entity/Q16405081
Q17447038,1,Paap Kõlar,Estonian musician (born 1954),Q5,http://wikidata.org/entity/Q17447038
Q7680141,1,Tallinn Music High School,"music school in Tallinn, Estonia",Q1021290,http://wikidata.org/entity/Q7680141
Q12362977,1,Gerhard Lock,Estonian-German composer (born 1978),Q5,http://wikidata.org/entity/Q12362977
Q339347,1,Otepää,town in Estonia,Q11881845,http://wikidata.org/entity/Q339347
Q123292,1,Upper Norwood,"area of South London within the London Boroughs of Bromley, Croydon and Lambeth",Q2755753,http://wikidata.org/entity/Q123292
Q49986665,1,Will G. Gilbert,,Q5,http://wikidata.org/entity/Q49986665
Q13122,1,Dendermonde,"city in East Flanders, Belgium",Q15273785,http://wikidata.org/entity/Q13122
Q1403108,1,Louis Persinger,American musician (1887–1966),Q5,http://wikidata.org/entity/Q1403108
Q2034815,1,San Francisco Conservatory of Music,music school,Q184644,http://wikidata.org/entity/Q2034815
Q1060664,1,Noordpeene,"commune in Nord, France",Q484170,http://wikidata.org/entity/Q1060664
Q3355288,2,Orchestre de l'Opéra national de Paris,French Symphonic Orchestra dating from 1672,Q42998,http://wikidata.org/entity/Q3355288
Q2537853,2,Orchestre de la Société des Concerts du Conservatoire,French orchestra,Q42998,http://wikidata.org/entity/Q2537853
Q328077,1,Vertou,"commune in Loire-Atlantique, France",Q484170,http://wikidata.org/entity/Q328077
Q81099,1,Edingen-Neckarhausen,municipality in Germany,Q116457956,http://wikidata.org/entity/Q81099
Q156593,1,Sambir,"city of regional significance, the administrative center of the Sambir district, Lviv region of Ukraine",Q5123999,http://wikidata.org/entity/Q156593
Q5241956,1,Davis Rich Dewey,American economist and statistician,Q5,http://wikidata.org/entity/Q5241956
Q31058,1,Burlington,"city in Chittenden County, Vermont, United States",Q1093829,http://wikidata.org/entity/Q31058
Q113628001,1,Capt. Archibald Sprague Dewey,27 Apr 1811 - 10 Apr 1891,Q5,http://wikidata.org/entity/Q113628001
Q7342457,1,Robert Bruce Raup,American philosopher (1888–1976),Q5,http://wikidata.org/entity/Q7342457
Q98031842,1,Lilla Belle Pitts,American music educator (1884-1970),Q5,http://wikidata.org/entity/Q98031842
Q108868489,1,Nuri Ja'far,Iraqi psychologist and philosopher,Q5,http://wikidata.org/entity/Q108868489
Q53554997,1,historian of chemistry,,Q28640,http://wikidata.org/entity/Q53554997
Q676136,1,Stratford,"district of the London Borough of Newham in East London, England",Q3957,http://wikidata.org/entity/Q676136
Q2463017,1,Hope,"city in Kansas, United States",Q1093829,http://wikidata.org/entity/Q2463017
Q969850,3,Stony Brook University,"public university in Stony Brook, New York, United States",Q875538,http://wikidata.org/entity/Q969850
Q10798782,1,television actor,actor who performs on television,Q28640,http://wikidata.org/entity/Q10798782
Q10800557,1,film actor,actor who appears in films,Q4220920,http://wikidata.org/entity/Q10800557
Q18386211,1,Julius von Bismarck,German artist (born 1983),Q5,http://wikidata.org/entity/Q18386211
Q1394159,1,Jeppe Hein,Danish sculptor based in Berlin (born 1974),Q5,http://wikidata.org/entity/Q1394159
Q1737734,2,University of Keele,"university in Keele, United Kingdom",Q3918,http://wikidata.org/entity/Q1737734
Q16554,2,Denver,"consolidated city-county and capital of Colorado, United States",Q3301053,http://wikidata.org/entity/Q16554
Q49255,2,Tampa,"city in Florida, United States",Q1093829,http://wikidata.org/entity/Q49255
Q23437,1,William Hirstein,American philosopher,Q5,http://wikidata.org/entity/Q23437
Q45412,1,Coimbra,municipality in Portugal,Q13217644,http://wikidata.org/entity/Q45412
Q734764,1,University of New South Wales,"public research university in Kensington, Sydney, Australia",Q62078547,http://wikidata.org/entity/Q734764
Q494504,2,Bludenz,"municipality in the Bludenz District of Vorarlberg, Austria",Q667509,http://wikidata.org/entity/Q494504
Q2722764,2,radio personality,person who has an on-air position in radio broadcasting,Q58635633,http://wikidata.org/entity/Q2722764
Q110167163,1,Denys Klein,,Q5,http://wikidata.org/entity/Q110167163
Q868550,1,Alternative Energies and Atomic Energy Commission,French research organisation,Q43229,http://wikidata.org/entity/Q868550
Q273447,1,École Centrale Paris,French engineering grande école (selective higher education institution),Q1663017,http://wikidata.org/entity/Q273447
Q16034267,1,famille Halévy,family,Q8436,http://wikidata.org/entity/Q16034267
Q15981151,1,jazz musician,musician who plays jazz,Q66715801,http://wikidata.org/entity/Q15981151
Q213299,3,Jonzac,"French commune in Charente-Maritime, New Aquitaine",Q484170,http://wikidata.org/entity/Q213299
Q28793580,1,Godfried Devreese,Belgian composer (1893-1962),Q5,http://wikidata.org/entity/Q28793580
Q2771085,1,Lammert Leertouwer,Dutch theologian (1932-2024),Q5,http://wikidata.org/entity/Q2771085
Q392337,1,Izegem,"city in West Flanders, Belgium",Q493522,http://wikidata.org/entity/Q392337
Q7010,1,Leonberg,"city in Baden-Wuerttemberg, Germany",Q42744322,http://wikidata.org/entity/Q7010
Q95759,1,Bad Ragaz,municipality in the canton of St. Gallen in Switzerland,Q70208,http://wikidata.org/entity/Q95759
Q5915567,1,House of Burgh,ancient noble family in England and Ireland,Q13417114,http://wikidata.org/entity/Q5915567
Q672717,1,Feldbach,"municipality in Südoststeiermark District, Styria, Austria",Q667509,http://wikidata.org/entity/Q672717
Q76130645,1,James Paine,(born 1831),Q5,http://wikidata.org/entity/Q76130645
Q76130647,1,Henrietta Grace Allen,(born 1845),Q5,http://wikidata.org/entity/Q76130647
Q329621,1,Beauraing,"city in Wallonia, Belgium",Q493522,http://wikidata.org/entity/Q329621
Q285171,2,Lucka,municipality of Germany,Q42744322,http://wikidata.org/entity/Q285171
Q72936663,1,Christian Gottfried Belcke,,Q5,http://wikidata.org/entity/Q72936663
Q1371378,2,ethnologist,profession,Q28640,http://wikidata.org/entity/Q1371378
Q20314,1,Penzlin,"town in Mecklenburg-Western Pomerania, Germany",Q42744322,http://wikidata.org/entity/Q20314
Q1113,1,West Flanders,"province in Flanders, Belgium",Q83116,http://wikidata.org/entity/Q1113
Q7541856,2,ceramicist,practitioner of ceramic arts,Q28640,http://wikidata.org/entity/Q7541856
Q18286730,8,European Ceramics Work Center,"international research and artist-in-residence center for ceramics, based in Oisterwijk, the Netherlands",Q7315155,http://wikidata.org/entity/Q18286730
Q2901572,3,music librarian,"specialized librarian, usually with degrees in both music and librarianship",Q28640,http://wikidata.org/entity/Q2901572
Q736635,1,Biatorbágy,"town in Pest County, Budapest metropolitan area, Hungary",Q13218690,http://wikidata.org/entity/Q736635
Q791024,2,"Béla Bartók Conservatory, Budapest",,Q184644,http://wikidata.org/entity/Q791024
Q4948,2,Republic of Venice,"former state (697–1797) controlling, at various times, parts of northeastern Italy, the Balkans, and Mediterranean islands",Q3624078,http://wikidata.org/entity/Q4948
Q661621,1,Wolfhalden,municipality in the canton of Appenzell Ausserrhoden in Switzerland,Q70208,http://wikidata.org/entity/Q661621
Q66803,1,Anwil,municipality in the canton of Basel-Land in Switzerland,Q70208,http://wikidata.org/entity/Q66803
Q76359,1,Ernst Abbe,German physicist (1840-1905),Q5,http://wikidata.org/entity/Q76359
Q76707,1,Wilhelm Eduard Weber,German physicist (1804–1891),Q5,http://wikidata.org/entity/Q76707
Q18930418,3,analytic philosopher,,Q28640,http://wikidata.org/entity/Q18930418
Q18930236,2,philosopher of language,,Q28640,http://wikidata.org/entity/Q18930236
Q55850028,1,Karl Alexander Frege,,Q5,http://wikidata.org/entity/Q55850028
Q138012331,1,Auguste Bialloblotzky,Gottlob Frege's mother,Q5,http://wikidata.org/entity/Q138012331
Q184735,1,Bernard Bolzano,Bohemian mathematician and priest (1781–1848),Q5,http://wikidata.org/entity/Q184735
Q1514299,1,Wilbur,"town in Lincoln County, Washington, United States",Q15127012,http://wikidata.org/entity/Q1514299
Q2092392,1,University of Dayton,"university in Dayton, Ohio, USA",Q3918,http://wikidata.org/entity/Q2092392
Q50015,1,Claremont Graduate University,"university located in Claremont, California, United States",Q902104,http://wikidata.org/entity/Q50015
Q3878581,1,Bushnell University,"private university in Eugene, Oregon",Q3918,http://wikidata.org/entity/Q3878581
Q7115296,1,Oxford College of Emory University,"two-year residential college of Emory University located in Oxford, Georgia, USA",Q2680291,http://wikidata.org/entity/Q7115296
Q7327746,1,Richard McKeon,American philosopher (1900–1985),Q5,http://wikidata.org/entity/Q7327746
Q1990660,1,Hulste,"section of Harelbeke, Belgium",Q2785216,http://wikidata.org/entity/Q1990660
Q607274,1,Lodelinsart,"section of Charleroi, Wallonia, Belgium",Q2785216,http://wikidata.org/entity/Q607274
Q2833615,1,Alexandre Dratwicki,"French musicologist, clarinetist and violist",Q5,http://wikidata.org/entity/Q2833615
Q350325,1,Adam Liszt,father of Franz Liszt,Q5,http://wikidata.org/entity/Q350325
Q660821,1,Raiding,"municipality in Oberpullendorf District, Burgenland, Austria",Q562061,http://wikidata.org/entity/Q660821
Q16113,1,Radolfzell am Bodensee,"town in Konstanz district, Baden-Württemberg, Germany",Q42744322,http://wikidata.org/entity/Q16113
Q572873,1,Gößnitz,municipality of Germany,Q42744322,http://wikidata.org/entity/Q572873
Q515042,1,Andrzej Jasiński,Polish pianist,Q5,http://wikidata.org/entity/Q515042
Q103892,1,Zabrze,city with powiat rights of Poland,Q925381,http://wikidata.org/entity/Q103892
Q75606,1,Academy of Music in Katowice,"school in Katowice, Poland",Q184644,http://wikidata.org/entity/Q75606
Q75451,1,Robert Teichmüller,German pianist (1863–1939),Q5,http://wikidata.org/entity/Q75451
Q703458,1,Julius Schnorr von Carolsfeld,painter from Germany (1794-1872),Q5,http://wikidata.org/entity/Q703458
Q94758525,1,Charlotte Krug,,Q5,http://wikidata.org/entity/Q94758525
Q94771571,1,Henriette Schnorr von Carolsfeld,,Q5,http://wikidata.org/entity/Q94771571
Q13290961,1,Veit Hanns Schnorr von Carolsfeld,German artist (1764-1841),Q5,http://wikidata.org/entity/Q13290961
Q163132,2,Akron,"city and the county seat of Summit County, Ohio, United States",Q62049,http://wikidata.org/entity/Q163132
Q546964,1,Dolores,city in Uruguay,Q515,http://wikidata.org/entity/Q546964
Q504426,2,Borys Liatoshynsky,"Ukrainian composer, conductor, teacher (1894–1968)",Q5,http://wikidata.org/entity/Q504426
Q596947,1,Levko Revutsky,Ukrainian composer (1889–1977),Q5,http://wikidata.org/entity/Q596947
Q1899,2,Kyiv,capital and largest city of Ukraine,Q51929311,http://wikidata.org/entity/Q1899
Q1515426,2,Ukrainian National Academy of Music,"conservatoire in Kyiv, Ukraine",Q184644,http://wikidata.org/entity/Q1515426
Q16678501,1,Muzykalnaya Akademiya,Russian academic music journal,Q41298,http://wikidata.org/entity/Q16678501
Q110153098,1,Faculty of Economics of Taras Shevchenko Kyiv National University,,Q180958,http://wikidata.org/entity/Q110153098
Q22929895,1,medieval historian,historian specializing in the European Middle Ages,Q28640,http://wikidata.org/entity/Q22929895
Q2737906,1,videographer,person who works in the field of videography,Q28640,http://wikidata.org/entity/Q2737906
Q57933,1,Olbernhau,municipality of Germany,Q42744322,http://wikidata.org/entity/Q57933
Q394628,1,Raymond Williams,"Welsh scholar, author, and Marxist literary critic (1921–1988)",Q5,http://wikidata.org/entity/Q394628
Q47952,1,Salford,"city in Greater Manchester, England, UK",Q515,http://wikidata.org/entity/Q47952
Q777403,1,Washington University in St. Louis,"private research university in St. Louis, Missouri, United States",Q902104,http://wikidata.org/entity/Q777403
Q1746566,1,Claresholm,"town in Alberta, Canada",Q55430416,http://wikidata.org/entity/Q1746566
Q837113,1,Loma Linda,"city in San Bernardino County, California, United States",Q1093829,http://wikidata.org/entity/Q837113
Q137571,1,Poul Martin Møller,Danish academic and poet (1794–1838),Q5,http://wikidata.org/entity/Q137571
Q1959495,1,Frederik Christian Sibbern,Danish philosopher,Q5,http://wikidata.org/entity/Q1959495
Q552875,1,Hans Lassen Martensen,Danish bishop (1808–1884),Q5,http://wikidata.org/entity/Q552875
Q1076340,1,Peter Kierkegaard,Danish Lutheran pastor (1805-1888),Q5,http://wikidata.org/entity/Q1076340
Q5908487,1,Michael Pedersen Kierkegaard,(1756-1838),Q5,http://wikidata.org/entity/Q5908487
Q2654959,1,Arno Koselleck,German historian and educationist (1891-1977),Q5,http://wikidata.org/entity/Q2654959
Q63439566,1,Nicolas Verlaine,French military officer,Q5,http://wikidata.org/entity/Q63439566
Q63439684,1,Élisa Verlaine,(1809-1886),Q5,http://wikidata.org/entity/Q63439684
Q68124,2,La Chaux-de-Fonds,municipality in the canton of Neuchâtel in Switzerland,Q70208,http://wikidata.org/entity/Q68124
Q258566,1,Grandvaux,"commune in Saône-et-Loire, France",Q484170,http://wikidata.org/entity/Q258566
Q397705,1,Moerbeke,"former municipality in East Flanders, Belgium",Q493522,http://wikidata.org/entity/Q397705
Q2195072,1,Erik Spinoy,Flemisch poet,Q5,http://wikidata.org/entity/Q2195072
Q1970232,1,Tom Lanoye,Belgian poet and playwright (born 1958),Q5,http://wikidata.org/entity/Q1970232
Q644789,5,Catholic University of Leuven,"former University in Belgium, 1834–1968",Q557206,http://wikidata.org/entity/Q644789
Q9858,1,Oosterhout,municipality in the Netherlands,Q2039348,http://wikidata.org/entity/Q9858
Q898394,1,Sint-Gillis-bij-Dendermonde,"section of Dendermonde, Belgium",Q2785216,http://wikidata.org/entity/Q898394
Q73570,1,Geleen,"town in Sittard-Geleen, Netherlands",Q3957,http://wikidata.org/entity/Q73570
Q11729025,1,Julian Gembalski,"Polish composer, organist and academic teacher",Q5,http://wikidata.org/entity/Q11729025
Q31824055,1,Kontich,"town in Kontich municipality, Belgium",Q532,http://wikidata.org/entity/Q31824055
Q257979,1,Heist-op-den-Berg,"municipality in Antwerp, Belgium",Q493522,http://wikidata.org/entity/Q257979
Q189692,1,Genk,"municipality in Limburg, Belgium",Q493522,http://wikidata.org/entity/Q189692
Q2336455,1,Openluchtmuseum Bokrijk,museum complex in Belgium,Q28853922,http://wikidata.org/entity/Q2336455
Q1014607,1,St. Johnsbury,"town in Vermont, United States",Q2154459,http://wikidata.org/entity/Q1014607
Q1008686,1,Ivančice,town in the Czech Republic,Q5153359,http://wikidata.org/entity/Q1008686
Q2098699,1,Roclenge-sur-Geer,"section of Bassenge, Wallonia, Belgium",Q2785216,http://wikidata.org/entity/Q2098699
Q758336,1,Atzgersdorf,quarter of Vienna,Q17376095,http://wikidata.org/entity/Q758336
Q640694,3,University of Alberta,"public research university in Edmonton, Alberta, Canada",Q11057861,http://wikidata.org/entity/Q640694
Q2577106,1,Octave Hamelin,French philosopher (1856–1907),Q5,http://wikidata.org/entity/Q2577106
Q173695,1,Épinal,"commune in Vosges, France",Q484170,http://wikidata.org/entity/Q173695
Q1106713,1,Germaine Dieterlen,French anthropologist (1903-1999),Q5,http://wikidata.org/entity/Q1106713
Q1972058,1,Robert Hertz,French sociologist (1881–1915),Q5,http://wikidata.org/entity/Q1972058
Q43788,1,Madison,"capital city of Wisconsin, United States",Q1093829,http://wikidata.org/entity/Q43788
Q12119633,1,immunologist,scientist or clinician who specialise in the field of immunology,Q12737077,http://wikidata.org/entity/Q12119633
Q168162,1,Ness Ziona,City in the Central District of Israel,Q515,http://wikidata.org/entity/Q168162
Q180294,1,Jaffa,southern and oldest part of Tel Aviv,Q515,http://wikidata.org/entity/Q180294
Q80207,2,Lviv University,"public university in Lviv, Ukraine",Q875538,http://wikidata.org/entity/Q80207
Q4271095,1,Danylo Halytsky Lviv National Medical University,"public university in Lviv, Ukraine",Q3918,http://wikidata.org/entity/Q4271095
Q2753709,1,State Archives in Ghent,,Q166118,http://wikidata.org/entity/Q2753709
Q7473516,1,Tokyo,"special wards in the eastern part of Tokyo Metropolis in Japan, that used to form a single city",Q129319205,http://wikidata.org/entity/Q7473516
Q1848657,1,University of Tulsa,"university in Oklahoma, United States",Q3918,http://wikidata.org/entity/Q1848657
Q34427,1,Saint-Dié-des-Vosges,"commune in Vosges, France",Q484170,http://wikidata.org/entity/Q34427
Q557779,1,Wilhelmsdorf,"municipality in the district of Ravensburg, Baden-Württemberg, Germany",Q116457956,http://wikidata.org/entity/Q557779
Q754729,1,Târnăveni,"city in Mureș County, Romania",Q640364,http://wikidata.org/entity/Q754729
Q1130040,1,Sándor Ligeti,Hungarian sociologist,Q5,http://wikidata.org/entity/Q1130040
Q68047,1,Ulf Schirmer,German conductor,Q5,http://wikidata.org/entity/Q68047
Q316903,1,Giuseppe Sinopoli,Italian conductor and composer,Q5,http://wikidata.org/entity/Q316903
Q4790089,1,Ari Angervo,Finnish violinist and conductor,Q5,http://wikidata.org/entity/Q4790089
Q82724,1,Messkirch,municipality in Germany,Q42744322,http://wikidata.org/entity/Q82724
Q86070,1,Eberhard Hopf,German mathematician (1902-1983),Q5,http://wikidata.org/entity/Q86070
Q1649745,1,John Knowles Paine,American composer (1839–1906),Q5,http://wikidata.org/entity/Q1649745
Q82274,1,Plochingen,municipality in Germany,Q42744322,http://wikidata.org/entity/Q82274
Q587718,1,Anton-Bruckner-Gymnasium Straubing,"school in Straubing, Bavaria, Germany",Q1542966,http://wikidata.org/entity/Q587718
Q17486330,1,historian of mathematics,humanist who is engaged in history of mathematics,Q28640,http://wikidata.org/entity/Q17486330
Q450697,1,Alzenau,urban municipality of Germany in Bavaria,Q42744322,http://wikidata.org/entity/Q450697
Q753219,1,New Town,quarter in the city of Prague in the Czech Republic,Q20871353,http://wikidata.org/entity/Q753219
Q12047389,1,"Faculty of Law, Charles University in Prague","faculty of Charles University, Prague, Czech Republic",Q180958,http://wikidata.org/entity/Q12047389
Q7106814,1,Osina Wielka,"village in Lower Silesian, Poland",Q3558970,http://wikidata.org/entity/Q7106814
Q77045,1,Wilhelm Windelband,German philosopher (1848–1915),Q5,http://wikidata.org/entity/Q77045
Q61255,1,Kuno Fischer,German philosopher (1824–1907),Q5,http://wikidata.org/entity/Q61255
Q77012,1,Heinrich Rickert,German philosopher (1863-1936),Q5,http://wikidata.org/entity/Q77012
Q6088,1,Alessandria,Italian city and commune in Piedmont,Q747074,http://wikidata.org/entity/Q6088
Q1679055,1,Marco Belpoliti,Italian writer,Q5,http://wikidata.org/entity/Q1679055
Q12886151,1,Christos Thivaios,Greek singer and composer,Q5,http://wikidata.org/entity/Q12886151
Q990888,1,Rock Rapids,"city in Iowa, United States",Q1093829,http://wikidata.org/entity/Q990888
Q2380873,1,Skaneateles,"town in Onondaga County, New York, United States",Q15127012,http://wikidata.org/entity/Q2380873
Q64850263,1,Aurel Cioran,,Q5,http://wikidata.org/entity/Q64850263
Q938640,1,Rășinari,"village in Sibiu County, Romania",Q532,http://wikidata.org/entity/Q938640
Q55607495,1,Emilian Cioran,politician,Q5,http://wikidata.org/entity/Q55607495
Q18352200,1,Andrei Șaguna National College,"high-school in Brașov, Romania",Q9826,http://wikidata.org/entity/Q18352200
Q608338,2,University of Bucharest,"public university in Bucharest, Romania",Q875538,http://wikidata.org/entity/Q608338
Q719418,1,Vasily Rozanov,Russian philosopher (1856-1919),Q5,http://wikidata.org/entity/Q719418
Q180438,1,University of the Mediterranean - Aix Marseille II,French public university founded in 1971. Merged in 2012 with Aix-Marseille I and Aix-Marseille III to form Aix-Marseille University.,Q3551775,http://wikidata.org/entity/Q180438
Q2302586,1,Aix-Marseille University,"French public university located in Provence, founded in 2012 from the merger of Université Aix Marseille I, Aix Marseille II and Aix Marseille III",Q62078547,http://wikidata.org/entity/Q2302586
Q3571680,1,Yann Moulier-Boutang,French economist,Q5,http://wikidata.org/entity/Q3571680
Q3384169,1,Pierre Boutang,French writer (1916–1998),Q5,http://wikidata.org/entity/Q3384169
Q51954751,1,Marie-Claire Boutang,French hellenist (1916-2009),Q5,http://wikidata.org/entity/Q51954751
Q362280,2,Office de radiodiffusion télévision française,business,Q15265344,http://wikidata.org/entity/Q362280
Q3080746,1,France Régions 3,defunct French television channel,Q2001305,http://wikidata.org/entity/Q3080746
Q8073,1,Arte,Franco-German television channel and network,Q1254874,http://wikidata.org/entity/Q8073
Q10279510,1,School of Arts and Humanities of the University of Lisbon,faculty in Lisbon,Q180958,http://wikidata.org/entity/Q10279510
Q615244,1,Ituzaingó,"city in Buenos Aires province, Argentina",Q5770918,http://wikidata.org/entity/Q615244
Q5854907,1,Facultad de Filosofía y Letras de la Universidad de Buenos Aires,Faculty of Philosophy and Letters of the University of Buenos Aires,Q180958,http://wikidata.org/entity/Q5854907
Q357813,1,adjunct professor,academic title or rank typically indicating non-full time employment as a professor,Q486983,http://wikidata.org/entity/Q357813
Q232226,1,Kelowna,"city in British Columbia, Canada",Q60458065,http://wikidata.org/entity/Q232226
Q130113,1,Robert Hofstadter,American physicist and Nobel laureate (1915-1990),Q5,http://wikidata.org/entity/Q130113
Q101012481,1,National University of Ireland Maynooth Department of Music,academic department,Q2467461,http://wikidata.org/entity/Q101012481
Q1860208,1,National University of Ireland,public university system in Ireland; successor to Royal University of Ireland,Q20857129,http://wikidata.org/entity/Q1860208
Q208866,1,La Seyne-sur-Mer,"commune in Var, France",Q484170,http://wikidata.org/entity/Q208866
Q918645,2,Václav Tomášek,Czech music educator and composer,Q5,http://wikidata.org/entity/Q918645
Q4453717,1,Ignaz Amadeus Tedesco,Czech pianist (1817-1882),Q5,http://wikidata.org/entity/Q4453717
Q7267737,1,Jarosław Zieliński,"Polish-American pianist, teacher, and composer",Q5,http://wikidata.org/entity/Q7267737
Q362340,2,Theodor Leschetizky,Polish composer and pianist (1830–1915),Q5,http://wikidata.org/entity/Q362340
Q951066,3,Léon Brunschvicg,French philosopher (1869–1944),Q5,http://wikidata.org/entity/Q951066
Q3471159,1,Samuel Jankélévitch,Russian-born medical doctor and French translator,Q5,http://wikidata.org/entity/Q3471159
Q507014,1,Paul Virilio,French philosopher (1932–2018),Q5,http://wikidata.org/entity/Q507014
Q746820,1,Bay City,"city in Bay County, Michigan, USA",Q1093829,http://wikidata.org/entity/Q746820
Q804572,1,Bala Cynwyd,"unincorporated suburban community in Montgomery County, Pennsylvania, United States",Q17343829,http://wikidata.org/entity/Q804572
Q4950294,1,Bournemouth School,"school in Bournemouth, Christchurch and Poole, UK",Q967098,http://wikidata.org/entity/Q4950294
Q440716,1,Pyotr Stolyarsky,Ukrainian music educator (1871-1944),Q5,http://wikidata.org/entity/Q440716
Q1874,1,Odesa,"city in southwestern Ukraine, administrative center of Odesa Oblast and Odesa Raion",Q2264924,http://wikidata.org/entity/Q1874
Q5277866,1,Dina Schneidermann,Ukrainian musician (1931–2016),Q5,http://wikidata.org/entity/Q5277866
Q106520523,1,Yuri Mazurkevich,Soviet-Ukrainian-born violinist and professor,Q5,http://wikidata.org/entity/Q106520523
Q4455397,1,Jean Ter-Merguerian,French violinist (1935–2015),Q5,http://wikidata.org/entity/Q4455397
Q111599291,1,,,Q3914,http://wikidata.org/entity/Q111599291
Q22247845,1,École des Enfants de l’armée,,Q2385804,http://wikidata.org/entity/Q22247845
Q331087,1,Creil,"Commune in Oise, France",Q484170,http://wikidata.org/entity/Q331087
Q909176,1,Cahiers du cinéma,French film journal,Q49850,http://wikidata.org/entity/Q909176
Q540240,1,Moulins-Engilbert,"commune in Nièvre, France",Q484170,http://wikidata.org/entity/Q540240
Q275193,1,Eltville am Rhein,"town in Rheingau-Taunus-Kreis in Hesse, Germany",Q2556234,http://wikidata.org/entity/Q275193
Q175746,1,Heidesheim am Rhein,borough of Ingelheim am Rhein,Q116457956,http://wikidata.org/entity/Q175746
Q688781,1,Mortsel,"municipality in Antwerp, Belgium",Q493522,http://wikidata.org/entity/Q688781
Q40269,1,Porto Alegre,"municipality of Rio Grande do Sul state, Brazil",Q3184121,http://wikidata.org/entity/Q40269
Q1711558,1,University of Plymouth,"university in Plymouth, UK",Q3918,http://wikidata.org/entity/Q1711558
Q734134,1,Henderson,"city in and county seat of Henderson County, Kentucky, United States",Q1093829,http://wikidata.org/entity/Q734134
Q578301,1,Wilmette,"village in Cook County, Illinois, United States",Q110071217,http://wikidata.org/entity/Q578301
Q692168,2,Beersel,"municipality in Flemish Brabant, Belgium",Q493522,http://wikidata.org/entity/Q692168
Q185332,1,Satu Mare,"city in Satu Mare County, Romania",Q640364,http://wikidata.org/entity/Q185332
Q55860122,1,Justine Rosé,"wife of Arnold Rosé, sister of composer Gustav Mahler (1868-1938)",Q5,http://wikidata.org/entity/Q55860122
Q94735049,1,Emma Rosé,"wife of Eduard Rosé, sister of composer Gustav Mahler (1875-1933)",Q5,http://wikidata.org/entity/Q94735049
Q999950,1,Kaliště,village in Pelhřimov District of Vysočina region,Q5153359,http://wikidata.org/entity/Q999950
Q1406659,1,Kaliště,"municipality in Jihlava District, Czech Republic",Q5153359,http://wikidata.org/entity/Q1406659
Q18543341,1,Bernhard Mahler,father of Gustav Mahler,Q5,http://wikidata.org/entity/Q18543341
Q106962438,1,Marie Herrmann,mother of composer Gustav Mahler (1837 - 1889,Q5,http://wikidata.org/entity/Q106962438
Q79028,1,Anna von Mildenburg,Austrian opera singer (1872–1947),Q5,http://wikidata.org/entity/Q79028
Q96985,1,Klaus Pringsheim,German musician (1883-1972),Q5,http://wikidata.org/entity/Q96985
Q542405,1,Alois Riehl,Austrian philosopher (1844-1924),Q5,http://wikidata.org/entity/Q542405
Q78600,1,Alexius Meinong,Austrian philosopher (1853–1920),Q5,http://wikidata.org/entity/Q78600
Q1163190,1,Magyaróvár,,Q2983893,http://wikidata.org/entity/Q1163190
Q79438,1,Texarkana,"city in Miller County, Arkansas, United States",Q1093829,http://wikidata.org/entity/Q79438
Q273894,1,Piarists,religious order,Q391009,http://wikidata.org/entity/Q273894
Q1342151,1,Pontifical Catholic University of Puerto Rico,university in Puerto Rico,Q3918,http://wikidata.org/entity/Q1342151
Q2282220,1,Sint Pancras,"village in Dijk en Waard, Netherlands",Q486972,http://wikidata.org/entity/Q2282220
Q130965,2,Fordham University,"private research university in New York City, USA",Q902104,http://wikidata.org/entity/Q130965
Q49118,1,Boston College,"private research university in Chestnut Hill, Massachusetts, United States",Q189004,http://wikidata.org/entity/Q49118
Q25395,3,Newark,"city in Essex County, and largest city in New Jersey, United States",Q2974552,http://wikidata.org/entity/Q25395
Q429863,1,Florida Atlantic University,"public university in Boca Raton, Florida",Q3918,http://wikidata.org/entity/Q429863
Q49212,1,Texas A&M University,"public research university in College Station, Texas, United States",Q62078547,http://wikidata.org/entity/Q49212
Q270222,1,Michigan State University,"public research university in East Lansing, Michigan, United States",Q62078547,http://wikidata.org/entity/Q270222
Q2452168,1,Treysa,"district of Schwalmstadt in Hesse, Germany",Q253019,http://wikidata.org/entity/Q2452168
Q197045,1,Zeven,"municipality in Lower Saxony, Germany",Q42744322,http://wikidata.org/entity/Q197045
Q2684384,1,Pitelli,"human settlement in La Spezia, Province of La Spezia, Liguria, Italy",Q1134686,http://wikidata.org/entity/Q2684384
Q14910,1,Schwäbisch Hall,"town in Baden-Württemberg, Germany",Q42744322,http://wikidata.org/entity/Q14910
Q138391,1,Paterson,"city in and the county seat of Passaic County, New Jersey, United States",Q2974552,http://wikidata.org/entity/Q138391
Q635642,2,Institute for Advanced Study,"postgraduate center in Princeton, New Jersey, US",Q31855,http://wikidata.org/entity/Q635642
Q2124886,1,Roosevelt University,"private university in Chicago, Illinois, United States",Q3918,http://wikidata.org/entity/Q2124886
Q1075148,1,"University of California, Riverside","public research university in Riverside, California, USA",Q62078547,http://wikidata.org/entity/Q1075148
Q71407,1,Monika Mann,German novelist (1910-1992),Q5,http://wikidata.org/entity/Q71407
Q61597,1,Erika Mann,German actress and writer (1905-1969),Q5,http://wikidata.org/entity/Q61597
Q77109,1,Golo Mann,German-Swiss historian (1909-1994),Q5,http://wikidata.org/entity/Q77109
Q214191,1,Michael Mann,German-born musician and professor of German literature,Q5,http://wikidata.org/entity/Q214191
Q77087,1,Klaus Mann,German writer (1906–1949),Q5,http://wikidata.org/entity/Q77087
Q1454145,1,Freies Gymnasium Zürich,private high school,Q423208,http://wikidata.org/entity/Q1454145
Q15485148,1,Richard Hall,English musician and composer (1903–1982),Q5,http://wikidata.org/entity/Q15485148
Q1622949,1,Accrington,"town in the Hyndburn borough of Lancashire, England",Q3957,http://wikidata.org/entity/Q1622949
Q1221042,1,Mere,"town and civil parish in Wiltshire, England",Q3957,http://wikidata.org/entity/Q1221042
Q105891,1,Hammond organ,electromechanical organ,Q29982117,http://wikidata.org/entity/Q105891
Q1391752,1,UCLouvain Saint-Louis – Bruxelles,"Research university in Brussels, Belgium",Q3918,http://wikidata.org/entity/Q1391752
Q41751745,1,James Rorty,American journalist (1890–1973),Q5,http://wikidata.org/entity/Q41751745
Q110932710,1,Winifred Rauschenbusch,1894 - 30 Dec 1979,Q5,http://wikidata.org/entity/Q110932710
Q24690557,1,Pascal Dorival,French publisher,Q5,http://wikidata.org/entity/Q24690557
Q573975,2,Bauhaus-Universität Weimar,university,Q875538,http://wikidata.org/entity/Q573975
Q1917497,1,Waldheim,"town in Saskatchewan, Canada",Q3957,http://wikidata.org/entity/Q1917497
Q49190,1,Waltham,"city in Middlesex County, Massachusetts, United States",Q1093829,http://wikidata.org/entity/Q49190
Q465952,1,Amoco,"former American oil company, current brand of BP",Q4830453,http://wikidata.org/entity/Q465952
Q1143596,1,United States Department of War,United States Cabinet department (1789-1947),Q24834073,http://wikidata.org/entity/Q1143596
Q1256981,2,San Francisco State University,"university in San Francisco, California, USA",Q3918,http://wikidata.org/entity/Q1256981
Q463326,1,Max Planck Institute for Physics,"physics research institute near Munich, Germany",Q6019423,http://wikidata.org/entity/Q463326
Q502887,1,,municipality of Germany,Q116457956,http://wikidata.org/entity/Q502887
Q63369,1,Karl Lamprecht,German historian (1856–1915),Q5,http://wikidata.org/entity/Q63369
Q623099,1,Odorheiu Secuiesc,"city in Harghita County, Romania",Q640364,http://wikidata.org/entity/Q623099
Q5554064,1,B. Tommy Andersson,Swedish conductor,Q5,http://wikidata.org/entity/Q5554064
Q105836191,1,Elena Schwarz,Swiss-Australian conductor,Q5,http://wikidata.org/entity/Q105836191
Q159838,1,Malmedy,"city in Wallonia, Belgium",Q493522,http://wikidata.org/entity/Q159838
Q3155015,1,Isabelle Pousseur,Belgian actor,Q5,http://wikidata.org/entity/Q3155015
Q3440020,1,Roland Dalbiez,French philosopher (1893-1976),Q5,http://wikidata.org/entity/Q3440020
Q8848,1,Valence,French commune in Drôme,Q484170,http://wikidata.org/entity/Q8848
Q200945,1,Châtenay-Malabry,"commune in Hauts-de-Seine, France",Q484170,http://wikidata.org/entity/Q200945
Q3290713,1,Marguerite Léna,French philosopher,Q5,http://wikidata.org/entity/Q3290713
Q3064314,1,Protestant Faculty of Theology in Paris,protestant institute of theology located in Paris,Q902104,http://wikidata.org/entity/Q3064314
Q3268651,1,Dupuy-de-Lôme High School,"educational facility in Lorient, France",Q2511322,http://wikidata.org/entity/Q3268651
Q524289,2,Conservatoire national des Arts et Métiers,French engineering school founded in 1794,Q3914,http://wikidata.org/entity/Q524289
Q1987282,2,University of Rennes,"university in Rennes, France; established in 1460 in Nantes",Q3551775,http://wikidata.org/entity/Q1987282
Q3269174,1,Émile Zola school in Rennes,"educational facility in Rennes, France",Q20860083,http://wikidata.org/entity/Q3269174
Q674462,1,Eichfeld,former municipality in Austria,Q1802801,http://wikidata.org/entity/Q674462
Q1010,1,Maribor,city in Slovenia,Q1549591,http://wikidata.org/entity/Q1010
Q12792219,1,Jaro Dolar,Slovenian journalist,Q5,http://wikidata.org/entity/Q12792219
Q1377,3,University of Ljubljana,Slovene public university,Q875538,http://wikidata.org/entity/Q1377
Q1324481,1,Ramon Zupko,American composer and professor of music (1932-2019),Q5,http://wikidata.org/entity/Q1324481
Q1327500,2,electronic musical instrument,musical instrument that produces its sounds using electronics,Q1254773,http://wikidata.org/entity/Q1327500
Q7016454,1,new media artist,artist who primarily uses (new) media art in their work,Q28640,http://wikidata.org/entity/Q7016454
Q183888,1,software developer,person or company concerned with facets of the software development process,Q28640,http://wikidata.org/entity/Q183888
Q428594,1,Cysoing,"commune in Nord, France",Q484170,http://wikidata.org/entity/Q428594
Q2093139,1,University of Eastern Finland,university in Finland with campuses in Joensuu and Kuopio,Q875538,http://wikidata.org/entity/Q2093139
Q9091642,1,University of Kuopio,"former university in Kuopio, Finland",Q3918,http://wikidata.org/entity/Q9091642
Q3238666,2,University of Joensuu,former university in Finland,Q3918,http://wikidata.org/entity/Q3238666
Q501841,2,University of Turku,"university in Turku, Finland",Q875538,http://wikidata.org/entity/Q501841
Q42308,1,Kharkiv,capital city of Kharkiv Oblast in eastern Ukraine,Q12134916,http://wikidata.org/entity/Q42308
Q1722349,1,Leo Schrattenholz,German composer and music educator (1872–1955),Q5,http://wikidata.org/entity/Q1722349
Q75960219,1,Frederick Selwyn Copleston,British colonial judge,Q5,http://wikidata.org/entity/Q75960219
Q76174425,1,Norah Margaret Little,(born 1882),Q5,http://wikidata.org/entity/Q76174425
Q641609,2,"Heythrop College, University of London",specialist philosophy and theology college of the University of London,Q3354859,http://wikidata.org/entity/Q641609
Q609646,3,St John's College,college of the University of Oxford,Q2581649,http://wikidata.org/entity/Q609646
Q7597409,1,Stamford School,"public school in Lincolnshire, England",Q2418495,http://wikidata.org/entity/Q7597409
Q4997431,1,Bunce Court School,"boarding school in Otterden, Kent, England",Q269770,http://wikidata.org/entity/Q4997431
Q34779,1,Dumbarton,"town and burgh in West Dunbartonshire, Scotland, UK",Q3957,http://wikidata.org/entity/Q34779
Q49208,1,Rhode Island School of Design,"private art and design college in Providence, Rhode Island, USA",Q902104,http://wikidata.org/entity/Q49208
Q6487388,1,Lansdowne High School,"high school in Maryland, United States",Q9826,http://wikidata.org/entity/Q6487388
Q205905,1,Lancaster,"county town of Lancashire, England",Q515,http://wikidata.org/entity/Q205905
Q2413375,4,The Open University,"university in Milton Keynes, UK",Q875538,http://wikidata.org/entity/Q2413375
Q3551493,1,Southwestern University,"private, four-year, undergraduate, liberal arts college in Georgetown, Texas, U.S.",Q1377182,http://wikidata.org/entity/Q3551493
Q790029,2,Bangor University,Welsh institute of higher education,Q875538,http://wikidata.org/entity/Q790029
Q50764,1,Éric Rohmer,French film director (1920-2010),Q5,http://wikidata.org/entity/Q50764
Q157713,1,Tulle,"commune in Corrèze, France",Q484170,http://wikidata.org/entity/Q157713
Q104740,1,Radom,city in east-central Poland (Masovian Voivodeship),Q925381,http://wikidata.org/entity/Q104740
Q109469,1,Askim Municipality,former municipality in Østfold in Norway,Q18663579,http://wikidata.org/entity/Q109469
Q2621000,1,Diapason,French classical music magazine,Q1002697,http://wikidata.org/entity/Q2621000
Q1422262,1,La Lettre du musicien,French magazine about music,Q41298,http://wikidata.org/entity/Q1422262
Q3365150,1,Paris-Presse,,Q1110794,http://wikidata.org/entity/Q3365150
Q3224399,1,Le Matin de Paris,French daily newspaper,Q1110794,http://wikidata.org/entity/Q3224399
Q1810082,1,Le Point,French weekly news magazine,Q1684600,http://wikidata.org/entity/Q1810082
Q3188708,1,Jules Lagneau,French philosopher and academic (1851–1894),Q5,http://wikidata.org/entity/Q3188708
Q476288,1,Mortagne-au-Perche,"commune in Orne, France",Q484170,http://wikidata.org/entity/Q476288
Q641607,2,Le Vésinet,"commune in Yvelines, France",Q484170,http://wikidata.org/entity/Q641607
Q433741,1,Georges Canguilhem,French philosopher (1904-1995),Q5,http://wikidata.org/entity/Q433741
Q3471223,1,Samuel Silvestre de Sacy,French publisher (1905-1975),Q5,http://wikidata.org/entity/Q3471223
Q3592076,2,Étienne Borne,French philosopher (1907–1993),Q5,http://wikidata.org/entity/Q3592076
Q51954763,1,Monette Martinet,French philosopher of science,Q5,http://wikidata.org/entity/Q51954763
Q59533608,1,Gilbert Kahn,"born:1914|died:1995|; Kahn, Gilbert, 1914-1995",Q5,http://wikidata.org/entity/Q59533608
Q3308844,1,Michel Alexandre,French philosopher (1888–1952),Q5,http://wikidata.org/entity/Q3308844
Q63485315,1,Jeanne Halbwachs,"French pacifist, feminist, socialist, educator, literary critic (1890-1980)",Q5,http://wikidata.org/entity/Q63485315
Q108613768,1,Louis Pas,Belgian pianist and music pedagogue,Q5,http://wikidata.org/entity/Q108613768
Q31590146,1,Ghent,"town in Ghent municipality, Belgium",Q2785216,http://wikidata.org/entity/Q31590146
Q2024735,1,Wim Swerts,,Q5,http://wikidata.org/entity/Q2024735
Q21550489,1,conceptual artist,artist involved with conceptual arts,Q28640,http://wikidata.org/entity/Q21550489
Q783906,3,neurologist,physician who specialized in neurology,Q66811410,http://wikidata.org/entity/Q783906
Q12910,1,Lokeren,"city in East Flanders, Belgium",Q15273785,http://wikidata.org/entity/Q12910
Q2378296,1,Rue Louise-Émilie-de-La-Tour-d'Auvergne,"street in Paris, France",Q79007,http://wikidata.org/entity/Q2378296
Q8323231,1,Antony Choudens,French composer (1849-1902),Q5,http://wikidata.org/entity/Q8323231
Q55837121,1,Antoine de Choudens,,Q5,http://wikidata.org/entity/Q55837121
Q32361125,1,Éditions Choudens,French music publisher,Q1917775,http://wikidata.org/entity/Q32361125
Q316582,1,Eduard Franck,German composer (1817–1893),Q5,http://wikidata.org/entity/Q316582
Q694191,1,Friedrich Kiel,German composer and music teacher (1821–1885),Q5,http://wikidata.org/entity/Q694191
Q91288,1,Alexander Moszkowski,German writer (1851–1934),Q5,http://wikidata.org/entity/Q91288
Q4935624,1,Astri Andersen,Swedish pianist (1876-1911),Q5,http://wikidata.org/entity/Q4935624
Q6850958,1,Mildred Couper,Composer and pianist,Q5,http://wikidata.org/entity/Q6850958
Q725456,1,Vlado Perlemuter,Lithuanian-born French pianist and teacher,Q5,http://wikidata.org/entity/Q725456
Q1247955,1,Kathleen Lockhart Manning,American composer (1890–1951),Q5,http://wikidata.org/entity/Q1247955
Q71724,1,Lorient,"commune in Morbihan, France",Q484170,http://wikidata.org/entity/Q71724
Q638911,1,Vernouillet,"commune in Yvelines, France",Q484170,http://wikidata.org/entity/Q638911
Q2688279,1,Burton-in-Kendal,"village and civil parish in Cumbria, England, UK",Q532,http://wikidata.org/entity/Q2688279
Q189236,1,Velletri,Italian comune,Q747074,http://wikidata.org/entity/Q189236
Q1356212,1,Napoléon Henri Reber,French composer (1807-1880),Q5,http://wikidata.org/entity/Q1356212
Q3322455,1,Montaud,"commune in Loire, France",Q484170,http://wikidata.org/entity/Q3322455
Q16034371,1,Massenet family,family,Q8436,http://wikidata.org/entity/Q16034371
Q520792,1,Nikolay Zinin,Russian chemist (1812-1880),Q5,http://wikidata.org/entity/Q520792
Q75318069,1,Aleksandra Lukash,(1804-1834),Q5,http://wikidata.org/entity/Q75318069
Q109283993,1,Puccini,Italian family of musicians,Q8436,http://wikidata.org/entity/Q109283993
Q43195,1,Aigle,town and municipality in the canton of Vaud in Switzerland,Q70208,http://wikidata.org/entity/Q43195
Q371459,1,Charles Lenepveu,French composer (1840–1910),Q5,http://wikidata.org/entity/Q371459
Q382431,1,Samuel Rousseau,French composer (1853-1904),Q5,http://wikidata.org/entity/Q382431
Q1972763,1,Wal-Berg,"French conductor, composer and pianist (1910–1994)",Q5,http://wikidata.org/entity/Q1972763
Q178878,1,Békéscsaba,city in Hungary,Q13218690,http://wikidata.org/entity/Q178878
Q1982137,1,Médéa,Algerian city,Q515,http://wikidata.org/entity/Q1982137
Q2174641,1,rue de la Tour,"street in Paris, France",Q79007,http://wikidata.org/entity/Q2174641
Q11918029,1,Edmond Tiersot,French politician and physician,Q5,http://wikidata.org/entity/Q11918029
Q209834,1,Pamiers,"commune in Ariège, France",Q484170,http://wikidata.org/entity/Q209834
Q703406,1,Karl Klindworth,German musician (1830–1916),Q5,http://wikidata.org/entity/Q703406
Q4799821,1,Arthur Finley Nevin,"American composer, conductor and teacher (1871-1943)",Q5,http://wikidata.org/entity/Q4799821
Q1130822,1,Edgeworth,borough of Pennsylvania,Q777120,http://wikidata.org/entity/Q1130822
Q20775809,1,Robert Peebles Nevin,"(1820-1908) American writer, newspaper publisher and editor",Q5,http://wikidata.org/entity/Q20775809
Q13464,1,Foggia,Italian comune,Q747074,http://wikidata.org/entity/Q13464
Q727341,1,Ernest Guiraud,French composer and music teacher (1837-1892),Q5,http://wikidata.org/entity/Q727341
Q15336,1,Tikhvin,city and administrative center of Tikhvinsky District of Leningrad Oblast in northwestern Russia,Q7930989,http://wikidata.org/entity/Q15336
Q3835698,1,Lyubensk,Village,Q5084,http://wikidata.org/entity/Q3835698
Q4214859,1,Karevo,"human settlement in Kunyinsky District, Pskov Oblast, Russia",Q5084,http://wikidata.org/entity/Q4214859
Q2214,1,Pskov,city and administrative center of Pskov Oblast in northwestern Russia,Q13626398,http://wikidata.org/entity/Q2214
Q268219,1,Ronse,"municipality in East Flanders, Belgium",Q493522,http://wikidata.org/entity/Q268219
Q20427,1,Deruta,Italian comune,Q747074,http://wikidata.org/entity/Q20427
Q4470039,1,Duncan Wilson,British diplomat (1911-1983),Q5,http://wikidata.org/entity/Q4470039
Q75383902,1,Archibald Edward Wilson,Peerage person ID=104218,Q5,http://wikidata.org/entity/Q75383902
Q76269963,1,Ethel Mary Schuster,Peerage person ID=651785,Q5,http://wikidata.org/entity/Q76269963
Q128497,2,St Hugh's College,college of the University of Oxford,Q2581649,http://wikidata.org/entity/Q128497
Q951946,2,Lady Margaret Hall,college of the University of Oxford,Q2581649,http://wikidata.org/entity/Q951946
Q7115353,1,Oxford High School,"Girl school in Oxford, England",Q9826,http://wikidata.org/entity/Q7115353
Q7245400,1,Prior's Field School,"school in Surrey, UK",Q3914,http://wikidata.org/entity/Q7245400
Q7595505,1,St Swithun's School,"school in Hampshire, UK",Q269770,http://wikidata.org/entity/Q7595505
Q42448,3,Sheffield,"city in South Yorkshire, England, United Kingdom",Q515,http://wikidata.org/entity/Q42448
Q94762560,1,Hanna Weischedel,,Q5,http://wikidata.org/entity/Q94762560
Q512305,1,Die Neue Zeit,periodical literature,Q1002697,http://wikidata.org/entity/Q512305
Q629932,1,Spiesen-Elversberg,municipality of Germany,Q116457956,http://wikidata.org/entity/Q629932
Q23992324,1,Sant Feliu de Guíxols,"innhabited place in San Feliu de Guíxols, Spain",Q3055118,http://wikidata.org/entity/Q23992324
Q13521,1,Sant Feliu de Guíxols,"municipality in the comarca of the Baix Empordà in Catalonia, Spain",Q33146843,http://wikidata.org/entity/Q13521
Q19290567,1,Esteve Garreta Roig,Spanish composer (1850-1914),Q5,http://wikidata.org/entity/Q19290567
Q747179,2,Wheaton College,"Christian liberal arts college in Wheaton, Illinois",Q1377182,http://wikidata.org/entity/Q747179
Q2044605,1,Dusetos,"city in Aukštaitija, Lithuania",Q515,http://wikidata.org/entity/Q2044605
Q545915,1,Dorothy E. Smith,Canadian anthropologist,Q5,http://wikidata.org/entity/Q545915
Q920381,1,Northallerton,"town in the Hambleton district of North Yorkshire, England",Q3957,http://wikidata.org/entity/Q920381
Q641274,1,Thirsk,"market town and civil parish in the Hambleton district of North Yorkshire, England",Q18511725,http://wikidata.org/entity/Q641274
Q2495874,1,University of Minnesota Duluth,"public university in Duluth, Minnesota",Q875538,http://wikidata.org/entity/Q2495874
Q217741,1,Purdue University,"public research university in West Lafayette, Indiana, United States",Q62078547,http://wikidata.org/entity/Q217741
Q1480532,1,University System of Maryland,public higher education system in the U.S. state of Maryland,Q1075106,http://wikidata.org/entity/Q1480532
Q603034,1,Drexel University,"private research university with its main campus in Philadelphia, Pennsylvania, USA",Q15936437,http://wikidata.org/entity/Q603034
Q1019554,1,Mörlunda,"urban area in Hultsfred Municipality, Sweden",Q12813115,http://wikidata.org/entity/Q1019554
Q505539,1,Lewiston,"city in and county seat of Nez Perce County, Idaho, United States",Q1093829,http://wikidata.org/entity/Q505539
Q6411130,1,King's University College,affiliated university college of the University of Western Ontario,Q108403040,http://wikidata.org/entity/Q6411130
Q795988,1,University of Guelph,"university in Ontario, Canada",Q108403040,http://wikidata.org/entity/Q795988
Q46185,1,bass guitar,electric or acoustic bass instrument,Q110295396,http://wikidata.org/entity/Q46185
Q1997905,1,Wheatley,"village and civil parish in South Oxfordshire, England",Q532,http://wikidata.org/entity/Q1997905
Q1556492,1,Gustav Victor Rudolf Born,British pharmacologist (1921-2018),Q5,http://wikidata.org/entity/Q1556492
Q277162,1,Hammersmith,"district in west London, England, United Kingdom",Q2755753,http://wikidata.org/entity/Q277162
Q41819,1,Kansas City,"city in Missouri, United States, that is one of two county seats of Jackson County and the largest city in Missouri",Q1093829,http://wikidata.org/entity/Q41819
Q2562148,1,Université du Québec en Outaouais,"university in Gatineau, Quebec, Canada",Q3551519,http://wikidata.org/entity/Q2562148
Q84151,1,Taras Shevchenko National University of Kyiv,"public university in Kyiv, Ukraine",Q875538,http://wikidata.org/entity/Q84151
Q269113,1,Villeneuve-lès-Avignon,"commune in Gard, France",Q484170,http://wikidata.org/entity/Q269113
Q61717956,1,Lucien Derode,,Q5,http://wikidata.org/entity/Q61717956
Q2734833,1,Easington,"town in Easington Village, County Durham, UK",Q3957,http://wikidata.org/entity/Q2734833
Q860918,1,Esperantist,person speaking or using the international language Esperanto,Q12737077,http://wikidata.org/entity/Q860918
Q681425,1,Ronsdorf,"town district in Wuppertal, Germany",Q13415859,http://wikidata.org/entity/Q681425
Q1017943,1,Fareham,"market town on Portsmouth Harbour, England",Q3957,http://wikidata.org/entity/Q1017943
Q58020480,1,Graham Gladwell,,Q5,http://wikidata.org/entity/Q58020480
Q3551685,1,Trinity College,federated college of the University of Toronto,Q2983860,http://wikidata.org/entity/Q3551685
Q5366806,1,Elmira District Secondary School,"high school in Elmira, Ontario, Canada",Q9826,http://wikidata.org/entity/Q5366806
Q3354,1,5th arrondissement of Lyon,"arrondissement of Lyon, France",Q702842,http://wikidata.org/entity/Q3354
Q8618,1,Catholic University of Lyon,"private university based in Lyon, France",Q902104,http://wikidata.org/entity/Q8618
Q841433,1,Pierrefontaine-les-Varans,"commune in Doubs, France",Q484170,http://wikidata.org/entity/Q841433
Q839961,1,Les Fourgs,"commune in Doubs, France",Q484170,http://wikidata.org/entity/Q839961
Q1618033,1,Thurnscoe,"village in South Yorkshire, England, UK",Q532,http://wikidata.org/entity/Q1618033
Q835831,1,Mount Vernon,"city in Westchester County, New York, United States",Q1093829,http://wikidata.org/entity/Q835831
Q6337803,2,neuroscientist,individual who studies neuroscience,Q28640,http://wikidata.org/entity/Q6337803
Q2841,1,Bogotá,capital city of Colombia,Q2555896,http://wikidata.org/entity/Q2841
Q3100195,1,Grossman School of Medicine,medical school of New York University,Q494230,http://wikidata.org/entity/Q3100195
Q127990,2,Australian National University,"national research university in Canberra, Australian Capital Territory",Q875538,http://wikidata.org/entity/Q127990
Q1517478,1,Pontifical Xavierian University,"Colombian private higher education institution founded in 1930, with its main facilities in Bogotá and a second campus in Cali",Q557206,http://wikidata.org/entity/Q1517478
Q207095,1,Huy,"city in Wallonia, Belgium",Q493522,http://wikidata.org/entity/Q207095
Q192859,2,Etterbeek,"municipality in the Brussels-Capital Region, Belgium",Q493522,http://wikidata.org/entity/Q192859
Q4307831,1,Muramatsu,"dissolved municipality in Nakakanbara district, Niigata prefecture, Japan",Q18663566,http://wikidata.org/entity/Q4307831
Q1328372,1,Tokyo University of Foreign Studies,Universities and colleges in Tokyo,Q265662,http://wikidata.org/entity/Q1328372
Q265834,1,Anne Danican Philidor,early 18th century French composer,Q5,http://wikidata.org/entity/Q265834
Q362339,1,André Danican Philidor,French oboist and composer,Q5,http://wikidata.org/entity/Q362339
Q137940287,1,,,Q5,http://wikidata.org/entity/Q137940287
Q3269521,1,Lyne Cohen-Solal,French politician,Q5,http://wikidata.org/entity/Q3269521
Q959524,1,Bocconi University,"private university in Milan, Italy",Q902104,http://wikidata.org/entity/Q959524
Q2292517,1,Skikda,city in Algeria,Q515,http://wikidata.org/entity/Q2292517
Q208260,1,Saint-Paul-de-Vence,"commune in Alpes-Maritimes, France",Q484170,http://wikidata.org/entity/Q208260
Q819152,1,Hoeselt,"former municipality in Limburg, Belgium",Q493522,http://wikidata.org/entity/Q819152
Q10650082,1,reviewer,person whose profession is to review a work,Q28640,http://wikidata.org/entity/Q10650082
Q180775,1,Molenbeek-Saint-Jean,"municipality in the Brussels-Capital Region, Belgium",Q493522,http://wikidata.org/entity/Q180775
Q2627945,1,Isidoor Teirlinck,"Belgian teacher, writer and folklorist (1851–1934)",Q5,http://wikidata.org/entity/Q2627945
Q118182808,1,Karel De Sutter,,Q5,http://wikidata.org/entity/Q118182808
Q108167947,1,André Collin,Belgian musician,Q5,http://wikidata.org/entity/Q108167947
Q31565231,1,Dendermonde,"city in Dendermonde municipality, Belgium",Q3957,http://wikidata.org/entity/Q31565231
Q639974,1,Ardooie,"municipality in West Flanders, Belgium",Q493522,http://wikidata.org/entity/Q639974
Q24060827,1,Truida Louw,"actress, director",Q5,http://wikidata.org/entity/Q24060827
Q1004667,1,Graaff-Reinet,"town in the Eastern Cape, South Africa",Q3957,http://wikidata.org/entity/Q1004667
Q119138280,1,Theater an der Wien,theatre company in Vienna,Q11812394,http://wikidata.org/entity/Q119138280
Q12012990,1,Kralingen,"former municipality in South Holland and neighborhood in Rotterdam, the Netherlands",Q123705,http://wikidata.org/entity/Q12012990
Q24809594,1,Ronan Khalil,French harpsichordist,Q5,http://wikidata.org/entity/Q24809594
Q6829,2,Speyer,"town in Rhineland-Palatinate, Germany",Q1547289,http://wikidata.org/entity/Q6829
Q2488256,1,Eksaarde,"section of Lokeren, Belgium",Q2785216,http://wikidata.org/entity/Q2488256
Q2789347,1,Lemmensinstituut,"music conservatory in Mechelen, Belgium",Q3914,http://wikidata.org/entity/Q2789347
Q509843,1,Eduard Marxsen,German musician (1806–1887),Q5,http://wikidata.org/entity/Q509843
Q125459269,1,Fritz Brahms,German piano teacher,Q5,http://wikidata.org/entity/Q125459269
Q95683756,1,Elise Brahms,,Q5,http://wikidata.org/entity/Q95683756
Q30541475,1,Johann Jakob Brahms,musician,Q5,http://wikidata.org/entity/Q30541475
Q30541537,1,Johanna Henrica Christiane Nissen,mother of Johannes Brahms,Q5,http://wikidata.org/entity/Q30541537
Q705752,1,Brand,"municipality in the district of Tirschenreuth in Bavaria, Germany",Q116457956,http://wikidata.org/entity/Q705752
Q55425,1,Holzminden,"town in Lower Saxony, Germany",Q2267870,http://wikidata.org/entity/Q55425
Q844673,1,Columbia University Graduate School of Journalism,journalism school at Columbia University,Q20820271,http://wikidata.org/entity/Q844673
Q5146845,1,College of Staten Island,"public college in Staten Island, New York, USA",Q189004,http://wikidata.org/entity/Q5146845
Q494529,1,Hechingen,municipality in Germany,Q42744322,http://wikidata.org/entity/Q494529
Q220090,1,Grünwald,municipality of Germany,Q317548,http://wikidata.org/entity/Q220090
Q16008,1,Schwedt/Oder,"town in Brandenburg state, Germany",Q1548518,http://wikidata.org/entity/Q16008
Q2340008,1,Het Volk,Dutch former social-democratic newspaper,Q11032,http://wikidata.org/entity/Q2340008
Q1616113,1,Het Vaderland,Dutch newspaper,Q11032,http://wikidata.org/entity/Q1616113
Q1880,1,Concepción,city in Chile,Q25412763,http://wikidata.org/entity/Q1880
Q274740,1,Beaurevoir,"commune in Aisne, France",Q484170,http://wikidata.org/entity/Q274740
Q26385,1,Vermandois,traditional county of Picardy,Q353344,http://wikidata.org/entity/Q26385
Q494533,1,Condé-sur-l'Escaut,"commune in Nord, France",Q484170,http://wikidata.org/entity/Q494533
Q76051492,1,Douglas Stewart Davison,(1888-1929),Q5,http://wikidata.org/entity/Q76051492
Q76051489,1,Rosamond Edith Lilian Leeds,(1900-1987),Q5,http://wikidata.org/entity/Q76051489
Q3366540,1,Svobodnoye,"human settlement in Vyborgsky District, Leningrad Oblast, Russia",Q2514025,http://wikidata.org/entity/Q3366540
Q207753,1,Hyvinkää,"town in Uusimaa, Finland",Q3957,http://wikidata.org/entity/Q207753
Q11865506,1,Jaakko Linjama,Finnish composer,Q5,http://wikidata.org/entity/Q11865506
Q325925,1,,French painter (1908–2001),Q5,http://wikidata.org/entity/Q325925
Q531199,1,Erich Klossowski,"art historian, artist and stage designer (1875-1949)",Q5,http://wikidata.org/entity/Q531199
Q3633193,1,Baladine Klossowska,French painter (1886-1969),Q5,http://wikidata.org/entity/Q3633193
Q2848237,1,André Marchal,French musician (1894-1980),Q5,http://wikidata.org/entity/Q2848237
Q787817,1,Saint-Jean-de-Braye,"commune in Loiret, France",Q484170,http://wikidata.org/entity/Q787817
Q47494756,1,Albert Dufourcq,French historian (1872-1952),Q5,http://wikidata.org/entity/Q47494756
Q1200661,2,Design Academy Eindhoven,"educational institute for art, architecture and design in Eindhoven, the Netherlands",Q383092,http://wikidata.org/entity/Q1200661
Q161729,1,Wülfrath,"town in the district of Mettmann, in North Rhine-Westphalia, Germany",Q54935786,http://wikidata.org/entity/Q161729
Q433592,2,Einojuhani Rautavaara,Finnish composer (1928–2016),Q5,http://wikidata.org/entity/Q433592
Q829842,1,Forssa,"town in the region of Kanta-Häme, Finland",Q3957,http://wikidata.org/entity/Q829842
Q76509,1,Karl Jaspers,German-Swiss psychiatrist and philosopher (1883–1969),Q5,http://wikidata.org/entity/Q76509
Q1416512,1,"Ministry of Economics, Finance and Industrial and Digital Sovereignty",French ministry,Q14037025,http://wikidata.org/entity/Q1416512
Q856640,1,La contemporaine,"French library, archive center and museum",Q62127981,http://wikidata.org/entity/Q856640
Q37792,1,Sint-Truiden,municipality in Belgium,Q493522,http://wikidata.org/entity/Q37792
Q234590,1,Christian de Duve,"Belgian biochemist, cytologist (1917–2013)",Q5,http://wikidata.org/entity/Q234590
Q1361,1,Hyderabad,"capital of Telangana, India",Q174844,http://wikidata.org/entity/Q1361
Q2911112,1,Hebrew Reali School,high school in Haifa,Q3914,http://wikidata.org/entity/Q2911112
Q8471,1,Reggio Calabria,commune of Italy,Q747074,http://wikidata.org/entity/Q8471
Q61936,1,Starnberg,"city in Bavaria, Germany",Q134626,http://wikidata.org/entity/Q61936
Q2734150,1,Woodruff,"city in Spartanburg County, South Carolina, United States",Q1093829,http://wikidata.org/entity/Q2734150
Q156080,1,Opava,"city in Moravia-Silesian Region, Czechia",Q15978299,http://wikidata.org/entity/Q156080
Q968,1,Warburg,"town in North Rhine-Westphalia, Germany",Q707813,http://wikidata.org/entity/Q968
Q245379,1,Zygmunt Noskowski,Polish musician,Q5,http://wikidata.org/entity/Q245379
Q30607722,1,Feliks Szymanowski,,Q5,http://wikidata.org/entity/Q30607722
Q3063086,1,Tymoshivka,"village in Kamianka Raion, Cherkasy Oblast, Ukraine",Q21672098,http://wikidata.org/entity/Q3063086
Q112622859,1,Stanisław Bonawentura Marian Korwin-Szymanowski,,Q5,http://wikidata.org/entity/Q112622859
Q112623088,1,Anna Dominika Teodora Taube,,Q5,http://wikidata.org/entity/Q112623088
Q119006,1,Bolesław Szabelski,Polish composer (1896–1979),Q5,http://wikidata.org/entity/Q119006
Q113836617,1,,,Q5,http://wikidata.org/entity/Q113836617
Q16567933,1,Korwin-Szymanowscy,Polish noble family,Q27062351,http://wikidata.org/entity/Q16567933
Q12073297,1,,,Q667471,http://wikidata.org/entity/Q12073297
Q106941923,2,Leo Van Nevel,Belgian conductor,Q5,http://wikidata.org/entity/Q106941923
Q20739056,1,John T. McNeill,Canadian church historian,Q5,http://wikidata.org/entity/Q20739056
Q3551351,1,University of Chicago Laboratory Schools,"private secondary school in Chicago, United States",Q3914,http://wikidata.org/entity/Q3551351
Q466029,4,Hoch Conservatory,music school,Q184644,http://wikidata.org/entity/Q466029
Q1123198,1,Nanzan University,"higher education institution in Aichi Prefecture, Japan",Q3918,http://wikidata.org/entity/Q1123198
Q4115810,1,National Defense Academy of Japan,"Higher education institution in Kanagawa Prefecture, Japan",Q917182,http://wikidata.org/entity/Q4115810
Q845138,1,Japan Advanced Institute of Science and Technology,"postgraduate university in Ishikawa Prefecture, Japan",Q3918,http://wikidata.org/entity/Q845138
Q1133142,1,Ritsumeikan Asia Pacific University,"Higher Education Institution in Ōita Prefecture, Japan",Q3918,http://wikidata.org/entity/Q1133142
Q274486,1,Waseda University,"private university in Tokyo, Japan",Q902104,http://wikidata.org/entity/Q274486
Q485172,2,Ann Arbor,"county seat of Washtenaw County, Michigan, United States",Q1093829,http://wikidata.org/entity/Q485172
Q22937,1,Kusel,town in Germany,Q42744322,http://wikidata.org/entity/Q22937
Q534634,2,Nabburg,town of Germany,Q42744322,http://wikidata.org/entity/Q534634
Q3865,1,Villingen-Schwenningen,"town in Baden-Württemberg, Germany",Q42744322,http://wikidata.org/entity/Q3865
Q143140,1,Freistadt,"municipality in Freistadt District, Upper Austria, Austria",Q667509,http://wikidata.org/entity/Q143140
Q682739,2,Johannes Kepler University Linz,"public university in Linz, Austria",Q5028741,http://wikidata.org/entity/Q682739
Q11613590,1,theatre designer,person who designs the visual environment of the stage in a play or opera,Q28640,http://wikidata.org/entity/Q11613590
Q114784401,1,Louis Latour,,Q5,http://wikidata.org/entity/Q114784401
Q114784519,1,Mireille Chalvon-Demersay,,Q5,http://wikidata.org/entity/Q114784519
Q114784647,1,Louis-Noël Latour,,Q5,http://wikidata.org/entity/Q114784647
Q114784719,1,Yvonne Latour,,Q5,http://wikidata.org/entity/Q114784719
Q2945504,1,Centre de Sociologie de l'Innovation,"facility in Paris, France",Q3550864,http://wikidata.org/entity/Q2945504
Q3268926,1,Lycée Saint-Louis-de-Gonzague,"school located in Paris, in France",Q20860083,http://wikidata.org/entity/Q3268926
Q49613242,1,Jacques Brighelli,,Q5,http://wikidata.org/entity/Q49613242
Q335841,1,University of Corsica Pasquale Paoli,French university located in Corsica,Q3551775,http://wikidata.org/entity/Q335841
Q3268785,1,Lycée La Bruyère,"educational facility in Versailles, France",Q2511322,http://wikidata.org/entity/Q3268785
Q3268737,1,Lycee Jean-Mermoz,French high school in Montpellier,Q2511322,http://wikidata.org/entity/Q3268737
Q3268766,1,Lycée Joffre,French high school in Montpellier,Q2511322,http://wikidata.org/entity/Q3268766
Q3578287,1,École normale supérieure de Saint-Cloud,,Q135436,http://wikidata.org/entity/Q3578287
Q22246729,1,Clarence Brown,American biographer,Q5,http://wikidata.org/entity/Q22246729
Q983919,1,Ewelme,"village and civil parish in South Oxfordshire, England",Q532,http://wikidata.org/entity/Q983919
Q1143281,1,Rugby School,"private school in Rugby, Warwickshire, England",Q1972829,http://wikidata.org/entity/Q1143281
Q83065,3,Leicester,"city in Leicestershire, East Midlands, England",Q515,http://wikidata.org/entity/Q83065
Q26888,1,London Borough of Croydon,borough in the London Region in England,Q211690,http://wikidata.org/entity/Q26888
Q8039751,1,Wyggeston and Queen Elizabeth I College,"sixth form college, located in Leicester, England",Q3914,http://wikidata.org/entity/Q8039751
Q767650,1,Selwyn College,college of the University of Cambridge,Q1055028,http://wikidata.org/entity/Q767650
Q60286109,1,Wyggeston Grammar School for Boys,"former grammar school in Leicester, England",Q967098,http://wikidata.org/entity/Q60286109
Q49199,1,Somerville,"city in Middlesex County, Massachusetts, United States",Q1093829,http://wikidata.org/entity/Q49199
Q1664345,1,Needham,"town in Norfolk County, Massachusetts, United States",Q2154459,http://wikidata.org/entity/Q1664345
Q7076829,1,Octavius Brooks Frothingham,American clergyman and writer (1822–1895),Q5,http://wikidata.org/entity/Q7076829
Q6969727,1,Nathaniel Langdon Frothingham,American writer,Q5,http://wikidata.org/entity/Q6969727
Q88800300,1,Ann Gorham Brooks,19 Feb 1797 - 5 Jul 1864,Q5,http://wikidata.org/entity/Q88800300
Q30593054,1,Experimental Music Studios,center for electroacoustic and computer music at University of Illinois at Urbana-Champaign,Q65931568,http://wikidata.org/entity/Q30593054
Q17391605,1,film theorist,profession,Q28640,http://wikidata.org/entity/Q17391605
Q865528,5,University of Warwick,"university in Coventry, United Kingdom",Q62078547,http://wikidata.org/entity/Q865528
Q18023391,1,"Lindener Marktplatz 2, Hannover","Listed building in Hannover-Linden Mitte, Germany",Q1498804,http://wikidata.org/entity/Q18023391
Q124017551,1,Linden,"former town, since 1920 quarter of Hanover, Lower Saxony, Germany",Q486972,http://wikidata.org/entity/Q124017551
Q572527,1,Großschönau,municipality of Germany,Q902814,http://wikidata.org/entity/Q572527
Q273661,1,Amanda Röntgen-Maier,Swedish musician (1853–1894),Q5,http://wikidata.org/entity/Q273661
Q290788,1,Richard Zeckwer,American composer,Q5,http://wikidata.org/entity/Q290788
Q2344509,1,Stephen A. Emery,American composer and music educator (1841-1891),Q5,http://wikidata.org/entity/Q2344509
Q1739431,1,Martin Plüddemann,German ballad and song composer and music teacher (1854-1897),Q5,http://wikidata.org/entity/Q1739431
Q25872,1,Alexander Glazunov,"Russian composer, music teacher and conductor (1865-1936)",Q5,http://wikidata.org/entity/Q25872
Q156724,1,Kremenchuk,city in central Ukraine,Q5123999,http://wikidata.org/entity/Q156724
Q47430,1,Green Bay,"city in and county seat of Brown County, Wisconsin, United States",Q1093829,http://wikidata.org/entity/Q47430
Q48677025,1,John Fuller Maitland,(1814-1883),Q5,http://wikidata.org/entity/Q48677025
Q48679165,1,Mary Anne Noble,(1816-1885),Q5,http://wikidata.org/entity/Q48679165
Q16639200,1,Giulio Cilona,"American pianist, conductor and composer",Q5,http://wikidata.org/entity/Q16639200
Q6845,1,Elmshorn,town in the district of Pinneberg in Schleswig-Holstein in Germany,Q42744322,http://wikidata.org/entity/Q6845
Q745956,1,Westport,"former village and civil parish in Wiltshire, England",Q532,http://wikidata.org/entity/Q745956
Q23098,1,Derbyshire,"ceremonial county in East Midlands, England",Q180673,http://wikidata.org/entity/Q23098
Q2526406,1,Hardwick Hall,"Elizabethan country house in Derbyshire, England, UK",Q207694,http://wikidata.org/entity/Q2526406
Q2756020,1,"William Cavendish, 2nd Earl of Devonshire",Earl of Devonshire,Q5,http://wikidata.org/entity/Q2756020
Q1101373,1,"William Cavendish, 1st Duke of Newcastle",English polymath and aristocrat (1592-1676),Q5,http://wikidata.org/entity/Q1101373
Q7526961,1,"Sir Gervase Clifton, 1st Baronet",English politician (1587-1666),Q5,http://wikidata.org/entity/Q7526961
Q2084968,2,"William Cavendish, 3rd Earl of Devonshire",English noble (1617-1684),Q5,http://wikidata.org/entity/Q2084968
Q15053649,1,,human settlement in Germany,Q486972,http://wikidata.org/entity/Q15053649
Q377500,1,Royal Museums of Fine Arts of Belgium,"group of art museums in Brussels, Belgium",Q2288140,http://wikidata.org/entity/Q377500
Q268419,1,Grieg Academy,"two higher education institution music programs in Bergen, Norway",Q184644,http://wikidata.org/entity/Q268419
Q2094426,1,Witold Maliszewski,Polish composer (1873–1939),Q5,http://wikidata.org/entity/Q2094426
Q723360,1,Stanisław Dygat,Polish writer (1914–1978),Q5,http://wikidata.org/entity/Q723360
Q63532192,1,,,Q27062351,http://wikidata.org/entity/Q63532192
Q5562775,1,Stefan Batory Gymnasium and Lyceum,public secondary school in Poland,Q55043,http://wikidata.org/entity/Q5562775
Q989829,1,Osiecznica,"village in Lower Silesian Voivodeship, Poland",Q3558970,http://wikidata.org/entity/Q989829
Q137665808,1,,,Q5,http://wikidata.org/entity/Q137665808
Q69755,1,August Breithaupt,German mineralogist (1791–1873),Q5,http://wikidata.org/entity/Q69755
Q2959573,1,Charles Lardy,(1780-1858),Q5,http://wikidata.org/entity/Q2959573
Q55021352,1,Christian Leopold von Buch,German geologist (1774-1853),Q5,http://wikidata.org/entity/Q55021352
Q6694,2,Alexander von Humboldt,"Prussian geographer, naturalist and explorer (1769–1859)",Q5,http://wikidata.org/entity/Q6694
Q30572,1,Friedrich Mohs,German geologist and mineralogist (1773-1839),Q5,http://wikidata.org/entity/Q30572
Q33486,2,Hartford,"city in and capital of Connecticut, United States",Q1093829,http://wikidata.org/entity/Q33486
Q2065666,1,University of the Arts London,"public research university located in London, England",Q3918,http://wikidata.org/entity/Q2065666
Q11679123,1,Hideo Saito,Japanese conductor,Q5,http://wikidata.org/entity/Q11679123
Q11720,1,Shenyang,"Prefecture-level and sub-provincial city in Liaoning, China",Q250811,http://wikidata.org/entity/Q11720
Q231645,1,Setagaya,special ward in the Tokyo Metropolis in Japan,Q5327704,http://wikidata.org/entity/Q231645
Q859262,2,Toho Gakuen School of Music,university,Q184644,http://wikidata.org/entity/Q859262
Q19829999,1,cultural studies scholar,profession,Q28640,http://wikidata.org/entity/Q19829999
Q1417346,1,Šiauliai District Municipality,district municipality of Lithuania,Q17301072,http://wikidata.org/entity/Q1417346
Q54862717,1,Dance Exchange,American nonprofit organization,Q163740,http://wikidata.org/entity/Q54862717
Q5733367,1,Herberger Institute for Design and the Arts,Part of Arizona State University,Q383092,http://wikidata.org/entity/Q5733367
Q432637,1,George Washington University,"private university in Washington, D.C., USA",Q902104,http://wikidata.org/entity/Q432637
Q37836,1,Milwaukee,"city in and county seat of Milwaukee County, and largest city in State of Wisconsin, United States",Q15221304,http://wikidata.org/entity/Q37836
Q49206,1,University of Connecticut,"public research university in Storrs, Connecticut, United States",Q62078547,http://wikidata.org/entity/Q49206
Q49165,1,Amherst College,liberal arts college in Massachusetts,Q1377182,http://wikidata.org/entity/Q49165
Q5965200,1,Hōjō Tokiyuki,Japanese educator (1858–1929),Q5,http://wikidata.org/entity/Q5965200
Q846335,1,Kahoku,"city in Ishikawa Prefecture, Japan",Q494721,http://wikidata.org/entity/Q846335
Q200267,1,Kamakura,"city in Kanagawa prefecture, Japan",Q494721,http://wikidata.org/entity/Q200267
Q11646818,1,Takezō Kaneko,scholar,Q5,http://wikidata.org/entity/Q11646818
Q30609056,1,Fumi Takahashi,Japanese philosopher,Q5,http://wikidata.org/entity/Q30609056
Q336264,1,Kyoto University,"national university located in Kyoto, Japan",Q265662,http://wikidata.org/entity/Q336264
Q912375,1,Taisho University,university,Q3918,http://wikidata.org/entity/Q912375
Q386203,1,Ōtani University,"university in Kyoto, Japan",Q3918,http://wikidata.org/entity/Q386203
Q11602452,2,Fourth Higher School,,Q5365803,http://wikidata.org/entity/Q11602452
Q9385086,1,Kyoto College of Technology,,Q10496911,http://wikidata.org/entity/Q9385086
Q11467549,1,Yamaguchi Higher School,school,Q3914,http://wikidata.org/entity/Q11467549
Q39311438,1,Tokyo Imperial University,"university in Tokyo, Japan (1897–1947)",Q562092,http://wikidata.org/entity/Q39311438
Q11585788,1,Ishikawa Normal School,,Q124460658,http://wikidata.org/entity/Q11585788
Q974926,1,Voigny,"commune in Aube, France",Q484170,http://wikidata.org/entity/Q974926
Q481762,2,École normale supérieure de jeunes filles,French institute of higher education in Sèvres,Q135436,http://wikidata.org/entity/Q481762
Q1141586,1,University Lille-III,French university,Q45400320,http://wikidata.org/entity/Q1141586
Q1313163,1,HOGENT University of Applied Sciences and Arts,higher education institution,Q38723,http://wikidata.org/entity/Q1313163
Q13410,1,Latina,Italian comune,Q747074,http://wikidata.org/entity/Q13410
Q209055,1,Torquay,"town in Devon, England",Q3957,http://wikidata.org/entity/Q209055
Q30261412,2,Institute of Human Genetics,"facility in Montpellier, France",Q3550864,http://wikidata.org/entity/Q30261412
Q56733200,1,,work by Militão de Azevedo,Q125191,http://wikidata.org/entity/Q56733200
Q30255680,2,Délégation Languedoc Roussillon,"government organization in Montpellier, France",Q327333,http://wikidata.org/entity/Q30255680
Q30299256,1,Délégation Alpes,"government organization in Grenoble, France",Q327333,http://wikidata.org/entity/Q30299256
Q7351231,1,Robert Wood Johnson Medical School,medical school of Rutgers University,Q811979,http://wikidata.org/entity/Q7351231
Q955647,1,Joseph Fourier University,French university (1987-2016),Q3918,http://wikidata.org/entity/Q955647
Q15253558,1,activist,"person working with promoting or impeding, or causing social, political, economic, or environmental change",Q12737077,http://wikidata.org/entity/Q15253558
Q2687417,1,Wilrijk,"district of the City of Antwerp, Belgium",Q2785216,http://wikidata.org/entity/Q2687417
Q2994536,1,,,Q1021290,http://wikidata.org/entity/Q2994536
Q2794422,1,Olga Pashchenko,Classical musician,Q5,http://wikidata.org/entity/Q2794422
Q5932255,1,Hugh Pearson,vicar (1817–1882),Q5,http://wikidata.org/entity/Q5932255
Q18672956,1,William Pearson-Jervis,English ecclesiastical historian,Q5,http://wikidata.org/entity/Q18672956
Q15434929,1,Hugh Pearson,English Anglican Dean of Salisbury,Q5,http://wikidata.org/entity/Q15434929
Q2528697,1,Vito Frazzi,Italian musician (1888–1975),Q5,http://wikidata.org/entity/Q2528697
Q16189778,1,Ernesto Consolo,"Italian pianist, composer and music educator (1864-1931)",Q5,http://wikidata.org/entity/Q16189778
Q211968,1,Pazin,"city and settlement in Istria County, Croatia",Q15105893,http://wikidata.org/entity/Q211968
Q1173018,1,Piero Bellugi,Italian conductor (1924–2012),Q5,http://wikidata.org/entity/Q1173018
Q1782545,1,Conservatorio Luigi Cherubini,Conservatory in Florence,Q4671277,http://wikidata.org/entity/Q1782545
Q1400225,1,Ingrid Figur,German singer,Q5,http://wikidata.org/entity/Q1400225
Q2994504,1,Conservatoire de musique du Québec à Montréal,"music conservatory in Quebec, Canada",Q184644,http://wikidata.org/entity/Q2994504
Q14361257,1,Sluis & Groot,,Q4830453,http://wikidata.org/entity/Q14361257
Q188780,1,Rodez,"commune in Aveyron, France",Q484170,http://wikidata.org/entity/Q188780
Q167733,2,Barnard College,private women's liberal arts college in the United States,Q1377182,http://wikidata.org/entity/Q167733
Q380741,1,Eric Hultén,Swedish botanist (1894-1981),Q5,http://wikidata.org/entity/Q380741
Q458494,1,,Swiss artist and astrologer (1925–2015),Q5,http://wikidata.org/entity/Q458494
Q88663037,1,Jules Valéry,French jurist,Q5,http://wikidata.org/entity/Q88663037
Q191141,1,Sète,"commune in Hérault, France",Q484170,http://wikidata.org/entity/Q191141
Q5213659,1,Dan Heath,American business writer,Q5,http://wikidata.org/entity/Q5213659
Q12383840,1,Sofía Martínez,Spanish composer,Q5,http://wikidata.org/entity/Q12383840
Q11333691,3,scholar of French literature,specialist of French literature,Q28640,http://wikidata.org/entity/Q11333691
Q93347,1,Mostar,town in Bosnia and Herzegovina,Q3957,http://wikidata.org/entity/Q93347
Q572286,1,University of Sarajevo,university in Bosnia and Herzegovina,Q875538,http://wikidata.org/entity/Q572286
Q3445232,1,"Faculty of Humanities and Social Sciences, University of Zagreb","faculty within the University of Zagreb, Croatia",Q10922451,http://wikidata.org/entity/Q3445232
Q11774891,2,ice hockey player,sportsperson taking part in ice hockey competitions,Q28640,http://wikidata.org/entity/Q11774891
Q2123,1,Regina,"capital and second-largest city of the province of Saskatchewan, Canada",Q515,http://wikidata.org/entity/Q2123
Q66311781,1,Evere,"section of Evere, Belgium",Q2785216,http://wikidata.org/entity/Q66311781
Q93231051,1,Bryan Gillingham,Canadian musicologist and professor,Q5,http://wikidata.org/entity/Q93231051
Q56490094,1,Wesley Berg,"Canadian musicologist, teacher, and administrator",Q5,http://wikidata.org/entity/Q56490094
Q546635,1,Leamington Spa,"spa town in Warwick, central Warwickshire, England",Q3957,http://wikidata.org/entity/Q546635
Q181461,2,Downing College,college of the University of Cambridge,Q1055028,http://wikidata.org/entity/Q181461
Q466668,1,Anna Boch,Belgian painter (1848-1936),Q5,http://wikidata.org/entity/Q466668
Q1367651,2,Louis Brassin,Belgian musician (1836-1884),Q5,http://wikidata.org/entity/Q1367651
Q1191358,1,Western Siberia,geographic region,Q1414991,http://wikidata.org/entity/Q1191358
Q2548714,2,program maker,person who makes radio or television programs,Q28640,http://wikidata.org/entity/Q2548714
Q31565,1,Jerash,city in Jordan,Q515,http://wikidata.org/entity/Q31565
Q1781858,1,Hasselt University,Belgian university,Q875538,http://wikidata.org/entity/Q1781858
Q95121,2,Binche,"city in Wallonia, Belgium",Q493522,http://wikidata.org/entity/Q95121
Q521612,1,Folkwang University of the Arts,"German university for music, theater, dance, design, and academic studies",Q3918,http://wikidata.org/entity/Q521612
Q243713,1,Saint-Jean-Cap-Ferrat,"commune in Alpes-Maritimes, France",Q484170,http://wikidata.org/entity/Q243713
Q50827686,1,Élisabeth Joyé,French harpsichordist,Q5,http://wikidata.org/entity/Q50827686
Q623594,1,Zolochiv,city in Lviv Oblast in western Ukraine,Q12131624,http://wikidata.org/entity/Q623594
Q3994,1,Kempten,"district-free city in Allgäu, Swabia, Bavaria, Germany",Q253030,http://wikidata.org/entity/Q3994
Q550632,1,Roger Sessions,"American composer, critic, and teacher of music (1896-1985)",Q5,http://wikidata.org/entity/Q550632
Q1362347,1,Randall Thompson,American composer (1899–1984),Q5,http://wikidata.org/entity/Q1362347
Q711052,1,Walter Piston,American composer (1894–1976),Q5,http://wikidata.org/entity/Q711052
Q318518,1,Milton Babbitt,American composer (1916–2011),Q5,http://wikidata.org/entity/Q318518
Q1055854,1,Westfield,"city in Hampden County, Massachusetts, United States",Q1093829,http://wikidata.org/entity/Q1055854
Q2165026,1,Montiano,"hamlet of Magliano in Toscana, Italy",Q1134686,http://wikidata.org/entity/Q2165026
Q19296799,1,Musisches Gymnasium Leipzig,,Q16463,http://wikidata.org/entity/Q19296799
Q17429455,1,Marc Tooten,,Q5,http://wikidata.org/entity/Q17429455
Q7037999,1,Nina Koshetz,Russian American opera singer,Q5,http://wikidata.org/entity/Q7037999
Q222524,1,Alister McRae,Scottish rally driver,Q5,http://wikidata.org/entity/Q222524
Q2465611,1,co-driver,"navigator of a rally car in the sport of rallying, who sits in the front passenger seat",Q28640,http://wikidata.org/entity/Q2465611
Q10349745,1,racing automobile driver,occupation driving an automobile in competition,Q28640,http://wikidata.org/entity/Q10349745
Q10842936,1,rally driver,person driving rally competitions,Q28640,http://wikidata.org/entity/Q10842936
Q1002124,2,Lanark,"town in South Lanarkshire, Scotland, UK",Q3957,http://wikidata.org/entity/Q1002124
Q1689391,1,Jimmy McRae,British racing driver,Q5,http://wikidata.org/entity/Q1689391
Q6482911,1,Lanark Grammar School,"secondary school in Lanark, South Lanarkshire, Scotland, UK",Q967098,http://wikidata.org/entity/Q6482911
Q47165544,1,Francis William Davenport,English musician and composer,Q5,http://wikidata.org/entity/Q47165544
Q18822387,1,Gusztáv Buchböck,Hungarian chemist,Q5,http://wikidata.org/entity/Q18822387
Q318029,1,Karl Polanyi,"Hungarian economist, philosopher and historian",Q5,http://wikidata.org/entity/Q318029
Q18916855,1,Laura Striker,"historian, feminist",Q5,http://wikidata.org/entity/Q18916855
Q5056551,1,Cecília Wohl,Hungarian philanthropist,Q5,http://wikidata.org/entity/Q5056551
Q13443096,1,Boxtel,"village in Boxtel, the Netherlands",Q1852859,http://wikidata.org/entity/Q13443096
Q208143,1,Wigan,"town in Greater Manchester, England",Q3957,http://wikidata.org/entity/Q208143
Q996544,1,Northfield,"city in Minnesota, United States",Q1093829,http://wikidata.org/entity/Q996544
Q16567,1,Columbus,"capital city of Ohio, United States of America",Q1093829,http://wikidata.org/entity/Q16567
Q3551642,1,University of Mount Union,"liberal arts university in Alliance, Ohio",Q3918,http://wikidata.org/entity/Q3551642
Q75888237,1,Francis Plunkett Dillon,1927-2018,Q5,http://wikidata.org/entity/Q75888237
Q75888239,1,Susan Clarke,(died 2024),Q5,http://wikidata.org/entity/Q75888239
Q659706,1,Illinois Institute of Technology,American university,Q3918,http://wikidata.org/entity/Q659706
Q2096,1,Edmonton,"capital city of the province of Alberta, Canada",Q21507383,http://wikidata.org/entity/Q2096
Q1244704,1,Trinity Hall,constituent college of the University of Cambridge in England,Q19844914,http://wikidata.org/entity/Q1244704
Q1191833,1,University of Manitoba,"public research university in Winnipeg, Manitoba, Canada",Q108402786,http://wikidata.org/entity/Q1191833
Q6386678,1,Kelvin High School,"public high school in Winnipeg, Manitoba, Canada",Q9826,http://wikidata.org/entity/Q6386678
Q48942,1,schoolchild,child studying in a school,Q12737077,http://wikidata.org/entity/Q48942
Q3102563,1,Georges Darmois,French mathematician (1888-1960),Q5,http://wikidata.org/entity/Q3102563
Q12626,1,Meurthe-et-Moselle,French department,Q6465,http://wikidata.org/entity/Q12626
Q3960724,1,Silvestro Boito,Italian painter (1802-1856),Q5,http://wikidata.org/entity/Q3960724
Q151831,1,Eupen,municipality of Belgium,Q493522,http://wikidata.org/entity/Q151831
Q1264867,1,Dulwich College,"school in Southwark, UK",Q2418495,http://wikidata.org/entity/Q1264867
Q1420500,5,Swansea University,"public research university located in Swansea, Wales, United Kingdom",Q62078547,http://wikidata.org/entity/Q1420500
Q7653715,1,Swansea University Medical School,medical school based on Swansea University's Singleton Park Campus,Q3918,http://wikidata.org/entity/Q7653715
Q4335763,1,Defence Science and Technology Group,group within the Australian Department of Defence,Q19883123,http://wikidata.org/entity/Q4335763
Q5038449,1,Cardiff Metropolitan University,"university in Cardiff, Wales",Q3918,http://wikidata.org/entity/Q5038449
Q922260,1,Meise,"municipality in Flemish Brabant, Belgium",Q493522,http://wikidata.org/entity/Q922260
Q812589,1,Bayonne,"city in Hudson County, New Jersey, United States",Q2974552,http://wikidata.org/entity/Q812589
Q1454,1,North Carolina,state of the United States of America,Q35657,http://wikidata.org/entity/Q1454
Q505196,1,Neustadt an der Orla,"town in Thuringia, Germany",Q42744322,http://wikidata.org/entity/Q505196
Q1172047,1,Sonzay,"commune in Indre-et-Loire, France",Q484170,http://wikidata.org/entity/Q1172047
Q1224596,1,Solesmes,"commune in Sarthe, France",Q484170,http://wikidata.org/entity/Q1224596
Q33444227,1,Heerlen,town in the Netherlands,Q486972,http://wikidata.org/entity/Q33444227
Q181886,1,Châteaudun,"commune in Eure-et-Loir, France",Q484170,http://wikidata.org/entity/Q181886
Q2546812,1,Walter Wodak,Austrian diplomat (1908-1974),Q5,http://wikidata.org/entity/Q2546812
Q52150961,1,Erna Wodak,Austrian chemist (1916-2003),Q5,http://wikidata.org/entity/Q52150961
Q262854,1,University of Lancaster,"research university in Lancaster, United Kingdom",Q62078547,http://wikidata.org/entity/Q262854
Q18756079,1,John Grieg,(1840-1901),Q5,http://wikidata.org/entity/Q18756079
Q135639529,1,,merchant and the British Vice Consul in Bergen,Q5,http://wikidata.org/entity/Q135639529
Q111788979,1,Gesine Hagerup,Norwegian musician,Q5,http://wikidata.org/entity/Q111788979
Q172383,1,Sylvester II,Pope of the Catholic Church from 938 to 1003,Q5,http://wikidata.org/entity/Q172383
Q133163,1,percussion instrument,type of musical instrument that produces a sound by directly hitting it,Q1254773,http://wikidata.org/entity/Q133163
Q59101,1,Narvik,"settlement in Narvik Municipality, Norway",Q515,http://wikidata.org/entity/Q59101
Q457968,1,Alexander of Hales,English Franciscan theologian and philosopher (c.1185-1245),Q5,http://wikidata.org/entity/Q457968
Q446752,1,Eudes Rigaud,French theologian and diplomat,Q5,http://wikidata.org/entity/Q446752
Q6265864,1,John of la Rochelle,French Franciscan and theologian,Q5,http://wikidata.org/entity/Q6265864
Q159498,1,Bagnoregio,Italian comune,Q747074,http://wikidata.org/entity/Q159498
Q1322939,1,John Peckham,Archbishop of Canterbury,Q5,http://wikidata.org/entity/Q1322939
Q1346310,1,Matthew of Aquasparta,Catholic cardinal,Q5,http://wikidata.org/entity/Q1346310
Q995231,1,Long Branch,"city in Monmouth County, New Jersey, United States",Q2974552,http://wikidata.org/entity/Q995231
Q345612,1,Harold Bloom,"American literary critic, scholar, and writer (1930–2019)",Q5,http://wikidata.org/entity/Q345612
Q391229,1,Tournai Cathedral,cathedral,Q2977,http://wikidata.org/entity/Q391229
Q57244,1,Paul Hindemith,German composer (1895–1963),Q5,http://wikidata.org/entity/Q57244
Q41610365,1,Enrique Planchart Rotundo,Venezuelan rector,Q5,http://wikidata.org/entity/Q41610365
Q1533,2,Caracas,capital and largest city of Venezuela,Q515,http://wikidata.org/entity/Q1533
Q159288,1,Santa Barbara,"city in and county seat of Santa Barbara County, California, United States",Q1093829,http://wikidata.org/entity/Q159288
Q47392356,1,Enrique Planchart Loynaz,Venezuelan poet,Q5,http://wikidata.org/entity/Q47392356
Q16063497,2,evolutionary biologist,biologist focused on evolutionary biology,Q28640,http://wikidata.org/entity/Q16063497
Q15962340,1,literary theorist,scientist with main field of work in literary theory,Q28640,http://wikidata.org/entity/Q15962340
Q1503672,1,Georg Benjamin,German physician (1895-1942),Q5,http://wikidata.org/entity/Q1503672
Q18620538,1,Dora Benjamin,German psychologist and economist (1901-1946),Q5,http://wikidata.org/entity/Q18620538
Q94822911,1,Emil Benjamin,,Q5,http://wikidata.org/entity/Q94822911
Q57347,1,William Stern,German psychologist (1871-1938),Q5,http://wikidata.org/entity/Q57347
Q68204,1,Gertrud Kolmar,German writer and holocaust victim (1894–1943),Q5,http://wikidata.org/entity/Q68204
Q60884,1,Günther Anders,German-Austrian philosopher (1902–1992),Q5,http://wikidata.org/entity/Q60884
Q1507434,1,Leon Kellner,"English lexicographer, grammarian, and Shakespearian scholar (1859–1928)",Q5,http://wikidata.org/entity/Q1507434
Q487604,1,Martha Graham,American dancer and choreographer (1894–1991),Q5,http://wikidata.org/entity/Q487604
Q1394,1,Vladimir Lenin,founding leader of the Soviet Union from 1922 to 1924 (1870–1924),Q5,http://wikidata.org/entity/Q1394
Q326453,1,Rezé,"commune in Loire-Atlantique, France",Q484170,http://wikidata.org/entity/Q326453
Q711557,1,Roye,"commune in Somme, France",Q484170,http://wikidata.org/entity/Q711557
Q106543854,1,Henri Vallières,Canadian organist and pianist,Q5,http://wikidata.org/entity/Q106543854
Q2831302,1,Albert Lachièze,French politician (1840-1925),Q5,http://wikidata.org/entity/Q2831302
Q3588712,1,Émile Rey,French politician (1838-1922),Q5,http://wikidata.org/entity/Q3588712
Q106857476,1,,,Q180958,http://wikidata.org/entity/Q106857476
Q12713481,1,laborer,"low-skilled or unskilled worker in manual-labour occupations and industrial work, usually for a wage",Q12737077,http://wikidata.org/entity/Q12713481
Q212948,1,partisan,member of a guerrilla movement,Q12737077,http://wikidata.org/entity/Q212948
Q111120,1,Cadelbosco di Sopra,Italian comune,Q747074,http://wikidata.org/entity/Q111120
Q241298,1,Albenga,Italian urban comune and city,Q747074,http://wikidata.org/entity/Q241298
Q17632385,1,Universidad de las Artes,"public university in Guayaquil, Ecuador",Q3918,http://wikidata.org/entity/Q17632385
Q1633215,1,University of Salerno,University in Italy,Q875538,http://wikidata.org/entity/Q1633215
Q1474019,2,University of Hull,"university in Kingston upon Hull, United Kingdom",Q875538,http://wikidata.org/entity/Q1474019
Q10774753,1,performance artist,person who practices performance art (not to be confused with performing arts),Q28640,http://wikidata.org/entity/Q10774753
Q26344,1,Nagold,"city in Baden-Württemberg, Germany",Q1401585,http://wikidata.org/entity/Q26344
Q4341443,1,Olga Pavlischeva,sister of Alexander Pushkin (1797–1868),Q5,http://wikidata.org/entity/Q4341443
Q4384725,1,Lev Sergeyevich Pushkin,little brother of Alexander Pushkin (1805–1852),Q5,http://wikidata.org/entity/Q4384725
Q4384727,1,Sergey Pushkin,father of Alexander Pushkin,Q5,http://wikidata.org/entity/Q4384727
Q4133327,1,Nadezhda Pushkina,the mother of Alexander Pushkin,Q5,http://wikidata.org/entity/Q4133327
Q775909,1,Tsarskoye Selo Lyceum,gymnasium,Q55043,http://wikidata.org/entity/Q775909
Q898,1,Omsk,city in Russia,Q192287,http://wikidata.org/entity/Q898
Q137857702,1,,,Q5,http://wikidata.org/entity/Q137857702
Q137857549,1,,,Q5,http://wikidata.org/entity/Q137857549
Q28729082,3,Imperial St. Petersburg University,one of the twelve Imperial Universities of the Russian Empire (1819-1917). In 1914 it was renamed the Petrograd University.,Q3918,http://wikidata.org/entity/Q28729082
Q628254,1,Imperial Academy of Arts,"art school in Saint Petersburg, Russia",Q383092,http://wikidata.org/entity/Q628254
Q449923,1,Pavel Chistyakov,Russian artist (1832-1919),Q5,http://wikidata.org/entity/Q449923
Q42529177,1,Marie Nordlinger-Riefstahl,,Q5,http://wikidata.org/entity/Q42529177
Q21994609,1,Jean Guitry,actor (1884–1920),Q5,http://wikidata.org/entity/Q21994609
Q1225727,1,Lucien Guitry,French actor (1860–1925),Q5,http://wikidata.org/entity/Q1225727
Q21994607,1,Renée Delmas,French actor and sculptor (1858-1902),Q5,http://wikidata.org/entity/Q21994607
Q3427076,1,René de Pont-Jest,French journalist,Q5,http://wikidata.org/entity/Q3427076
Q990504,1,Exeter,"town in Rockingham County, New Hampshire, United States",Q2154459,http://wikidata.org/entity/Q990504
Q63946,1,Yverdon-les-Bains,town and municipality in the canton of Vaud in Switzerland,Q70208,http://wikidata.org/entity/Q63946
Q48274,1,Nashua,"city in southern New Hampshire, United States",Q1093829,http://wikidata.org/entity/Q48274
Q49192,1,Middletown,"city in Middlesex County, Connecticut, United States",Q1093829,http://wikidata.org/entity/Q49192
Q13419,1,Bordils,"province of Girona and autonomous community of Catalonia, Spain",Q33146843,http://wikidata.org/entity/Q13419
Q1696302,1,Johannes von Soest,German composer,Q5,http://wikidata.org/entity/Q1696302
Q7042,1,Amberg,"town in Bavaria, Germany",Q253030,http://wikidata.org/entity/Q7042
Q804505,1,József Bloch,Hungarian musician and musicologist (1862–1922),Q5,http://wikidata.org/entity/Q804505
Q57392122,1,Gyula Mambriny,Hungarian violinist (1874-1928),Q5,http://wikidata.org/entity/Q57392122
Q1660523,1,Imre Waldbauer,Hungarian music educator (1892-1952),Q5,http://wikidata.org/entity/Q1660523
Q47079487,1,Renée Sándor,(1899--1977) classical pianist; piano teacher,Q5,http://wikidata.org/entity/Q47079487
Q66778035,1,Árpád Sándor,"Hungarian-born American pianist, music critic",Q5,http://wikidata.org/entity/Q66778035
Q64825502,1,Nemzeti Zenede,"'National Conservatoire', former school of music in Budapest, Hungary (1867-1948)",Q184644,http://wikidata.org/entity/Q64825502
Q49238,1,Greensboro,"city in North Carolina, United States of America",Q1093829,http://wikidata.org/entity/Q49238
Q1757189,1,Toxteth,"district of Liverpool, Merseyside, England",Q6035676,http://wikidata.org/entity/Q1757189
Q319761,1,Aberystwyth University,university in Wales,Q875538,http://wikidata.org/entity/Q319761
Q64032,1,Uster,"city in the canton of Zürich, Switzerland",Q70208,http://wikidata.org/entity/Q64032
Q102271533,1,Daniel Muzzullini,Dr. phil. Universität Zürich 2004,Q5,http://wikidata.org/entity/Q102271533
Q525177,1,Halsey Stevens,American composer (1908–1989),Q5,http://wikidata.org/entity/Q525177
Q936780,1,La Crosse,"city in and county seat of La Crosse County, Wisconsin, United States",Q1093829,http://wikidata.org/entity/Q936780
Q2038684,1,Fanny Waterman,English musician (1920–2020),Q5,http://wikidata.org/entity/Q2038684
Q3091754,1,Bath Spa University,"university in Bath and North East Somerset, UK",Q3918,http://wikidata.org/entity/Q3091754
Q1025065,1,Sleepy Hollow,"village in New York, United States",Q751708,http://wikidata.org/entity/Q1025065
Q470082,1,Fontainebleau Schools,"consists of two schools, the American Conservatory and the School of Fine Arts at Fontainebleau",Q184644,http://wikidata.org/entity/Q470082
Q4952707,1,Boys and Girls High School,"high school in the Bedford-Stuyvesant neighborhood of Brooklyn, New York",Q9826,http://wikidata.org/entity/Q4952707
Q4952658,1,Boys High School,defunct high school in Brooklyn,Q9826,http://wikidata.org/entity/Q4952658
Q2002420,1,Örebro University,"state university in Örebro, Sweden",Q38723,http://wikidata.org/entity/Q2002420
Q765642,2,Queens' College,college of the University of Cambridge,Q1055028,http://wikidata.org/entity/Q765642
Q104042305,1,historian of science and technology,historian that examines how the understanding of the natural world (science) and the ability to manipulate it (technology) have changed over the millennia and centuries,Q28640,http://wikidata.org/entity/Q104042305
Q11814411,1,documentarian,author of documentaries,Q28640,http://wikidata.org/entity/Q11814411
Q95229179,1,Max Rademann,screenwriter,Q5,http://wikidata.org/entity/Q95229179
Q535674,1,Weilheim in Oberbayern,"town in Upper Bavaria, Germany",Q253030,http://wikidata.org/entity/Q535674
Q240631,1,University of Belgrade,"university in Belgrade, Serbia",Q875538,http://wikidata.org/entity/Q240631
Q49227,1,Winston-Salem,"city in and the county seat of Forsyth County, North Carolina, United States",Q1093829,http://wikidata.org/entity/Q49227
Q1153515,2,Tokyo University of the Arts,"higher education institution in Tokyo Prefecture, Japan",Q265662,http://wikidata.org/entity/Q1153515
Q9248,1,Baku,capital of Azerbaijan,Q56557664,http://wikidata.org/entity/Q9248
Q123254780,1,,,Q5,http://wikidata.org/entity/Q123254780
Q183199,1,Ioannina,"capital and largest city of Ioannina and Epirus, Greece",Q515,http://wikidata.org/entity/Q183199
Q1478528,1,Hellenic Conservatory,music educational institution in Greece,Q184644,http://wikidata.org/entity/Q1478528
Q243853,1,Nishinomiya,"city in Hyōgo Prefecture, Japan",Q1137833,http://wikidata.org/entity/Q243853
Q11646631,1,Kinjo Gakuin University,Japanese women's university,Q3918,http://wikidata.org/entity/Q11646631
Q1149777,1,Nagoya Institute of Technology,university,Q3918,http://wikidata.org/entity/Q1149777
Q4218672,1,Queensland Conservatorium Griffith University,"music school in Brisbane, Australia",Q184644,http://wikidata.org/entity/Q4218672
Q23220,1,Berkshire,ceremonial and non-metropolitan but non-administrative county of England,Q180673,http://wikidata.org/entity/Q23220
Q35581,1,Hokkaido,island of Japan,Q17308006,http://wikidata.org/entity/Q35581
Q2714334,1,Wagoner,"city in Oklahoma, United States of America",Q1093829,http://wikidata.org/entity/Q2714334
Q8073320,1,Zoe Zeniodi,Greek conductor and pianist,Q5,http://wikidata.org/entity/Q8073320
Q738258,1,University of Miami,"private university in Coral Gables, Florida, United States",Q3918,http://wikidata.org/entity/Q738258
Q2140391,1,University of Texas System,public university system in Texas,Q1075106,http://wikidata.org/entity/Q2140391
Q6476167,1,Lake Highlands High School,"high school in Dallas, Texas, USA",Q9826,http://wikidata.org/entity/Q6476167
Q1187817,1,Lock Haven,"city in Pennsylvania, United States",Q21010817,http://wikidata.org/entity/Q1187817
Q89675419,1,Christine Blaze de Bury,1815-1889,Q5,http://wikidata.org/entity/Q89675419
Q2941422,1,Castil-Blaze,"French musicologist, music critic and composer (1784-1857)",Q5,http://wikidata.org/entity/Q2941422
Q990657,1,Shefa-Amr,Arab city in Israel,Q515,http://wikidata.org/entity/Q990657
Q597835,2,Jerusalem Academy of Music and Dance,"school for the music and the performing arts in Jerusalem, Israel",Q1021290,http://wikidata.org/entity/Q597835
Q7256360,1,psycholinguist,person specialized in psycholinguistics,Q28640,http://wikidata.org/entity/Q7256360
Q122253,1,Marco Mumenthaler,Swiss neurologist (1925-2016),Q5,http://wikidata.org/entity/Q122253
Q69203,1,Erlenbach,municipality in Switzerland,Q70208,http://wikidata.org/entity/Q69203
Q1775244,1,Attleboro,"city in Bristol Country, Massachusetts, United States",Q1093829,http://wikidata.org/entity/Q1775244
Q18424,2,Queens,"borough in New York City, New York, United States",Q408804,http://wikidata.org/entity/Q18424
Q107642485,1,Audrey Marsh,American singer (1911–2009),Q5,http://wikidata.org/entity/Q107642485
Q5544356,1,George School,private Quaker school,Q3914,http://wikidata.org/entity/Q5544356
Q6520499,1,Lejaren Hiller,American photographer and illustrator (1880-1969),Q5,http://wikidata.org/entity/Q6520499
Q3140495,1,Horacio Vaggione,Argentine composer,Q5,http://wikidata.org/entity/Q3140495
Q2331491,1,Stanisław Wiechowicz,Polish composer (1893-1963),Q5,http://wikidata.org/entity/Q2331491
Q714626,1,Artur Malawski,Polish composer and music educator (1904–1957),Q5,http://wikidata.org/entity/Q714626
Q947404,1,Dębica,city and urban gmina of Poland,Q2616791,http://wikidata.org/entity/Q947404
Q23051,1,Swansea,city in Wales,Q1549591,http://wikidata.org/entity/Q23051
Q219060,1,Palestine,country in West Asia,Q6256,http://wikidata.org/entity/Q219060
Q6592642,1,"Dunie Weizman Conservatory of Music, HAIFA",,Q1021290,http://wikidata.org/entity/Q6592642
Q652809,1,Israel Conservatory of Music in Tel Aviv,,Q4671277,http://wikidata.org/entity/Q652809
Q2007778,1,University of West London,"university in Ealing, UK",Q3918,http://wikidata.org/entity/Q2007778
Q146702,1,Willesden,town of London and former civil parish,Q2755753,http://wikidata.org/entity/Q146702
Q205380,1,Greenwich Village,"neighborhood in Manhattan, New York City, New York, United States",Q61297932,http://wikidata.org/entity/Q205380
Q29415759,1,Yulia Slonimskaya Sazonova,"Russian actor, puppeteer, theater and dance critic",Q5,http://wikidata.org/entity/Q29415759
Q1816988,1,Mikhail Slonimsky,Russian writer (1897–1972),Q5,http://wikidata.org/entity/Q1816988
Q9146081,1,Aleksandr Slonimsky,,Q5,http://wikidata.org/entity/Q9146081
Q4423941,1,Ludwig Slonimsky,Russian journalist (1849–1918),Q5,http://wikidata.org/entity/Q4423941
Q2303621,1,Boston Conservatory at Berklee,"performing arts conservatory located in the Fenway-Kenmore region of Boston, Massachusetts, United States",Q184644,http://wikidata.org/entity/Q2303621
Q23115,1,Northamptonshire,"ceremonial county in England, UK",Q180673,http://wikidata.org/entity/Q23115
Q3056815,1,University of Huddersfield,"university in Huddersfield, West Yorkshire",Q875538,http://wikidata.org/entity/Q3056815
Q7227384,2,Pomona College,"private liberal arts college in Claremont, California, United States",Q23002054,http://wikidata.org/entity/Q7227384
Q106583,1,Bielsko-Biała,"city in Silesian Voivodeship, Poland",Q925381,http://wikidata.org/entity/Q106583
Q11757737,1,Lipnik,"part of the town of Bielsko-Biała, Silesian Voivodeship, Poland",Q1434401,http://wikidata.org/entity/Q11757737
Q67050,1,Morschach,municipality in the canton of Schwyz in Switzerland,Q70208,http://wikidata.org/entity/Q67050
Q16173214,1,Victor Babin,Pianist and composer,Q5,http://wikidata.org/entity/Q16173214
Q4093392,1,Gottfrid Boon,Swedish pianist (1886-1981),Q5,http://wikidata.org/entity/Q4093392
Q62461,1,Ferdinand Leitner,German composer and conductor (1912-1996),Q5,http://wikidata.org/entity/Q62461
Q961193,1,Clifford Curzon,British musician (1907-1982),Q5,http://wikidata.org/entity/Q961193
Q1356487,1,Leon Fleisher,American conductor and pianist (1928–2020),Q5,http://wikidata.org/entity/Q1356487
Q96505,1,Claude Frank,American pianist of German origin (1925–2014),Q5,http://wikidata.org/entity/Q96505
Q12149196,1,Antin Rudnytsky,American composer,Q5,http://wikidata.org/entity/Q12149196
Q4423324,1,Ruth Slenczynska,American pianist,Q5,http://wikidata.org/entity/Q4423324
Q1681779,1,Manfred Trojahn,German composer,Q5,http://wikidata.org/entity/Q1681779
Q1201437,1,Detlev Glanert,German opera composer,Q5,http://wikidata.org/entity/Q1201437
Q1100015,1,Clemens Kühn,German musicologist,Q5,http://wikidata.org/entity/Q1100015
Q83404,1,Timișoara,"city and county seat in Timiș County, Romania",Q640364,http://wikidata.org/entity/Q83404
Q203493,1,Kingdom of Romania,kingdom in Southeastern Europe between 1881 and 1947,Q3024240,http://wikidata.org/entity/Q203493
Q20437431,1,Nikolaus Lenau Theoretical High School,Romanian school,Q55043,http://wikidata.org/entity/Q20437431
Q26152,1,Växjö,"urban area in Växjö Municipality, Sweden",Q12813115,http://wikidata.org/entity/Q26152
Q17351648,1,newspaper editor,regular editor of a newspaper,Q28640,http://wikidata.org/entity/Q17351648
Q81779,1,Bräunlingen,town in Germany,Q3957,http://wikidata.org/entity/Q81779
Q3082689,1,Frank Linsly James,British explorer (1851-1890),Q5,http://wikidata.org/entity/Q3082689
Q1558249,1,Gymnasium Theodorianum,school,Q1542966,http://wikidata.org/entity/Q1558249
Q73226,1,Nijkerk,"municipality in Gelderland, the Netherlands",Q2039348,http://wikidata.org/entity/Q73226
Q305067,1,Gniew,city of Poland,Q3957,http://wikidata.org/entity/Q305067
Q215515,1,Friedrich Voltz,German artist (1817–1886),Q5,http://wikidata.org/entity/Q215515
Q105738293,1,Carl Voltz,"German drawer, painter and arts teacher (1826-1909)",Q5,http://wikidata.org/entity/Q105738293
Q111020719,1,Amalie Voltz,German painter,Q5,http://wikidata.org/entity/Q111020719
Q63457,1,Johann Michael Voltz,painter and cartoonist (1784-1858),Q5,http://wikidata.org/entity/Q63457
Q563974,1,Dreis,municipality of Germany,Q116457956,http://wikidata.org/entity/Q563974
Q1127338,1,Conservatory of Lausanne,"Lausanne University of Music and Conservatory in the canton of Vaud, Switzerland",Q184644,http://wikidata.org/entity/Q1127338
Q3586118,1,Saint-Laurent Reformed Church,"church building in Lausanne in the canton of Vaud, Switzerland",Q811979,http://wikidata.org/entity/Q3586118
Q48756927,1,Gilles Racot,French composer,Q5,http://wikidata.org/entity/Q48756927
Q23017773,1,Bertrand Dubedout,French composer,Q5,http://wikidata.org/entity/Q23017773
Q8686,1,Shanghai,provincial-level municipality in China,Q1208802,http://wikidata.org/entity/Q8686
Q9442,1,Luserna San Giovanni,Italian municipality,Q747074,http://wikidata.org/entity/Q9442
Q2263954,1,Bardi family,noble family,Q8436,http://wikidata.org/entity/Q2263954
Q463951,1,Maisons-Laffitte,"commune in Yvelines, France",Q484170,http://wikidata.org/entity/Q463951
Q36378,1,Fribourg,capital of the canton of Fribourg in Switzerland,Q70208,http://wikidata.org/entity/Q36378
Q668437,1,Montigny-le-Tilleul,"municipality in Wallonia, Belgium",Q493522,http://wikidata.org/entity/Q668437
Q217613,1,Stanisław Moniuszko,Polish composer (1819–1872),Q5,http://wikidata.org/entity/Q217613
Q64140974,1,Aleksandr Kyui,Russian architect,Q5,http://wikidata.org/entity/Q64140974
Q522054,1,André Navarra,French musician (1911–1988),Q5,http://wikidata.org/entity/Q522054
Q27906714,1,Petrograd,official name of Saint Petersburg between 31 August 1914 and 26 January 1924,Q7884789,http://wikidata.org/entity/Q27906714
Q4147103,1,M. Hofmann,,Q5,http://wikidata.org/entity/Q4147103
Q19753983,1,Jozef Duverger,Belgian art historian and university teacher,Q5,http://wikidata.org/entity/Q19753983
Q2959955,1,Charles Panzéra,opera singer (1896-1976),Q5,http://wikidata.org/entity/Q2959955
Q22992230,1,Simón Suárez,"Spanish painter, scenographer and director (1947-1996)",Q5,http://wikidata.org/entity/Q22992230
Q13230,1,Ferdinand de Saussure,Swiss linguist and philosopher (1857–1913),Q5,http://wikidata.org/entity/Q13230
Q34670,1,Albert Camus,"French philosopher, author, and journalist (1913–1960)",Q5,http://wikidata.org/entity/Q34670
Q3592769,1,Évelyne Didi,French actress,Q5,http://wikidata.org/entity/Q3592769
Q10176,1,University of Lyon,"French university system, in Lyon, France",Q15974764,http://wikidata.org/entity/Q10176
Q3820,1,Beirut,capital and largest city of Lebanon,Q1549591,http://wikidata.org/entity/Q3820
Q586142,1,Église de la Sainte-Trinité,"church located in Paris, France",Q16970,http://wikidata.org/entity/Q586142
Q539592,1,Wolfhagen,"town in Landkreis Kassel in Hesse, Germany",Q3957,http://wikidata.org/entity/Q539592
Q956276,1,Michel Chaillou,French writer (1930-2013),Q5,http://wikidata.org/entity/Q956276
Q1093083,1,Cârța,"village in Harghita County, Romania",Q532,http://wikidata.org/entity/Q1093083
Q37548,1,Northeastern University,"private university in Boston, Massachusetts, USA",Q3918,http://wikidata.org/entity/Q37548
Q49121,1,Harvard Medical School,"medical school in Boston, Massachusetts",Q494230,http://wikidata.org/entity/Q49121
Q757391,1,Central European University,University in Vienna and Budapest,Q15936437,http://wikidata.org/entity/Q757391
Q149790,1,Brody,"town ​​in Żary County, Lubuskie Voivodeship, Poland",Q3957,http://wikidata.org/entity/Q149790
Q278044,1,Vienna University of Economics and Business,"university focusing on business and economics in Vienna, Austria",Q875538,http://wikidata.org/entity/Q278044
Q1235594,1,University of Lleida,"public university in Lleida, Catalonia",Q875538,http://wikidata.org/entity/Q1235594
Q128349,1,Wichita Falls,"city in and county seat of Wichita County, Texas, United States",Q1093829,http://wikidata.org/entity/Q128349
Q204457,5,University of Bergen,university in Norway,Q3918,http://wikidata.org/entity/Q204457
Q7300559,1,Reading School,"school in Reading, UK",Q967098,http://wikidata.org/entity/Q7300559
Q1144549,1,Pierre and Marie Curie University,French university (1971-2017),Q3551775,http://wikidata.org/entity/Q1144549
Q146858,1,Wembley,area in the London Borough of Brent,Q2755753,http://wikidata.org/entity/Q146858
Q2439124,1,Cossington,"village and civil parish in Somerset, United Kingdom",Q532,http://wikidata.org/entity/Q2439124
Q27082207,1,"11 and 13, Mandeville Place","college building in Westminster, London, England, UK",Q875016,http://wikidata.org/entity/Q27082207
Q7351284,1,Robert Wykes,American composer (1926–2021),Q5,http://wikidata.org/entity/Q7351284
Q85274,1,Paul Pisk,Austrian composer (1893–1990),Q5,http://wikidata.org/entity/Q85274
Q319369,1,Aberdare,"town in Rhondda Cynon Taf, Wales",Q3957,http://wikidata.org/entity/Q319369
Q1094046,1,"City, University of London",university,Q3918,http://wikidata.org/entity/Q1094046
Q2322256,2,Federal University of Pernambuco,Brazilian university,Q875538,http://wikidata.org/entity/Q2322256
Q766447,1,Federal University of Rio Grande do Sul,Brazilian federal university based in Porto Alegre,Q3918,http://wikidata.org/entity/Q766447
Q53514,1,Curinga,Italian comune,Q747074,http://wikidata.org/entity/Q53514
Q9684,1,The New York Times,American daily newspaper (founded 1851),Q1110794,http://wikidata.org/entity/Q9684
Q19112700,1,The New York Herald Tribune,,Q3331189,http://wikidata.org/entity/Q19112700
Q42800,1,Belo Horizonte,"municipality of Minas Gerais state, Brazil",Q3184121,http://wikidata.org/entity/Q42800
Q61931537,1,Instituto de Estudos do Trabalho e Sociedade,"nonprofit organization in Rio de Janeiro, Brazil",Q163740,http://wikidata.org/entity/Q61931537
Q132140,1,Federal University of Minas Gerais,"public, federal university in Belo Horizonte, state of Minas Gerais, Brazil",Q875538,http://wikidata.org/entity/Q132140
Q506739,1,Limbourg,"city in Wallonia, Belgium",Q493522,http://wikidata.org/entity/Q506739
Q117168169,1,Asbjørn Drachmann Bentzon,,Q5,http://wikidata.org/entity/Q117168169
Q5570904,1,Viggo Bentzon,(1861-1937),Q5,http://wikidata.org/entity/Q5570904
Q133282985,1,Karen Emma Hartmann,,Q5,http://wikidata.org/entity/Q133282985
Q507807,1,Johan Peter Emilius Hartmann,Danish composer (1805–1900),Q5,http://wikidata.org/entity/Q507807
Q59265308,1,Ioánna Chalikiópoulou Mántzarou,,Q5,http://wikidata.org/entity/Q59265308
Q59265366,1,Antzoléta Rozína Chalikiópoulou Mántzarou,,Q5,http://wikidata.org/entity/Q59265366
Q121378,2,Corfu,Greek island in the Ionian Sea,Q23442,http://wikidata.org/entity/Q121378
Q1077630,1,Septinsular Republic,former Russo-Ottoman client state in the Greek islands,Q3024240,http://wikidata.org/entity/Q1077630
Q209065,1,Kingdom of Greece,period of Greek statehood from 1832 to 1924 and 1935 to 1973,Q417175,http://wikidata.org/entity/Q209065
Q59265071,1,Iakovos Chalikiopoulos Mantzaros,,Q5,http://wikidata.org/entity/Q59265071
Q59265117,1,Regina Victoria Tourine,Mother of Nikolaos Mantzaros,Q5,http://wikidata.org/entity/Q59265117
Q46852,1,Iași,city and seat of Iași County in the historical region of Moldavia in north-eastern Romania,Q640364,http://wikidata.org/entity/Q46852
Q107363792,1,Matila Costiescu,Romanian military officer,Q5,http://wikidata.org/entity/Q107363792
Q107363838,1,Maria Ghyka,,Q5,http://wikidata.org/entity/Q107363838
Q2446654,1,Ghica family,noble Phanariot family of Ottoman Empire; later of the Kingdom of Romania,Q8436,http://wikidata.org/entity/Q2446654
Q1383260,1,La Tessoualle,"commune in Maine-et-Loire, Pays de la Loire, France",Q484170,http://wikidata.org/entity/Q1383260
Q31596711,1,Zottegem,"city in Zottegem municipality, Belgium",Q3957,http://wikidata.org/entity/Q31596711
Q31564462,1,Deinze,"city in Deinze municipality, Belgium",Q3957,http://wikidata.org/entity/Q31564462
Q2515436,1,Pieter Magerman,Belgian playwright (1892–1963),Q5,http://wikidata.org/entity/Q2515436
Q21760366,1,Zingem,"town in Kruisem, Belgium",Q532,http://wikidata.org/entity/Q21760366
Q2793923,1,Edelare,"section of Oudenaarde, Belgium",Q2785216,http://wikidata.org/entity/Q2793923
Q6958993,1,Nagoya University of Arts,"Higher education institution in Aichi Prefecture, Japan",Q3918,http://wikidata.org/entity/Q6958993
Q846116,1,Kunitachi College of Music,Private University in Tokyo,Q3918,http://wikidata.org/entity/Q846116
Q733009,1,Lorgues,"commune in Var, France",Q484170,http://wikidata.org/entity/Q733009
Q24647238,1,León Simar,Belgian musician,Q5,http://wikidata.org/entity/Q24647238
Q271395,1,Scranton,"city in and county seat of Lackawanna County, Pennsylvania, United States",Q21010817,http://wikidata.org/entity/Q271395
Q514934,1,Ely,"city in St. Louis County, Minnesota, United States",Q1093829,http://wikidata.org/entity/Q514934
Q203309,1,Vesoul,"commune in Haute-Saône, France",Q484170,http://wikidata.org/entity/Q203309
Q733184,1,Vézelise,"commune in Meurthe-et-Moselle, France",Q484170,http://wikidata.org/entity/Q733184
Q3085675,1,François René Cailloux,French soldier and officer (1767–1851),Q5,http://wikidata.org/entity/Q3085675
Q833431,1,Rosnay,"commune in Marne, France",Q484170,http://wikidata.org/entity/Q833431
Q49364164,2,Rosnay,human settlement in France,Q486972,http://wikidata.org/entity/Q49364164
Q2921894,1,boulevard Pereire,"boulevard in Paris, France",Q54114,http://wikidata.org/entity/Q2921894
Q3120577,1,Antoine Guillot de Sainbris,French violist,Q5,http://wikidata.org/entity/Q3120577
Q442198,2,Louise Farrenc,"French composer, pianist and teacher (1804–1875)",Q5,http://wikidata.org/entity/Q442198
Q2861357,1,Aristide Farrenc,French musicologist (1794–1865),Q5,http://wikidata.org/entity/Q2861357
Q2994567,1,Conservatoire à rayonnement régional de Marseille,"Music and art academie in Marseille , France",Q2385804,http://wikidata.org/entity/Q2994567
Q455943,1,Charles Dullin,French actor (1885-1949),Q5,http://wikidata.org/entity/Q455943
Q289588,1,Étienne Decroux,French actor and mime (1898–1991),Q5,http://wikidata.org/entity/Q289588
Q49760,1,Peter Brook,English theatre and film director (1925–2022),Q5,http://wikidata.org/entity/Q49760
Q239845,1,Marie-Christine Barrault,French actress,Q5,http://wikidata.org/entity/Q239845
Q1232428,1,University of the Basque Country,public university in the Basque Autonomous Community of Spain,Q3918,http://wikidata.org/entity/Q1232428
Q1468481,1,University of Deusto,Spanish private university,Q902104,http://wikidata.org/entity/Q1468481
Q633561,1,University of Zaragoza,university in Spain,Q875538,http://wikidata.org/entity/Q633561
Q1683103,2,Janáček Academy of Music and Performing Arts,"public university in Brno, Czech Republic",Q3889692,http://wikidata.org/entity/Q1683103
Q877662,1,citizen school,Central European school type,,http://wikidata.org/entity/Q877662
Q1562052,2,Realgymnasium,gymnasium,Q2385804,http://wikidata.org/entity/Q1562052
Q2631642,1,Brno Conservatory,school in Brno,Q184644,http://wikidata.org/entity/Q2631642
Q158420,1,Červený Kostelec,town in the Czech Republic,Q5153359,http://wikidata.org/entity/Q158420
Q927373,1,Prague Conservatory,"music school in Prague, Czech Republic",Q184644,http://wikidata.org/entity/Q927373
Q1019967,1,Opočno,town in the Czech Republic,Q5153359,http://wikidata.org/entity/Q1019967
Q2570442,1,Jāzeps Vītols Latvian Academy of Music,"state conservatory in Riga, Latvia",Q184644,http://wikidata.org/entity/Q2570442
Q871265,1,East Lansing,"city in Ingham and Clinton counties, Michigan, United States",Q1093829,http://wikidata.org/entity/Q871265
Q519427,2,University of Denver,private university in the Rocky Mountain Region of the United States,Q15936437,http://wikidata.org/entity/Q519427
Q733414,1,Elbeuf,"commune in Seine-Maritime, France",Q484170,http://wikidata.org/entity/Q733414
Q5904540,1,Hornsey College of Art,Art college in England,Q383092,http://wikidata.org/entity/Q5904540
Q120542727,1,Jean-Baptiste Drapiez,,Q5,http://wikidata.org/entity/Q120542727
Q120499803,1,Vincent Leleux,,Q5,http://wikidata.org/entity/Q120499803
Q120499605,1,Alexandre Leleux,,Q5,http://wikidata.org/entity/Q120499605
Q879165,1,Bivange,"town in the commune of Roeser, Luxembourg",Q3957,http://wikidata.org/entity/Q879165
Q2018185,1,Redding,"town in Fairfield County, Connecticut, United States",Q15127012,http://wikidata.org/entity/Q2018185
Q461464,1,Eugène Carrière,French painter (1849-1906),Q5,http://wikidata.org/entity/Q461464
Q2673474,1,El Biar,Algerian commune in Algiers Province,Q2989398,http://wikidata.org/entity/Q2673474
Q116149674,1,Jacques de Tiège,,Q5,http://wikidata.org/entity/Q116149674
Q3375351,1,Performing Arts Research and Training Studios,dance school in Brussels,Q1561361,http://wikidata.org/entity/Q3375351
Q546586,1,Myriam Marbe,Romanian musician (1931–1997),Q5,http://wikidata.org/entity/Q546586
Q597758,1,University of Oldenburg,German university,Q875538,http://wikidata.org/entity/Q597758
Q157688,1,Lomonosov,town in Russia,Q515,http://wikidata.org/entity/Q157688
Q63440281,1,,,Q27062351,http://wikidata.org/entity/Q63440281
Q27621,1,Saint Petersburg State University,Russian federal state-owned higher education institution,Q875538,http://wikidata.org/entity/Q27621
Q4127845,2,The Second Saint Petersburg Gymnasium,"gymnasium school in Saint Petersburg, Russia",Q55043,http://wikidata.org/entity/Q4127845
Q4938971,1,Gunnel Biberfeld,associated professor at Karolinska Institutet,Q5,http://wikidata.org/entity/Q4938971
Q10727562,1,Örgryte församling,Church of Sweden parish within the Diocese of Gothenburg,Q615980,http://wikidata.org/entity/Q10727562
Q213555,1,Corte,"French commune in Haute-Corse, Corsica",Q484170,http://wikidata.org/entity/Q213555
Q21765800,1,Meulebeke,"town in Meulebeke municipality, Belgium",Q532,http://wikidata.org/entity/Q21765800
Q1357530,1,Ernst Berendt,German parson (1878-1942),Q5,http://wikidata.org/entity/Q1357530
Q105750362,1,Ernst Gottlieb Georg Berendt,German theologian (1842-1919),Q5,http://wikidata.org/entity/Q105750362
Q897128,1,Südwestfunk,former German TV and radio station,Q1802587,http://wikidata.org/entity/Q897128
Q497572,1,Braine-l'Alleud,"municipality in Wallonia, Belgium",Q493522,http://wikidata.org/entity/Q497572
Q319463,1,Nivelles,"city in Wallonia, Belgium",Q493522,http://wikidata.org/entity/Q319463
Q330533,1,Seventeen Provinces,Union of states in the Netherlands in the 15th and 16th centuries,Q188800,http://wikidata.org/entity/Q330533
Q701340,1,Yevsevii Mandychesvky,Austrian musician (1857-1929),Q5,http://wikidata.org/entity/Q701340
Q57992,1,Johannes Peter Müller,"German physiologist, comparative anatomist, ichthyologist, and herpetologist (1801-1858)",Q5,http://wikidata.org/entity/Q57992
Q94882252,1,Ferdinand Helmholtz,,Q5,http://wikidata.org/entity/Q94882252
Q1035148,1,Ágost Heller,"physicist, librarian (1843–1902)",Q5,http://wikidata.org/entity/Q1035148
Q4427082,1,Aleksey Sokolov,Russian physicist (1854-1928),Q5,http://wikidata.org/entity/Q4427082
Q69692,1,Theodor Leber,German ophtthalmologist (1840–1917),Q5,http://wikidata.org/entity/Q69692
Q339294,1,Francis Robbins Upton,American physicist (1852–1921),Q5,http://wikidata.org/entity/Q339294
Q852276,1,Sidi Bel Abbès,City in Algeria,Q515,http://wikidata.org/entity/Q852276
Q53269,1,Latisana,Italian comune,Q747074,http://wikidata.org/entity/Q53269
Q2410298,1,Robert Proust,Marcel Proust's brother (1873–1935),Q5,http://wikidata.org/entity/Q2410298
Q541516,1,Adrien Proust,Marcel Proust's father (1834–1903),Q5,http://wikidata.org/entity/Q541516
Q15206054,1,Jeanne-Clémence Proust,Marcel Proust's mother,Q5,http://wikidata.org/entity/Q15206054
Q273553,1,École Libre des Sciences Politiques,French college of higher education (1872-1945),Q4671277,http://wikidata.org/entity/Q273553
Q4900466,1,Bežigrad Grammar School,"school in Ljubljana, Slovenia",Q159334,http://wikidata.org/entity/Q4900466
Q184169,1,Louis Althusser,French Marxist philosopher (1918–1990),Q5,http://wikidata.org/entity/Q184169
Q9978,1,Zaanstad,municipality in the Netherlands,Q2039348,http://wikidata.org/entity/Q9978
Q588544,1,Nieuwerkerk aan den IJssel,"village and former municipality in South Holland, the Netherlands",Q532,http://wikidata.org/entity/Q588544
Q6254578,1,Lars Åberg,,Q5,http://wikidata.org/entity/Q6254578
Q10615166,1,Pajala parish,"parish in the Diocese of Luleå, Sweden",Q615980,http://wikidata.org/entity/Q10615166
Q431623,1,Roger Seydoux,French diplomat (1908-1985),Q5,http://wikidata.org/entity/Q431623
Q18195259,1,René Seydoux,,Q5,http://wikidata.org/entity/Q18195259
Q16030202,1,Jacques Seydoux,diplomat (1870-1929),Q5,http://wikidata.org/entity/Q16030202
Q57395711,1,Mathilde Seydoux,,Q5,http://wikidata.org/entity/Q57395711
Q15971887,1,Seydoux family,family,Q8436,http://wikidata.org/entity/Q15971887
Q57684,1,Hermann Lotze,German philosopher (1817–1881),Q5,http://wikidata.org/entity/Q57684
Q166228,1,Wiesentheid,market municipality of Germany in Bavaria,Q100341898,http://wikidata.org/entity/Q166228
Q77518,1,Hans Cornelius,German philosopher (1863–1947),Q5,http://wikidata.org/entity/Q77518
Q25410,1,Aalborg,city in Denmark,Q1549591,http://wikidata.org/entity/Q25410
Q1622181,1,Basel Academy of Art and Design FHNW,art school of University of Applied Sciences and Arts Northwestern Switzerland in Basel,Q383092,http://wikidata.org/entity/Q1622181
Q25636457,1,Francesco Verde,Roman Catholic bishop,Q5,http://wikidata.org/entity/Q25636457
Q75435846,1,Jules Louis Cyprian Ayer,Peerage person ID=140234,Q5,http://wikidata.org/entity/Q75435846
Q2537765,1,Wadham College,college of the University of Oxford,Q2581649,http://wikidata.org/entity/Q2537765
Q178442,2,Saint-Michel-de-Montaigne,"commune in Dordogne, France",Q484170,http://wikidata.org/entity/Q178442
Q1328323,1,functionary,person with leadership position within an organization,Q28640,http://wikidata.org/entity/Q1328323
Q798907,1,Baden,"unincorporated community in Ontario, Canada",Q269528,http://wikidata.org/entity/Q798907
Q1422458,1,University of Bath,"university in Bath, United Kingdom",Q3918,http://wikidata.org/entity/Q1422458
Q15976327,1,onomastician,person who studies onomastics; one who studies or researches names,Q12737077,http://wikidata.org/entity/Q15976327
Q763586,2,Masaryk University,"university in Brno, Czech Republic",Q875538,http://wikidata.org/entity/Q763586
Q1816202,1,University of Wolverhampton,"university in Wolverhampton, United Kingdom",Q3918,http://wikidata.org/entity/Q1816202
Q95149,1,HarperCollins,Anglo-American publishing house,Q1320047,http://wikidata.org/entity/Q95149
Q2002520,1,University of the West of England,"university in Bristol, England",Q875538,http://wikidata.org/entity/Q2002520
Q81087,3,"University College, Oxford",Constituent College of Oxford University,Q2581649,http://wikidata.org/entity/Q81087
Q639400,1,Ardingly College,"school in West Sussex, England, UK",Q269770,http://wikidata.org/entity/Q639400
Q1061104,1,"University of California, San Francisco","public land-grant research university in San Francisco, California",Q875538,http://wikidata.org/entity/Q1061104
Q577964,1,Champaign,"city in Champaign County, Illinois, United States",Q1093829,http://wikidata.org/entity/Q577964
Q914495,1,Robert Zajonc,American psychologist (1923–2008),Q5,http://wikidata.org/entity/Q914495
Q955764,1,University of Illinois Chicago,public university (1983-),Q875538,http://wikidata.org/entity/Q955764
Q2300579,1,Lisnaskea,"village in County Fermanagh, Northern Ireland, UK",Q532,http://wikidata.org/entity/Q2300579
Q303051,1,Aarre Merikanto,Finnish composer (1893–1958),Q5,http://wikidata.org/entity/Q303051
Q651112,1,Joonas Kokkonen,Finnish composer (1921–1996),Q5,http://wikidata.org/entity/Q651112
Q918402,1,Einar Englund,Finnish composer born in Sweden (1916–1999),Q5,http://wikidata.org/entity/Q918402
Q11897693,1,Timo Mikkilä,Finnish pianist (1912–2006),Q5,http://wikidata.org/entity/Q11897693
Q227070,1,Zoutleeuw,"city in Flemish Brabant, Belgium",Q493522,http://wikidata.org/entity/Q227070
Q105090,1,Christian Enzensberger,"German anglicist, author and translator (1931-2009)",Q5,http://wikidata.org/entity/Q105090
Q2475749,1,Ulrich Enzensberger,German journalist and author,Q5,http://wikidata.org/entity/Q2475749
Q14805,1,Kaufbeuren,"independent city in Bavaria, Germany",Q253030,http://wikidata.org/entity/Q14805
Q94572805,1,,,Q5,http://wikidata.org/entity/Q94572805
Q1339887,1,Ein Harod,kibbutz in Israel,Q161387,http://wikidata.org/entity/Q1339887
Q20502212,1,Moses Carmi,,Q5,http://wikidata.org/entity/Q20502212
Q76226325,1,Richard Garratt,(1786-1853),Q5,http://wikidata.org/entity/Q76226325
Q76287293,1,Isabella Alexander,(died 1862),Q5,http://wikidata.org/entity/Q76287293
Q22703,1,Forbach,"commune in Moselle, France",Q484170,http://wikidata.org/entity/Q22703
Q4677709,1,actor-manager,leading actor who sets up their own permanent theatrical company and manages the company's business,Q28640,http://wikidata.org/entity/Q4677709
Q5013931,1,Keinton Mandeville,"village and civil parish in Somerset, England, UK",Q532,http://wikidata.org/entity/Q5013931
Q22905,2,Bradford,"city and largest settlement in the City of Bradford district, Yorkshire, England",Q7897276,http://wikidata.org/entity/Q22905
Q76290478,1,Samuel Brodribb,Peerage person ID=666407,Q5,http://wikidata.org/entity/Q76290478
Q76290480,1,Mary Behenna,Peerage person ID=666408,Q5,http://wikidata.org/entity/Q76290480
Q3065224,1,Irving family,family,Q8436,http://wikidata.org/entity/Q3065224
Q1661445,1,Lyceum Theatre,theatre in London,Q3469910,http://wikidata.org/entity/Q1661445
Q218836,1,Saint-Martin-de-Villeréal,"commune in Lot-et-Garonne, France",Q484170,http://wikidata.org/entity/Q218836
Q1104475,1,Parranquet,"commune in Lot-et-Garonne, France",Q484170,http://wikidata.org/entity/Q1104475
Q1892770,1,North Wales,geographical region of Wales,Q82794,http://wikidata.org/entity/Q1892770
Q69726,1,Langenthal,town and municipality in the canton of Bern in Switzerland,Q70208,http://wikidata.org/entity/Q69726
Q691146,1,City of Basel Music Academy,"music school in Basel, Switzerland",Q184644,http://wikidata.org/entity/Q691146
Q3225573,1,Le Phare de la Loire,"French regional daily newspaper, 1852–1944",Q1002697,http://wikidata.org/entity/Q3225573
Q134712,1,Šiauliai,city in Lithuania,Q515,http://wikidata.org/entity/Q134712
Q1520608,1,University of Cyprus,"university in Nicosia, Cyprus",Q875538,http://wikidata.org/entity/Q1520608
Q31824034,1,Hoogstraten,"town in Hoogstraten municipality, Belgium",Q3957,http://wikidata.org/entity/Q31824034
Q6596,1,Gorizia,Italian comune,Q747074,http://wikidata.org/entity/Q6596
Q1479496,1,Félix Le Couppey,Composer and pedagog (1811–1887),Q5,http://wikidata.org/entity/Q1479496
Q112675,1,Leidschendam-Voorburg,"municipality in South Holland, the Netherlands",Q2039348,http://wikidata.org/entity/Q112675
Q1736748,1,Sandia National Laboratories,"United States national laboratory in Albuquerque, New Mexico",Q31855,http://wikidata.org/entity/Q1736748
Q4569677,1,Columbia College,oldest undergraduate college at Columbia University in New York City,Q189004,http://wikidata.org/entity/Q4569677
Q1900167,1,psychotherapist,person who practices psychotherapy,Q28640,http://wikidata.org/entity/Q1900167
Q349055,1,Wayne State University,"American public research university located in Detroit, Michigan",Q62078547,http://wikidata.org/entity/Q349055
Q207587,1,Rochefort,"French commune in Charente-Maritime, New Aquitaine",Q484170,http://wikidata.org/entity/Q207587
Q36681,1,Thái Bình,former province of Vietnam (1890–2025),Q137325529,http://wikidata.org/entity/Q36681
Q2166335,2,University of Southern Denmark,University in Denmark,Q875538,http://wikidata.org/entity/Q2166335
Q1263457,1,Hornsea,"town and civil parish in the East Riding of Yorkshire, England, UK",Q3957,http://wikidata.org/entity/Q1263457
Q133315,1,Limerick,city in Ireland in the province of Munster,Q515,http://wikidata.org/entity/Q133315
Q28731525,1,Vouziers,"commune in Ardennes, France (2016)",Q484170,http://wikidata.org/entity/Q28731525
Q3447331,1,rue Cassette,"street in Paris, France",Q79007,http://wikidata.org/entity/Q3447331
Q684473,1,Chavelot,"commune in Vosges, France",Q484170,http://wikidata.org/entity/Q684473
Q204622,1,19th arrondissement of Paris,"one of the 20 administrative districts of Paris, France",Q702842,http://wikidata.org/entity/Q204622
Q1226753,1,Dinxperlo,"village in Aalten, Netherlands",Q532,http://wikidata.org/entity/Q1226753
Q3155377,1,Islamicist,orientalist specialised in the study of Islam,Q28640,http://wikidata.org/entity/Q3155377
Q3353007,1,Oordegem,"section of Lede, Belgium",Q2785216,http://wikidata.org/entity/Q3353007
Q3531508,1,Tonbridge School,"school in Kent, UK",Q269770,http://wikidata.org/entity/Q3531508
Q1980190,1,Old Lyme,"town in New London County, Connecticut, United States",Q15127012,http://wikidata.org/entity/Q1980190
Q13394928,1,Ernest Javal,French official (1843–1897),Q5,http://wikidata.org/entity/Q13394928
Q105423966,1,Sophie Wallerstein,,Q5,http://wikidata.org/entity/Q105423966
Q3271835,1,Léopold Javal,French banker (1804–1872),Q5,http://wikidata.org/entity/Q3271835
Q920729,1,Javal family,family,Q8436,http://wikidata.org/entity/Q920729
Q7895974,3,University of North Texas College of Music,"comprehensive music school in Denton, Texas, United States",Q184644,http://wikidata.org/entity/Q7895974
Q918339,1,Mieczysław Horszowski,Polish musician (1892–1993),Q5,http://wikidata.org/entity/Q918339
Q60450,1,Curtis Institute of Music,"music school in Philadelphia, U.S.",Q184644,http://wikidata.org/entity/Q60450
Q3072747,1,Fiorello H. LaGuardia High School,specialized high school in New York City,Q9826,http://wikidata.org/entity/Q3072747
Q1519151,1,Mannes College The New School for Music,"music school in New York City, USA",Q184644,http://wikidata.org/entity/Q1519151
Q713200,3,performing artist,"artist who participates in performing arts in front of an audience: actors, comedians, dancers, magicians, circus artists, musicians, singers",Q28640,http://wikidata.org/entity/Q713200
Q1664629,2,Karl Leimer,German pianist and music educator,Q5,http://wikidata.org/entity/Q1664629
Q11946285,1,Rosa Maria Kucharski i Gonzàlez,Spanish pianist,Q5,http://wikidata.org/entity/Q11946285
Q1487242,1,Hochschule für Musik Saar,drama school,Q2143781,http://wikidata.org/entity/Q1487242
Q103212,1,Alapayevsk,"town in Sverdlovsk Oblast, Russia",Q486972,http://wikidata.org/entity/Q103212
Q4200373,1,Imperial School of Jurisprudence,school for boys in Saint Petersburg,Q2385804,http://wikidata.org/entity/Q4200373
Q118152,1,Meridian,"city in and the county seat of Lauderdale County, Mississippi, United States",Q1093829,http://wikidata.org/entity/Q118152
Q3405543,1,Roger Sherman Loomis,American academic (1887–1966),Q5,http://wikidata.org/entity/Q3405543
Q113288321,1,Clara Denison Loomis,American educator,Q5,http://wikidata.org/entity/Q113288321
Q11336721,1,Henry Loomis,American missionary (1839-1920),Q5,http://wikidata.org/entity/Q11336721
Q102500697,1,Jane Herring Loomis,(1846-1920),Q5,http://wikidata.org/entity/Q102500697
Q7981631,1,Wells College,"former private liberal arts college in Aurora, New York",Q23002054,http://wikidata.org/entity/Q7981631
Q2449921,1,drama teacher,"educator who teaches one or more aspects of drama (e.g., theatre history, acting, directing)",Q28640,http://wikidata.org/entity/Q2449921
Q3130439,1,Henri-Martin Barzun,French poet and writer,Q5,http://wikidata.org/entity/Q3130439
Q126898,1,Antibes,"commune in Alpes-Maritimes, France",Q484170,http://wikidata.org/entity/Q126898
Q46787,1,Riese Pio X,Italian comune,Q747074,http://wikidata.org/entity/Q46787
Q145093,1,Apostolic Palace,official residence of the Pope in Vatican City,Q2651004,http://wikidata.org/entity/Q145093
Q633810,1,Ehringshausen,"municipality in Lahn-Dill-Kreis in Hesse, Germany",Q116457956,http://wikidata.org/entity/Q633810
Q1072029,1,University of Wales,"confederal university based in Cardiff, Wales, UK",Q3918,http://wikidata.org/entity/Q1072029
Q571716,1,Johann Peter Pixis,German pianist and composer,Q5,http://wikidata.org/entity/Q571716
Q645382,1,Sanitz,municipality of Germany,Q1432253,http://wikidata.org/entity/Q645382
Q98034450,1,Teutendorf,"village in Travemünde, Lübeck, Germany",Q253019,http://wikidata.org/entity/Q98034450
Q1915756,1,Mecklenburg State Theatre,"opera company in Schwerin, Germany",Q11812394,http://wikidata.org/entity/Q1915756
Q11736,2,Tianjin,municipality of China,Q1208802,http://wikidata.org/entity/Q11736
Q1057890,1,RMIT University,public Australian university based in Melbourne,Q875538,http://wikidata.org/entity/Q1057890
Q1478723,1,La Trobe University,"university in Victoria, Australia",Q875538,http://wikidata.org/entity/Q1478723
Q541750,1,Timmendorfer Strand,municipality of Germany,Q2264955,http://wikidata.org/entity/Q541750
Q74195,1,Menlo Park,"city in San Mateo County, California, United States",Q13218357,http://wikidata.org/entity/Q74195
Q3056973,1,Ernest Gagnon,Québécois composer (1834-1915),Q5,http://wikidata.org/entity/Q3056973
Q3121194,2,Gustave Gagnon,Canadian musician,Q5,http://wikidata.org/entity/Q3121194
Q5083,2,Seattle,"city in and county seat of King County, State of Washington, United States",Q1093829,http://wikidata.org/entity/Q5083
Q159232,1,Santa Cruz,"city in and county seat of Santa Cruz County, California, United States",Q1093829,http://wikidata.org/entity/Q159232
Q527599,1,William Morris Hunt,American artist (1824-1879),Q5,http://wikidata.org/entity/Q527599
Q328758,1,Pierre Janet,French psychologist (1859–1947),Q5,http://wikidata.org/entity/Q328758
Q14706163,1,Astor House,"defunct hotel in Manhattan, New York City",Q27686,http://wikidata.org/entity/Q14706163
Q2430064,1,Tamworth,town in New Hampshire,Q2154459,http://wikidata.org/entity/Q2430064
Q3551621,1,University of Lille,"French university located in Lille and founded in 1559 in Douai; split between 1970 and 2017 into three independent universities (Lille-I, Lille-II and Lille-III)",Q62078547,http://wikidata.org/entity/Q3551621
Q823917,1,University of Sheffield,"university in Sheffield, United Kingdom",Q62078547,http://wikidata.org/entity/Q823917
Q113001786,1,Alys Megan Longley,interdisciplinary artist at University of Auckland,Q5,http://wikidata.org/entity/Q113001786
Q1201513,1,University of Otago,university in New Zealand,Q875538,http://wikidata.org/entity/Q1201513
Q1026567,1,Steinbach,"city in Manitoba, Canada",Q515,http://wikidata.org/entity/Q1026567
Q124554,1,Osimo,Italian comune,Q747074,http://wikidata.org/entity/Q124554
Q930528,1,University of Trento,Italian university,Q3918,http://wikidata.org/entity/Q930528
Q108161452,1,psychology teacher,teacher of psychology at any level,Q28640,http://wikidata.org/entity/Q108161452
Q1113899,1,clinical psychologist,profession,Q28640,http://wikidata.org/entity/Q1113899
Q93068487,1,forensic psychologist,professional,Q28640,http://wikidata.org/entity/Q93068487
Q71879,1,Georg Elias Müller,German experimental psychologist (1850–1934),Q5,http://wikidata.org/entity/Q71879
Q245126,1,Siófok,city in Hungary,Q13218690,http://wikidata.org/entity/Q245126
Q115736435,1,experimental psychologist,researcher in the field of experimental psychology,Q28640,http://wikidata.org/entity/Q115736435
Q112079151,1,John Harré,New Zealand social anthropologist,Q5,http://wikidata.org/entity/Q112079151
Q15051428,1,Āpiti,"locality in Manawatu District, Manawatū-Whanganui Region, New Zealand",Q3257686,http://wikidata.org/entity/Q15051428
Q6473861,1,Laila Harré,New Zealand politician,Q5,http://wikidata.org/entity/Q6473861
Q6410878,1,"King's College, Auckland","private secondary (year 9-15) school in Auckland, New Zealand",Q159334,http://wikidata.org/entity/Q6410878
Q653483,1,Linacre College,college of the University of Oxford,Q2581649,http://wikidata.org/entity/Q653483
Q1185955,1,"University of Nevada, Reno","public research university in Reno, Nevada, United States",Q62078547,http://wikidata.org/entity/Q1185955
Q864860,2,University of New Zealand,former university in New Zealand,Q3918,http://wikidata.org/entity/Q864860
Q75748410,1,Geoffrey Howard Neave,(1917-1983),Q5,http://wikidata.org/entity/Q75748410
Q75748414,1,Mary Therese Jeanette Voyer,Peerage person ID=314168,Q5,http://wikidata.org/entity/Q75748414
Q2067261,1,Pewee Valley,"city in Oldham County, Kentucky, United States of America",Q1093829,http://wikidata.org/entity/Q2067261
Q130212,1,Székesfehérvár,city in Hungary,Q13218690,http://wikidata.org/entity/Q130212
Q3086254,1,François de Marliave,French painter and illustrator (1874-1953),Q5,http://wikidata.org/entity/Q3086254
Q124787360,1,Henri Maurice Hyacinthe Joseph de Marliave,French official (19th century),Q5,http://wikidata.org/entity/Q124787360
Q109024595,1,,,Q8436,http://wikidata.org/entity/Q109024595
Q1132066,1,École Spéciale Militaire de Saint-Cyr,French military academy,Q847027,http://wikidata.org/entity/Q1132066
Q541,1,Orvieto,Italian comune,Q747074,http://wikidata.org/entity/Q541
Q332288,1,Godfrey of Fontaines,Belgian theologian,Q5,http://wikidata.org/entity/Q332288
Q51389725,1,Namur,"town in Namur municipality, Belgium",Q515,http://wikidata.org/entity/Q51389725
Q533936,1,,human settlement,Q486972,http://wikidata.org/entity/Q533936
Q3498448,1,Stéphane Ginsburgh,Belgian pianist,Q5,http://wikidata.org/entity/Q3498448
Q114660374,1,Lorenda Ramou,Greek pianist and musicologist,Q5,http://wikidata.org/entity/Q114660374
Q836702,1,Holzweißig,human settlement in Germany,Q253019,http://wikidata.org/entity/Q836702
Q837164,1,Newcastle University,"university in Newcastle upon Tyne, United Kingdom",Q3918,http://wikidata.org/entity/Q837164
Q2035359,1,St Antony's College,college of the University of Oxford,Q2581649,http://wikidata.org/entity/Q2035359
Q65090276,1,Kilburn Grammar School,English grammar school that existed in Kilburn from 1898 to 1967,Q967098,http://wikidata.org/entity/Q65090276
Q1095,1,Limburg,"province in Flanders, Belgium",Q83116,http://wikidata.org/entity/Q1095
Q139453,1,Francisco Escudero,Spanish musician (1912-2002),Q5,http://wikidata.org/entity/Q139453
Q10313,1,San Sebastián,"municipality in Basque Country, Spain",Q2074737,http://wikidata.org/entity/Q10313
Q105989310,1,Mikel Urquiza,Spanish composer,Q5,http://wikidata.org/entity/Q105989310
Q14827,1,Wunstorf,"town in Lower Saxony, Germany",Q2267870,http://wikidata.org/entity/Q14827
Q54217,1,Norwalk,"city in Fairfield County, Connecticut, United States",Q1093829,http://wikidata.org/entity/Q54217
Q2900,1,Quito,capital of Ecuador,Q515,http://wikidata.org/entity/Q2900
Q23276,1,Surrey,county of England,Q180673,http://wikidata.org/entity/Q23276
Q4916445,1,Birkenhead School,"school in Wirral, UK",Q2418495,http://wikidata.org/entity/Q4916445
Q1365596,1,Jacques Rouvier,French pianist and pedagogue,Q5,http://wikidata.org/entity/Q1365596
Q2025977,1,Pierre Barbizet,French musician (1922–1990),Q5,http://wikidata.org/entity/Q2025977
Q1138813,1,Villeau,"commune in Eure-et-Loir, France",Q21869758,http://wikidata.org/entity/Q1138813
Q2659663,1,Paul Fredericq,"historian, teacher, professor and rector from Belgium (1850-1920)",Q5,http://wikidata.org/entity/Q2659663
Q20871252,1,Cesar Fredericq,Belgian politician and physician (1817-1887),Q5,http://wikidata.org/entity/Q20871252
Q1130172,1,Mayo Clinic,"medical practice and medical research group based in Rochester, Minnesota, United States",Q163740,http://wikidata.org/entity/Q1130172
Q5676556,1,Harvard T.H. Chan School of Public Health,public health institution,Q180958,http://wikidata.org/entity/Q5676556
Q1126189,1,London School of Hygiene and Tropical Medicine,"public research university in Bloomsbury, Camden, UK; constituent college of the University of London",Q62078547,http://wikidata.org/entity/Q1126189
Q2475371,1,Hope College,liberal arts college in Michigan,Q6540832,http://wikidata.org/entity/Q2475371
Q2845749,1,former 10th arrondissement of Paris,"one of the twelve administrative districts of Paris, France, before 1860",Q2845944,http://wikidata.org/entity/Q2845749
Q3083395,1,François-Hippolyte Destailleur,French architect,Q5,http://wikidata.org/entity/Q3083395
Q81968604,1,Moshe Berent,Israeli political scientist,Q5,http://wikidata.org/entity/Q81968604
Q1079647,1,Christian Friedrich Petzold,German Protestant theologian and logician,Q5,http://wikidata.org/entity/Q1079647
Q1458262,1,Friedrich August Wilhelm Wenck,German historian and teacher (1741-1810),Q5,http://wikidata.org/entity/Q1458262
Q71082,1,Franz Volkmar Reinhard,German theologian (1753-1812),Q5,http://wikidata.org/entity/Q71082
Q92345,1,Ernst Platner,German philosopher and anthropologist,Q5,http://wikidata.org/entity/Q92345
Q1298228,1,Johann August Heinrich Ulrich,German philosopher,Q5,http://wikidata.org/entity/Q1298228
Q93289,1,Rammenau,municipality of Germany,Q116457956,http://wikidata.org/entity/Q93289
Q69354,1,Montreux,municipality in the canton of Vaud in Switzerland,Q70208,http://wikidata.org/entity/Q69354
Q286062,1,Émile Jaques-Dalcroze,"Swiss composer, musician and music educator (1865-1950)",Q5,http://wikidata.org/entity/Q286062
Q839037,1,Wommelgem,"municipality in Antwerp, Belgium",Q493522,http://wikidata.org/entity/Q839037
Q9768,1,Vaals,municipality in the Netherlands,Q2039348,http://wikidata.org/entity/Q9768
Q912106,2,Merchtem,"municipality in Flemish Brabant, Belgium",Q493522,http://wikidata.org/entity/Q912106
Q1185640,1,New Brighton,"borough in Beaver County, Pennsylvania, United States",Q777120,http://wikidata.org/entity/Q1185640
Q520461,1,Leon Benois,Russian architect (1856-1928),Q5,http://wikidata.org/entity/Q520461
Q946949,1,Albert Nikolayevitch Benois,Russian artist (1852-1936),Q5,http://wikidata.org/entity/Q946949
Q3049566,1,Ekaterina Benois,(1850–1933),Q5,http://wikidata.org/entity/Q3049566
Q133462173,1,Mikhail Nikolayevich Benois,,Q5,http://wikidata.org/entity/Q133462173
Q1727224,1,Nicholas Benois,Russian architect (1813–1898),Q5,http://wikidata.org/entity/Q1727224
Q106439638,1,Camilla Cavos,(1828-1891),Q5,http://wikidata.org/entity/Q106439638
Q12053132,1,Benois family,"family of prominent 19th- and 20th-century Russian artists, musicians and architects",Q13417114,http://wikidata.org/entity/Q12053132
Q1780490,1,communard,members and supporters of the short-lived 1871 Paris Commune,Q16334295,http://wikidata.org/entity/Q1780490
Q504883,1,La Charité-sur-Loire,"commune in Nièvre, France",Q484170,http://wikidata.org/entity/Q504883
Q19866546,1,New York College of Music,"college in New York, New York, United States",Q2385804,http://wikidata.org/entity/Q19866546
Q15117302,1,volleyball player,sportsperson who plays volleyball,Q28640,http://wikidata.org/entity/Q15117302
Q859528,1,association football referee,supervisor of a game of association football,Q28640,http://wikidata.org/entity/Q859528
Q18602542,1,Stanford University Philosophy Department,academic department at Stanford University,Q2467461,http://wikidata.org/entity/Q18602542
Q604222,1,Sainte-Adresse,"commune in Seine-Maritime, France",Q484170,http://wikidata.org/entity/Q604222
Q320308,1,Vandœuvre-lès-Nancy,"commune in Meurthe-et-Moselle, France",Q484170,http://wikidata.org/entity/Q320308
Q3291285,1,Marianne,French weekly news magazine,Q11032,http://wikidata.org/entity/Q3291285
Q2500638,2,creator,person who does creative work,Q12737077,http://wikidata.org/entity/Q2500638
Q68929,1,Ukmergė District Municipality,district municipality of Lithuania,Q17301072,http://wikidata.org/entity/Q68929
Q56860,1,Lithuanian University of Educational Sciences,university in Vilnius,Q3918,http://wikidata.org/entity/Q56860
Q876864,1,editing staff,employee who takes on editorial tasks within the media,Q28640,http://wikidata.org/entity/Q876864
Q597446,1,Bazel,"section of Kruibeke, Belgium",Q19730508,http://wikidata.org/entity/Q597446
Q755559,1,Hagerstown,"city in Maryland, United States",Q1093829,http://wikidata.org/entity/Q755559
Q1111640,1,Colorado State University,"public land-grant research university in Fort Collins, Colorado, USA",Q62078547,http://wikidata.org/entity/Q1111640
Q1553123,1,lector,teaching position in higher education,Q486983,http://wikidata.org/entity/Q1553123
Q1487508,1,Alfred von Wolzogen,German writer (1823–1883),Q5,http://wikidata.org/entity/Q1487508
Q48934340,1,Auguste Jullien,French journalist and diplomat (1802-1854),Q5,http://wikidata.org/entity/Q48934340
Q2718795,1,Marc-Antoine Jullien de Paris,French revolutionary and man of letters (1775–1848),Q5,http://wikidata.org/entity/Q2718795
Q15727916,1,Marc-Antoine Jullien,French politician (1744–1821),Q5,http://wikidata.org/entity/Q15727916
Q5998584,1,Compagnie du chemin de fer de Paris à Orléans,defunct French railway company (1838–1934),Q740752,http://wikidata.org/entity/Q5998584
Q2990118,1,Compagnie du chemin de fer de Paris à Lyon,,Q249556,http://wikidata.org/entity/Q2990118
Q669364,1,Berka vor dem Hainich,municipality of Germany,Q116457956,http://wikidata.org/entity/Q669364
Q2945497,1,Centre Européen de Sociologie et de Science Politique,,Q7315155,http://wikidata.org/entity/Q2945497
Q16650619,1,Carl-Henrik Wittrock,Swedish translator,Q5,http://wikidata.org/entity/Q16650619
Q97125221,1,Annette Coppee,,Q5,http://wikidata.org/entity/Q97125221
Q693513,1,Brasschaat,"municipality in Antwerp, Belgium",Q493522,http://wikidata.org/entity/Q693513
Q498540,1,Perleberg,"town in Brandenburg state, Germany",Q42744322,http://wikidata.org/entity/Q498540
Q17400032,1,Léon Gandillot,French playwright (1862-1912),Q5,http://wikidata.org/entity/Q17400032
Q18214713,1,,,Q8436,http://wikidata.org/entity/Q18214713
Q2148186,1,,"art & design museum in Providence, Rhode Island",Q207694,http://wikidata.org/entity/Q2148186
Q809600,1,Fogg Museum,"museum in Cambridge, Massachusetts; part of Harvard Art Museums",Q207694,http://wikidata.org/entity/Q809600
Q355201,1,Alvin Plantinga,American Christian philosopher,Q5,http://wikidata.org/entity/Q355201
Q5171438,1,Cornelius Plantinga,American theologian,Q5,http://wikidata.org/entity/Q5171438
Q181725,1,Auch,"commune in Gers, France",Q484170,http://wikidata.org/entity/Q181725
Q26973007,1,professor of philosophy,teacher of philosophy at a university or college,Q28640,http://wikidata.org/entity/Q26973007
Q7228418,1,Pontypridd High School,"school in Rhondda, Cynon, Taff, UK",Q159334,http://wikidata.org/entity/Q7228418
Q98393581,1,cognitive psychologist,profession,Q28640,http://wikidata.org/entity/Q98393581
Q21166956,1,lutenist,musician who plays the lute,Q66715801,http://wikidata.org/entity/Q21166956
Q24067349,1,classical guitarist,guitarist who is formally trained in and/or plays classical music,Q66715801,http://wikidata.org/entity/Q24067349
Q854109,1,Luanshya,city in Zambia,Q515,http://wikidata.org/entity/Q854109
Q76341981,1,Henry Clifford Grayling,Peerage person ID=701559,Q5,http://wikidata.org/entity/Q76341981
Q273015,1,Huriel,"commune in Allier, France",Q484170,http://wikidata.org/entity/Q273015
Q20771242,1,gallerist,owner of a gallery,Q28640,http://wikidata.org/entity/Q20771242
Q1731415,1,Karl Hans Sailer,Austrian journalist (1890–1957),Q5,http://wikidata.org/entity/Q1731415
Q18620874,1,Erna Sailer,Austrian politician,Q5,http://wikidata.org/entity/Q18620874
Q552108,1,Mulfingen,municipality and village in Germany,Q116457956,http://wikidata.org/entity/Q552108
Q258835,1,Ustersbach,municipality of Germany,Q116457956,http://wikidata.org/entity/Q258835
Q1951843,2,Academy of Music in Kraków,"music school in Kraków, Poland",Q184644,http://wikidata.org/entity/Q1951843
Q8385,1,Ostrava,city in Czechia,Q257978,http://wikidata.org/entity/Q8385
Q110042402,1,ancient Near Eastern scholar,,Q28640,http://wikidata.org/entity/Q110042402
Q19361459,1,assyriologist,person who studies ancient Mesopotamian cultures and languages,Q28640,http://wikidata.org/entity/Q19361459
Q1633098,1,Hubert Cancik,German classical philologist and historian of religion,Q5,http://wikidata.org/entity/Q1633098
Q1618319,1,Hildegard Cancik-Lindemaier,German historian of religion and classical philologist,Q5,http://wikidata.org/entity/Q1618319
Q1259489,1,Hermann von Helmholtz-Zentrum für Kulturtechnik,institute,Q1664720,http://wikidata.org/entity/Q1259489
Q1686898,1,Uhland-Gymnasium Tübingen,school in Germany,Q1542966,http://wikidata.org/entity/Q1686898
Q231720,1,Honfleur,"commune in Calvados, France",Q484170,http://wikidata.org/entity/Q231720
Q3449529,1,rue Pierre-Larousse,"street in Paris, France",Q79007,http://wikidata.org/entity/Q3449529
Q467132,1,Arcueil,"commune in Val-de-Marne, France",Q484170,http://wikidata.org/entity/Q467132
Q223140,1,3rd arrondissement of Paris,"one of the 20 administrative districts of Paris, France",Q702842,http://wikidata.org/entity/Q223140
Q23309982,1,Alexander Georg von Humboldt,(1720-1779),Q5,http://wikidata.org/entity/Q23309982
Q1618375,1,Marie-Elisabeth von Humboldt,Mother of Alexander von Humboldt and Wilhelm von Humboldt (1741–1796),Q5,http://wikidata.org/entity/Q1618375
Q514725,1,Landrat,public official in Germany,Q4164871,http://wikidata.org/entity/Q514725
Q57398663,1,administrative lawyer,profession,Q15987302,http://wikidata.org/entity/Q57398663
Q33445973,1,Hoorn,"city in Noord-Holland, the Netherlands",Q13539802,http://wikidata.org/entity/Q33445973
Q145845,1,Doetinchem,"municipality in Gelderland, the Netherlands",Q2039348,http://wikidata.org/entity/Q145845
Q1306223,1,Eindhovens Dagblad,newspaper,Q11032,http://wikidata.org/entity/Q1306223
Q2487606,1,De Revisor,magazine,Q1002697,http://wikidata.org/entity/Q2487606
Q2936361,1,Gymnasium Erasmianum,school in Rotterdam,Q55043,http://wikidata.org/entity/Q2936361
Q984613,1,Kettering,"town in North Northamptonshire, Northamptonshire, England",Q3957,http://wikidata.org/entity/Q984613
Q5597915,1,Gravesend Grammar School,"school in Gravesend, Kent",Q967098,http://wikidata.org/entity/Q5597915
Q16559,1,Austin,"seat of Travis County, and capital of the State of Texas",Q1093829,http://wikidata.org/entity/Q16559
Q222738,1,National Autonomous University of Mexico,public research university in Mexico,Q62078547,http://wikidata.org/entity/Q222738
Q217439,1,University of Hawaiʻi System,college and university system in the U.S. state of Hawaiʻi,Q3918,http://wikidata.org/entity/Q217439
Q65379,1,Virginia Tech,"public university with the main campus in Blacksburg, Virginia",Q3918,http://wikidata.org/entity/Q65379
Q5730087,1,Henry Whitehead,Bishop of Madras; British Anglican colonial bishop,Q5,http://wikidata.org/entity/Q5730087
Q736439,1,Ramsgate,"town in Kent, England, UK",Q3957,http://wikidata.org/entity/Q736439
Q132537,1,Robert Oppenheimer,"American theoretical physicist, known as ""father of the atomic bomb"" (1904–1967)",Q5,http://wikidata.org/entity/Q132537
Q378553,1,J. H. C. Whitehead,British mathematician (1904-1960),Q5,http://wikidata.org/entity/Q378553
Q1234937,1,Winchcombe,"town in Tewkesbury, Gloucestershire, England, UK",Q3957,http://wikidata.org/entity/Q1234937
Q4666797,1,Abercanaid,"village in Merthyr Tydfil, Wales, UK",Q532,http://wikidata.org/entity/Q4666797
Q203278,1,Millau,"commune in Aveyron, France",Q484170,http://wikidata.org/entity/Q203278
Q21460425,1,Frank Lisle,British painter and art teacher (1916–1986),Q5,http://wikidata.org/entity/Q21460425
Q2598272,1,University for the Creative Arts,"university in Surrey, UK",Q3918,http://wikidata.org/entity/Q2598272
Q1753535,1,Royal College of Art,"postgraduate art and design university in London, England",Q383092,http://wikidata.org/entity/Q1753535
Q860450,1,Chelsea College of Art and Design,college of the University of the Arts London,Q383092,http://wikidata.org/entity/Q860450
Q4954686,1,Bradford Grammar School,"school in Bradford, UK",Q2418495,http://wikidata.org/entity/Q4954686
Q4954635,1,Bradford College,Yorkshire FE and HE college,Q189004,http://wikidata.org/entity/Q4954635
Q5388890,1,Erik W. Tawaststjerna,"Finnish musicologist, pianist and music teacher",Q5,http://wikidata.org/entity/Q5388890
Q11875134,1,Lauri Tarasti,Finnish lawyer,Q5,http://wikidata.org/entity/Q11875134
Q9384356,1,Aarne Tarasti,Finnish lawyer,Q5,http://wikidata.org/entity/Q9384356
Q712182,1,Henry Eccles,English composer,Q5,http://wikidata.org/entity/Q712182
Q7558592,1,Solomon Eccles,English composer and Quaker,Q5,http://wikidata.org/entity/Q7558592
Q1623314,1,Hofstra University,"university in Nassau County, New York",Q902104,http://wikidata.org/entity/Q1623314
Q648501,1,Asheville,"county seat of Buncombe County, North Carolina, United States",Q1093829,http://wikidata.org/entity/Q648501
Q16556,1,Phoenix,"seat of Maricopa County, largest city in, and capital of, the State of Arizona, United States",Q1093829,http://wikidata.org/entity/Q16556
Q1190812,2,University of New Mexico,"public research university in Albuquerque, New Mexico, United States",Q62078547,http://wikidata.org/entity/Q1190812
Q1888771,1,Manchester Metropolitan University,"university in Manchester, UK",Q875538,http://wikidata.org/entity/Q1888771
Q3506810,1,Sydney College of the Arts,"contemporary art college in Sydney, Australia",Q383092,http://wikidata.org/entity/Q3506810
Q7932633,1,Vinnes,"village in Austevoll, Norway",Q486972,http://wikidata.org/entity/Q7932633
Q138609081,1,Gunnar Bjørkøy,,Q5,http://wikidata.org/entity/Q138609081
Q11982779,1,Kåre Bjørkøy,Norwegian singer and professor,Q5,http://wikidata.org/entity/Q11982779
Q15733585,1,Svein Bjørkøy,Norwegian singer and professor,Q5,http://wikidata.org/entity/Q15733585
Q11982060,1,Kristian Krokslett,Norwegian opera singer,Q5,http://wikidata.org/entity/Q11982060
Q17120229,1,Leis Schjelderup,Norwegian painter (1856–1933),Q5,http://wikidata.org/entity/Q17120229
Q64071015,1,Georg Elias Schjelderup,Norwegian painter,Q5,http://wikidata.org/entity/Q64071015
Q2415,1,Kristiansand,municipality of Agder county in Southern Norway,Q755707,http://wikidata.org/entity/Q2415
Q503628,1,Benediktbeuern,municipality of Germany,Q116457956,http://wikidata.org/entity/Q503628
Q6897579,1,Mon Schjelderup,Pianist and composer,Q5,http://wikidata.org/entity/Q6897579
Q183478,1,Ægidius Elling,Norwegian inventor,Q5,http://wikidata.org/entity/Q183478
Q18433672,1,Jacoba Elling,,Q5,http://wikidata.org/entity/Q18433672
Q20874131,1,Marta Vestby,Norwegian soprano,Q5,http://wikidata.org/entity/Q20874131
Q1660290,1,Ludvig Mathias Lindeman,Norwegian composer and organist (1812-1887),Q5,http://wikidata.org/entity/Q1660290
Q113571,1,Førde,"former municipality in Sogn og Fjordane, Norway",Q18663579,http://wikidata.org/entity/Q113571
Q11967701,1,Erik Eggen,Norwegian philologist and composer (1877-1957),Q5,http://wikidata.org/entity/Q11967701
Q184579,1,Bolton,"town in Greater Manchester, in the North West of England",Q3957,http://wikidata.org/entity/Q184579
Q609698,1,Lorain,"city in Lorain County, Ohio, United States",Q1093829,http://wikidata.org/entity/Q609698
Q736131,1,Alblasserdam,"town and municipality in South Holland, the Netherlands",Q2039348,http://wikidata.org/entity/Q736131
Q3030263,1,Spaubeek,"village in Beek, Netherlands",Q532,http://wikidata.org/entity/Q3030263
Q187796,1,Orange,"commune in Vaucluse, France",Q484170,http://wikidata.org/entity/Q187796
Q173292,1,Capri,island near Naples,Q23442,http://wikidata.org/entity/Q173292
Q3013982,1,Daniel Ducommun de Locle,French sculptor (1804-1884),Q5,http://wikidata.org/entity/Q3013982
Q149419,1,Munster,"commune in Haut-Rhin, France",Q484170,http://wikidata.org/entity/Q149419
Q7593821,1,"St Joseph's Academy, Blackheath","academy in Blackheath, London, London",Q3914,http://wikidata.org/entity/Q7593821
Q7432601,1,School of the Art Institute of Chicago,university and independent school of art and design,Q383092,http://wikidata.org/entity/Q7432601
Q1145497,1,Curtin University,"university in Perth, Western Australia",Q875538,http://wikidata.org/entity/Q1145497
Q362708,1,Dourbes,"section of Viroinval, Wallonia, Belgium",Q486972,http://wikidata.org/entity/Q362708
Q2893717,1,Beez,"section of Namur, Wallonia",Q2785216,http://wikidata.org/entity/Q2893717
Q1682705,1,"Philipp Fahrbach, Sr.",Austrian composer (1815–1885),Q5,http://wikidata.org/entity/Q1682705
Q609134,1,Joinville-le-Pont,"commune in Val-de-Marne, France",Q484170,http://wikidata.org/entity/Q609134
Q1101374,1,Flin,"commune in Meurthe-et-Moselle, France",Q484170,http://wikidata.org/entity/Q1101374
Q3371517,1,Paul Jaspar,Belgian architect (1859–1945),Q5,http://wikidata.org/entity/Q3371517
Q38027981,1,Marcel Jaspar,"(Belgian, 1886–1952)",Q5,http://wikidata.org/entity/Q38027981
Q5627,1,Ulyanovsk,"city in Ulyanovsk Oblast, Russia",Q7930989,http://wikidata.org/entity/Q5627
Q6393,1,Brive-la-Gaillarde,"French commune in Corrèze, Nouvelle-Aquitaine",Q484170,http://wikidata.org/entity/Q6393
Q284910,1,Saint-Amant-Tallende,"commune in Puy-de-Dôme, France",Q484170,http://wikidata.org/entity/Q284910
Q3546255,1,oceanographer,scientist who studies oceans,Q28640,http://wikidata.org/entity/Q3546255
Q1515048,1,Naval Postgraduate School,"military university in Monterey, California, USA",Q137222271,http://wikidata.org/entity/Q1515048
Q559549,1,United States Naval Academy,"U.S. Navy federal service academy in the Annapolis, Maryland area",Q1898357,http://wikidata.org/entity/Q559549
Q3041247,1,Duncan,"city and county seat of Stephens County, Oklahoma, United States",Q1093829,http://wikidata.org/entity/Q3041247
Q500606,1,University of South Florida,"public university in Tampa, Florida, United States",Q875538,http://wikidata.org/entity/Q500606
Q911096,1,S. N. Behrman,American writer (1893–1973),Q5,http://wikidata.org/entity/Q911096
Q18383,2,Providence,"capital city of Rhode Island, United States",Q1549591,http://wikidata.org/entity/Q18383
Q273542,1,French School of Rome,"French research institute of history, archaeology and social sciences based in Rome, Italy",Q31855,http://wikidata.org/entity/Q273542
Q892526,1,Groningen,municipality in the Netherlands,Q2039348,http://wikidata.org/entity/Q892526
Q109117353,1,Ernest Paumen,,Q5,http://wikidata.org/entity/Q109117353
Q103801,1,East Prussia,province of Prussia,Q574299,http://wikidata.org/entity/Q103801
Q109533,1,Josef Simon,German philosopher (1930-2016),Q5,http://wikidata.org/entity/Q109533
Q107974979,1,Brigitte Scheer,German philosopher,Q5,http://wikidata.org/entity/Q107974979
Q107146,1,Alameda County,"county in California, United States",Q13212489,http://wikidata.org/entity/Q107146
Q2511632,1,Grantchester,"village in Cambridgeshire, England, UK",Q532,http://wikidata.org/entity/Q2511632
Q297302,1,William Bateson,British geneticist and biologist (1861-1926),Q5,http://wikidata.org/entity/Q297302
Q136442645,1,Beatrice Bateson,British researcher,Q5,http://wikidata.org/entity/Q136442645
Q452751,1,Richard Bandler,American author and trainer in the field of self-help,Q5,http://wikidata.org/entity/Q452751
Q180099,1,Margaret Mead,American anthropologist (1901-1978),Q5,http://wikidata.org/entity/Q180099
Q242757,1,Oerlinghausen,"town in Northrhine-Westfalia, Germany",Q42744322,http://wikidata.org/entity/Q242757
Q94736779,2,Suja Stockhausen,,Q5,http://wikidata.org/entity/Q94736779
Q94736780,2,Christel Stockhausen,,Q5,http://wikidata.org/entity/Q94736780
Q325094,1,Hans Leygraf,"Swedish composer, pianist and music educator",Q5,http://wikidata.org/entity/Q325094
Q1505824,1,Georg Sava,German pianist and university teacher,Q5,http://wikidata.org/entity/Q1505824
Q64691026,1,Arthur Harald Bosse,,Q5,http://wikidata.org/entity/Q64691026
Q128159626,1,Henriette Feodorovna Bosse,1866-,Q5,http://wikidata.org/entity/Q128159626
Q1866968,1,Gulf Stream,"town in Palm Beach County, Florida, United States",Q15127012,http://wikidata.org/entity/Q1866968
Q67206329,1,Hermann Asemissen,German translator,Q5,http://wikidata.org/entity/Q67206329
Q242703,1,Grottaferrata,Italian comune,Q747074,http://wikidata.org/entity/Q242703
Q31521097,1,Sint-Niklaas,"city in Sint-Niklaas municipality, Belgium",Q3957,http://wikidata.org/entity/Q31521097
Q165736,1,Doesburg,"city and municipality in Gelderland, the Netherlands",Q707813,http://wikidata.org/entity/Q165736
Q1569495,1,lecturer,expert who is hired to teach on a full or part time basis,Q4164871,http://wikidata.org/entity/Q1569495
Q16744668,1,physical chemist,chemist who studies how matter behaves on a molecular and atomic level and how chemical reactions occur,Q28640,http://wikidata.org/entity/Q16744668
Q7044,1,Oberursel (Taunus),"city in Hochtaunuskreis in Hesse, Germany",Q42744322,http://wikidata.org/entity/Q7044
Q554758,1,Elsteraue,"municipality in Saxony-Anhalt, Germany",Q116457956,http://wikidata.org/entity/Q554758
Q3126,1,Erlangen,"city in Bavaria, Germany",Q1549591,http://wikidata.org/entity/Q3126
Q6832,1,Ravensburg,"town in Upper Swabia, Germany",Q896881,http://wikidata.org/entity/Q6832
Q2213391,1,Croydon,"town in South London, England",Q18511725,http://wikidata.org/entity/Q2213391
Q6145127,1,James Ward,English psychologist (1843–1925),Q5,http://wikidata.org/entity/Q6145127
Q279000,1,South Shields,"town in Tyne and Wear, England, UK",Q3957,http://wikidata.org/entity/Q279000
Q106281,1,Tarnów,City with powiat rights of Poland,Q925381,http://wikidata.org/entity/Q106281
Q17488363,1,economic historian,scholar who is engaged in economic history,Q28640,http://wikidata.org/entity/Q17488363
Q2081,1,Roseto degli Abruzzi,Italian comune,Q747074,http://wikidata.org/entity/Q2081
Q113063,1,Ignaz Lachner,German composer and conductor (1807-1895),Q5,http://wikidata.org/entity/Q113063
Q91956,1,Robert Curjel,German-Swiss architect,Q5,http://wikidata.org/entity/Q91956
Q830540,1,Georges Huisman,French politician (1889-1957),Q5,http://wikidata.org/entity/Q830540
Q59531633,1,Marcelle Huisman,"born:1898|died:1995-04-18|; Huisman, Marcelle",Q5,http://wikidata.org/entity/Q59531633
Q3577716,1,École alsacienne,private school located in the 6th arrondissement of Paris,Q3914,http://wikidata.org/entity/Q3577716
Q273535,1,HEC Paris,"business school in Paris, France",Q847027,http://wikidata.org/entity/Q273535
Q3268857,1,Lycée Montaigne,"secondary school in Paris, France",Q2511322,http://wikidata.org/entity/Q3268857
Q828625,1,Villebon-sur-Yvette,"commune in Essonne, France",Q484170,http://wikidata.org/entity/Q828625
Q751126,1,Épineuil-le-Fleuriel,"commune in Cher, France",Q484170,http://wikidata.org/entity/Q751126
Q622906,1,University of Technology of Compiègne,French institute of technology,Q1371037,http://wikidata.org/entity/Q622906
Q1665109,1,Institut national de l'audiovisuel,"French public cultural undertaking responsible for preserving, promoting, and broadcasting the French audiovisual heritage",Q1664720,http://wikidata.org/entity/Q1665109
Q855091,1,guitarist,musician who plays the guitar,Q66715801,http://wikidata.org/entity/Q855091
Q450870,1,Chaya Czernowin,Israeli composer and academic,Q5,http://wikidata.org/entity/Q450870
Q59496158,1,not yet determined,"entity for which the value has not been determined yet (for ""cannot be determined"" use unknown/Q24238356)",Q2995644,http://wikidata.org/entity/Q59496158
Q7851551,1,Tufts University School of Medicine,American medical school in Massachusetts,Q494230,http://wikidata.org/entity/Q7851551
Q52226365,1,Henry Ware Eliot,"(1879-1947), Writer and archaeologist; brother of Thomas Stearns ('T.S.') Eliot",Q5,http://wikidata.org/entity/Q52226365
Q96076034,1,Ada Eliot,(1869-1943),Q5,http://wikidata.org/entity/Q96076034
Q96076039,1,Marian Cushing Eliot,(1877-1963),Q5,http://wikidata.org/entity/Q96076039
Q96076036,1,Margaret Dawes Eliot,(1871-1956),Q5,http://wikidata.org/entity/Q96076036
Q96076040,1,Theodora Sterling Eliot,,Q5,http://wikidata.org/entity/Q96076040
Q96076038,1,Charlotte Eliot,(1874-1926),Q5,http://wikidata.org/entity/Q96076038
Q5729871,1,Henry Ware Eliot,American businessman (1843-1919),Q5,http://wikidata.org/entity/Q5729871
Q5085873,1,Charlotte Champe Stearns,American poet,Q5,http://wikidata.org/entity/Q5085873
Q239123,1,Ermont,"commune in Val-d'Oise, France",Q484170,http://wikidata.org/entity/Q239123
Q5737666,1,Malte Forssell,Swedish film producer,Q5,http://wikidata.org/entity/Q5737666
Q1806201,1,Lars Forssell,"Swedish writer, member of the Swedish Academy (1928-2007)",Q5,http://wikidata.org/entity/Q1806201
Q154728,1,Toul,"commune in Meurthe-et-Moselle, France",Q484170,http://wikidata.org/entity/Q154728
Q19997503,1,Edward Waldo Forbes,Harvard art historian and director of the Fogg Art Museum (1873–1969),Q5,http://wikidata.org/entity/Q19997503
Q871356,1,Bleiburg,"municipality in Völkermarkt District, Carinthia, Austria",Q667509,http://wikidata.org/entity/Q871356
Q4178004,1,publicist,"person who manages publicity for a public figure, a business or a work",Q28640,http://wikidata.org/entity/Q4178004
Q533652,1,Nordrach,municipality in Germany,Q116457956,http://wikidata.org/entity/Q533652
Q41795663,1,Louis Nalpas,French film producer,Q5,http://wikidata.org/entity/Q41795663
Q6761157,1,Maria Duchêne,French opera singer,Q5,http://wikidata.org/entity/Q6761157
Q5933336,1,Hughes STEM High School,"public high school in Cincinnati, Ohio, United States",Q9826,http://wikidata.org/entity/Q5933336
Q1849843,1,Xavier University,"Jesuit university located in Cincinnati, Ohio, United States",Q902104,http://wikidata.org/entity/Q1849843
Q591115,1,University of Haifa,Israeli University in Haifa,Q62078547,http://wikidata.org/entity/Q591115
Q1340677,1,John R. Pierce,"American electrical engineer, acoustics expert, and author (1910–2002)",Q5,http://wikidata.org/entity/Q1340677
Q932756,1,Roger Shepard,American psychologist (1929–2022),Q5,http://wikidata.org/entity/Q932756
Q1414932,1,tenor saxophone,type of saxophone,Q110295396,http://wikidata.org/entity/Q1414932
Q73074,1,Stadskanaal,municipality in the Netherlands,Q2039348,http://wikidata.org/entity/Q73074
Q665534,1,Kössen,"municipality in Kitzbühel District, Tyrol, Austria",Q1802801,http://wikidata.org/entity/Q665534
Q1849663,1,Heestert,"section of Zwevegem, Belgium",Q2785216,http://wikidata.org/entity/Q1849663
Q75621627,1,Adrian Bryan Poole,(born 1927),Q5,http://wikidata.org/entity/Q75621627
Q75621629,1,Philippa Curlewis,Peerage person ID=251167,Q5,http://wikidata.org/entity/Q75621629
Q1987548,1,Mason,"city and Seat of Ingham County, Michigan, United States",Q1093829,http://wikidata.org/entity/Q1987548
Q59780950,1,Louis Marrou,,Q5,http://wikidata.org/entity/Q59780950
Q19350898,1,theoretical physicist,physicist who studies theoretical physics,Q28640,http://wikidata.org/entity/Q19350898
Q179585,1,Ploiești,"city in Prahova County, Romania",Q640364,http://wikidata.org/entity/Q179585
Q538452,1,Babeș-Bolyai University,university in Romania,Q3918,http://wikidata.org/entity/Q538452
Q8962205,1,Francesc Queralt,Spanish composer (1740-1825),Q5,http://wikidata.org/entity/Q8962205
Q11927908,1,Joan Quintana,Spanish composer (1775-1860),Q5,http://wikidata.org/entity/Q11927908
Q59490123,1,Bru Pagueras,Spanish composer (1753-1836),Q5,http://wikidata.org/entity/Q59490123
Q215793,1,chapelmaster,"leader of a musical ensemble, often smaller ones used for TV, radio, and theatres, originally for chapels",Q4164871,http://wikidata.org/entity/Q215793
Q1900701,1,Sanaüja,"human settlement in Segarra, Ponent, Lleida Province, Spain",Q33146843,http://wikidata.org/entity/Q1900701
Q14918224,1,Ramon Aleix i Batlle,Spanish chapel master and composer (1784-1850),Q5,http://wikidata.org/entity/Q14918224
Q11927217,1,Jaume-Joan Lleys i Agramont,Spanish composer (1803-1853),Q5,http://wikidata.org/entity/Q11927217
Q71031,1,Robert Bunsen,German chemist (1811-1899),Q5,http://wikidata.org/entity/Q71031
Q65813,1,Hermann Franz Moritz Kopp,German chemist (1817–1892),Q5,http://wikidata.org/entity/Q65813
Q5484342,1,Franciszka Arnsztajnowa,"Polish poet, playwright, and translator",Q5,http://wikidata.org/entity/Q5484342
Q135511213,1,Henriette Brauman,Sister of Emile Meyerson,Q5,http://wikidata.org/entity/Q135511213
Q37333,1,Lublin,capital of Lublin Voivodeship in eastern Poland,Q925381,http://wikidata.org/entity/Q37333
Q11766887,1,Malwina Meyerson,Polish writer and mother of Emile Meyerson,Q5,http://wikidata.org/entity/Q11766887
Q11767994,1,Marek Arnsztajn,Polish physician,Q5,http://wikidata.org/entity/Q11767994
Q135527122,1,Nicodème Julien Brauman,Brother-in-law of Emile Meyerson,Q5,http://wikidata.org/entity/Q135527122
Q273779,1,Saint-Louis,city and regional capital in Senegal,Q515,http://wikidata.org/entity/Q273779
Q219045,1,Longjumeau,"commune in Essonne, France",Q484170,http://wikidata.org/entity/Q219045
Q95115411,1,,,Q180958,http://wikidata.org/entity/Q95115411
Q120325722,1,music printer,printer of sheet music,Q28640,http://wikidata.org/entity/Q120325722
Q491132,1,Santa Clarita,"city in Los Angeles County, California, USA",Q13218357,http://wikidata.org/entity/Q491132
Q124623540,1,Alméric Berthier de Lasalle,,Q5,http://wikidata.org/entity/Q124623540
Q899758,1,violist,person who plays the viola (braccio),Q28640,http://wikidata.org/entity/Q899758
Q22998148,1,Charles Trumbull,Nonjuring Church of England clergyman,Q5,http://wikidata.org/entity/Q22998148
Q5330689,1,Easthampstead Park,victorian mansion in the English county of Berkshire,Q1343246,http://wikidata.org/entity/Q5330689
Q75817247,1,William Trumbull,Peerage person ID=345926,Q5,http://wikidata.org/entity/Q75817247
Q75817324,1,Elizabeth Weckerlin,Peerage person ID=345953,Q5,http://wikidata.org/entity/Q75817324
Q44564,1,Charleston,"capital city of West Virginia, United States",Q1093829,http://wikidata.org/entity/Q44564
Q1185729,1,Stroudsburg,"borough in Monroe County, Pennsylvania, United States",Q777120,http://wikidata.org/entity/Q1185729
Q663625,1,St. John's College,liberal arts college with two campuses at Annapolis and Santa Fe,Q6540832,http://wikidata.org/entity/Q663625
Q6577236,1,Yehuda Pinchover,Israeli mathematician,Q5,http://wikidata.org/entity/Q6577236
Q7061434,1,Eliezer Pinczower,Israeli educator,Q5,http://wikidata.org/entity/Q7061434
Q164028,2,University of Guadalajara,university in Mexico,Q875538,http://wikidata.org/entity/Q164028
Q1553,1,Nebraska,state of the United States of America,Q35657,http://wikidata.org/entity/Q1553
Q99451671,1,Raymond Haggh,music professor (1920-2011),Q5,http://wikidata.org/entity/Q99451671
Q99453381,1,Hilde Wentzlaff-Eggebert,,Q5,http://wikidata.org/entity/Q99453381
Q1353679,1,University of Nebraska–Lincoln,"public university in Lincoln, Nebraska, United States",Q875538,http://wikidata.org/entity/Q1353679
Q18330716,1,Kunstgewerbeschule Zürich,,Q2385804,http://wikidata.org/entity/Q18330716
Q75090,1,Adele Schopenhauer,German writer (1797-1849),Q5,http://wikidata.org/entity/Q75090
Q22681132,1,Heinrich Floris Schopenhauer,father of Arthur and Adele Schopenhauer (1747-1805),Q5,http://wikidata.org/entity/Q22681132
Q61440,1,Johanna Schopenhauer,German writer (1766-1838),Q5,http://wikidata.org/entity/Q61440
Q731805,1,Jawor,city and urban gmina of Poland,Q2616791,http://wikidata.org/entity/Q731805
Q2389241,1,Overschie,"district of Rotterdam, Netherlands",Q2983893,http://wikidata.org/entity/Q2389241
Q9906,1,Blaricum,"town and municipality in Noord-Holland, the Netherlands",Q2039348,http://wikidata.org/entity/Q9906
Q1220238,1,Diederik Korteweg,Dutch mathematician (*1848 – †1941),Q5,http://wikidata.org/entity/Q1220238
Q641771,1,Arend Heyting,Dutch mathematician and logician (1898-1980),Q5,http://wikidata.org/entity/Q641771
Q452576,1,David van Dantzig,Dutch mathematician (1900–1959),Q5,http://wikidata.org/entity/Q452576
Q1330634,1,University of Brasília,"public, federal university in Brasília, Federal District, Brazil",Q875538,http://wikidata.org/entity/Q1330634
Q586904,1,Federal University of Rio de Janeiro,university in Brazil,Q875538,http://wikidata.org/entity/Q586904
Q2165741,1,Ronald S. Stroud,Canadian archaeologist (1933-2021),Q5,http://wikidata.org/entity/Q2165741
Q3551402,1,De Montfort University,"university in Leicester, UK",Q875538,http://wikidata.org/entity/Q3551402
Q1159037,1,Dan Constantinescu,Romanian composer (1931–1993),Q5,http://wikidata.org/entity/Q1159037
Q641181,1,Chambray-lès-Tours,"French commune in Indre-et-Loire, Centre-Val de Loire",Q484170,http://wikidata.org/entity/Q641181
Q5373224,1,Emmanuel Fauré-Frémiet,French biologist (1883–1971),Q5,http://wikidata.org/entity/Q5373224
Q399342,1,Bougival,"commune in Yvelines, France",Q484170,http://wikidata.org/entity/Q399342
Q1265807,1,information scientist,profession,Q28640,http://wikidata.org/entity/Q1265807
Q203000,1,Perth,"city in Perth and Kinross, Scotland, United Kingdom",Q515,http://wikidata.org/entity/Q203000
Q1346115,1,Enzo Paci,Italian philosopher (1911–1976),Q5,http://wikidata.org/entity/Q1346115
Q93223924,1,Andrea Zhok,Italian university teacher and philosopher,Q5,http://wikidata.org/entity/Q93223924
Q3191163,1,,"school in Antwerp, Belgium",Q3914,http://wikidata.org/entity/Q3191163
Q694204,1,Wolfgang Fortner,German composer and conductor (1907–1987),Q5,http://wikidata.org/entity/Q694204
Q3771,1,Gütersloh,"city in North Rhine-Westphalia, Germany",Q42744322,http://wikidata.org/entity/Q3771
Q2401130,1,Tekla Nordström,Swedish xylographer (1856–1937),Q5,http://wikidata.org/entity/Q2401130
Q13189044,1,Zwolle,"city in Overijssel, the Netherlands",Q515,http://wikidata.org/entity/Q13189044
Q2177708,1,Zwolle,"hamlet in Oost Gelre, Netherlands",Q1484611,http://wikidata.org/entity/Q2177708
Q567825,1,Zuid-Beijerland,farm village in the Netherlands,Q532,http://wikidata.org/entity/Q567825
Q8652,1,Miami,"city in Miami-Dade County, Florida, United States",Q1093829,http://wikidata.org/entity/Q8652
Q12597726,1,Paik Nak-seung,25 Jun 1886 - 12 Oct 1956,Q5,http://wikidata.org/entity/Q12597726
Q12617843,1,Jinu,South Korean-American singer and rapper,Q5,http://wikidata.org/entity/Q12617843
Q4845523,1,Kyunggi High School,"high school in Gangnam District, Seoul, South Korea",Q12592372,http://wikidata.org/entity/Q4845523
Q1706833,1,Joseph Daussoigne-Méhul,French composer (1790-1875),Q5,http://wikidata.org/entity/Q1706833
Q598693,1,Jean Rogister,Belgian musician (1879-1964),Q5,http://wikidata.org/entity/Q598693
Q10718052,1,Västervåla socken,,Q1523821,http://wikidata.org/entity/Q10718052
Q10718162,1,,,Q1523821,http://wikidata.org/entity/Q10718162
Q1364086,1,Fontaines-Saint-Martin,"commune in the metropolis of Lyon, France",Q484170,http://wikidata.org/entity/Q1364086
Q10985643,1,Humfrey Malins,British politician (born 1945),Q5,http://wikidata.org/entity/Q10985643
Q713750,1,West Germany,Federal Republic of Germany in the period between its formation on 23 May 1949 and German reunification on 3 October 1990,Q7275,http://wikidata.org/entity/Q713750
Q3102425,1,Georges Cain,painter from France (1856-1919),Q5,http://wikidata.org/entity/Q3102425
Q766022,1,Auguste Cain,French sculptor (1821-1894),Q5,http://wikidata.org/entity/Q766022
Q104413322,1,Julie Mêne,,Q5,http://wikidata.org/entity/Q104413322
Q28105263,1,Richard Hammer,French violinist,Q5,http://wikidata.org/entity/Q28105263
Q752437,1,Saint-Brevin-les-Pins,"commune in Loire-Atlantique, Pays de la Loire, France",Q484170,http://wikidata.org/entity/Q752437
Q690062,1,Rønne,main town on the island Bornholm in Denmark,Q515,http://wikidata.org/entity/Q690062
Q463065,1,André Lhote,French sculptor and painter (1885–1962),Q5,http://wikidata.org/entity/Q463065
Q66970092,1,Jean Cottenet,French painter,Q5,http://wikidata.org/entity/Q66970092
Q419367,1,Chanteloup-en-Brie,"commune in Seine-et-Marne, France",Q484170,http://wikidata.org/entity/Q419367
Q71573,1,Landévant,"commune in Morbihan, France",Q484170,http://wikidata.org/entity/Q71573
Q1093072,1,Montjustin,"commune in Alpes-de-Haute-Provence, France",Q484170,http://wikidata.org/entity/Q1093072
Q18414392,1,Joséphine Martin,French composer (1822-1902),Q5,http://wikidata.org/entity/Q18414392
Q18117854,1,Madeleine Rolland,French translator (1872-1960),Q5,http://wikidata.org/entity/Q18117854
Q213294,1,Clamecy,"commune in Nièvre, France",Q484170,http://wikidata.org/entity/Q213294
Q63440133,1,Émile Rolland,French notary,Q5,http://wikidata.org/entity/Q63440133
Q1140775,1,Reed College,"private liberal arts college in Portland, Oregon",Q1377182,http://wikidata.org/entity/Q1140775
Q2977206,1,Claude Contamine,French official,Q5,http://wikidata.org/entity/Q2977206
Q34197068,1,Henry Contamine,French historian,Q5,http://wikidata.org/entity/Q34197068
Q2473125,1,University Nancy II,"University in Nancy, Lorraine (1970-2012), merged in 2012 with Henri Poincaré University Nancy I and other universities",Q3551775,http://wikidata.org/entity/Q2473125
Q2983698,1,Collège Stanislas de Paris,private Catholic school in Paris,Q3914,http://wikidata.org/entity/Q2983698
Q67238,1,Lauperswil,municipality in the canton of Bern in Switzerland,Q70208,http://wikidata.org/entity/Q67238
Q21117684,1,tapestry weaver,artisan or artist who makes woven tapestries,Q28640,http://wikidata.org/entity/Q21117684
Q209096,1,Burnley,"market town in Lancashire, England, UK",Q18511725,http://wikidata.org/entity/Q209096
Q1420038,1,Queen's University,"university in Kingston, Ontario, Canada",Q108403040,http://wikidata.org/entity/Q1420038
Q797897,1,Fitzwilliam College,college of the University of Cambridge,Q1055028,http://wikidata.org/entity/Q797897
Q16552,1,San Diego,"seat of San Diego County, California, United States; second-largest city in California",Q1093829,http://wikidata.org/entity/Q16552
Q551368,1,Anjalankoski,"former municipality of Finland, now part of Kouvola",Q3957,http://wikidata.org/entity/Q551368
Q8023854,1,Winchester School of Art,"art school of the University of Southampton, England",Q383092,http://wikidata.org/entity/Q8023854
Q540751,1,Anglia Ruskin University,"university in East Anglia, UK",Q875538,http://wikidata.org/entity/Q540751
Q641014,1,Naumburg,"town in Landkreis Kassel in Hesse, Germany",Q3957,http://wikidata.org/entity/Q641014
Q536809,1,Schwaan,municipality of Germany,Q42744322,http://wikidata.org/entity/Q536809
Q2757855,1,Herveld,"village in Overbetuwe, Netherlands",Q532,http://wikidata.org/entity/Q2757855
Q2360524,1,Stöckte,human settlement in Germany,Q253019,http://wikidata.org/entity/Q2360524
Q113126,1,Otto Fenichel,"Austrian-American psychiatrist, psychoanalyst and scientist",Q5,http://wikidata.org/entity/Q113126
Q53836451,1,Hanna Fenichel,child Psychologist,Q5,http://wikidata.org/entity/Q53836451
Q10690,1,Cardiff,"capital city of Wales, United Kingdom",Q1549591,http://wikidata.org/entity/Q10690
Q75651730,1,Frederick Atkins,Peerage person ID=272856,Q5,http://wikidata.org/entity/Q75651730
Q429379,1,Hereford Cathedral,"cathedral in Hereford, England",Q56242250,http://wikidata.org/entity/Q429379
Q7593931,1,"St Laurence's Church, Ludlow","Grade I listed church in Ludlow, Shropshire, England, UK",Q5116872,http://wikidata.org/entity/Q7593931
Q1630367,1,Worcester Cathedral,"cathedral in Worcester, England",Q56242250,http://wikidata.org/entity/Q1630367
Q1164246,1,St. Jude Children's Research Hospital,"hospital in Tennessee, United States",Q31855,http://wikidata.org/entity/Q1164246
Q16231,1,Province of Pavia,province of Italy,Q15089,http://wikidata.org/entity/Q16231
Q5439205,1,Fazio Cardano,Italian jurist and mathematician,Q5,http://wikidata.org/entity/Q5439205
Q111457268,1,Chiara Micheri,,Q5,http://wikidata.org/entity/Q111457268
Q1229085,1,Gasparo Tagliacozzi,Italian surgeon,Q5,http://wikidata.org/entity/Q1229085
Q2287807,1,Simone Simoni,Italian philosopher,Q5,http://wikidata.org/entity/Q2287807
Q310783,1,Lodovico Ferrari,Italian mathematician (1522–1565),Q5,http://wikidata.org/entity/Q310783
Q126947737,1,Scuole Piatti,"former school at Milan, Italy",Q3914,http://wikidata.org/entity/Q126947737
Q8739,1,Archimedes,Greek mathematician and physicist (c. 287 – c. 212 BC),Q5,http://wikidata.org/entity/Q8739
Q503331,1,Dorchester,"town in Dorset, England, UK",Q1357964,http://wikidata.org/entity/Q503331
Q17107523,1,Bernhard Slettholm,Norwegian politician,Q5,http://wikidata.org/entity/Q17107523
Q216430,1,Levanger Municipality,"municipality in Trøndelag, Norway",Q755707,http://wikidata.org/entity/Q216430
Q930269,1,Herent,"municipality in Flemish Brabant, Belgium",Q493522,http://wikidata.org/entity/Q930269
Q2699281,1,Gerhard Aumüller,German professor of anatomy and cell biology,Q5,http://wikidata.org/entity/Q2699281
Q18535215,1,recording supervisor,person responsible for the organizational aspects of a film or radio production,Q28640,http://wikidata.org/entity/Q18535215
Q110381835,1,Willem van Renesse van Elderen,"lord of Elderen, Warfusee and Piershil",Q5,http://wikidata.org/entity/Q110381835
Q110381462,1,Anna de Rubempré,viscountess of Montenaken,Q5,http://wikidata.org/entity/Q110381462
Q2232453,1,Van Renesse van Elderen,noble family,Q15054484,http://wikidata.org/entity/Q2232453
Q1246642,1,Hans Ahlgrimm,Austrian composer (1904-1945),Q5,http://wikidata.org/entity/Q1246642
Q2626629,1,Baroque flute,,,http://wikidata.org/entity/Q2626629
Q926265,1,Ettington,"village in Warwickshire, England, UK",Q532,http://wikidata.org/entity/Q926265
Q10572937,1,Löts socken,,Q1523821,http://wikidata.org/entity/Q10572937
Q1648588,1,Charles I of Egmont,,Q5,http://wikidata.org/entity/Q1648588
Q273108,1,condottiero,mercenary soldier leader in medieval Italy,Q28640,http://wikidata.org/entity/Q273108
Q648122,1,Lahamaide,"section of Ellezelles, Belgium",Q2785216,http://wikidata.org/entity/Q648122
Q215429,2,Grand-Place,"main square in Brussels, Belgium",Q26987258,http://wikidata.org/entity/Q215429
Q80702,1,Spanish Empire,colonial empire governed by Spain between 1492 and 1976,Q3024240,http://wikidata.org/entity/Q80702
Q1146008,1,John IV of Egmont,Dutch noble,Q5,http://wikidata.org/entity/Q1146008
Q2841481,1,Françoise of Luxemburg,(1500-1557),Q5,http://wikidata.org/entity/Q2841481
Q1298216,1,House of Egmond,Dutch noble family,Q13417114,http://wikidata.org/entity/Q1298216
Q2587661,1,Floris of Montmorency,Belgian noble,Q5,http://wikidata.org/entity/Q2587661
Q21857106,1,Joseph de Montmorency,Peerage person ID=645202,Q5,http://wikidata.org/entity/Q21857106
Q19853434,1,Anna van Egmont,mother of executed counts Horne and Montigny,Q5,http://wikidata.org/entity/Q19853434
Q3847629,1,Maria di Piero de' Medici,"Italian noblewoman, sister of Lorenzo the Magnificent",Q5,http://wikidata.org/entity/Q3847629
Q2527342,1,Nannina de' Medici,"Italian noblewoman, sister of Lorenzo the Magnificent",Q5,http://wikidata.org/entity/Q2527342
Q1089049,1,Bianca de' Medici,Italian noblewoman (1445-1505),Q5,http://wikidata.org/entity/Q1089049
Q3768495,1,Giovanni de' Medici,,Q5,http://wikidata.org/entity/Q3768495
Q177854,1,Lorenzo de' Medici,Italian politician and humanist,Q5,http://wikidata.org/entity/Q177854
Q299663,1,Piero di Cosimo de' Medici,"Italian nobleman, father of Lorenzo the Magnificent (1416-1469)",Q5,http://wikidata.org/entity/Q299663
Q1113645,1,Lucrezia Tornabuoni,"Italian writer, political advisor and wife of Piero di Cosimo de' Medici",Q5,http://wikidata.org/entity/Q1113645
Q331432,1,fisher,"someone who captures fish and other animals from a body of water, or gathers shellfish",Q28640,http://wikidata.org/entity/Q331432
Q3242115,1,revolutionary,person who participates in a revolution,Q12737077,http://wikidata.org/entity/Q3242115
Q1047995,1,Antipater of Tyre,ancient Greek philosopher,Q5,http://wikidata.org/entity/Q1047995
Q2982944,1,Porcia,"sister of Cato the Younger, half-sister of Servilia",Q5,http://wikidata.org/entity/Q2982944
Q232229,1,Servilia,mistress of Julius Caesar and mother of his killer Marcus Brutus,Q5,http://wikidata.org/entity/Q232229
Q2090689,1,Servilia Minor,wife of Lucullus,Q5,http://wikidata.org/entity/Q2090689
Q15628809,1,Gnaeus Servilius Caepio,half brother of Cato the Younger,Q5,http://wikidata.org/entity/Q15628809
Q166523,1,Utica,archaeological site in Tunisia,Q839954,http://wikidata.org/entity/Q166523
Q1372970,1,Marcus Porcius Cato,father of Cato the Younger,Q5,http://wikidata.org/entity/Q1372970
Q432100,1,Livia,mother of Cato the Younger (c. 120–c. 92 BC),Q5,http://wikidata.org/entity/Q432100
Q1834423,1,Anna of Nassau-Dillenburg,German countess (1541-1616),Q5,http://wikidata.org/entity/Q1834423
Q1868984,1,Magdalena of Nassau-Dillenburg,German noblewoman,Q5,http://wikidata.org/entity/Q1868984
Q481274,1,Maria of Nassau,Countess of Nassau,Q5,http://wikidata.org/entity/Q481274
Q533577,1,"Catherine of Hanau, Countess of Wied",German noblewoman; wife of John IV of Wied-Runkel and Isenburg,Q5,http://wikidata.org/entity/Q533577
Q2225507,1,Catharine of Nassau-Dillenburg,German nobleman (1543–1624),Q5,http://wikidata.org/entity/Q2225507
Q2318556,1,Juliana of Nassau-Dillenburg,sister of prince William I of Orange-Nassau,Q5,http://wikidata.org/entity/Q2318556
Q3241152,1,Elisabeth of Nassau-Dillenburg,Sister of William the Silent (1542-1603),Q5,http://wikidata.org/entity/Q3241152
Q329117,1,Adolf of Nassau,Count of Nassau (1540–1568),Q5,http://wikidata.org/entity/Q329117
Q700300,1,Louis of Nassau,nobleman of the Netherlands; military leader in the Eighty Years' War (1538-1574),Q5,http://wikidata.org/entity/Q700300
Q71441,1,Henry of Nassau-Dillenburg,Dutch noble (1550-1574),Q5,http://wikidata.org/entity/Q71441
Q91880,1,"Philip III, Count of Hanau-Münzenberg",Count of Hanau-Münzenberg (1526-1561),Q5,http://wikidata.org/entity/Q91880
Q127734,1,Juliana van Hanau-Münzenbergen,German nobles,Q5,http://wikidata.org/entity/Q127734
Q114939925,1,Hermanna of Nassau-Siegen,German countess,Q5,http://wikidata.org/entity/Q114939925
Q688471,1,"William I, Count of Nassau-Siegen",German count (1487-1559),Q5,http://wikidata.org/entity/Q688471
Q202566,1,Juliana of Stolberg,German countess (1506–1580),Q5,http://wikidata.org/entity/Q202566
Q321492,1,"John Maurice, Prince of Nassau-Siegen",Dutch soldier and administrator (1604–1679),Q5,http://wikidata.org/entity/Q321492
Q62511,1,Amalia of Solms-Braunfels,Regent of Orange (1602-1675),Q5,http://wikidata.org/entity/Q62511
Q114906132,1,Elisabeth of Nassau-Siegen,German countess (1515-1523),Q5,http://wikidata.org/entity/Q114906132
Q114938139,1,Magdalene of Nassau-Siegen,German countess (1522-1567),Q5,http://wikidata.org/entity/Q114938139
Q2994578,1,Conservatory of Nice,French music and dance conservatoire,Q17487523,http://wikidata.org/entity/Q2994578
Q847027,2,grande école,French institutions of higher education,,http://wikidata.org/entity/Q847027
Q822699,1,Bernard Sarrette,founder of the Paris conservatoire,Q5,http://wikidata.org/entity/Q822699
Q72587,1,Moshe Smoira,Israeli judge (1888–1961),Q5,http://wikidata.org/entity/Q72587
Q2975861,1,Hebrew University Secondary School,"school in Jerusalem, Israel",Q3914,http://wikidata.org/entity/Q2975861
Q6145447,1,James Whitelocke,English judge,Q5,http://wikidata.org/entity/Q6145447
Q75782682,1,Elizabeth Bulstrode,(1575-1631),Q5,http://wikidata.org/entity/Q75782682
Q3437128,1,Nathan,third of four sons born to King David and Bathsheba,Q20643955,http://wikidata.org/entity/Q3437128
Q360378,1,Adonijah,biblical character,Q20643955,http://wikidata.org/entity/Q360378
Q361636,1,Amnon,"biblical character, son of King David",Q20643955,http://wikidata.org/entity/Q361636
Q168827,1,prophet of Islam,apostles who preach the news of what comes from the revelation and Sharia,Q4504549,http://wikidata.org/entity/Q168827
Q809581,1,Bartošovice v Orlických horách,village in Rychnov nad Kněžnou District of Hradec Králové region,Q5153359,http://wikidata.org/entity/Q809581
Q128114,1,Yonkers,"city in Westchester County, New York, United States",Q15063611,http://wikidata.org/entity/Q128114
Q7728724,1,The Daily Tar Heel,"student newspaper published in Chapel Hill, Orange County, North Carolina, USA",Q11032,http://wikidata.org/entity/Q7728724
Q10843872,1,process,"set of interrelated tasks that transform inputs into outputs, where the tasks may be carried out by people, nature or machines using various resources",Q116505632,http://wikidata.org/entity/Q10843872
Q60541593,1,installation of infrastructure,construction skill,Q7535186,http://wikidata.org/entity/Q60541593
Q742421,2,theatre company,informal group of actors,,http://wikidata.org/entity/Q742421
Q333705,1,Technion – Israel Institute of Technology,Israeli research university in Haifa,Q3918,http://wikidata.org/entity/Q333705
Q156045,1,Eleanor of Austria,Queen consort of Portugal and France (1498-1558),Q5,http://wikidata.org/entity/Q156045
Q157077,1,Mary of Hungary,governor of the Netherlands and queen consort of Hungary and Bohemia (1505-1558),Q5,http://wikidata.org/entity/Q157077
Q157834,1,"Catherine of Austria, Queen of Portugal",queen consort and regent of Portugal,Q5,http://wikidata.org/entity/Q157834
Q157884,1,Isabella of Austria,"Queen consort of Denmark, Norway and Sweden; (1501-1526)",Q5,http://wikidata.org/entity/Q157884
Q61459936,1,Rietje Koane,legendary twin brother of Charles V,Q21070568,http://wikidata.org/entity/Q61459936
Q157098,1,Philip I of Castile,"King of Castile (1506), Ruler of Habsburg Netherlands (1482–1506)",Q5,http://wikidata.org/entity/Q157098
Q171136,1,Juana I of Castile,Queen of Castile from 1504 and of Aragon from 1516,Q5,http://wikidata.org/entity/Q171136
Q233335,1,Anne of Bohemia and Hungary,"Queen Consort and Princess of Hungary and Bohemia, Queen Consort of Germany and Archduchess of Austria",Q5,http://wikidata.org/entity/Q233335
Q12860,1,Ferdinand II of Aragon,"King of Aragon, Sicily, Naples, and Valencia (1452–1516)",Q5,http://wikidata.org/entity/Q12860
Q45859,1,Isabella I of Castile,"queen of the Crown of Castile, from 1474 to 1504; first queen of a dynastically-united Spain, from 1479 to 1504 (1451–1504)",Q5,http://wikidata.org/entity/Q45859
Q82674,1,Mary I,Queen of England and Ireland from 1553 to 1558,Q5,http://wikidata.org/entity/Q82674
Q3624777,1,Spanish House of Habsburg,former Royal House of Spain,Q164950,http://wikidata.org/entity/Q3624777
Q129308,1,"John, King of England",King of England from 1199 to 1216,Q5,http://wikidata.org/entity/Q129308
Q1121970,1,"William Longespée, 3rd Earl of Salisbury",English nobleman and soldier,Q5,http://wikidata.org/entity/Q1121970
Q1357271,1,Geoffrey,Archbishop of York,Q5,http://wikidata.org/entity/Q1357271
Q235238,1,Henry the Young King,second of five sons of King Henry II of England and Eleanor of Aquitaine,Q5,http://wikidata.org/entity/Q235238
Q314550,1,Geoffrey II,"English noble, Duke of Brittany jure uxoris",Q5,http://wikidata.org/entity/Q314550
Q719148,1,"William IX, Count of Poitiers","first son of Henry, Duke of Normandy (later Henry II of England) and Eleanor of Aquitaine (1153-1156)",Q5,http://wikidata.org/entity/Q719148
Q11989934,1,Morgan,Bishop of Durham elect,Q5,http://wikidata.org/entity/Q11989934
Q232144,1,Eleanor of England,Queen consort of Castile,Q5,http://wikidata.org/entity/Q232144
Q235418,1,Joan of England,Queen of Sicily (1165-1199),Q5,http://wikidata.org/entity/Q235418
Q235484,1,"Matilda of England, Duchess of Saxony",English princess,Q5,http://wikidata.org/entity/Q235484
Q235637,1,Alice of France,French princess,Q5,http://wikidata.org/entity/Q235637
Q236293,1,"Marie of France, Countess of Champagne",countess of Champagne (1145-1198),Q5,http://wikidata.org/entity/Q236293
Q102140,1,Henry II of England,King of England from 1154 to 1189,Q5,http://wikidata.org/entity/Q102140
Q178525,1,Eleanor of Aquitaine,Queen consort of France; Queen consort of England; suo jure Duchess of Aquitaine; patroness,Q5,http://wikidata.org/entity/Q178525
Q295268,1,Alfonso VIII of Castile,King of Castile (1155-1214),Q5,http://wikidata.org/entity/Q295268
Q348943,1,Henry I of Castile,King of Castile,Q5,http://wikidata.org/entity/Q348943
Q318272,1,Sancho VII of Navarre,"King of Navarre, last of a native dinasty",Q5,http://wikidata.org/entity/Q318272
Q1602342,1,Helga Zepp-LaRouche,German journalist and political activist,Q5,http://wikidata.org/entity/Q1602342
Q550629,1,Lyndon LaRouche,American political activist,Q5,http://wikidata.org/entity/Q550629
Q4355869,1,Amelia Boynton Robinson,American civil rights activist (1911–2015),Q5,http://wikidata.org/entity/Q4355869
Q56147538,1,bookbinding technique,process or technique used in bookbinding,,http://wikidata.org/entity/Q56147538
Q239582,2,symphony orchestra,type of orchestra with full-scale employment of musicians,Q105756498,http://wikidata.org/entity/Q239582
Q176627,1,Bonnac-la-Côte,"commune in Haute-Vienne, France",Q484170,http://wikidata.org/entity/Q176627
Q151075,1,"Francis I, Holy Roman Emperor",Holy Roman Emperor and Grand Duke of Tuscany,Q5,http://wikidata.org/entity/Q151075
Q29711,1,Léopold Clément of Lorraine,heir apparent to the throne of the sovereign Duchy of Lorraine,Q5,http://wikidata.org/entity/Q29711
Q5482688,1,Louis of Lorraine,French prince,Q5,http://wikidata.org/entity/Q5482688
Q242947,1,Elisabeth Therese of Lorraine,Sardinian queen consort,Q5,http://wikidata.org/entity/Q242947
Q3723212,1,Élisabeth Charlotte of Lorraine,French princess,Q5,http://wikidata.org/entity/Q3723212
Q738953,1,Princess Anne Charlotte of Lorraine,French royal (1714-1773),Q5,http://wikidata.org/entity/Q738953
Q456544,1,Tervuren,"municipality in Flemish Brabant, Belgium",Q493522,http://wikidata.org/entity/Q456544
Q699964,1,Archduchy of Austria,"fief of the Holy Roman Empire, 1453–1806",Q26830017,http://wikidata.org/entity/Q699964
Q319954,1,"Leopold, Duke of Lorraine","duke of Lorraine, Bar and of Teschen",Q5,http://wikidata.org/entity/Q319954
Q2638011,1,House of Lorraine,European noble family,Q164950,http://wikidata.org/entity/Q2638011
Q138605497,2,,,Q908620,http://wikidata.org/entity/Q138605497
Q2201566,1,Prince Alexander of the Netherlands,Prince of Orange-Nassau,Q5,http://wikidata.org/entity/Q2201566
Q3440311,1,Prince Ernest Casimir of the Netherlands,Dutch prince (1822–1822),Q5,http://wikidata.org/entity/Q3440311
Q705129,1,Prince Hendrik of the Netherlands,son of King William II of the Netherlands (1820–1879),Q5,http://wikidata.org/entity/Q705129
Q242862,1,Princess Sophie of the Netherlands,Dutch princess (1824-1897),Q5,http://wikidata.org/entity/Q242862
Q910603,1,Palace of the Nation,"federal parliament building in Brussels, Belgium",Q7138926,http://wikidata.org/entity/Q910603
Q1704244,1,Rumbeke,"section of Roeselare, Belgium",Q2785216,http://wikidata.org/entity/Q1704244
Q106642198,1,Dora Edinger,German historian and author (1890–1977),Q5,http://wikidata.org/entity/Q106642198
Q206837,1,Redon,"commune in Ille-et-Vilaine, France",Q484170,http://wikidata.org/entity/Q206837
Q76174780,1,,"educational facility in Redon, France",Q16463,http://wikidata.org/entity/Q76174780
Q314993,1,Maurice Leblanc,French writer,Q5,http://wikidata.org/entity/Q314993
Q174768,1,Lasseube,"commune in Pyrénées-Atlantiques, France",Q484170,http://wikidata.org/entity/Q174768
Q195526,1,Estos,"commune in Pyrénées-Atlantiques, France",Q484170,http://wikidata.org/entity/Q195526
Q3475052,1,Sinaai,"section of Sint-Niklaas, Belgium",Q2785216,http://wikidata.org/entity/Q3475052
Q4413909,1,Selischi,"human settlement in Novgorodsky District, Novgorod Oblast, Russia",Q5084,http://wikidata.org/entity/Q4413909
Q16647421,1,Diaghilev,Noble family,Q13417114,http://wikidata.org/entity/Q16647421
Q4067597,2,combination company,touring theater company which performed only one play,Q327245,http://wikidata.org/entity/Q4067597
Q805233,2,ballet company,"group of dancers who perform classical ballet, neoclassical ballet, and/or contemporary ballet in the European tradition",,http://wikidata.org/entity/Q805233
Q1573906,2,concert tour,series of concerts by an artist or group of artists in different venues,Q115211517,http://wikidata.org/entity/Q1573906
Q6152559,1,Jane Franklin Mecom,Sister of Benjamin Franklin,Q5,http://wikidata.org/entity/Q6152559
Q6134188,1,James Franklin,"American colonial author, printer, newspaper publisher, and almanac publisher",Q5,http://wikidata.org/entity/Q6134188
Q2112630,1,Josiah Franklin,British businessman (1657-1745),Q5,http://wikidata.org/entity/Q2112630
Q62571435,1,Abiah Folger,mother of Benjamin Franklin,Q5,http://wikidata.org/entity/Q62571435
Q4766680,1,Ann Smith Franklin,American colonial newspaper printer and publisher (1696-1763),Q5,http://wikidata.org/entity/Q4766680
Q865397,1,Luc-sur-Mer,"commune in Calvados, France",Q484170,http://wikidata.org/entity/Q865397
Q1217742,1,Bishopsteignton,"village and civil parish in Devon, England, UK",Q532,http://wikidata.org/entity/Q1217742
Q20413,2,Città di Castello,Italian comune,Q747074,http://wikidata.org/entity/Q20413
Q202560,1,Carpentras,"commune in Vaucluse, France",Q484170,http://wikidata.org/entity/Q202560
Q629813,1,Saint-Pierre-Église,"commune in Manche, France",Q484170,http://wikidata.org/entity/Q629813
Q1881019,1,Philippe de Courcillon de Dangeau,French officer and author (1638-1720),Q5,http://wikidata.org/entity/Q1881019
Q102861194,1,"Louis de Courcillon, Seigneur de Dangeau",- Jul 1658,Q5,http://wikidata.org/entity/Q102861194
Q102861229,1,Charlotte des Noues,,Q5,http://wikidata.org/entity/Q102861229
Q16156689,1,de Courcillon,family,Q13417114,http://wikidata.org/entity/Q16156689
Q111949,1,Sant'Agata Feltria,Italian comune,Q747074,http://wikidata.org/entity/Q111949
Q1690774,1,Johan Raye van Breukelerwaard,governor of Surinam (1698-1737),Q5,http://wikidata.org/entity/Q1690774
Q442228,1,Henri Pieck,Dutch painter (1895-1972),Q5,http://wikidata.org/entity/Q442228
Q33432868,1,Den Helder,city in the Netherlands,Q515,http://wikidata.org/entity/Q33432868
Q1847815,1,Overveen,"village in Bloemendaal, Netherlands",Q532,http://wikidata.org/entity/Q1847815
Q123681342,1,Eduard Anthony Johannes van Poelvoorde,Netherlands Marine Corps personel,Q5,http://wikidata.org/entity/Q123681342
Q137735360,1,Instituut Bik en Vaandrager,,Q2385804,http://wikidata.org/entity/Q137735360
Q8719053,1,music venue,any location used for a concert or musical performance,,http://wikidata.org/entity/Q8719053
Q490824,1,Thomas Killigrew,English dramatist and theatre manager; (1612-1683),Q5,http://wikidata.org/entity/Q490824
Q7744471,1,"The King's School, Gloucester","school in Gloucestershire, UK",Q3914,http://wikidata.org/entity/Q7744471
Q2521558,1,Lucien Petipa,French ballet dancer (1815–1898),Q5,http://wikidata.org/entity/Q2521558
Q264665,1,Kitzbühel,"municipality in Kitzbühel District, Tyrol, Austria",Q667509,http://wikidata.org/entity/Q264665
Q137821638,1,,,Q5,http://wikidata.org/entity/Q137821638
Q137821639,1,,,Q5,http://wikidata.org/entity/Q137821639
Q1757191,1,Krásná Lípa,town in the Czech Republic,Q5153359,http://wikidata.org/entity/Q1757191
Q523642,1,Bad Belzig,"town in Brandenburg state, Germany",Q134626,http://wikidata.org/entity/Q523642
Q1012,1,Celje,city in Slovenia,Q515,http://wikidata.org/entity/Q1012
