biblionumber;barcode;itemcallnumber
1;20140375;"KTS1 C3.03 01A01a"
1;20140376;"KTS1 C3.03 01A01b"
2;20140377;"KTS1 C3.03 01A02"
3;20140378;"KTS1 C3.03 01A03"
4;20140379;"KTS1 C3.03 01A04"
5;20140389;"KTS1 C3.03 01A05"
6;20140391;"KTS1 C3.03 01A06"
7;20140390a;"KTS1 C3.03 01A07a"
8;20140390b;"KTS1 C3.03 01A07b"
9;20140392;"KTS1 C3.03 01A08"
10;20140393;"KTS1 C3.03 01A09"
11;20140394;"KTS1 C3.03 01A10"
12;20140395;"KTS1 C3.03 01A11"
13;20140140;"KTS1 C3.03 01A12_01"
14;20140299;"KTS1 C3.03 01A12_02"
15;20140383a;"KTS1 C3.03 01A13a"
16;20140396;"KTS1 C3.03 01A14"
17;20140383b;"KTS1 C3.03 01A13b"
18;20140397;"KTS1 C3.03 01A15"
19;20140398;"KTS1 C3.03 01A17"
20;20140387;"KTS1 C3.03 01A18"
21;20140386;"KTS1 C3.03 01A19"
22;20140385;"KTS1 C3.03 01A20"
23;20140384;"KTS1 C3.03 01A21"
24;20140399;"KTS1 C3.03 01A16"
25;20140402;"KTS1 C3.03 01A23"
26;20140400;"KTS1 C3.03 01A24"
28;20140403;"KTS1 C3.03 01A26_01-02"
29;20140404;"KTS1 C3.03 01A27"
30;20140388;"KTS1 C3.03 01A25"
31;20140413;"KTS1 C3.03 01A28"
32;20136024;"KTS1 C3.03 01A29"
33;20136025;"KTS1 C3.03 01A30"
34;20136023;"KTS1 C3.03 01A31"
35;20140414;"KTS1 C3.03 01A33"
36;20136022;"KTS1 C3.03 01A32"
37;20140411;"KTS1 C3.03 01A34"
38;20140410;"KTS1 C3.03 01A36"
39;20140412;"KTS1 C3.03 01A35"
40;20140415;"KTS1 C3.03 01A37"
41;20140405;"KTS1 C3.03 01A39"
42;20140409;"KTS1 C3.03 01A38"
43;20140406a;"KTS1 C3.03 01A40a"
44;20140406c;"KTS1 C3.03 01A40c"
45;20140406b;"KTS1 C3.03 01A40b"
46;20140406d;"KTS1 C3.03 01A40d"
47;20140406e;"KTS1 C3.03 01A40e"
48;20140406f;"KTS1 C3.03 01A40f"
49;20140417;"KTS1 C3.26 01A42"
50;20145663;"KTS1 C3.26 01B01"
51;20140416;"KTS1 C3.03 01A41"
52;20145665;"KTS1 C3.26 01B03"
53;20145664;"KTS1 C3.26 01B02"
54;20136021;"KTS1 C3.26 01B04"
55;20145676;"KTS1 C3.26 01B13"
56;20145675;"KTS1 C3.26 01B14"
57;20145674;"KTS1 C3.26 01B15"
58;20145677;"KTS1 C3.26 01B16"
59;20145678;"KTS1 C3.26 01B17"
60;20145679;"KTS1 C3.26 01B18"
61;20145666;"KTS1 C3.26 01B05"
61;20145667;"KTS1 C3.26 01B06"
61;20145668;"KTS1 C3.26 01B07"
61;20145669;"KTS1 C3.26 01B08"
61;20145670;"KTS1 C3.26 01B09"
61;20145671;"KTS1 C3.26 01B10"
61;20145672;"KTS1 C3.26 01B11"
61;20145673;"KTS1 C3.26 01B12"
62;20145680;"KTS1 C3.26 01B19"
63;20145686;"KTS1 C3.26 01B20"
64;20145685;"KTS1 C3.26 01B21"
65;20145683;"KTS1 C3.26 01B23"
66;20145682;"KTS1 C3.26 01B24"
67;20145684;"KTS1 C3.26 01B22"
68;20145681;"KTS1 C3.26 01B32"
69;20137522;"KTS1 C3.26 01B33"
70;20137763;"KTS1 C1.51 01C02"
71;20137764;"KTS1 C1.51 01C03"
71;20137765;"KTS1 C1.51 01C04"
71;20137766;"KTS1 C1.51 01C05"
71;20137767;"KTS1 C1.51 01C06"
72;20137771;"KTS1 C1.51 01C07"
72;20137772;"KTS1 C1.51 01C08"
72;20137773;"KTS1 C1.51 01C09"
72;20137774;"KTS1 C1.51 01C10"
73;20137782;"KTS1 C1.51 01C11"
74;20137762;"KTS1 C1.51 01C01"
75;20137748;"KTS1 C1.51 01C12"
76;20137783;"KTS1 C1.51 01C13"
76;20137784;"KTS1 C1.51 01C14"
76;20137785;"KTS1 C1.51 01C16"
77;20137787;"KTS1 C1.52 01C17"
77;20137788;"KTS1 C1.52 01C18"
78;20137786;"KTS1 C1.52 01C15"
79;20137775;"KTS1 C1.52 01C20"
80;20137780;"KTS1 C1.52 01C21"
81;20137779;"KTS1 C1.52 01D01"
82;20137789;"KTS1 C1.52 01D02"
83;20137790;"KTS1 C1.52 01D03_01"
83;20137791;"KTS1 C1.52 01D03_02"
83;20137792;"KTS1 C1.52 01D03_03"
84;20137781;"KTS1 C1.52 01C19"
85;20137794;"KTS1 C1.52 01D05"
86;20137795;"KTS1 C1.52 01D06"
87;20137796;"KTS1 C1.52 01D07"
88;20137793;"KTS1 C1.52 01D04"
89;20137797;"KTS1 C1.52 01D09"
90;20137805;"KTS1 C1.52 01D10"
91;20137798;"KTS1 C1.52 01D12"
92;20136220;"KTS1 C1.52 01D08"
93;20137799;"KTS1 C1.52 01D13"
94;20137801;"KTS1 C1.52 01D15"
95;20137800;"KTS1 C1.52 01D14"
96;20137802;"KTS1 C1.52 01D16"
97;20137808;"KTS1 C1.52 01D17"
98;20137806;"KTS1 C1.52 01D19"
99;20137807;"KTS1 C1.52 01D18"
100;20137776;"KTS1 C1.52 01D21"
101;20137777;"KTS1 C1.52 01D22"
102;20137809;"KTS1 C1.52 01D20"
103;20137818;"KTS1 C1.52 01D24"
104;20137817;"KTS1 C1.52 01D25"
105;20137778;"KTS1 C1.52 01D23"
106;20137815;"KTS1 C1.52 01D26"
107;20137814;"KTS1 C1.52 01D28a"
108;20137812;"KTS1 C1.52 01D28b"
109;20137813;"KTS1 C1.52 01D28c"
111;20137816;"KTS1 C1.52 01D27"
113;20137811;"KTS1 C1.53 01D30"
114;20137819;"KTS1 C1.53 01D31"
115;20137823;"KTS1 C1.53 01D32"
116;20137822;"KTS1 C1.53 01D33"
117;20137810;"KTS1 C1.52 01D29"
118;20145687b;"KTS1 C3.26 01E01b"
119;20145689;"KTS1 C3.26 01E02"
120;20145688;"KTS1 C3.26 01E04"
121;20145687a;"KTS1 C3.26 01E01a"
122;20145690;"KTS1 C3.26 01E06"
123;20145692;"KTS1 C3.27 01E08_01"
123;20145693;"KTS1 C3.27 01E08_02"
123;20145694;"KTS1 C3.27 01E08_03"
123;20145695;"KTS1 C3.27 01E08_04"
124;20145691;"KTS1 C3.27 01E07"
125;20145696;"KTS1 C3.27 01E13"
126;20145697;"KTS1 C3.27 01E14_01"
126;20145698;"KTS1 C3.27 01E14_02"
126;20145699;"KTS1 C3.27 01E14_03"
127;20135978;"KTS1 C3.27 01E12"
128;20145701;"KTS1 C3.27 01E15"
129;20145703;"KTS1 C3.27 01E17"
130;20145702;"KTS1 C3.27 01E18"
131;20145704;"KTS1 C3.27 01E19_01"
131;20145705;"KTS1 C3.27 01E19_02"
131;20145706;"KTS1 C3.27 01E19_03"
132;20145700;"KTS1 C3.27 01E16"
133;20137803;"KTS1 C3.27 01E20_01"
133;20137804;"KTS1 C3.27 01E20_02"
134;20145708;"KTS1 C3.27 01E22"
135;20145707;"KTS1 C3.27 01E21"
136;20145709;"KTS1 C3.27 01E23"
137;20135793;"KTS1 C1.01 01F01"
138;20135794;"KTS1 C1.01 01F02"
139;20135796;"KTS1 C1.01 01F04"
140;20135797;"KTS1 C1.01 01F05"
141;20135795;"KTS1 C1.01 01F03"
142;20136451;"KTS1 C1.01 01F07"
143;20135822;"KTS1 C1.01 01F08"
144;20136449;"KTS1 C1.01 01F06"
145;20136452;"KTS1 C1.01 01F09"
146;20135823;"KTS1 C1.01 01F10"
147;20135816;"KTS1 C1.01 01F11"
148;20135818;"KTS1 C1.01 01F12"
149;20135813;"KTS1 C1.01 01F13"
150;20135817;"KTS1 C1.01 01F14"
151;20135814;"KTS1 C1.01 01F16"
152;20135812;"KTS1 C1.01 01F15"
153;20135815;"KTS1 C1.01 01F17"
154;20136448;"KTS1 C1.01 01F18_01"
154;20136670;"KTS1 C1.01 01F18_02"
154;20136671;"KTS1 C1.01 01F18_03"
155;20135819;"KTS1 C1.01 01F20"
156;20135821;"KTS1 C1.01 01F19"
157;20135820;"KTS1 C1.01 01F21"
158;20136450;"KTS1 C1.01 01F23"
159;20136027;"KTS1 C2.01 01F22"
160;20138242;"KTS1 C2.01 01G01c"
161;20138240;"KTS1 C2.01 01G01a"
161;20138241;"KTS1 C2.01 01G01b"
162;20138244;"KTS1 C2.01 01G01e"
163;20138245;"KTS1 C2.01 01G01f"
164;20138246;"KTS1 C2.01 01G01g"
165;20138247;"KTS1 C2.01 01G01h"
166;20138251;"KTS1 C2.01 01G02_01"
166;20138252;"KTS1 C2.01 01G02_02"
167;20138250;"KTS1 C2.01 01G03"
168;20138249;"KTS1 C2.01 01G04"
169;20138243;"KTS1 C2.01 01G01d"
170;20138261;"KTS1 C2.01 01G06"
171;20138270;"KTS1 C2.01 01G07"
172;20138248;"KTS1 C2.01 01G05"
173;20138271;"KTS1 C2.01 01G08"
174;20138285;"KTS1 C2.01 01G10"
175;20138286;"KTS1 C2.01 01G11"
176;20138290;"KTS1 C2.01 01G12"
176;20140230;"KTS1 C2.70 11K16"
177;20138272;"KTS1 C2.01 01G09"
178;20138287;"KTS1 C2.01 01G14"
179;20138288;"KTS1 C2.01 01G15"
180;20138293;"KTS1 C2.01 01G16"
181;20138289;"KTS1 C2.01 01G13"
182;20138269;"KTS1 C2.01 01G17"
183;20138295;"KTS1 C2.01 01G19"
184;20138294;"KTS1 C2.01 01G18"
185;20138310;"KTS1 C2.01 01G21"
186;20138309;"KTS1 C2.01 01G22"
187;20145717;"KTS1 C3.27 01H01"
188;20145718;"KTS1 C3.27 01H02"
189;20138311;"KTS1 C2.01 01G20"
190;20145710;"KTS1 C3.27 01H03"
191;20145719;"KTS1 C3.27 01H04"
192;20145721;"KTS1 C3.27 01H06"
193;20145720;"KTS1 C3.27 01H05"
194;20145722;"KTS1 C3.27 01H07"
195;20145723;"KTS1 C3.28 01H09"
196;20135979;"KTS1 C3.28 01H08"
197;20135997;"KTS1 C3.28 01H10"
198;20145724;"KTS1 C3.28 01H12"
199;20136026;"KTS1 C3.28 01H11"
200;20145725;"KTS1 C3.28 01H13"
202;20145727;"KTS1 C3.28 01H16"
203;20145726;"KTS1 C3.28 01H17"
204;20139723;"KTS1 C3.28 01H15"
205;20145731;"KTS1 C3.28 01H19"
207;20145730;"KTS1 C3.28 01H18"
208;20145732a;"KTS1 C3.28 01H20a"
209;20145732b;"KTS1 C3.28 01H20b"
210;20136322;"KTS1 C3.03 02A01"
211;20140418;"KTS1 C3.04 02A02"
212;20140419;"KTS1 C3.04 02A03"
213;20140407;"KTS1 C3.04 02A04"
214;20140408;"KTS1 C3.04 02A05"
215;20145734;"KTS1 C3.28 01H21"
216;20140420;"KTS1 C3.04-05 02A07"
217;20140421;"KTS1 C3.04 02A06"
218;20140423;"KTS1 C3.04 02A08"
219;20140422;"KTS1 C3.04 02A09"
220;20140425;"KTS1 C3.04 02A11a"
220;20140426;"KTS1 C3.04 02A11b"
220;20140427;"KTS1 C3.04 02A11d"
222;20140424;"KTS1 C3.04 02A10"
223;20140428;"KTS1 C3.04 02A12"
224;20140429;"KTS1 C3.04 02A13"
226;20140430;"KTS1 C3.04 02A14"
227;20140432;"KTS1 C3.04 02A16"
228;20140431;"KTS1 C3.04 02A17"
229;20140434;"KTS1 C3.04 02A18"
230;20140433;"KTS1 C3.04-05 02A15"
231;20140436;"KTS1 C3.04 02A20"
232;20140437;"KTS1 C3.04 02A21"
233;20140435;"KTS1 C3.04 02A19"
234;20140438;"KTS1 C3.04 02A22"
235;20138180;"KTS1 C1.68 02B01"
237;20138181;"KTS1 C1.68 02B02a"
237;20138182;"KTS1 C1.68 02B02b"
238;20138184;"KTS1 C1.68 02B04"
239;20138185;"KTS1 C1.68 02B05"
240;20138183;"KTS1 C1.68 02B03_01-02"
242;20138188;"KTS1 C1.68 02B07"
243;20138186;"KTS1 C1.68 02B06a"
244;20138165;"KTS1 C1.68 02B10"
245;20138190;"KTS1 C1.68 02B11"
246;20138187;"KTS1 C1.68 02B08"
247;20136028;"KTS1 C1.68 02B12"
248;20138191;"KTS1 C1.68 02B14"
249;20138189;"KTS1 C1.68 02B13"
250;20138203;"KTS1 C1.68 02B16a"
250;20138204;"KTS1 C1.68 02B16b"
251;20136029;"KTS1 C1.68 02B15"
252;20138206;"KTS1 C1.68 02B18"
253;20138208;"KTS1 C1.68 02B19"
254;20138205;"KTS1 C1.68 02B17"
255;20138207;"KTS1 C1.68 02B20"
256;20138210;"KTS1 C1.69 02B22"
257;20138209;"KTS1 C1.68 02B21"
258;20145879;"KTS1 C3.32 02C01"
259;20145876;"KTS1 C3.32 02C02_01"
259;20145877;"KTS1 C3.32 02C02_02"
259;20145878;"KTS1 C3.32 02C02_03"
260;20145880;"KTS1 C3.32 02C03_01"
260;20145881;"KTS1 C3.32 02C03_02"
261;20138212;"KTS1 C1.69 02B23"
262;20145889;"KTS1 C3.32 02C05"
263;20145890;"KTS1 C3.32 02C06"
264;20145891;"KTS1 C3.32 02C07"
265;20145882;"KTS1 C3.32 02C04_01"
265;20145883;"KTS1 C3.32 02C04_02"
266;20145893;"KTS1 C3.32 02C09"
267;20145894;"KTS1 C3.32 02C11"
268;20145895;"KTS1 C3.32 02C12"
269;20145896;"KTS1 C3.32 02C13"
270;20145892;"KTS1 C3.32 02C08"
271;20136059;"KTS1 C3.32 02C14"
272;20145897d;"KTS1 C3.32 02E01d"
273;20145897c;"KTS1 C3.32 02E01c"
274;20145897b;"KTS1 C3.32 02E01b"
275;20145897a;"KTS1 C3.32 02E01a"
276;20145897e;"KTS1 C3.32 02E01e"
277;20145875;"KTS1 C3.33 02E02"
277;20145873;"KTS1 C3.33 02E03"
278;20145898;"KTS1 C3.32 02E04"
279;20145897f;"KTS1 C3.32 02E01f"
280;20145902;"KTS1 C3.33 02E06"
281;20145874;"KTS1 C3.33 02E07"
282;20145899;"KTS1 C3.32 02E05"
283;20145906;"KTS1 C3.33 02E09"
284;20136058;"KTS1 C3.33 02E08"
285;20145903;"KTS1 C3.33 02E10_01"
285;20145904;"KTS1 C3.33 02E10_02"
285;20145905;"KTS1 C3.33 02E10_03"
286;20145907;"KTS1 C3.33 02E11"
287;20137521;"KTS1 C3.32 02E12"
288;20145910;"KTS1 C3.33 02E14"
289;20145908;"KTS1 C3.33 02E15"
290;20145911;"KTS1 C3.33 02E16"
291;20145912;"KTS1 C3.33 02E17"
292;20145913;"KTS1 C3.33 02E18"
293;20145914;"KTS1 C3.33 02E19"
294;20145915;"KTS1 C3.33 02E20"
295;20145909;"KTS1 C3.33 02E13"
296;20145916a-b;"KTS1 C3.33 02E22a-b"
297;20145921;"KTS1 C3.33 02E21"
297;20136338;"BIB3 GOOV"
298;20145916d;"KTS1 C3.33 02E22d"
299;20145916e;"KTS1 C3.33 02E22e"
300;20145916c;"KTS1 C3.33 02E22c"
301;20145916g;"KTS1 C3.33 02E22g"
302;20145916h;"KTS1 C3.33 02E22h"
303;20145916i;"KTS1 C3.33 02E22i"
304;20145916j;"KTS1 C3.33 02E22j"
305;20145916k;"KTS1 C3.33 02E22k"
306;20145916f;"KTS1 C3.33 02E22f"
307;20145916m;"KTS1 C3.33 02E22m"
308;20145916n;"KTS1 C3.33 02E22n"
309;20145922;"KTS1 C3.33 02E23"
310;20145916l;"KTS1 C3.33 02E22l"
311;20138211;"KTS1 C1.69 02F01"
312;20136030;"KTS1 C1.69 02F02"
313;20138213;"KTS1 C1.69 02F04_01"
313;20138214;"KTS1 C1.69 02F04_02"
313;20138215;"KTS1 C1.69 02F04_03"
313;20138216;"KTS1 C1.69 02F04_04"
314;20138217;"KTS1 C1.69 02F03"
315;20138219;"KTS1 C1.69 02F06"
316;20138220;"KTS1 C1.69 02F07"
317;20138218;"KTS1 C1.69 02F05"
318;20138222;"KTS1 C1.69 02F09"
318;20140218;"KTS1 C3.24 03I15"
318;20140219;"KTS1 C3.35 08F02"
318;20140216;"KTS1 C2.69 11K07"
319;20138223;"KTS1 C1.69 02F10a"
321;;"KTS1 C1.69 02F10b"
321;;"KTS1 C1.69 02F10b"
322;;"KTS1 C1.69 02F10c"
322;;"KTS1 C1.69 02F10c"
324;20138221;"KTS1 C1.69 02F08"
325;20136032;"KTS1 C1.69 02F11"
326;20138224;"KTS1 C1.69 02F13_01"
326;20138225;"KTS1 C1.69 02F13_02"
326;20138226;"KTS1 C1.69 02F13_03"
327;20136031;"KTS1 C1.69 02F12"
328;20138227;"KTS1 C1.69 02F13_04"
328;20138228;"KTS1 C1.69 02F13_05"
328;20138229;"KTS1 C1.69 02F13_06"
328;20138236;"KTS1 C1.69 02F13_07"
329;20138237;"KTS1 C1.69 02F14"
330;20138239;"KTS1 C1.69 02F16"
331;20138238;"KTS1 C1.69 02F15"
332;20139042;"KTS1 C2.30 02G01"
333;20139055;"KTS1 C2.30 02G02"
334;20139056;"KTS1 C2.30 02G03"
335;20139057;"KTS1 C2.30 02G04"
336;20139062a;"KTS1 C2.30 02G06a"
337;20139062b;"KTS1 C2.30 02G06b"
338;20139063;"KTS1 C2.30 02G07"
339;20139058;"KTS1 C2.30 02G05"
340;20139064b;"KTS1 C2.30 02G08b"
341;20139065;"KTS1 C2.30 02G09"
342;20139064a;"KTS1 C2.30 02G08a"
343;20136049;"KTS1 C2.30 02G10"
344;20139066;"KTS1 C2.30 02G12"
345;20139021;"KTS1 C2.30 02G13"
346;20139000;"KTS1 C2.30 02G14"
347;20138924;"KTS1 C2.30 02G15a"
347;20138925;"KTS1 C2.30 02G15b"
347;20138926;"KTS1 C2.30 02G15c"
347;20139067;"KTS1 C2.30 02G15d"
348;20138927;"KTS1 C2.30 02G16"
349;20139068;"KTS1 C2.30 02G17"
350;20139069;"KTS1 C2.30 02G18"
351;20139052;"KTS1 C2.30 02G19_01-02"
352;20139053;"KTS1 C2.30 02G20"
353;20136050;"KTS1 C2.30 02G21"
354;20139054;"KTS1 C2.30 02G22"
355;20139072a;"KTS1 C2.30 02G23"
356;20136051;"KTS1 C2.30 02G24"
357;20139070;"KTS1 C2.30 02G25"
358;20139071;"KTS1 C2.30 02G26"
359;20136052;"KTS1 C2.30 02G27"
360;20136053;"KTS1 C2.30 02G28"
361;20136054;"KTS1 C2.30 02G29"
362;20136055;"KTS1 C2.30 02G30"
363;20139077;"KTS1 C2.30 02G31"
364;20136056;"KTS1 C2.30 02G32"
365;20136060;"KTS1 C2.30 02G33"
366;20136057;"KTS1 C2.30 02G34"
367;20139078;"KTS1 C2.30 02G35"
368;20139073;"KTS1 C2.30 02G36"
369;20138155;"KTS1 C1.63 03A01"
370;20138156;"KTS1 C1.63 03A02"
370;20138153;"KTS1 C1.63 03A03"
370;20138154;"KTS1 C1.63 03A04"
370;20138172;"KTS1 C1.63 03A05"
370;20138152;"KTS1 C1.63 03A06"
370;20138169;"KTS1 C1.63 03A07"
370;20138171;"KTS1 C1.63 03A08"
370;20138170;"KTS1 C1.63 03A09"
371;20138254;"KTS1 C1.63 03A10"
372;20138255;"KTS1 C1.63 03A11"
372;20138257;"KTS1 C1.63 03A12"
373;20138256;"KTS1 C1.63 03A13"
374;20138260;"KTS1 C1.63 03A14"
374;20137770;"KTS1 C1.63 03A15"
375;20138258;"KTS1 C1.63 03A16"
375;20137769;"KTS1 C1.63 03A17"
375;20138235;"KTS1 C1.63 03A18"
375;20137954;"KTS1 C1.63 03A19"
375;20138259;"KTS1 C1.63 03A20"
376;20140287;"KTS1 C1.63 03A21"
376;20140288;"KTS1 C1.63 03A22"
377;20140289;"KTS1 C1.63 03A23"
378;20140290;"KTS1 C1.63 03A24"
379;20140291;"KTS1 C1.64 03B01"
380;20140292;"KTS1 C1.64 03B02"
381;20140294;"KTS1 C1.64 03B03"
382;;"KTS1 C1.64 03B04"
383;20140297;"KTS1 C1.64 03B05"
383;20140296;"KTS1 C1.64 03B06"
383;20140298;"KTS1 C1.64 03B07"
384;20145588;"KTS1 C1.64 03B08"
385;20145587;"KTS1 C1.64 03B09"
386;20145591;"KTS1 C1.64 03B10"
386;20145590;"KTS1 C1.64 03B11"
387;20143933;"KTS1 C1.64 03B12"
388;20143934;"KTS1 C1.64 03B13"
389;20143935;"KTS1 C1.64 03B14"
389;20143936;"KTS1 C1.64 03B15"
389;20143940;"KTS1 C1.64 03B16"
389;20143932;"KTS1 C1.64 03B17"
389;20143931;"KTS1 C1.64 03B18"
389;20143930;"KTS1 C1.64 03B19"
389;20143929;"KTS1 C1.64 03B20"
390;20143943;"KTS1 C1.64 03B21"
391;20143942;"KTS1 C1.65 03B22"
391;20143941;"KTS1 C1.65 03B23"
392;20143944;"KTS1 C1.65 03C01"
392;20143939;"KTS1 C1.65 03C02"
392;20143938;"KTS1 C1.65 03C03"
393;20143970;"KTS1 C1.65 03C05"
393;20143971;"KTS1 C1.65 03C06"
394;20143972;"KTS1 C1.65 03C07"
395;20143973;"KTS1 C1.65 03C08"
396;20138087;"KTS1 C1.65 03C09"
397;20138088;"KTS1 C1.65 03C10"
398;20138090;"KTS1 C1.65 03C11"
398;20138091;"KTS1 C1.65 03C12"
398;20138092;"KTS1 C1.65 03C13"
398;20138098;"KTS1 C1.65 03C14"
398;20138099;"KTS1 C1.65 03C15"
398;20138100;"KTS1 C1.65 03C16"
399;20138089;"KTS1 C1.65 03C17"
400;20138101;"KTS1 C1.65-66 03C18"
400;20138102;"KTS1 C1.65-66 03C19"
401;20138108;"KTS1 C1.66 03C20"
402;20138109;"KTS1 C1.66 03C21"
403;;"KTS1 C1.66 03D01b"
403;;"KTS1 C1.66 03D01b"
404;;"KTS1 C1.66 03D01c"
404;;"KTS1 C1.66 03D01c"
405;20138103;"KTS1 C1.66 03D01a"
406;;"KTS1 C1.66 03D02b"
407;20138104;"KTS1 C1.66 03D02a"
408;;"KTS1 C1.66 03D03b"
408;;"KTS1 C1.66 03D03b"
410;20138106;"KTS1 C1.66 03D04"
411;20138120;"KTS1 C1.66 03D06_01"
411;20138121;"KTS1 C1.66 03D06_02"
411;20138122;"KTS1 C1.66 03D06_03"
411;20138131;"KTS1 C1.66 03D06_04"
411;20138132;"KTS1 C1.66 03D06_05"
412;20138107;"KTS1 C1.66 03D07"
413;20138111;"KTS1 C1.66 03D08_01-02"
414;20138110;"KTS1 C1.66 03D09"
415;20138112;"KTS1 C1.66 03D10"
416;20138113;"KTS1 C1.66 03D11"
417;20138114;"KTS1 C1.66 03D12"
418;20138115;"KTS1 C1.66 03D13"
419;20138116;"KTS1 C1.66 03D14"
420;20138117;"KTS1 C1.66 03D15"
421;20138118;"KTS1 C1.66 03D16"
422;20138119;"KTS1 C1.66 03D17"
423;20138097;"KTS1 C1.66 03D18"
424;20138133;"KTS1 C1.66 03D19"
425;20138134;"KTS1 C1.66 03D20"
426;20138135;"KTS1 C1.66 03D21"
427;20138136;"KTS1 C1.66 03D22"
428;20138137;"KTS1 C1.66 03D23"
429;20138138;"KTS1 C1.66 03D24"
430;20138139;"KTS1 C1.66 03D25"
431;20138140;"KTS1 C1.67 03D26"
432;20138141;"KTS1 C1.67 03D27"
433;20138142;"KTS1 C1.67 03D28"
434;20137485;"KTS1 C1.43 03E01"
434;20137486;"KTS1 C1.43 03E02"
434;20137487;"KTS1 C1.43 03E03"
434;20137488;"KTS1 C1.43 03E04"
434;20137489;"KTS1 C1.43 03E05"
434;20137490;"KTS1 C1.43 03E06"
434;20137491;"KTS1 C1.43 03E07"
434;20137492;"KTS1 C1.43 03E08"
434;20137493;"KTS1 C1.43 03E09"
435;20137484;"KTS1 C1.43 03E10"
435;20137494;"KTS1 C1.43 03E11"
435;20137495;"KTS1 C1.43 03E12"
435;20137496;"KTS1 C1.43 03E13"
435;20137497;"KTS1 C1.43 03E14"
435;20137498;"KTS1 C1.43 03E15"
435;20137502;"KTS1 C1.43 03E16"
435;20137501;"KTS1 C1.43 03E17"
435;20137500;"KTS1 C1.43 03E18"
435;20137499;"KTS1 C1.43 03E19"
435;20137503;"KTS1 C1.43 03E20"
435;20137504;"KTS1 C1.43 03E21"
436;20137505;"KTS1 C1.43 03E22"
437;20137506;"KTS1 C1.43 03E23"
438;20137507;"KTS1 C1.43 03E24"
439;20137508;"KTS1 C1.43 03E25"
440;20137511;"KTS1 C1.43 03E26"
441;20137509;"KTS1 C1.43 03E27_01"
441;20137510;"KTS1 C1.43 03E27_02"
442;20138143;"KTS1 C1.67 03F01_01-03"
443;20138144;"KTS1 C1.67 03F02"
444;20138145;"KTS1 C1.67 03F03"
445;20138146;"KTS1 C1.67 03F04"
446;20138147;"KTS1 C1.67 03F05"
446;20138148;"KTS1 C1.67 03F06"
446;20138149;"KTS1 C1.67 03F07"
447;20138150;"KTS1 C1.67 03F08"
447;20138151;"KTS1 C1.67 03F09"
448;20138157;"KTS1 C1.67 03F10"
449;20138166;"KTS1 C1.67 03F11"
449;20138167;"KTS1 C1.67 03F12"
450;20138168;"KTS1 C1.67 03F13"
451;20138176;"KTS1 C1.67 03F14"
452;20136637;"KTS1 C1.67 03F15"
453;20138173;"KTS1 C1.67 03F16"
454;20138174;"KTS1 C1.67 03F17"
455;20138175;"KTS1 C1.68 03F18"
456;20138177;"KTS1 C1.68 03F19"
457;20138178;"KTS1 C1.68 03F20"
458;20138179;"KTS1 C1.68 03F21"
459;20136048;"KTS1 C1.44 03G01"
460;20137515;"KTS1 C1.44 03G02"
461;20137514;"KTS1 C1.44 03G03"
462;20136047;"KTS1 C1.44 03G04"
463;20137513;"KTS1 C1.44 03G05"
464;20137516;"KTS1 C1.44 03G06_01-02"
465;20137518;"KTS1 C1.44 03G07"
466;20137517;"KTS1 C1.44 03G08"
467;20137529;"KTS1 C1.44 03G09"
468;20137160;"KTS1 C1.44 03G10"
468;20137167;"KTS1 C1.44 03G10"
469;20137532;"KTS1 C1.44 03G11"
470;20137531;"KTS1 C1.44 03G12"
471;20137533;"KTS1 C1.44 03G13"
472;20137530;"KTS1 C1.44 03G14"
472;20137520d;"KTS1 C1.44 03G16d"
473;20134112;"KTS1 C1.44 03G15"
474;20137520a;"KTS1 C1.44 03G16a"
475;20137520b;"KTS1 C1.44 03G16b"
476;20137520c;"KTS1 C1.44 03G16c"
478;20137535;"KTS1 C1.44 03G17"
479;20137534;"KTS1 C1.44 03G18"
480;20137537;"KTS1 C1.44 03G19"
481;20136586;"KTS1 C1.07 05F14"
481;20137538;"KTS1 C1.44 03G21"
482;20137539;"KTS1 C1.44 03G22"
483;20137541;"KTS1 C1.44 03G24"
484;20137542;"KTS1 C1.44 03G25"
485;20137543;"KTS1 C1.53 03G26"
486;20137821;"KTS1 C1.53 03G27"
487;20137820;"KTS1 C1.53 03G28"
488;20136046;"KTS1 C1.53 03H01"
489;20137832;"KTS1 C1.53 03H02"
490;20135996;"KTS1 C1.53 03H03"
491;20137838;"KTS1 C1.53 03H04"
492;20137837;"KTS1 C1.53 03H05"
493;20137824;"KTS1 C1.53 03H06"
494;20137825;"KTS1 C1.53 03H07"
495;20137827;"KTS1 C1.53 03H08"
496;20137826;"KTS1 C1.53 03H09"
497;20137828;"KTS1 C1.53 03H10"
498;20137829;"KTS1 C1.53 03H11"
499;20137830;"KTS1 C1.53 03H12"
500;20137831;"KTS1 C1.53 03H13"
501;20136045;"KTS1 C1.53 03H14"
502;20136044;"KTS1 C1.53 03H15"
503;20136043;"KTS1 C1.53 03H16"
504;20136042;"KTS1 C1.53 03H17"
505;20136041;"KTS1 C1.53 03H18"
506;20136040;"KTS1 C1.53 03H19"
507;20136039;"KTS1 C1.53 03H20"
508;20136038;"KTS1 C1.53 03H21"
509;20136037;"KTS1 C1.53 03H22"
510;20136036;"KTS1 C1.53 03H23a-f"
511;20136035;"KTS1 C1.53 03H24"
512;20136034;"KTS1 C1.53 03H25"
513;20137836;"KTS1 C1.53 03H26"
514;20136033;"KTS1 C1.53 03H27"
515;20137833;"KTS1 C1.53 03H28"
516;20137835;"KTS1 C1.53 03H29"
517;20137834;"KTS1 C1.53 03H30"
518;20137845;"KTS1 C1.53 03H31"
519;20137846;"KTS1 C1.53 03H32"
520;20138969;"KTS1 C1.53 03H33"
521;20137847;"KTS1 C1.53 03H34"
522;20137844;"KTS1 C1.53 03H35"
523;20137842;"KTS1 C1.53 03H36"
524;20137841;"KTS1 C1.53 03H37"
525;20137840;"KTS1 C1.53 03H38"
526;20137524;"KTS1 C1.53 03H39"
527;20137839;"KTS1 C1.53 03H40"
528;20137843;"KTS1 C1.53 03H41"
529;20137854;"KTS1 C1.53 03H42"
530;20137855;"KTS1 C1.53 03H43"
531;20137850;"KTS1 C1.53 03H44"
532;20137848;"KTS1 C1.53 03H45"
533;20137849;"KTS1 C1.53 03H46"
534;20137856;"KTS1 C1.53 03H47"
535;20137859;"KTS1 C1.53 03H48"
536;20137858;"KTS1 C1.53 03H49"
537;20137857;"KTS1 C1.53 03H50"
538;20137860;"KTS1 C1.53 03H51"
539;20137861a;"KTS1 C1.53 03H52a"
540;20137861b;"KTS1 C1.53 03H52b"
541;20137861c;"KTS1 C1.53 03H52c"
542;20137861d;"KTS1 C1.53 03H52d"
543;20137861f;"KTS1 C1.53 03H52f"
544;20137861g;"KTS1 C1.53 03H52g"
545;20137528;"KTS1 C1.53 03H53_01"
545;20137526;"KTS1 C1.53 03H53_02"
545;20137527;"KTS1 C1.53 03H53_03"
546;;"KTS1 C1.53 03H56d"
546;;"KTS1 C1.53 03H56d"
547;20137853;"KTS1 C1.53 03H56a"
548;;"KTS1 C1.53 03H56c"
548;;"KTS1 C1.53 03H56c"
549;;"KTS1 C1.53 03H56b"
549;;"KTS1 C1.53 03H56b"
550;20137852;"KTS1 C1.53 03H57"
551;20137851;"KTS1 C1.53 03H58"
552;20137862;"KTS1 C1.53 03H59"
553;20137863;"KTS1 C1.53 03H60"
554;20137864;"KTS1 C1.54 03H61"
555;20137865;"KTS1 C1.54 03H62"
556;20137875;"KTS1 C1.54 03H63"
557;20135990;"KTS1 C3.24 03I01"
558;20145571;"KTS1 C3.24 03I02"
559;20145570;"KTS1 C3.24 03I03"
560;20145569;"KTS1 C3.24 03I04"
561;20145568;"KTS1 C3.24 03I05"
562;20145567;"KTS1 C3.24 03I06"
563;20145566;"KTS1 C3.24 03I07"
564;20145575;"KTS1 C3.24 03I08"
565;20145574;"KTS1 C3.24 03I09"
566;20145573;"KTS1 C3.24 03I10"
567;20145572;"KTS1 C3.24 03I11"
568;20145577;"KTS1 C3.24 03I12"
569;20145578;"KTS1 C3.24 03I14_01"
569;20145579;"KTS1 C3.24 03I14_02"
571;20145576a;"KTS1 C3.24 03I16a"
573;20145582;"KTS1 C3.24 03I18"
573;20145583;"KTS1 C3.24 03I19"
574;20145584;"KTS1 C3.24 03I20"
575;20145581;"KTS1 C3.24 03I21"
576;20145580;"KTS1 C3.24 03I22"
577;20145586;"KTS1 C3.24 03I24"
578;20136063;"KTS1 C3.24 03I25"
579;20145592;"KTS1 C3.24 03I26"
580;20145593;"KTS1 C3.24 03I27"
581;20145594;"KTS1 C3.24 03I28"
581;20145595;"KTS1 C3.24 03I29"
582;20145596a;"KTS1 C3.24 03I30a"
583;20145596d;"KTS1 C3.24 03I30d"
583;20146026b;"KTS1 C3.36 08F24b"
584;20145596b;"KTS1 C3.24 03I30b_01-02"
585;20145596c;"KTS1 C3.24 03I30c"
585;20146026;"KTS1 C3.36 08F25a"
586;20145597a;"KTS1 C3.24 03I31a"
587;20145597b;"KTS1 C3.24 03I31b"
588;20145599;"KTS1 C3.24 03I32"
589;20145600b;"KTS1 C3.24 03I33b"
590;20145600a;"KTS1 C3.24 03I33a"
591;20145598;"KTS1 C3.24 03I34"
592;20145604;"KTS1 C3.24 03I35"
593;20136766;"KTS1 C3.24 03I36"
594;20136061;"KTS1 C3.24 03I37"
595;20145605;"KTS1 C3.25 03I38"
596;20145606c;"KTS1 C3.25 03J01c"
597;20145606b;"KTS1 C3.25 03J01b"
598;20145606a;"KTS1 C3.25 03J01a"
599;20136062;"KTS1 C3.25 03J02"
600;20136064;"KTS1 C3.25 03J03"
601;20145607;"KTS1 C3.25 03J04"
602;20145608;"KTS1 C3.25 03J05"
603;20134266;"KTS1 C3.25 03J06"
604;20145609;"KTS1 C3.25 03J07"
605;20145611;"KTS1 C3.25 03J08"
606;20136065;"KTS1 C3.25 03J09"
608;20145616;"KTS1 C3.25 03J11"
609;20145617;"KTS1 C3.25 03J12"
610;20145618;"KTS1 C3.25 03J13"
611;20145619;"KTS1 C3.25 03J14"
612;20145620a;"KTS1 C3.25 03J15a"
613;20145620b;"KTS1 C3.25 03J15b"
614;20145623;"KTS1 C3.25 03J16"
615;20145622;"KTS1 C3.25 03J17"
616;20145621;"KTS1 C3.25 03J18"
617;20136066;"KTS1 C3.25 03J19"
618;20145629;"KTS1 C3.25 03J20"
619;20145628a;"KTS1 C3.25 03J21a"
620;20145628b;"KTS1 C3.25 03J21b"
621;20145627;"KTS1 C3.25 03J22"
622;20145626;"KTS1 C3.25 03J23"
623;20145625;"KTS1 C3.25 03J24"
624;20145624;"KTS1 C3.25 03J26"
625;20145630;"KTS1 C3.25 03J27"
626;20145631;"KTS1 C3.25 03J28"
627;20145632;"KTS1 C3.25 03J29"
628;20145633;"KTS1 C3.25 03J30"
629;20145634;"KTS1 C3.25 03J31"
630;20145641;"KTS1 C3.25 03J32"
631;20145640;"KTS1 C3.25 03J33"
632;20145637;"KTS1 C3.25 03J34"
633;20145638;"KTS1 C3.25 03J35"
634;20145636;"KTS1 C3.25 03J36"
635;20145635;"KTS1 C3.25 03J37"
636;20145643;"KTS1 C3.25 03J38"
637;20145648;"KTS1 C3.25 03J39"
638;20145644;"KTS1 C3.25 03J40"
639;20145645;"KTS1 C3.25 03J41_01"
639;20145646;"KTS1 C3.25 03J41_02"
639;20145647;"KTS1 C3.25 03J41_03"
640;20145642;"KTS1 C3.25 03J42"
642;20145639;"KTS1 C3.25 03J44"
643;20136072b;"KTS1 C3.25 03J45b"
644;20136072a;"KTS1 C3.25 03J45a"
645;20136072c;"KTS1 C3.25 03J45c"
646;20136440f;"KTS1 C2.60 Map.026f"
647;20145650;"KTS1 C3.25 03J47"
648;20145655;"KTS1 C3.25 03J48"
649;20145654;"KTS1 C3.25 03J49"
650;20145656;"KTS1 C3.25 03J50"
651;20136067;"KTS1 C3.25 03J51"
652;20145649;"KTS1 C3.25 03J52"
653;20145653;"KTS1 C3.25 03J53"
654;20145652;"KTS1 C3.25 03J54"
655;20145651;"KTS1 C3.25 03J55"
657;20136068;"KTS1 C3.25 03J57"
658;20136069;"KTS1 C3.25 03J58"
659;20136070;"KTS1 C3.25 03J59"
660;20145660;"KTS1 C3.25 03J60"
661;20145659;"KTS1 C3.25 03J61"
662;20136071;"KTS1 C3.25 03J62"
663;20136083;"KTS1 C3.25 03J63"
664;20145661;"KTS1 C3.25 03J64"
665;20145662;"KTS1 C3.25 03J65"
666;20145658;"KTS1 C3.25 03J66"
667;20136082;"KTS1 C3.25 03J67"
668;20145657;"KTS1 C3.25 03J68"
670;20136081;"KTS1 C3.25 03J69a-b"
671;20140439;"KTS1 C3.05 03K03a"
671;20140440;"KTS1 C3.05 03K03b"
672;20140443;"KTS1 C3.05 03K05"
672;20140444;"KTS1 C3.05 03K06"
673;20134255;"KTS1 C3.05 03K07"
673;20134258;"KTS1 C3.05 03K08"
673;20134259;"KTS1 C3.05 03K09"
673;20134257;"KTS1 C3.05 03K10"
673;20134256;"KTS1 C3.05 03K11"
674;20136388;"KTS1 C3.05 03K12"
675;20140446;"KTS1 C3.05 03K13"
676;20140445;"KTS1 C3.05 03K14"
677;20140447;"KTS1 C3.05 03K15"
678;20140449;"KTS1 C3.05 03K16"
679;20140450;"KTS1 C3.05 03K17"
680;20140451;"KTS1 C3.05 03K18"
681;20140452;"KTS1 C3.05 03K19"
682;20140453;"KTS1 C3.05 03K20"
683;20140455;"KTS1 C3.05 03K21"
684;20140456;"KTS1 C3.05 03K22"
685;20140457;"KTS1 C3.05 03K23"
686;20140458;"KTS1 C3.05 03K24"
687;20137894;"KTS1 C1.55 04A01"
687;20137895;"KTS1 C1.55 04A02"
687;20137896;"KTS1 C1.55 04A03"
687;20137897;"KTS1 C1.55 04A04"
687;20137898;"KTS1 C1.55 04A05"
687;20137899;"KTS1 C1.55 04A06"
687;20137900;"KTS1 C1.55 04A07"
687;20137901;"KTS1 C1.55 04A08"
687;20137902;"KTS1 C1.55 04A09"
687;20137903;"KTS1 C1.55 04A10"
688;20137904;"KTS1 C1.55 04A11"
689;20137905;"KTS1 C1.55 04A12"
690;20137906;"KTS1 C1.55 04A13"
691;20137907;"KTS1 C1.55 04A14"
692;20137890;"KTS1 C1.55 04A15"
693;20137889;"KTS1 C1.55 04A16"
694;20137888;"KTS1 C1.55 04A17"
695;20137887;"KTS1 C1.55 04A18"
696;20137885;"KTS1 C1.55 04A19"
697;20137886;"KTS1 C1.55 04A20_01"
697;20137915;"KTS1 C1.55 04A20_02"
697;20137916;"KTS1 C1.56 04A20_03"
698;20137547;"KTS1 C1.45 04B01"
699;20137544;"KTS1 C1.45 04B02"
700;;"KTS1 C1.45 04B04b"
700;;"KTS1 C1.45 04B04b"
700;;"KTS1 C1.45 04B04b"
700;;"KTS1 C1.45 04B04b"
701;20137545;"KTS1 C1.45 04B04a"
702;20137546;"KTS1 C1.45 04B05"
703;20137548;"KTS1 C1.45 04B06"
704;20137549;"KTS1 C1.45 04B07"
705;20137550;"KTS1 C1.45 04B08"
706;20137551;"KTS1 C1.45 04B09"
708;20137152;"KTS1 C1.45 04B10"
709;20137552;"KTS1 C1.45 04B11"
710;20137553;"KTS1 C1.45 04B12"
711;20137554;"KTS1 C1.45 04B13a"
712;20137561;"KTS1 C1.45 04B13b"
713;20137560;"KTS1 C1.45 04B14"
713;20137559;"KTS1 C1.45 04B15"
714;20137555;"KTS1 C1.45 04B17"
714;20137556;"KTS1 C1.45 04B18"
714;20137557;"KTS1 C1.45 04B19"
714;20137558;"KTS1 C1.45 04B20"
714;20137562;"KTS1 C1.45 04B21"
714;20137563;"KTS1 C1.45 04B22"
714;20137564;"KTS1 C1.45 04B23"
714;20137565;"KTS1 C1.45 04B24"
715;20137566;"KTS1 C1.45 04B26"
716;20137567;"KTS1 C1.45 04B27"
717;20137568;"KTS1 C1.45 04B28"
718;20137569;"KTS1 C1.45 04B29"
719;20137615;"KTS1 C1.45 04B30"
720;20137570;"KTS1 C1.45 04B31"
721;20136078;"KTS1 C1.46 04C01"
722;20137620;"KTS1 C1.46 04C03"
723;20137621;"KTS1 C1.46 04C04"
724;20137622;"KTS1 C1.46 04C05"
725;20137624a;"KTS1 C1.46 04C06a"
726;20137624b;"KTS1 C1.46 04C06b"
727;20137623;"KTS1 C1.46 04C06c"
728;20137625;"KTS1 C1.46 04C07"
729;20137626;"KTS1 C1.46 04C08"
730;20136080;"KTS1 C1.46 04C09"
730;20137627;"KTS1 C1.46 04C10"
730;20137628;"KTS1 C1.46 04C11"
730;20137629;"KTS1 C1.46 04C12"
730;20137630;"KTS1 C1.46 04C13"
731;20136077;"KTS1 C1.46 04C14"
731;20124610;"SCO S HAND"
732;20136079;"KTS1 C1.46 04C15"
733;20137637;"KTS1 C1.46 04C16"
734;;"KTS1 C1.46 04C17"
734;;"KTS1 C1.46 04C17"
734;;"KTS1 C1.46 04C17"
734;;"KTS1 C1.46 04C17"
735;20137636;"KTS1 C1.46 04C18"
736;20137651;"KTS1 C1.46 04C19"
737;20137649;"KTS1 C1.46 04C20"
738;20137650;"KTS1 C1.46 04C21"
739;20137634;"KTS1 C1.46 04C22"
740;20137618;"KTS1 C1.46 04C23"
741;20137617;"KTS1 C1.46 04C25"
742;20137616;"KTS1 C1.46 04C26"
743;20137619;"KTS1 C1.46 04C27"
743;20137638;"KTS1 C1.46 04C28"
743;20137639;"KTS1 C1.46 04C29"
743;20137640;"KTS1 C1.46 04C30"
743;20137641;"KTS1 C1.46 04C31"
743;20137642;"KTS1 C1.46 04C32"
744;20137648;"KTS1 C1.46 04C33"
745;20137646;"KTS1 C1.46 04C34"
746;20137647;"KTS1 C1.47 04C35"
747;20137645;"KTS1 C1.47 04C36"
748;20139770;"KTS1 C2.48 10D14"
749;20134199;"KTS1 C1.47 04D01_01"
749;20134200;"KTS1 C1.47 04D01_02"
749;20134201;"KTS1 C1.47 04D01_03"
750;20137652;"KTS1 C1.47 04D03"
751;20137655;"KTS1 C1.47 04D04"
751;20137654;"KTS1 C1.47 04D05"
751;20137662;"KTS1 C1.47 04D06"
751;20137661;"KTS1 C1.47 04D07"
752;20137653;"KTS1 C1.47 04D08"
753;20137660;"KTS1 C1.47 04D09"
754;20137644;"KTS1 C1.47 04D10a"
755;;"KTS1 C1.47 04D10b"
755;;"KTS1 C1.47 04D10b"
756;;"KTS1 C1.47 04D10c-d"
756;;"KTS1 C1.47 04D10c-d"
757;;"KTS1 C1.47 04D10e"
757;;"KTS1 C1.47 04D10e"
758;20137643;"KTS1 C1.47 04D11"
759;20137672;"KTS1 C1.47 04D12"
759;20137671;"KTS1 C1.47 04D13"
759;20137669;"KTS1 C1.47 04D14"
759;20137670;"KTS1 C1.47 04D15"
759;20137668;"KTS1 C1.47 04D16"
759;20137667;"KTS1 C1.47 04D17"
759;20137666;"KTS1 C1.47 04D18"
759;20137665;"KTS1 C1.47 04D19"
759;20137664;"KTS1 C1.47 04D20"
759;20137663;"KTS1 C1.47 04D21"
760;20137658;"KTS1 C1.47 04D22"
760;20137657;"KTS1 C1.59 09D10"
761;20137659;"KTS1 C1.47 04D23"
762;20137678;"KTS1 C1.47 04D24"
763;20137677;"KTS1 C1.47 04D25"
764;20137675;"KTS1 C1.47 04D26"
765;20137676;"KTS1 C1.47 04D27"
766;20137674;"KTS1 C1.47 04D28"
767;20137673;"KTS1 C1.47 04D29"
768;20137684;"KTS1 C1.47 04D30"
769;20137685;"KTS1 C1.47 04D31"
770;20137686;"KTS1 C1.47 04D32"
771;20137679;"KTS1 C1.47 04D33"
772;20137656;"KTS1 C1.48 04D34"
773;20137687;"KTS1 C1.48 04D35"
774;20137688;"KTS1 C1.48 04D36"
775;20137689;"KTS1 C1.48 04D37"
776;20137690;"KTS1 C1.48 04D38"
777;20137691;"KTS1 C1.48 04D39"
778;20137692;"KTS1 C1.48 04D40a"
779;;"KTS1 C1.48 04D40b"
780;20137693;"KTS1 C1.48 04D42"
781;20137683;"KTS1 C1.48 04E01"
782;20137680;"KTS1 C1.48 04E02"
782;20137700;"KTS1 C1.48 04E03"
783;20137682;"KTS1 C1.48 04E04"
784;20137681;"KTS1 C1.48 04E05"
785;20134260;"KTS1 C1.48 04E06_01"
785;20134261;"KTS1 C1.48 04E06_02"
786;20137701;"KTS1 C1.48 04E08"
786;20137702;"KTS1 C1.48 04E09"
786;20137703;"KTS1 C1.48 04E10"
786;20146481;"KTS1 H.02.032"
787;20137694;"KTS1 C1.48 04E11"
788;20137695;"KTS1 C1.48 04E12"
789;20137699;"KTS1 C1.48 04E13"
790;20137704;"KTS1 C1.48 04E14"
790;20137705;"KTS1 C1.48 04E15"
791;20137706;"KTS1 C1.48 04E16"
792;20137698;"KTS1 C1.48 04E17"
793;20137697;"KTS1 C1.48 04E18"
794;20137696;"KTS1 C1.48 04E19"
795;20137707;"KTS1 C1.48 04E20"
796;20137708;"KTS1 C1.48 04E21"
797;20137709;"KTS1 C1.49 04E22"
797;20137718;"KTS1 C1.49 04E23"
797;20137719;"KTS1 C1.49 04E24"
798;20137711;"KTS1 C1.49 04E25"
798;20137712;"KTS1 C1.49 04E26"
799;20137710;"KTS1 C1.48 04E27"
800;20137713;"KTS1 C1.49 04F01"
801;20137714;"KTS1 C1.49 04F02"
802;20137720;"KTS1 C1.49 04F04"
803;20137721;"KTS1 C1.49 04F05"
804;20137722;"KTS1 C1.49 04F06"
805;20137723;"KTS1 C1.49 04F07"
806;20137724;"KTS1 C1.49 04F08_01"
806;20137725;"KTS1 C1.49 04F08_02"
806;20137726;"KTS1 C1.49 04F08_03"
806;20137727;"KTS1 C1.49 04F08_04"
807;20137728;"KTS1 C1.49 04F12a"
808;;"KTS1 C1.49 04F12b"
808;;"KTS1 C1.49 04F12b"
808;;"KTS1 C1.49 04F12b"
808;;"KTS1 C1.49 04F12b"
808;;"KTS1 C1.49 04F12b"
808;;"KTS1 C1.49 04F12b"
808;;"KTS1 C1.49 04F12b"
808;;"KTS1 C1.49 04F12b"
808;;"KTS1 C1.49 04F12b"
808;;"KTS1 C1.49 04F12b"
808;;"KTS1 C1.49 04F12b"
808;;"KTS1 C1.49 04F12b"
808;;"KTS1 C1.49 04F12b"
808;;"KTS1 C1.49 04F12b"
808;;"KTS1 C1.49 04F12b"
808;;"KTS1 C1.49 04F12b"
808;;"KTS1 C1.49 04F12b"
808;;"KTS1 C1.49 04F12b"
808;;"KTS1 C1.49 04F12b"
808;;"KTS1 C1.49 04F12b"
808;;"KTS1 C1.49 04F12b"
808;;"KTS1 C1.49 04F12b"
808;;"KTS1 C1.49 04F12b"
808;;"KTS1 C1.49 04F12b"
808;;"KTS1 C1.49 04F12b"
808;;"KTS1 C1.49 04F12b"
808;;"KTS1 C1.49 04F12b"
808;;"KTS1 C1.49 04F12b"
808;;"KTS1 C1.49 04F12b"
808;;"KTS1 C1.49 04F12b"
808;;"KTS1 C1.49 04F12b"
808;;"KTS1 C1.49 04F12b"
808;;"KTS1 C1.49 04F12b"
808;;"KTS1 C1.49 04F12b"
808;;"KTS1 C1.49 04F12b"
808;;"KTS1 C1.49 04F12b"
808;;"KTS1 C1.49 04F12b"
808;;"KTS1 C1.49 04F12b"
808;;"KTS1 C1.49 04F12b"
808;;"KTS1 C1.49 04F12b"
808;;"KTS1 C1.49 04F12b"
808;;"KTS1 C1.49 04F12b"
808;;"KTS1 C1.49 04F12b"
808;;"KTS1 C1.49 04F12b"
808;;"KTS1 C1.49 04F12b"
808;;"KTS1 C1.49 04F12b"
808;;"KTS1 C1.49 04F12b"
808;;"KTS1 C1.49 04F12b"
808;;"KTS1 C1.49 04F12b"
808;;"KTS1 C1.49 04F12b"
808;;"KTS1 C1.49 04F12b"
808;;"KTS1 C1.49 04F12b"
808;;"KTS1 C1.49 04F12b"
808;;"KTS1 C1.49 04F12b"
808;;"KTS1 C1.49 04F12b"
808;;"KTS1 C1.49 04F12b"
808;;"KTS1 C1.49 04F12b"
808;;"KTS1 C1.49 04F12b"
808;;"KTS1 C1.49 04F12b"
808;;"KTS1 C1.49 04F12b"
808;;"KTS1 C1.49 04F12b"
808;;"KTS1 C1.49 04F12b"
808;;"KTS1 C1.49 04F12b"
808;;"KTS1 C1.49 04F12b"
808;;"KTS1 C1.49 04F12b"
808;;"KTS1 C1.49 04F12b"
808;;"KTS1 C1.49 04F12b"
808;;"KTS1 C1.49 04F12b"
808;;"KTS1 C1.49 04F12b"
808;;"KTS1 C1.49 04F12b"
808;;"KTS1 C1.49 04F12b"
808;;"KTS1 C1.49 04F12b"
808;;"KTS1 C1.49 04F12b"
808;;"KTS1 C1.49 04F12b"
808;;"KTS1 C1.49 04F12b"
808;;"KTS1 C1.49 04F12b"
808;;"KTS1 C1.49 04F12b"
808;;"KTS1 C1.49 04F12b"
808;;"KTS1 C1.49 04F12b"
808;;"KTS1 C1.49 04F12b"
808;;"KTS1 C1.49 04F12b"
808;;"KTS1 C1.49 04F12b"
808;;"KTS1 C1.49 04F12b"
808;;"KTS1 C1.49 04F12b"
808;;"KTS1 C1.49 04F12b"
808;;"KTS1 C1.49 04F12b"
808;;"KTS1 C1.49 04F12b"
808;;"KTS1 C1.49 04F12b"
808;;"KTS1 C1.49 04F12b"
808;;"KTS1 C1.49 04F12b"
808;;"KTS1 C1.49 04F12b"
808;;"KTS1 C1.49 04F12b"
808;;"KTS1 C1.49 04F12b"
808;;"KTS1 C1.49 04F12b"
808;;"KTS1 C1.49 04F12b"
808;;"KTS1 C1.49 04F12b"
809;20137729;"KTS1 C1.49 04F13"
810;20137730;"KTS1 C1.49 04F14"
811;20136076;"KTS1 C1.49 04F15"
812;20137731;"KTS1 C1.49 04F16"
813;20137732;"KTS1 C1.49 04F17"
814;20137733;"KTS1 C1.49 04F18"
815;20137734;"KTS1 C1.49 04F19"
816;20136075;"KTS1 C1.49 04F20"
817;20136074;"KTS1 C1.49 04F21"
818;20136073;"KTS1 C1.49 04F22"
819;20137735;"KTS1 C1.49 04F23"
819;20137076;"KTS1 C1.23 15C18"
820;20137716;"KTS1 C1.49 04F24"
820;20145589;"KTS1 C3.43 11E25"
820;20145585;"KTS1 C3.24 03I17"
821;20137736;"KTS1 C1.49 04F25"
822;20137715;"KTS1 C1.50 04F26"
823;20137741;"KTS1 C1.50 04F28"
824;20137740;"KTS1 C1.50 04G01"
824;20137737;"KTS1 C1.50 04G02"
824;20137738;"KTS1 C1.50 04G03"
824;20137739;"KTS1 C1.50 04G04"
828;20137742;"KTS1 C1.50 04G05"
828;20137743;"KTS1 C1.50 04G06"
828;20137744;"KTS1 C1.50 04G07"
829;20137745;"KTS1 C1.50 04G09"
830;20137746;"KTS1 C1.50 04G10"
830;20137747;"KTS1 C1.50 04G11"
832;20137750;"KTS1 C1.50 04G14"
833;20136086;"KTS1 C1.50 04G15"
834;20137751;"KTS1 C1.50 04G16"
835;;"KTS1 C1.50 04G16"
835;;"KTS1 C1.50 04G16"
836;20137752;"KTS1 C1.50 04G17"
837;20137753;"KTS1 C1.50 04G18"
838;20137166;"KTS1 C1.50 04G19_01"
838;20137168;"KTS1 C1.50 04G19_02"
839;20136094;"KTS1 C1.50 04G20"
840;20137757;"KTS1 C1.51 04G21"
841;20137756;"KTS1 C1.51 04G22"
843;20137754;"KTS1 C1.56 04G23a"
843;20137755;"KTS1 C1.56 04G23b"
844;20137914;"KTS1 C1.56 04H01"
845;20137913;"KTS1 C1.56 04H02"
846;20137912;"KTS1 C1.56 04H03"
847;20137908;"KTS1 C1.56 04H04"
848;20137909;"KTS1 C1.56 04H05"
849;20137910;"KTS1 C1.56 04H06"
849;20137911;"KTS1 C1.56 04H07"
849;20137917;"KTS1 C1.56 04H08"
850;20137918;"KTS1 C1.56 04H10"
850;20137919;"KTS1 C1.56 04H11"
850;20137920;"KTS1 C1.56 04H12"
850;20137921;"KTS1 C1.56 04H13"
851;20137922;"KTS1 C1.56 04H14"
851;20137923;"KTS1 C1.56 04H15"
852;;"KTS1 C1.70 02F17_01a"
852;;"KTS1 C1.70 02F17_01a"
852;;"KTS1 C1.70 02F17_01a"
852;;"KTS1 C1.70 02F17_01a"
853;;"KTS1 C1.70 02F17_01b"
853;;"KTS1 C1.70 02F17_01b"
853;;"KTS1 C1.70 02F17_01b"
853;;"KTS1 C1.70 02F17_01b"
854;;"KTS1 C1.70 02F17_01c"
854;;"KTS1 C1.70 02F17_01c"
854;;"KTS1 C1.70 02F17_01c"
854;;"KTS1 C1.70 02F17_01c"
855;;"KTS1 C1.70 02F17_01d"
855;;"KTS1 C1.70 02F17_01d"
855;;"KTS1 C1.70 02F17_01d"
855;;"KTS1 C1.70 02F17_01d"
856;;"KTS1 C1.70 02F17_01e"
856;;"KTS1 C1.70 02F17_01e"
856;;"KTS1 C1.70 02F17_01e"
856;;"KTS1 C1.70 02F17_01e"
857;;"KTS1 C1.70 02F17_01f"
857;;"KTS1 C1.70 02F17_01f"
857;;"KTS1 C1.70 02F17_01f"
857;;"KTS1 C1.70 02F17_01f"
858;;"KTS1 C1.70 02F17_01g"
858;;"KTS1 C1.70 02F17_01g"
858;;"KTS1 C1.70 02F17_01g"
858;;"KTS1 C1.70 02F17_01g"
859;;"KTS1 C1.56 02F17_01h"
859;;"KTS1 C1.56 02F17_01h"
859;;"KTS1 C1.56 02F17_01h"
859;;"KTS1 C1.56 02F17_01h"
859;;"KTS1 C1.56 02F17_01h"
859;;"KTS1 C1.56 02F17_01h"
860;;"KTS1 C1.70 02F17_01i"
860;;"KTS1 C1.70 02F17_01i"
860;;"KTS1 C1.70 02F17_01i"
860;;"KTS1 C1.70 02F17_01i"
861;;"KTS1 C1.70 02F17_01j"
861;;"KTS1 C1.70 02F17_01j"
861;;"KTS1 C1.70 02F17_01j"
861;;"KTS1 C1.70 02F17_01j"
862;;"KTS1 C1.70 02F17_01k"
862;;"KTS1 C1.70 02F17_01k"
862;;"KTS1 C1.70 02F17_01k"
862;;"KTS1 C1.70 02F17_01k"
863;;"KTS1 C1.70 02F17_01l"
863;;"KTS1 C1.70 02F17_01l"
863;;"KTS1 C1.70 02F17_01l"
863;;"KTS1 C1.70 02F17_01l"
864;;"KTS1 C1.70 02F17_01m"
864;;"KTS1 C1.70 02F17_01m"
864;;"KTS1 C1.70 02F17_01m"
864;;"KTS1 C1.70 02F17_01m"
865;;"KTS1 C1.70 02F17_01n"
865;;"KTS1 C1.70 02F17_01n"
865;;"KTS1 C1.70 02F17_01n"
865;;"KTS1 C1.70 02F17_01n"
866;;"KTS1 C1.70 02F17_01o"
866;;"KTS1 C1.70 02F17_01o"
867;;"KTS1 C1.70 02F17_01p"
867;;"KTS1 C1.70 02F17_01p"
867;;"KTS1 C1.70 02F17_01p"
867;;"KTS1 C1.70 02F17_01p"
869;;"KTS1 C1.70 02F17_02h"
869;;"KTS1 C1.70 02F17_02h"
869;;"KTS1 C1.70 02F17_02h"
869;;"KTS1 C1.70 02F17_02h"
870;;"KTS1 C1.70 02F17_02i"
870;;"KTS1 C1.70 02F17_02i"
870;;"KTS1 C1.70 02F17_02i"
870;;"KTS1 C1.70 02F17_02i"
871;;"KTS1 C1.70 02H17_02j"
871;;"KTS1 C1.70 02H17_02j"
871;;"KTS1 C1.70 02H17_02j"
871;;"KTS1 C1.70 02H17_02j"
872;;"KTS1 C1.70 02F17_02k"
872;;"KTS1 C1.70 02F17_02k"
872;;"KTS1 C1.70 02F17_02k"
872;;"KTS1 C1.70 02F17_02k"
873;;"KTS1 C1.70 02F17_02l"
873;;"KTS1 C1.70 02F17_02l"
873;;"KTS1 C1.70 02F17_02l"
873;;"KTS1 C1.70 02F17_02l"
874;;"KTS1 C1.70 02F17_02m"
874;;"KTS1 C1.70 02F17_02m"
874;;"KTS1 C1.70 02F17_02m"
874;;"KTS1 C1.70 02F17_02m"
875;;"KTS1 C1.70 02F17_02n"
875;;"KTS1 C1.70 02F17_02n"
875;;"KTS1 C1.70 02F17_02n"
875;;"KTS1 C1.70 02F17_02n"
876;;"KTS1 C1.70 02F17_02o"
876;;"KTS1 C1.70 02F17_02o"
876;;"KTS1 C1.70 02F17_02o"
876;;"KTS1 C1.70 02F17_02o"
877;;"KTS1 C1.70 02F17_02p"
877;;"KTS1 C1.70 02F17_02p"
877;;"KTS1 C1.70 02F17_02p"
877;;"KTS1 C1.70 02F17_02p"
878;20137924;"KTS1 C1.70 02F18"
879;20126072;"LIT CATS a"
880;20145931;"KTS1 C3.33 04I02"
880;20145934;"KTS1 C3.34 04I03"
881;20145933;"KTS1 C3.33 04I04"
882;20145935;"KTS1 C3.34 04I05"
883;20145927;"KTS1 C3.34 04I06a"
883;20145928;"KTS1 C3.34 04I06b"
886;20145930a;"KTS1 C3.34 04I07a"
887;20145930b;"KTS1 C3.34 04I07b"
888;20145937;"KTS1 C3.34 04I08"
889;20145936;"KTS1 C3.34 04I09"
890;20134276;"KTS1 C3.34 04I10"
891;20145929;"KTS1 C3.34 04I11"
892;20145948;"KTS1 C3.34 04I12"
893;20145955;"KTS1 C3.34 04I13"
894;20145947;"KTS1 C3.34 04I14"
895;20145938;"KTS1 C3.34 04I15"
895;20145939;"KTS1 C3.34 04I16"
896;20145941;"KTS1 C3.34 04I17"
897;20145940;"KTS1 C3.34 04I18"
898;20136323;"KTS1 C3.34 04I19"
899;20145944;"KTS1 C3.34 04I20"
900;20145942;"KTS1 C3.34 04I21"
900;20145943;"KTS1 C3.34 04I22"
901;20145960;"KTS1 C3.34 04I23"
902;20145959;"KTS1 C3.34 04I24"
903;20145957;"KTS1 C3.34 04I25"
904;20137396;"KTS1 C3.34 04J01_01"
904;20137397;"KTS1 C3.34 04J01_02"
905;20145969;"KTS1 C3.35 04J03_01"
905;20145970;"KTS1 C3.35 04J03_03"
905;20145971;"KTS1 C3.35 04J03_05"
905;20145972;"KTS1 C3.35 04J03_11a"
905;20145973;"KTS1 C3.35 04J03_11b"
905;20145974;"KTS1 C3.35 04J03_11c"
905;20145975;"KTS1 C3.35 04J03_12a"
905;20145976;"KTS1 C3.35 04J03_12b"
905;20145977;"KTS1 C3.35 04J03_12c"
905;20145978;"KTS1 C3.35 04J03_12d"
905;20145979;"KTS1 C3.35 04J03_13"
905;20145980;"KTS1 C3.35 04J03_14"
905;20145989;"KTS1 C3.35 04J03_15"
905;20145990;"KTS1 C3.35 04J03_19"
905;20145991;"KTS1 C3.35 04J03_20"
905;20145992;"KTS1 C3.35 04J03_21"
905;20145993;"KTS1 C3.35 04J03_36"
905;20145994;"KTS1 C3.35 04J03_45"
918;20145963;"KTS1 C3.34 04J16"
919;20145962b;"KTS1 C3.35 04J17b"
920;20145962a;"KTS1 C3.35 04J17a"
921;20145961;"KTS1 C3.34 04J18"
922;20145958;"KTS1 C3.35 04J19"
923;20145967;"KTS1 C3.34 04J20"
924;20145956;"KTS1 C3.35 04J21"
925;20140459;"KTS1 C3.05 04K01"
926;20145132;"KTS1 C3.06 04K02"
927;20145133;"KTS1 C3.06 04K03"
928;20145135;"KTS1 C3.06 04K04"
929;20145139;"KTS1 C3.06 04K05"
930;20145138;"KTS1 C3.06 04K06"
931;20145137;"KTS1 C3.06 04K07"
932;20145140;"KTS1 C3.06 04K08"
933;20145136;"KTS1 C3.06 04K09"
934;20145142;"KTS1 C3.06 04K10"
935;20145141;"KTS1 C3.06 04K11"
936;20145143;"KTS1 C3.06 04K12"
936;20145144;"KTS1 C3.06 04K13"
937;20134262;"KTS1 C3.06 04K14_01"
937;20134264;"KTS1 C3.06 04K14_02"
937;20134263;"KTS1 C3.06 04K14_03"
937;20134265;"KTS1 C3.06 04K14_04"
938;20145134;"KTS1 C1.04 04K18"
939;20136490;"KTS1 C1.04 05A01"
940;20136491;"KTS1 C1.04 05A02"
941;20136492;"KTS1 C1.04 05A03"
942;20136493;"KTS1 C1.04 05A04"
943;20136521;"KTS1 C1.04 05A05"
944;20136522;"KTS1 C1.04 05A06"
945;20136523;"KTS1 C1.04 05A07"
946;20136524;"KTS1 C1.04 05A08"
947;20136494;"KTS1 C1.04 05A09"
948;20136526;"KTS1 C1.04 05A10"
949;20136527;"KTS1 C1.04 05A11"
950;20136528;"KTS1 C1.04 05A12"
951;20136532;"KTS1 C1.04 05A13"
952;20136533;"KTS1 C1.04 05A14"
953;20136534;"KTS1 C1.04 05A15"
954;20135837;"KTS1 C1.04 05A16"
955;20135836;"KTS1 C1.04 05A17"
956;20135835;"KTS1 C1.04 05A18"
957;20135834;"KTS1 C1.04 05A19"
958;20136525;"KTS1 C1.01 05A20"
959;20136092;"KTS1 C1.01 05B01"
960;20135826;"KTS1 C1.02 05B02"
961;20135825;"KTS1 C1.02 05B03"
962;20135824;"KTS1 C1.02 05B04"
963;20135827;"KTS1 C1.02 05B05"
964;20135828;"KTS1 C1.02 05B06"
965;20135829;"KTS1 C1.02 05B07"
966;20135830;"KTS1 C1.02 05B08"
966;20136689;"KTS1 C1.02 05B09"
966;20136690;"KTS1 C1.02 05B10"
966;20136691;"KTS1 C1.02 05B11"
967;20136453;"KTS1 C1.02 05B12"
968;20136454a;"KTS1 C1.02 05B13a"
969;20136454b;"KTS1 C1.02 05B13b"
970;20136454c;"KTS1 C1.02 05B13c"
971;20136454d;"KTS1 C1.02 05B13d"
972;20136454e;"KTS1 C1.02 05B13e"
973;20136454f;"KTS1 C1.02 05B13f"
974;20136454g;"KTS1 C1.02 05B13g"
975;20136454h;"KTS1 C1.02 05B13h"
976;;"KTS1 C1.02 05B13i"
976;;"KTS1 C1.02 05B13i"
977;20136454j;"KTS1 C1.02 05B13j"
978;20136459;"KTS1 C1.02 05B14"
978;20136680;"KTS1 C1.02 05B16"
978;20136679;"KTS1 C1.02 05B17"
978;20136669;"KTS1 C1.02 05B18"
978;20136681;"KTS1 C1.02 05B15"
979;20136465;"KTS1 C1.02 05B19"
980;20136466;"KTS1 C1.02 05B20"
981;20136467;"KTS1 C1.02 05B21"
982;20136468;"KTS1 C1.02 05B22"
983;20136469;"KTS1 C1.02 05B23"
984;20136470;"KTS1 C1.02 05B24"
985;20136471;"KTS1 C1.02 05B25"
986;20136472;"KTS1 C1.02 05B26"
987;20136475;"KTS1 C1.02 05B27"
988;20137276;"KTS1 C1.31 05C01"
989;20137277;"KTS1 C1.31 05C02"
990;20137273;"KTS1 C1.31 05C03"
990;20137272;"KTS1 C1.31 05C04"
990;20137274;"KTS1 C1.31 05C05"
990;20137295;"KTS1 C1.31 05C06"
991;20137305;"KTS1 C1.31 05C07"
992;20137306;"KTS1 C1.31 05C08"
993;20137307;"KTS1 C1.31 05C09"
993;20137294;"KTS1 C1.31 05C10"
994;20137293;"KTS1 C1.31 05C11"
995;20137292;"KTS1 C1.31 05C12"
996;20137291;"KTS1 C1.31 05C13"
997;20137304;"KTS1 C1.31 05C14"
998;20137301;"KTS1 C1.31 05C15"
998;20137299;"KTS1 C1.31 05C16"
998;20137300;"KTS1 C1.31 05C17"
999;20137298;"KTS1 C1.31 05C18"
1000;20137296;"KTS1 C1.31 05C19"
1001;20137290;"KTS1 C1.37 05C20"
1002;20134195;"KTS1 C1.37 05C21"
1003;20134196;"KTS1 C1.38 05C22"
1004;;"KTS1 C1.38 05C23c"
1004;;"KTS1 C1.38 05C23c"
1005;;"KTS1 C1.38 05C23b"
1005;;"KTS1 C1.38 05C23b"
1006;20134197;"KTS1 C1.38 05C23a"
1007;20134206;"KTS1 C1.05 05C24"
1008;20135840;"KTS1 C1.05 05D01"
1009;20135839;"KTS1 C1.05 05D02"
1010;20135838;"KTS1 C1.05 05D03"
1011;20136530;"KTS1 C1.05 05D04"
1011;20136682;"KTS1 C1.05 05D05"
1012;20136537;"KTS1 C1.05 05D06"
1013;20136529;"KTS1 C1.05 05D07"
1014;20136536;"KTS1 C1.05 05D09"
1015;20136535;"KTS1 C1.05 05D10"
1016;20136531;"KTS1 C1.05 05D11"
1017;20136543;"KTS1 C1.05 05D12"
1017;20136668;"KTS1 C1.05 05D13"
1017;20136644;"KTS1 C1.05 05D14"
1018;20136544;"KTS1 C1.05 05D15"
1019;20136545;"KTS1 C1.05 05D17"
1020;20136548;"KTS1 C1.05 05D18"
1021;20136547;"KTS1 C1.05 05D19"
1022;20136546;"KTS1 C1.05 05D20"
1023;20136550;"KTS1 C1.05 05D21"
1024;20136549;"KTS1 C1.05 05D22"
1025;20136551;"KTS1 C1.06 05D23"
1025;20136662;"KTS1 C1.06 05D24"
1025;20136663;"KTS1 C1.06 05D25"
1025;20136664;"KTS1 C1.06 05D26"
1025;20136665;"KTS1 C1.06 05D27"
1025;20136666;"KTS1 C1.06 05D28"
1025;20136667;"KTS1 C1.06 05D29"
1026;20136552;"KTS1 C1.06 05E01"
1027;20136553;"KTS1 C1.06 05E02-04"
1028;20136554;"KTS1 C1.06 05E05"
1029;20136555;"KTS1 C1.06 05E06"
1030;20136556;"KTS1 C1.06 05E07"
1031;20136557;"KTS1 C1.06 05E08"
1032;20136093;"KTS1 C1.06 05E09"
1033;20136558;"KTS1 C1.06 05E10"
1034;20136559;"KTS1 C1.06 05E11"
1035;20136560;"KTS1 C1.06 05E12"
1035;20136659;"KTS1 C1.06 05E13"
1036;20136562;"KTS1 C1.06 05E14"
1037;20136102;"KTS1 C1.06 05E15"
1038;20136561;"KTS1 C1.06 05E16"
1039;20136563;"KTS1 C1.06 05E17"
1040;20136564;"KTS1 C1.06 05E18"
1041;20136542;"KTS1 C1.06 05E19"
1042;20136565;"KTS1 C1.07 05E20"
1043;20136566;"KTS1 C1.07 05E21"
1044;20136567;"KTS1 C1.07 05E22"
1045;20136108;"KTS1 C1.07 05F01"
1046;20136576;"KTS1 C1.07 05F02"
1047;20136106;"KTS1 C1.07 05F03"
1048;20136107;"KTS1 C1.07 05F04"
1049;20136105;"KTS1 C1.07 05F05"
1050;20136577;"KTS1 C1.07 05F06"
1051;20136578;"KTS1 C1.07 05F07"
1052;20136579;"KTS1 C1.07 05F08"
1053;20136580;"KTS1 C1.07 05F09"
1054;20136591;"KTS1 C1.07 05F10"
1055;20136590;"KTS1 C1.07 05F11"
1056;20136589;"KTS1 C1.07 05F12"
1057;20136588;"KTS1 C1.07 05F13"
1059;;"KTS1 C1.07 05F15"
1059;;"KTS1 C1.07 05F15"
1059;;"KTS1 C1.07 05F15"
1059;;"KTS1 C1.07 05F15"
1060;20136585;"KTS1 C1.07 05F16"
1061;20136584;"KTS1 C1.07 05F17"
1062;20136583;"KTS1 C1.07 05F18"
1063;20136582;"KTS1 C1.07 05F19"
1064;20136581;"KTS1 C1.07 05F20"
1064;20145819a;"KTS1 C3.30 X1A09a"
1065;20136592;"KTS1 C1.07 05F21"
1066;20136594;"KTS1 C1.07 05F23"
1067;20136593;"KTS1 C1.07 05F24"
1068;20136595;"KTS1 C1.07 05F25"
1069;20136596;"KTS1 C1.07 05F26"
1070;20136600;"KTS1 C1.07 05F27"
1071;20136084;"KTS1 C1.07 05F28"
1072;20136513;"KTS1 C1.07 05F29"
1073;20136575;"KTS1 C1.07 05F30"
1074;20136597;"KTS1 C1.07 05F31"
1075;20136598;"KTS1 C1.07 05F32"
1076;20136599;"KTS1 C1.07 05F33"
1077;20136601;"KTS1 C1.07 05F34"
1077;20140300;"KTS1 C1.07 05F35"
1078;20136602;"KTS1 C1.07 05F36"
1079;20136610;"KTS1 C1.07 05F37"
1080;20136611;"KTS1 C1.07 05F38"
1081;20136612;"TRE LAND"
1082;20136618;"KTS1 C1.07 05F40"
1083;20136617;"KTS1 C1.07 05F42"
1084;20136620;"KTS1 C1.07 05F43"
1085;20136621;"KTS1 C1.07 05F44"
1086;20136622;"KTS1 C1.07 05F45"
1087;20136623;"KTS1 C1.07 05F46"
1088;20136624;"KTS1 C1.08 05F47"
1089;20136625;"KTS1 C1.08 05F48"
1090;20136627;"KTS1 C1.08 05F50"
1091;20136628;"KTS1 C1.08 05G01"
1092;20136629;"KTS1 C1.08 05G02"
1093;20136630;"KTS1 C1.08 05G03"
1094;20136631;"KTS1 C1.08 05G04"
1095;20136632;"KTS1 C1.08 05G05"
1096;20136633;"KTS1 C1.08 05G06"
1097;20136634;"KTS1 C1.08 05G07"
1098;20136635;"KTS1 C1.08 05G08"
1099;20136645;"KTS1 C1.08 05G09"
1099;20136660;"KTS1 C1.08 05G10"
1099;20136661;"KTS1 C1.08 05G1"
1100;20136649;"KTS1 C1.08 05G12"
1101;20136650;"KTS1 C1.08 05G13"
1102;20136647;"KTS1 C1.08 05G14"
1103;20136646;"KTS1 C1.08 05G15"
1104;20136651;"KTS1 C1.08 05G16"
1105;20136104;"KTS1 C1.08 05G17"
1106;20136652;"KTS1 C1.08-09 05G18"
1107;20136653;"KTS1 C1.09 05G19"
1107;20136654;"KTS1 C1.09 05G20"
1107;20136655;"KTS1 C1.09 05G21"
1107;20136656;"KTS1 C1.09 05G22"
1108;20136613;"KTS1 C1.09 05G23"
1109;20136614;"KTS1 C1.09 05G24"
1110;20136615;"KTS1 C1.09 05G25"
1111;20136616;"KTS1 C1.09 05G26"
1112;20136658;"KTS1 C1.09 05H01"
1113;20136657;"KTS1 C1.09 05H02"
1114;20136683;"KTS1 C1.09 05H03"
1115;20136684;"KTS1 C1.09 05H04"
1116;20136692;"KTS1 C1.09 05H05"
1117;20136693;"KTS1 C1.09 05H06"
1118;20136695;"KTS1 C1.09 05H07"
1119;20136694;"KTS1 C1.09 05H08"
1120;20136696;"KTS1 C1.09 05H09"
1121;20136686;"KTS1 C1.09 05H10"
1122;20136685;"KTS1 C1.09 05H11"
1123;20136688;"KTS1 C1.09 05H12"
1123;20136687;"KTS1 C1.09 05H13"
1124;20136701;"KTS1 C1.09 05H14"
1124;20136702;"KTS1 C1.09 05H15"
1125;20136718;"KTS1 C1.09 05H16"
1126;20136703;"KTS1 C1.09 05H17"
1127;20136704;"KTS1 C1.09 05H18"
1128;20136697;"KTS1 C1.09 05H19"
1129;20136698;"KTS1 C1.09 05H20"
1130;20136699;"KTS1 C1.09 05H21"
1131;20136700;"KTS1 C1.09 05H22"
1132;20136706;"KTS1 C1.09 05H23"
1132;20136714;"KTS1 C1.10 05H24"
1133;20136722;"KTS1 C1.10 05H25"
1134;20136723a;"KTS1 C1.10 05H26a"
1135;20136723b;"KTS1 C1.10 05H26b"
1136;20136721;"KTS1 C1.10 05H27"
1137;20136720;"KTS1 C1.10 05H28"
1138;20136719;"KTS1 C1.10 05H29"
1139;20136727;"KTS1 C1.10 05I01"
1140;20136726;"KTS1 C1.10 05I02"
1141;20136724;"KTS1 C1.10 05I03"
1142;20136725;"KTS1 C1.10 05I04"
1143;20136728;"KTS1 C1.10 05I05"
1144;20136729;"KTS1 C1.10 05I06"
1145;20136730;"KTS1 C1.10 05I07"
1145;20136731;"KTS1 C1.10 05I08"
1145;20136732;"KTS1 C1.10 05I09"
1146;20136734;"KTS1 C1.10 05I10"
1146;20136735;"KTS1 C1.10 05I11"
1147;20138068;"KTS1 C1.62 05I12"
1147;20138086;"KTS1 C1.62 05I13"
1148;20136736;"KTS1 C1.10 05I14"
1149;20136733;"KTS1 C1.10 05I15"
1150;20138084;"KTS1 C1.62 05I16"
1150;20138085;"KTS1 C1.62 05I17"
1151;20138079;"KTS1 C1.62 05I18"
1152;20139074;"KTS1 C2.31 05J01"
1153;20139075;"KTS1 C2.31 05J02"
1154;20139076;"KTS1 C2.31 05J03"
1155;20139079;"KTS1 C2.31 05J04"
1156;20139083;"KTS1 C2.31 05J05"
1157;20139082;"KTS1 C2.31 05J06"
1158;20139081;"KTS1 C2.31 05J07"
1159;20139138;"KTS1 C2.31 05J08"
1159;20140401;"KTS1 C3.03 01A22"
1160;20139139;"KTS1 C2.31 05J09"
1161;20139137;"KTS1 C2.31 05J10"
1162;20139152;"KTS1 C2.31 05J11"
1163;20139151;"KTS1 C2.31 05J12"
1164;20139080;"KTS1 C2.31 05J13"
1165;20139153;"KTS1 C2.31 05J14"
1166;20139154;"KTS1 C2.31 05J15"
1167;20136132;"KTS1 C2.31 05J16"
1168;20136131;"KTS1 C2.31 05J17"
1169;20139170;"KTS1 C2.31 05J19"
1170;20139171;"KTS1 C2.31 05J20"
1171;20139172;"KTS1 C2.31 05J22"
1172;20139141c;"KTS1 C2.31 05J23c"
1173;20139141b;"KTS1 C2.31 05J23b"
1174;20139141a;"KTS1 C2.31 05J23a"
1175;20139140;"KTS1 C2.31 05J25"
1176;20139200b;"KTS1 C2.31 05J26b"
1177;20139200e;"KTS1 C2.31 05J26e"
1178;20139200;"KTS1 C2.31 05J26a"
1179;20139200j;"KTS1 C2.31 05J26j"
1180;20139200i;"KTS1 C2.31 05J26i"
1181;20139200d;"KTS1 C2.31 05J26d"
1182;20139200c;"KTS1 C2.31 05J26c"
1183;20139200f;"KTS1 C2.31 05J26f"
1184;20139200g;"KTS1 C2.31 05J26g"
1185;20139202;"KTS1 C2.31 05J27"
1186;20139201;"KTS1 C2.31 05J28"
1187;20137230;"KTS1 C1.29 05L01"
1189;20145497;"KTS1 C3.21 05L02"
1189;20145498;"KTS1 C3.21 05L03"
1190;20145499;"KTS1 C3.21 05L04"
1191;20145500;"KTS1 C3.21 05L05"
1192;20145501;"KTS1 C3.21 05L06"
1193;;"KTS1 C1.36 05L07"
1194;20145507;"KTS1 C3.21 05L08"
1195;20145503;"KTS1 C3.21 05L09"
1196;20145504;"KTS1 C3.21 05L10"
1197;20136119;"KTS1 C3.21 05L11"
1198;20145505;"KTS1 C3.21 05L12_01"
1198;20145508;"KTS1 C3.21 05L12_02"
1199;20137229;"KTS1 C3.21 05L13"
1200;20145506;"KTS1 C3.21 05L14"
1201;20136129;"KTS1 C3.21 05L15"
1202;20145509;"KTS1 C3.21 05L16_01"
1202;20145510;"KTS1 C3.21 05L16_02"
1203;20145513;"KTS1 C3.21 05L17"
1204;20137482;"KTS1 C1.41 05L18"
1205;20145512;"KTS1 C3.21 05L19"
1206;20145511;"KTS1 C3.21 05L20"
1207;20137525;"KTS1 C3.21 05L21_01"
1207;20137519;"KTS1 C3.21 05L21_02"
1208;;"KTS1 C1.41 05L22b"
1208;;"KTS1 C1.41 05L22b"
1208;;"KTS1 C1.41 05L22b"
1208;;"KTS1 C1.41 05L22b"
1208;;"KTS1 C1.41 05L22b"
1208;;"KTS1 C1.41 05L22b"
1208;;"KTS1 C1.41 05L22b"
1208;;"KTS1 C1.41 05L22b"
1208;;"KTS1 C1.41 05L22b"
1208;;"KTS1 C1.41 05L22b"
1208;;"KTS1 C1.41 05L22b"
1208;;"KTS1 C1.41 05L22b"
1208;;"KTS1 C1.41 05L22b"
1208;;"KTS1 C1.41 05L22b"
1208;;"KTS1 C1.41 05L22b"
1208;;"KTS1 C1.41 05L22b"
1208;;"KTS1 C1.41 05L22b"
1208;;"KTS1 C1.41 05L22b"
1208;;"KTS1 C1.41 05L22b"
1208;;"KTS1 C1.41 05L22b"
1208;;"KTS1 C1.41 05L22b"
1208;;"KTS1 C1.41 05L22b"
1208;;"KTS1 C1.41 05L22b"
1208;;"KTS1 C1.41 05L22b"
1208;;"KTS1 C1.41 05L22b"
1208;;"KTS1 C1.41 05L22b"
1208;;"KTS1 C1.41 05L22b"
1208;;"KTS1 C1.41 05L22b"
1208;;"KTS1 C1.41 05L22b"
1208;;"KTS1 C1.41 05L22b"
1208;;"KTS1 C1.41 05L22b"
1208;;"KTS1 C1.41 05L22b"
1208;;"KTS1 C1.41 05L22b"
1208;;"KTS1 C1.41 05L22b"
1208;;"KTS1 C1.41 05L22b"
1208;;"KTS1 C1.41 05L22b"
1208;;"KTS1 C1.41 05L22b"
1208;;"KTS1 C1.41 05L22b"
1208;;"KTS1 C1.41 05L22b"
1208;;"KTS1 C1.41 05L22b"
1208;;"KTS1 C1.41 05L22b"
1208;;"KTS1 C1.41 05L22b"
1208;;"KTS1 C1.41 05L22b"
1208;;"KTS1 C1.41 05L22b"
1208;;"KTS1 C1.41 05L22b"
1208;;"KTS1 C1.41 05L22b"
1208;;"KTS1 C1.41 05L22b"
1208;;"KTS1 C1.41 05L22b"
1209;20137478;"KTS1 C1.41 05L22a"
1210;20139530;"KTS1 C2.42 06A01"
1211;20139531;"KTS1 C2.42 06A02a"
1212;20139532;"KTS1 C2.42 06A03"
1213;20139529;"KTS1 C2.42 06A04"
1214;20139533;"KTS1 C2.42 06A05"
1215;20139536;"KTS1 C2.42 06A06"
1217;20139534;"KTS1 C2.42 06A07a"
1218;20139534c;"KTS1 C2.42 06A07c"
1219;20139535;"KTS1 C2.42 06A08"
1220;20139537;"KTS1 C2.42 06A09"
1221;20139538;"KTS1 C2.42 06A10"
1222;20139541;"KTS1 C2.42 06A11"
1223;20139539;"KTS1 C2.42 06A12"
1224;20139540;"KTS1 C2.42 06A13"
1225;20139542;"KTS1 C2.42 06B01a"
1226;20139542b;"KTS1 C2.42 06B01b"
1227;20139543;"KTS1 C2.42 06B02"
1228;20139544;"KTS1 C2.42 06B03"
1229;20139545;"KTS1 C2.42 06B04"
1229;20139551;"KTS1 C2.42 06B10"
1230;20139547;"KTS1 C2.42 06B05"
1231;20139546;"KTS1 C2.42 06B06"
1232;20139548;"KTS1 C2.42 06B07"
1233;20139549;"KTS1 C2.42 06B08"
1234;20139550;"KTS1 C2.42 06B09"
1236;20139555;"KTS1 C2.42 06B11"
1237;20139556;"KTS1 C2.42 06B12"
1238;20137159;"KTS1 C2.42 06C01"
1239;20139552;"KTS1 C2.42 06C02"
1240;20139553;"KTS1 C2.42 06C03"
1241;20139554;"KTS1 C2.42 06C04"
1242;20136089;"KTS1 C2.42 06C05"
1243;20139557;"KTS1 C2.43 06C06"
1244;20139558;"KTS1 C2.43 06C07"
1245;20139559;"KTS1 C2.43 06C08"
1246;20139560;"KTS1 C2.43 06C09"
1247;20139561;"KTS1 C2.43 06C10"
1248;20139562;"KTS1 C2.43 06C11"
1249;20137158;"KTS1 C2.43 06C12"
1250;20139563;"KTS1 C2.43 06D01"
1251;20139564;"KTS1 C2.43 06D02_01"
1251;20139565;"KTS1 C2.43 06D02_02"
1251;20139566;"KTS1 C2.43 06D02_03"
1251;20139567;"KTS1 C2.43 06D02_04"
1251;20139568;"KTS1 C2.43 06D02_05"
1251;20139569;"KTS1 C2.43 06D02_06"
1251;20139570;"KTS1 C2.43 06D02_07"
1251;20139571;"KTS1 C2.43 06D02_08"
1252;20139572;"KTS1 C1.43 06D03_01"
1252;20139573;"KTS1 C1.43 06D03_02"
1252;20139574;"KTS1 C1.43 06D03_03"
1253;20138033;"KTS1 C1.61 06E01a"
1255;20138034;"KTS1 C1.61 06E02"
1256;20138035;"KTS1 C1.61 06E03"
1257;20138042;"KTS1 C1.61 06E04"
1258;20138036;"KTS1 C1.61 06E05"
1259;20138037;"KTS1 C1.61 06E06"
1260;20138038;"KTS1 C1.61 06E07"
1261;20138039;"KTS1 C1.61 06E08"
1262;;"KTS1 C1.61 06E09c"
1262;;"KTS1 C1.61 06E09c"
1262;;"KTS1 C1.61 06E09c"
1262;;"KTS1 C1.61 06E09c"
1262;;"KTS1 C1.61 06E09c"
1262;;"KTS1 C1.61 06E09c"
1262;;"KTS1 C1.61 06E09c"
1262;;"KTS1 C1.61 06E09c"
1262;;"KTS1 C1.61 06E09c"
1262;;"KTS1 C1.61 06E09c"
1262;;"KTS1 C1.61 06E09c"
1262;;"KTS1 C1.61 06E09c"
1262;;"KTS1 C1.61 06E09c"
1262;;"KTS1 C1.61 06E09c"
1262;;"KTS1 C1.61 06E09c"
1262;;"KTS1 C1.61 06E09c"
1262;;"KTS1 C1.61 06E09c"
1262;;"KTS1 C1.61 06E09c"
1262;;"KTS1 C1.61 06E09c"
1262;;"KTS1 C1.61 06E09c"
1262;;"KTS1 C1.61 06E09c"
1262;;"KTS1 C1.61 06E09c"
1262;;"KTS1 C1.61 06E09c"
1262;;"KTS1 C1.61 06E09c"
1262;;"KTS1 C1.61 06E09c"
1262;;"KTS1 C1.61 06E09c"
1262;;"KTS1 C1.61 06E09c"
1262;;"KTS1 C1.61 06E09c"
1262;;"KTS1 C1.61 06E09c"
1262;;"KTS1 C1.61 06E09c"
1262;;"KTS1 C1.61 06E09c"
1262;;"KTS1 C1.61 06E09c"
1262;;"KTS1 C1.61 06E09c"
1262;;"KTS1 C1.61 06E09c"
1262;;"KTS1 C1.61 06E09c"
1262;;"KTS1 C1.61 06E09c"
1262;;"KTS1 C1.61 06E09c"
1262;;"KTS1 C1.61 06E09c"
1262;;"KTS1 C1.61 06E09c"
1262;;"KTS1 C1.61 06E09c"
1262;;"KTS1 C1.61 06E09c"
1262;;"KTS1 C1.61 06E09c"
1262;;"KTS1 C1.61 06E09c"
1262;;"KTS1 C1.61 06E09c"
1262;;"KTS1 C1.61 06E09c"
1262;;"KTS1 C1.61 06E09c"
1262;;"KTS1 C1.61 06E09c"
1262;;"KTS1 C1.61 06E09c"
1262;;"KTS1 C1.61 06E09c"
1262;;"KTS1 C1.61 06E09c"
1262;;"KTS1 C1.61 06E09c"
1262;;"KTS1 C1.61 06E09c"
1262;;"KTS1 C1.61 06E09c"
1262;;"KTS1 C1.61 06E09c"
1262;;"KTS1 C1.61 06E09c"
1262;;"KTS1 C1.61 06E09c"
1262;;"KTS1 C1.61 06E09c"
1262;;"KTS1 C1.61 06E09c"
1262;;"KTS1 C1.61 06E09c"
1262;;"KTS1 C1.61 06E09c"
1262;;"KTS1 C1.61 06E09c"
1262;;"KTS1 C1.61 06E09c"
1262;;"KTS1 C1.61 06E09c"
1262;;"KTS1 C1.61 06E09c"
1262;;"KTS1 C1.61 06E09c"
1262;;"KTS1 C1.61 06E09c"
1262;;"KTS1 C1.61 06E09c"
1262;;"KTS1 C1.61 06E09c"
1262;;"KTS1 C1.61 06E09c"
1262;;"KTS1 C1.61 06E09c"
1262;;"KTS1 C1.61 06E09c"
1262;;"KTS1 C1.61 06E09c"
1262;;"KTS1 C1.61 06E09c"
1262;;"KTS1 C1.61 06E09c"
1262;;"KTS1 C1.61 06E09c"
1262;;"KTS1 C1.61 06E09c"
1262;;"KTS1 C1.61 06E09c"
1262;;"KTS1 C1.61 06E09c"
1262;;"KTS1 C1.61 06E09c"
1262;;"KTS1 C1.61 06E09c"
1262;;"KTS1 C1.61 06E09c"
1262;;"KTS1 C1.61 06E09c"
1262;;"KTS1 C1.61 06E09c"
1262;;"KTS1 C1.61 06E09c"
1262;;"KTS1 C1.61 06E09c"
1262;;"KTS1 C1.61 06E09c"
1262;;"KTS1 C1.61 06E09c"
1262;;"KTS1 C1.61 06E09c"
1262;;"KTS1 C1.61 06E09c"
1262;;"KTS1 C1.61 06E09c"
1262;;"KTS1 C1.61 06E09c"
1262;;"KTS1 C1.61 06E09c"
1262;;"KTS1 C1.61 06E09c"
1262;;"KTS1 C1.61 06E09c"
1262;;"KTS1 C1.61 06E09c"
1262;;"KTS1 C1.61 06E09c"
1262;;"KTS1 C1.61 06E09c"
1262;;"KTS1 C1.61 06E09c"
1262;;"KTS1 C1.61 06E09c"
1262;;"KTS1 C1.61 06E09c"
1262;;"KTS1 C1.61 06E09c"
1262;;"KTS1 C1.61 06E09c"
1262;;"KTS1 C1.61 06E09c"
1262;;"KTS1 C1.61 06E09c"
1262;;"KTS1 C1.61 06E09c"
1262;;"KTS1 C1.61 06E09c"
1262;;"KTS1 C1.61 06E09c"
1262;;"KTS1 C1.61 06E09c"
1262;;"KTS1 C1.61 06E09c"
1262;;"KTS1 C1.61 06E09c"
1262;;"KTS1 C1.61 06E09c"
1262;;"KTS1 C1.61 06E09c"
1262;;"KTS1 C1.61 06E09c"
1262;;"KTS1 C1.61 06E09c"
1262;;"KTS1 C1.61 06E09c"
1262;;"KTS1 C1.61 06E09c"
1262;;"KTS1 C1.61 06E09c"
1262;;"KTS1 C1.61 06E09c"
1262;;"KTS1 C1.61 06E09c"
1262;;"KTS1 C1.61 06E09c"
1262;;"KTS1 C1.61 06E09c"
1262;;"KTS1 C1.61 06E09c"
1262;;"KTS1 C1.61 06E09c"
1262;;"KTS1 C1.61 06E09c"
1262;;"KTS1 C1.61 06E09c"
1262;;"KTS1 C1.61 06E09c"
1262;;"KTS1 C1.61 06E09c"
1262;;"KTS1 C1.61 06E09c"
1262;;"KTS1 C1.61 06E09c"
1262;;"KTS1 C1.61 06E09c"
1262;;"KTS1 C1.61 06E09c"
1262;;"KTS1 C1.61 06E09c"
1262;;"KTS1 C1.61 06E09c"
1262;;"KTS1 C1.61 06E09c"
1262;;"KTS1 C1.61 06E09c"
1262;;"KTS1 C1.61 06E09c"
1262;;"KTS1 C1.61 06E09c"
1262;;"KTS1 C1.61 06E09c"
1262;;"KTS1 C1.61 06E09c"
1262;;"KTS1 C1.61 06E09c"
1262;;"KTS1 C1.61 06E09c"
1262;;"KTS1 C1.61 06E09c"
1262;;"KTS1 C1.61 06E09c"
1262;;"KTS1 C1.61 06E09c"
1263;;"KTS1 C1.61 06E09b"
1263;;"KTS1 C1.61 06E09b"
1263;;"KTS1 C1.61 06E09b"
1263;;"KTS1 C1.61 06E09b"
1263;;"KTS1 C1.61 06E09b"
1263;;"KTS1 C1.61 06E09b"
1264;;"KTS1 C1.61 06E09d"
1264;;"KTS1 C1.61 06E09d"
1265;20138057;"KTS1 C1.61 06E09a"
1266;20138058;"KTS1 C1.61 06E10a"
1267;;"KTS1 C1.61 06E10b"
1267;;"KTS1 C1.61 06E10b"
1267;;"KTS1 C1.61 06E10b"
1267;;"KTS1 C1.61 06E10b"
1267;;"KTS1 C1.61 06E10b"
1267;;"KTS1 C1.61 06E10b"
1268;20138059;"KTS1 C1.61 06E11"
1269;20138040;"KTS1 C1.61 06E12"
1270;20138041;"KTS1 C1.61 06E13"
1271;20138060;"KTS1 C1.61 06F01_01-03"
1272;20138061;"KTS1 C1.61 06F02a"
1273;20138069;"KTS1 C1.62 06F03_01"
1273;20138070;"KTS1 C1.62 06F03_02"
1274;20138062;"KTS1 C1.61 06F04"
1275;20138071;"KTS1 C1.62 06F05"
1276;20138072a;"KTS1 C1.62 06F06a"
1277;;"KTS1 C1.62 06F06b"
1277;;"KTS1 C1.62 06F06b"
1277;;"KTS1 C1.62 06F06b"
1278;20138073;"KTS1 C1.62 06F07_01"
1278;20138074;"KTS1 C1.62 06F07_02"
1279;20138075;"KTS1 C2.43 06F08"
1280;20139575;"KTS1 C2.43 06G01"
1282;20139579;"KTS1 C2.43 06G03"
1283;20139577;"KTS1 C2.43 06G04"
1284;20139578;"KTS1 C2.43 06G05"
1285;20139580;"KTS1 C2.44 06G06"
1286;20139581;"KTS1 C2.44 06G07a"
1287;20139581b;"KTS1 C2.44 06G07b"
1288;20139582;"KTS1 C2.44 06G08_01"
1288;20139583;"KTS1 C2.44 06G08_02"
1289;20139584;"KTS1 C2.44 06H01"
1290;20139585;"KTS1 C2.44 06H02"
1291;20139586;"KTS1 C2.44 06H03"
1292;20139587b;"KTS1 C2.44 06H04b"
1293;20139587c;"KTS1 C2.44 06H04c"
1294;20139587g;"KTS1 C2.44 06H04g"
1295;20139587f;"KTS1 C2.44 06H04f"
1296;20139587e;"KTS1 C2.44 06H04e"
1297;20139587h;"KTS1 C2.44 06H04h"
1298;20139587d;"KTS1 C2.44 06H04d"
1299;20139587a;"KTS1 C2.44 06H04a"
1300;20139587j;"KTS1 C2.44 06H04j"
1301;20139587i;"KTS1 C2.44 06H04i"
1302;20139588;"KTS1 C2.44 06H05"
1303;20139589;"KTS1 C2.44 06H06"
1304;20139590b;"KTS1 C2.44 06H07b"
1305;20139590;"KTS1 C2.44 06H07a"
1306;20139591;"KTS1 C2.44 06H08"
1307;20139592;"KTS1 C2.44 06H10"
1307;20139593;"KTS1 C2.44 06H11"
1308;20139594;"KTS1 C2.44 06H12"
1309;20139595;"KTS1 C2.44 06I01"
1310;20139596;"KTS1 C2.44 06I02"
1311;20139598;"KTS1 C2.43 06I03"
1312;20139597;"KTS1 C2.44 06I04"
1313;20139600;"KTS1 C2.44 06I05"
1314;20139599;"KTS1 C2.44 06I06"
1315;20139601;"KTS1 C2.44 06I07"
1316;20139602;"KTS1 C2.44 06I08"
1317;20139603;"KTS1 C2.44 06I09"
1318;20139604;"KTS1 C2.44 06I10"
1319;20139605;"KTS1 C2.44 06I11"
1320;20139606;"KTS1 C2.44 06I12"
1321;20139607;"KTS1 C2.44 06I13"
1322;20139608;"KTS1 C2.44 06I14"
1323;20139609;"KTS1 C2.44 06I15"
1324;20139610;"KTS1 C2.44 06I16"
1325;20139611;"KTS1 C2.44 06I17"
1326;20139612;"KTS1 C2.44 06I18"
1327;20139613;"KTS1 C2.44 06I19"
1328;20139614;"KTS1 C2.44 06I20"
1329;20139615;"KTS1 C2.44 06I21"
1330;20139859;"KTS1 C2.52 06J01"
1330;20139860;"KTS1 C2.52 06J02"
1330;20139861;"KTS1 C2.52 06J03"
1330;20139862;"KTS1 C2.52 06J04"
1330;20139863;"KTS1 C2.52 06J05"
1331;20139864;"KTS1 C2.52 06J06"
1332;20139865;"KTS1 C2.52 06J07"
1332;20139866;"KTS1 C2.52 06J08"
1333;20139867;"KTS1 C2.52 06J09"
1334;20139868;"KTS1 C1.02 06J10_01"
1334;20139869;"KTS1 C1.02 06J10_02"
1334;20139870;"KTS1 C1.02 06J10_03"
1335;20136474;"KTS1 C1.03 05B35"
1336;20136476;"KTS1 C1.03 05B33"
1337;20136473;"KTS1 C1.03 05B36"
1338;20135833;"KTS1 C1.03 05B38"
1339;20136088;"KTS1 C1.03 05B46"
1340;20139871;"KTS1 C2.52 06K06"
1341;20139872;"KTS1 C2.52 06K07"
1342;20139840;"KTS1 C2.52 06K08"
1343;20139853;"KTS1 C2.52 06K09"
1344;20139854;"KTS1 C2.52 06K10"
1345;20139841;"KTS1 C2.52 06K11"
1346;20139842;"KTS1 C2.52 06K12"
1347;20139843;"KTS1 C2.52 06K13"
1348;20139844;"KTS1 C2.52 06K14"
1349;20139722;"KTS1 C2.52 06K15"
1350;20139878a;"KTS1 C2.52 06K19a"
1351;20139877;"KTS1 C2.52 06K18"
1352;20139881;"KTS1 C2.53 06L04"
1353;20139882b;"KTS1 C2.53 06L05"
1354;20139882;"KTS1 C2.53 06L05"
1355;20139879;"KTS1 C2.53 06L06"
1356;20139880;"KTS1 C2.53 06L07"
1357;20139884;"KTS1 C2.53 06L08"
1358;20139883;"KTS1 C2.53 06L09"
1359;20139885;"KTS1 C2.53 06M01"
1359;20139886;"KTS1 C2.53 06M02"
1359;20139887;"KTS1 C2.53 06M03"
1359;20139889;"KTS1 C2.53 06M04"
1359;20139888;"KTS1 C2.53 06M05"
1360;20139891;"KTS1 C2.53 06M06"
1361;20139576;"KTS1 C2.43 06G02"
1362;20139893;"KTS1 C2.53 06M08"
1363;20139892;"KTS1 C2.53 06M09"
1364;20139896;"KTS1 C2.53 06M10"
1365;20139894;"KTS1 C2.53 06M11"
1366;20139895;"KTS1 C2.53 06M12"
1367;20136130;"KTS1 C2.53 06N01"
1368;20139898;"KTS1 C2.53 06N02"
1369;20139897;"KTS1 C2.53 06N03"
1370;20137874;"KTS1 C2.53 06N04"
1371;20139902;"KTS1 C2.53 06N05"
1372;20139899;"KTS1 C2.53 06N06"
1372;20139900;"KTS1 C2.53 06N07"
1373;20139901;"KTS1 C2.53 06N08"
1374;20139903;"KTS1 C2.53 06N09"
1375;20139905;"KTS1 C2.53 06N10"
1376;20139904;"KTS1 C2.54 06N11"
1377;20139907c;"KTS1 C2.54 06O01c"
1378;20139907;"KTS1 C2.54 06O01a"
1379;20139908;"KTS1 C2.54 06O02"
1380;20139906;"KTS1 C2.54 06O03"
1381;20139910;"KTS1 C2.54 06O04"
1382;20139909;"KTS1 C2.54 06O05"
1383;20139911;"KTS1 C2.54 06O06"
1384;20139912;"KTS1 C2.54 06O07"
1385;20139913;"KTS1 C2.54 06O08"
1386;20139916;"KTS1 C2.54 06O09"
1387;20139917;"KTS1 C1.62 06O10"
1388;20138076;"KTS1 C1.62 06P01"
1389;20138077;"KTS1 C1.62 06P02"
1389;20137597;"KTS1 H.08.023"
1390;20138063;"KTS1 C1.62 06P03"
1391;20138064;"KTS1 C1.62 06P04"
1392;20138066;"KTS1 C1.62 06P05"
1393;20136109;"KTS1 C1.62 06P06"
1394;20138065;"KTS1 C1.62 06P07"
1395;20138083;"KTS1 C1.62 06P09"
1396;20138080;"KTS1 C1.62 06P08"
1397;20138078;"KTS1 C1.62 06P10"
1398;20138081;"KTS1 C1.62 06P11_01"
1398;20138082;"KTS1 C1.62 06P11_02"
1399;20138067;"KTS1 C1.32 06P12"
1400;20137308;"KTS1 C1.32 07A01"
1401;20137309;"KTS1 C1.32 07A02"
1402;20137310;"KTS1 C1.32 07A03"
1404;20137311;"KTS1 C1.32 07A05"
1405;;"KTS1 C1.32 07A06"
1406;20137313;"KTS1 C1.32 07A06"
1407;20137314;"KTS1 C1.32 07A07"
1408;20137315;"KTS1 C1.32 07A08"
1408;20137316;"KTS1 C1.32 07A09"
1410;20136111;"KTS1 C1.32 07A10"
1411;20137302;"KTS1 C1.32 07A11"
1412;20137297;"KTS1 C1.32 07A12"
1413;20137317;"KTS1 C1.32 07A13"
1414;20137318;"KTS1 C1.32 07A14"
1415;20137303;"KTS1 C1.32 07A15"
1416;20137151;"KTS1 C1.32 07A16"
1417;20137319;"KTS1 C1.32 07A17"
1418;20137283d;"KTS1 C1.32 07A18d"
1420;20137283b;"KTS1 C1.32 07A18b"
1421;20137283c;"KTS1 C1.32 07A18c"
1422;20137283a;"KTS1 C1.32 07A18a"
1423;;"KTS1 C1.32 07A20b"
1424;;"KTS1 C1.32 07A19b"
1424;;"KTS1 C1.32 07A19b"
1425;20137282;"KTS1 C1.32 07A19a"
1426;20137321;"KTS1 C1.32 07A21"
1428;20137325;"KTS1 C1.32 07A23"
1429;20137324;"KTS1 C1.32 07A24"
1430;20136110;"KTS1 C1.32 07A25"
1431;20137328;"KTS1 C1.33 07A26"
1432;20137327;"KTS1 C1.33 07A27"
1433;20137326;"KTS1 C1.33 07A28"
1434;20137329;"KTS1 C1.33 07A29a"
1434;20137330;"KTS1 C1.33 07A29b"
1434;20137331;"KTS1 C1.33 07A29c"
1434;20137332;"KTS1 C1.33 07A29d"
1434;20137333;"KTS1 C1.33 07A29e"
1434;20137334;"KTS1 C1.33 07A29f"
1434;20137335;"KTS1 C1.33 07A29g"
1435;20137337;"KTS1 C1.33 07A30"
1436;20138533;"KTS1 C2.10 07B01"
1437;20136127;"KTS1 C2.10 07B02"
1438;20136126;"KTS1 C2.10 07B03"
1439;20138534;"KTS1 C2.10 07B04"
1440;20136497;"KTS1 C2.10 07B05"
1441;20138535;"KTS1 C2.10 07B06"
1442;20136125;"KTS1 C2.10 07B07"
1443;20138536;"KTS1 C2.10 07B08"
1444;20138537;"KTS1 C2.10 07B09"
1445;20138538;"KTS1 C2.10 07B10a"
1446;;"KTS1 C2.10 07B10b"
1446;;"KTS1 C2.10 07B10b"
1446;;"KTS1 C2.10 07B10b"
1446;;"KTS1 C2.10 07B10b"
1446;;"KTS1 C2.10 07B10b"
1446;;"KTS1 C2.10 07B10b"
1446;;"KTS1 C2.10 07B10b"
1446;;"KTS1 C2.10 07B10b"
1446;;"KTS1 C2.10 07B10b"
1446;;"KTS1 C2.10 07B10b"
1446;;"KTS1 C2.10 07B10b"
1446;;"KTS1 C2.10 07B10b"
1446;;"KTS1 C2.10 07B10b"
1446;;"KTS1 C2.10 07B10b"
1446;;"KTS1 C2.10 07B10b"
1446;;"KTS1 C2.10 07B10b"
1446;;"KTS1 C2.10 07B10b"
1446;;"KTS1 C2.10 07B10b"
1446;;"KTS1 C2.10 07B10b"
1446;;"KTS1 C2.10 07B10b"
1446;;"KTS1 C2.10 07B10b"
1446;;"KTS1 C2.10 07B10b"
1446;;"KTS1 C2.10 07B10b"
1446;;"KTS1 C2.10 07B10b"
1446;;"KTS1 C2.10 07B10b"
1446;;"KTS1 C2.10 07B10b"
1446;;"KTS1 C2.10 07B10b"
1446;;"KTS1 C2.10 07B10b"
1446;;"KTS1 C2.10 07B10b"
1446;;"KTS1 C2.10 07B10b"
1446;;"KTS1 C2.10 07B10b"
1446;;"KTS1 C2.10 07B10b"
1446;;"KTS1 C2.10 07B10b"
1446;;"KTS1 C2.10 07B10b"
1446;;"KTS1 C2.10 07B10b"
1446;;"KTS1 C2.10 07B10b"
1446;;"KTS1 C2.10 07B10b"
1446;;"KTS1 C2.10 07B10b"
1446;;"KTS1 C2.10 07B10b"
1446;;"KTS1 C2.10 07B10b"
1446;;"KTS1 C2.10 07B10b"
1446;;"KTS1 C2.10 07B10b"
1446;;"KTS1 C2.10 07B10b"
1446;;"KTS1 C2.10 07B10b"
1446;;"KTS1 C2.10 07B10b"
1446;;"KTS1 C2.10 07B10b"
1446;;"KTS1 C2.10 07B10b"
1446;;"KTS1 C2.10 07B10b"
1447;20138539;"KTS1 C2.10 07B11"
1448;20138540;"KTS1 C2.10 07B12"
1449;20138541;"KTS1 C2.10 07B13_01"
1449;20138542;"KTS1 C2.10 07B13_02"
1450;20136123;"KTS1 C2.10 07B14"
1451;20138543;"KTS1 C2.10 07B15"
1452;20138544;"KTS1 C2.10 07B16"
1453;20138545;"KTS1 C2.10 07B17"
1454;20138546;"KTS1 C2.10 07B18"
1455;20138547;"KTS1 C2.10 07B19"
1456;20138548;"KTS1 C2.10 07B20"
1457;20138549;"KTS1 C2.10 07B21"
1458;20138550;"KTS1 C2.10 07B22"
1458;20138551;"KTS1 C2.10 07B23"
1458;20138553;"KTS1 C2.10 07B25"
1458;20138552;"KTS1 C2.10 07B24"
1458;20138554;"KTS1 C2.10 07B26"
1458;20138555;"KTS1 C2.10 07B27"
1458;20138556;"KTS1 C2.10 07B28"
1458;20138557;"KTS1 C2.10 07B29"
1458;20138558;"KTS1 C2.10 07B30"
1458;20138559;"KTS1 C2.10 07B31"
1458;20138560;"KTS1 C2.11 07B32"
1458;20138561;"KTS1 C2.11 07B33"
1458;20138562;"KTS1 C2.11 07B34"
1458;20138563;"KTS1 C2.11 07B35"
1459;20138564;"KTS1 C2.11 07B36"
1460;20138565;"KTS1 C2.10 07B37"
1461;20136124;"KTS1 C2.10 07B38"
1462;20138566;"KTS1 C2.10 07B39"
1463;20138567;"KTS1 C2.11 07B40"
1464;20138569;"KTS1 C2.11 07C01"
1465;20138570;"KTS1 C2.11 07C02a"
1465;20138571;"KTS1 C2.11 07C02b"
1465;20138572;"KTS1 C2.11 07C02c"
1466;20138576;"KTS1 C2.11 07C03"
1467;20138577;"KTS1 C2.11 07C04"
1468;20138578;"KTS1 C2.11 07C05"
1469;20138579;"KTS1 C2.11 07C06"
1470;20138580;"KTS1 C2.11 07C07"
1471;20138581;"KTS1 C2.11 07C08"
1472;20138582;"KTS1 C2.11 07C09"
1473;20138584;"KTS1 C2.11 07C10"
1474;20138585;"KTS1 C2.11 07C11"
1475;20138586;"KTS1 C2.11 07C12a"
1476;;"KTS1 C2.11 07C12b"
1476;;"KTS1 C2.11 07C12b"
1477;20138587;"KTS1 C2.11 07C13"
1478;20138592;"KTS1 C2.11 07C14"
1479;20138589;"KTS1 C2.11 07C15"
1480;20138588;"KTS1 C2.11 07C16"
1481;20138590;"KTS1 C2.11 07C17"
1482;20136121;"KTS1 C2.11 07C18"
1483;20138591;"KTS1 C2.11 07C19"
1484;20136120;"KTS1 C2.11 07C20"
1485;20138774;"KTS1 C2.19 07C21"
1486;20138780;"KTS1 C2.19 07C22"
1487;20138779;"KTS1 C2.19 07C23"
1488;20138783;"KTS1 C2.19 07C24"
1489;20138768;"KTS1 C2.19 07C25a"
1489;20138769;"KTS1 C2.19 07C25b"
1489;20138770;"KTS1 C2.19 07C25c"
1489;20138771;"KTS1 C2.19 07C25d"
1490;20138772;"KTS1 C2.19 07C26"
1491;20136122;"KTS1 C2.19 07C27"
1492;20136118;"KTS1 C2.11 07C28"
1493;20138781;"KTS1 C2.19 07C29"
1494;20138784;"KTS1 C2.19 07C30"
1495;20138782;"KTS1 C2.19 07C31"
1496;20138785;"KTS1 C2.19 07C32"
1497;20138786;"KTS1 C2.19 07C33"
1498;20138787;"KTS1 C2.19 07C34"
1499;20138788;"KTS1 C2.19 07C35"
1500;20138789;"KTS1 C2.19 07C36"
1501;20138790;"KTS1 C2.19 07C37"
1502;20138775;"KTS1 C2.11 07C38_01"
1502;20138776;"KTS1 C2.11 07C38_02"
1502;20138778;"KTS1 C2.11 07C38_03"
1503;20138791;"KTS1 C2.19 07C39"
1504;20138792;"KTS1 C2.19 07C40"
1505;20138793;"KTS1 C2.19 07C41"
1506;20139203;"KTS1 C2.32 07D01"
1507;20139204;"KTS1 C2.32 07D02"
1508;20139205;"KTS1 C2.32 07D03"
1509;20137512p;"KTS1 C2.31 07D04p"
1510;20137512h;"KTS1 C2.31 07D04h"
1511;20137512j;"KTS1 C2.31 07D04j"
1512;20137512l;"KTS1 C2.31 07D04l"
1513;20137512e;"KTS1 C2.31 07D04e"
1514;20137512b;"KTS1 C2.31 07D04b"
1515;20137512a;"KTS1 C2.31 07D04a"
1516;20137512m;"KTS1 C2.31 07D04m"
1517;20137512i;"KTS1 C2.31 07D04i"
1518;20137512o;"KTS1 C2.31 07D04o"
1519;20137512n;"KTS1 C2.31 07D04n"
1520;20137512c;"KTS1 C2.31 07D04c"
1521;20137512q;"KTS1 C2.31 07D04q"
1522;20137512g;"KTS1 C2.31 07D04g"
1523;20137512f;"KTS1 C2.31 07D04f"
1524;20137512d;"KTS1 C2.31 07D04d"
1525;20137512k;"KTS1 C2.31 07D04k"
1526;20139143;"KTS1 C2.32 07D05"
1527;20139142;"KTS1 C2.32 07D06"
1528;20136128;"KTS1 C2.32 07D07"
1529;20139209;"KTS1 C2.32 07D08"
1530;20139207;"KTS1 C2.32 07D10"
1531;20139208;"KTS1 C2.32 07D11"
1532;20139147;"KTS1 C2.32 07D12"
1533;20139148;"KTS1 C2.32 07D13"
1534;20139149;"KTS1 C2.32 07D14a"
1534;20139144;"KTS1 C2.32 07D14b"
1534;20139145;"KTS1 C2.32 07D14c"
1534;20139146;"KTS1 C2.32 07D14d"
1534;20139150;"KTS1 C2.32 07D14e"
1534;20139219;"KTS1 C2.32 07D14f"
1534;20139220;"KTS1 C2.32 07D14g"
1535;20139221;"KTS1 C2.32 07D15a"
1535;20139222;"KTS1 C2.32 07D15b"
1535;20139223;"KTS1 C2.32 07D15c"
1535;20139224;"KTS1 C2.32 07D15d"
1535;20139225;"KTS1 C2.32 07D15e"
1535;20139226;"KTS1 C2.32 07D15f"
1535;20139227;"KTS1 C2.32 07D15g"
1535;20139228;"KTS1 C2.32 07D15h"
1535;20139229;"KTS1 C2.32 07D15i"
1535;20139230;"KTS1 C2.32 07D15j"
1535;20139231;"KTS1 C2.32 07D15k"
1535;20139232;"KTS1 C2.32 07D15l"
1535;20139233;"KTS1 C2.32 07D15m"
1535;20139234;"KTS1 C2.32 07D15n"
1536;20139235;"KTS1 C2.32 07D16a"
1536;20139236;"KTS1 C2.32 07D16b"
1536;20139237;"KTS1 C2.32 07D16c"
1536;20139238;"KTS1 C2.32 07D16d"
1536;20139239;"KTS1 C2.32 07D16e"
1536;20139240;"KTS1 C2.32 07D16f"
1536;20139242;"KTS1 C2.32 07D16g"
1537;20139210;"KTS1 C2.32 07D17"
1538;20139211;"KTS1 C2.32 07D18a"
1538;20139212;"KTS1 C2.32 07D18b"
1538;20139213;"KTS1 C2.32 07D18c"
1538;20139214;"KTS1 C2.32 07D18d"
1539;20139216;"KTS1 C2.32 07D19"
1540;20139215;"KTS1 C2.32 07D20"
1541;20139246;"KTS1 C2.32 07D21"
1542;20139243;"KTS1 C2.32 07D22a"
1542;20139244;"KTS1 C2.32 07D22b"
1542;20139245;"KTS1 C2.32 07D22c"
1543;20139250;"KTS1 C2.32 07D23a"
1543;20139251;"KTS1 C2.32 07D23b"
1543;20139252;"KTS1 C2.32 07D23c"
1543;20139253;"KTS1 C2.32 07D23d"
1544;20139241;"KTS1 C2.32 07D24a"
1544;20139247;"KTS1 C2.32 07D24b"
1544;20139248;"KTS1 C2.32 07D24c"
1544;20139249;"KTS1 C2.32 07D24d"
1545;20136114a;"KTS1 C2.32 07D27a"
1546;20136114g;"KTS1 C2.32 07D27g"
1547;20136114d;"KTS1 C2.32 07D27d"
1548;20136114b;"KTS1 C2.32 07D27b"
1549;20136114c;"KTS1 C2.32 07D27c"
1550;20136114f;"KTS1 C2.32 07D27f"
1551;20136114k;"KTS1 C2.32 07D27k"
1552;20136114j;"KTS1 C2.32 07D27j"
1553;20136114i;"KTS1 C2.32 07D27i"
1554;20136114e;"KTS1 C2.32 07D27e"
1555;20136114h;"KTS1 C2.32 07D27h"
1556;20136458;"KTS1 C2.32 07D28"
1557;20139255;"KTS1 C2.32 07D29"
1558;20139256;"KTS1 C2.32 07D30"
1559;20139254;"KTS1 C2.32 07D31"
1560;20139259;"KTS1 C2.32 07D32"
1561;20139258;"KTS1 C2.32 07D33"
1562;20139257;"KTS1 C2.32 07D34"
1563;20139265;"KTS1 C2.32 07D35"
1564;20139261;"KTS1 C2.32 07D36a"
1564;20139267;"KTS1 C2.32 07D36b"
1565;20139262;"KTS1 C2.32 07D37_01"
1565;20139263;"KTS1 C2.32 07D37_02"
1565;20139264;"KTS1 C2.32 07D37_03"
1566;20139260;"KTS1 C2.32 07D38"
1567;20139269;"KTS1 C2.32 07D39"
1568;20139270;"KTS1 C2.32 07D40"
1569;20136112;"KTS1 C2.32 07D41"
1570;20136113;"KTS1 C2.32 07D42"
1571;20139268;"KTS1 C2.32 07D43"
1572;20139271;"KTS1 C2.32 07D44"
1573;20139274;"KTS1 C2.32 07D45"
1574;20139273;"KTS1 C2.32 07D46"
1575;20139272;"KTS1 C2.32 07D47"
1576;20139276;"KTS1 C2.32 07D48"
1577;20139275a;"KTS1 C2.32 07D49a"
1578;20139275b;"KTS1 C2.32 07D49b"
1579;20139275c;"KTS1 C2.32 07D49c"
1580;20139277;"KTS1 C2.32 07D50"
1581;20137323;"KTS1 C1.32 07A22"
1581;20139278;"KTS1 C2.33 07D51"
1582;20139279;"KTS1 C2.33 07D52"
1583;20136138;"KTS1 C1.33 07E01"
1584;20136138b;"KTS1 C1.33 07E01b"
1585;20136138c;"KTS1 C1.33 07E01c"
1586;20136138d;"KTS1 C1.33 07E01d"
1587;20136138e;"KTS1 C1.33 07E01e"
1588;20136138f;"KTS1 C1.33 07E01f"
1589;20137338;"KTS1 C1.33 07E02"
1590;20137336;"KTS1 C1.33 07E03"
1591;20137339;"KTS1 C1.33 07E04"
1592;20137340;"KTS1 C1.33 07E05"
1593;20134114;"KTS1 C1.33 07E06"
1594;20134115;"KTS1 C1.33 07E07"
1595;20134116;"KTS1 C1.33 07E08"
1596;20134117;"KTS1 C1.33 07E09"
1597;20134118;"KTS1 C1.33 07E10"
1598;20137342;"KTS1 C1.33 07E11"
1599;20136135;"KTS1 C1.33 07E12"
1600;20137341;"KTS1 C1.33 07E13"
1601;20137343;"KTS1 C1.33 07E14a"
1601;20137344;"KTS1 C1.33 07E14b"
1602;20137345;"KTS1 C1.33 07E15"
1603;20137346;"KTS1 C1.33 07E16"
1604;20137347;"KTS1 C1.33 07E17a"
1604;20137349;"KTS1 C1.33 07E17c"
1604;20137348;"KTS1 C1.33 07E17b"
1605;20137350;"KTS1 C1.33 07E18"
1606;20136137;"KTS1 C1.33 07E19a-b"
1608;20134119;"KTS1 C1.33 07E22_01"
1608;20134120;"KTS1 C1.33 07E22_02"
1608;20134121;"KTS1 C1.33 07E22_03"
1608;20134122;"KTS1 C1.33 07E22_04"
1608;20134123;"KTS1 C1.33 07E22_05"
1608;20134124;"KTS1 C1.33 07E22_06"
1608;20134125;"KTS1 C1.33 07E22_07"
1610;;"KTS1 C1.33 07E23a-d"
1611;20134130;"KTS1 C1.33 07E24a"
1611;20134131;"KTS1 C1.33 07E24b"
1612;;"KTS1 C1.33 07E24a-b"
1612;;"KTS1 C1.33 07E24a-b"
1612;;"KTS1 C1.33 07E24a-b"
1613;;"KTS1 C1.33 07E24a-b"
1613;;"KTS1 C1.33 07E24a-b"
1613;;"KTS1 C1.33 07E24a-b"
1614;20134132;"KTS1 C1.33 07E26"
1615;;"KTS1 C1.33 07E27d"
1616;;"KTS1 C1.33 07E27f"
1616;;"KTS1 C1.33 07E27f"
1616;;"KTS1 C1.33 07E27f"
1616;;"KTS1 C1.33 07E27f"
1616;;"KTS1 C1.33 07E27f"
1616;;"KTS1 C1.33 07E27f"
1616;;"KTS1 C1.33 07E27f"
1616;;"KTS1 C1.33 07E27f"
1616;;"KTS1 C1.33 07E27f"
1616;;"KTS1 C1.33 07E27f"
1616;;"KTS1 C1.33 07E27f"
1616;;"KTS1 C1.33 07E27f"
1616;;"KTS1 C1.33 07E27f"
1616;;"KTS1 C1.33 07E27f"
1616;;"KTS1 C1.33 07E27f"
1616;;"KTS1 C1.33 07E27f"
1616;;"KTS1 C1.33 07E27f"
1616;;"KTS1 C1.33 07E27f"
1616;;"KTS1 C1.33 07E27f"
1616;;"KTS1 C1.33 07E27f"
1616;;"KTS1 C1.33 07E27f"
1616;;"KTS1 C1.33 07E27f"
1616;;"KTS1 C1.33 07E27f"
1616;;"KTS1 C1.33 07E27f"
1616;;"KTS1 C1.33 07E27f"
1616;;"KTS1 C1.33 07E27f"
1616;;"KTS1 C1.33 07E27f"
1616;;"KTS1 C1.33 07E27f"
1616;;"KTS1 C1.33 07E27f"
1616;;"KTS1 C1.33 07E27f"
1616;;"KTS1 C1.33 07E27f"
1616;;"KTS1 C1.33 07E27f"
1616;;"KTS1 C1.33 07E27f"
1616;;"KTS1 C1.33 07E27f"
1616;;"KTS1 C1.33 07E27f"
1616;;"KTS1 C1.33 07E27f"
1616;;"KTS1 C1.33 07E27f"
1616;;"KTS1 C1.33 07E27f"
1616;;"KTS1 C1.33 07E27f"
1616;;"KTS1 C1.33 07E27f"
1616;;"KTS1 C1.33 07E27f"
1616;;"KTS1 C1.33 07E27f"
1616;;"KTS1 C1.33 07E27f"
1616;;"KTS1 C1.33 07E27f"
1616;;"KTS1 C1.33 07E27f"
1616;;"KTS1 C1.33 07E27f"
1616;;"KTS1 C1.33 07E27f"
1616;;"KTS1 C1.33 07E27f"
1616;;"KTS1 C1.33 07E27f"
1616;;"KTS1 C1.33 07E27f"
1616;;"KTS1 C1.33 07E27f"
1616;;"KTS1 C1.33 07E27f"
1616;;"KTS1 C1.33 07E27f"
1616;;"KTS1 C1.33 07E27f"
1616;;"KTS1 C1.33 07E27f"
1616;;"KTS1 C1.33 07E27f"
1616;;"KTS1 C1.33 07E27f"
1616;;"KTS1 C1.33 07E27f"
1616;;"KTS1 C1.33 07E27f"
1616;;"KTS1 C1.33 07E27f"
1616;;"KTS1 C1.33 07E27f"
1616;;"KTS1 C1.33 07E27f"
1616;;"KTS1 C1.33 07E27f"
1616;;"KTS1 C1.33 07E27f"
1616;;"KTS1 C1.33 07E27f"
1616;;"KTS1 C1.33 07E27f"
1616;;"KTS1 C1.33 07E27f"
1616;;"KTS1 C1.33 07E27f"
1616;;"KTS1 C1.33 07E27f"
1616;;"KTS1 C1.33 07E27f"
1616;;"KTS1 C1.33 07E27f"
1616;;"KTS1 C1.33 07E27f"
1617;20137351;"KTS1 C1.33 07E27a"
1618;;"KTS1 C1.33 07E27i"
1618;;"KTS1 C1.33 07E27i"
1618;;"KTS1 C1.33 07E27i"
1618;;"KTS1 C1.33 07E27i"
1618;;"KTS1 C1.33 07E27i"
1618;;"KTS1 C1.33 07E27i"
1618;;"KTS1 C1.33 07E27i"
1618;;"KTS1 C1.33 07E27i"
1618;;"KTS1 C1.33 07E27i"
1618;;"KTS1 C1.33 07E27i"
1618;;"KTS1 C1.33 07E27i"
1618;;"KTS1 C1.33 07E27i"
1618;;"KTS1 C1.33 07E27i"
1618;;"KTS1 C1.33 07E27i"
1618;;"KTS1 C1.33 07E27i"
1618;;"KTS1 C1.33 07E27i"
1618;;"KTS1 C1.33 07E27i"
1618;;"KTS1 C1.33 07E27i"
1618;;"KTS1 C1.33 07E27i"
1618;;"KTS1 C1.33 07E27i"
1618;;"KTS1 C1.33 07E27i"
1618;;"KTS1 C1.33 07E27i"
1618;;"KTS1 C1.33 07E27i"
1618;;"KTS1 C1.33 07E27i"
1619;;"KTS1 C1.33 07E27j"
1619;;"KTS1 C1.33 07E27j"
1619;;"KTS1 C1.33 07E27j"
1619;;"KTS1 C1.33 07E27j"
1619;;"KTS1 C1.33 07E27j"
1619;;"KTS1 C1.33 07E27j"
1619;;"KTS1 C1.33 07E27j"
1619;;"KTS1 C1.33 07E27j"
1619;;"KTS1 C1.33 07E27j"
1619;;"KTS1 C1.33 07E27j"
1619;;"KTS1 C1.33 07E27j"
1619;;"KTS1 C1.33 07E27j"
1619;;"KTS1 C1.33 07E27j"
1619;;"KTS1 C1.33 07E27j"
1619;;"KTS1 C1.33 07E27j"
1619;;"KTS1 C1.33 07E27j"
1619;;"KTS1 C1.33 07E27j"
1619;;"KTS1 C1.33 07E27j"
1619;;"KTS1 C1.33 07E27j"
1619;;"KTS1 C1.33 07E27j"
1619;;"KTS1 C1.33 07E27j"
1619;;"KTS1 C1.33 07E27j"
1619;;"KTS1 C1.33 07E27j"
1619;;"KTS1 C1.33 07E27j"
1620;;"KTS1 C1.33 07E27g"
1620;;"KTS1 C1.33 07E27g"
1620;;"KTS1 C1.33 07E27g"
1620;;"KTS1 C1.33 07E27g"
1620;;"KTS1 C1.33 07E27g"
1620;;"KTS1 C1.33 07E27g"
1620;;"KTS1 C1.33 07E27g"
1620;;"KTS1 C1.33 07E27g"
1620;;"KTS1 C1.33 07E27g"
1620;;"KTS1 C1.33 07E27g"
1620;;"KTS1 C1.33 07E27g"
1620;;"KTS1 C1.33 07E27g"
1620;;"KTS1 C1.33 07E27g"
1620;;"KTS1 C1.33 07E27g"
1620;;"KTS1 C1.33 07E27g"
1620;;"KTS1 C1.33 07E27g"
1620;;"KTS1 C1.33 07E27g"
1620;;"KTS1 C1.33 07E27g"
1620;;"KTS1 C1.33 07E27g"
1620;;"KTS1 C1.33 07E27g"
1620;;"KTS1 C1.33 07E27g"
1620;;"KTS1 C1.33 07E27g"
1620;;"KTS1 C1.33 07E27g"
1620;;"KTS1 C1.33 07E27g"
1621;;"KTS1 C1.33 07E27h"
1621;;"KTS1 C1.33 07E27h"
1621;;"KTS1 C1.33 07E27h"
1621;;"KTS1 C1.33 07E27h"
1621;;"KTS1 C1.33 07E27h"
1621;;"KTS1 C1.33 07E27h"
1621;;"KTS1 C1.33 07E27h"
1621;;"KTS1 C1.33 07E27h"
1621;;"KTS1 C1.33 07E27h"
1621;;"KTS1 C1.33 07E27h"
1621;;"KTS1 C1.33 07E27h"
1621;;"KTS1 C1.33 07E27h"
1621;;"KTS1 C1.33 07E27h"
1621;;"KTS1 C1.33 07E27h"
1621;;"KTS1 C1.33 07E27h"
1621;;"KTS1 C1.33 07E27h"
1621;;"KTS1 C1.33 07E27h"
1621;;"KTS1 C1.33 07E27h"
1621;;"KTS1 C1.33 07E27h"
1621;;"KTS1 C1.33 07E27h"
1621;;"KTS1 C1.33 07E27h"
1621;;"KTS1 C1.33 07E27h"
1621;;"KTS1 C1.33 07E27h"
1621;;"KTS1 C1.33 07E27h"
1622;20137351l;"KTS1 C1.33 07E27l"
1623;;"KTS1 C1.33 07E27e"
1623;;"KTS1 C1.33 07E27e"
1623;;"KTS1 C1.33 07E27e"
1623;;"KTS1 C1.33 07E27e"
1623;;"KTS1 C1.33 07E27e"
1623;;"KTS1 C1.33 07E27e"
1623;;"KTS1 C1.33 07E27e"
1623;;"KTS1 C1.33 07E27e"
1623;;"KTS1 C1.33 07E27e"
1623;;"KTS1 C1.33 07E27e"
1623;;"KTS1 C1.33 07E27e"
1623;;"KTS1 C1.33 07E27e"
1623;;"KTS1 C1.33 07E27e"
1623;;"KTS1 C1.33 07E27e"
1623;;"KTS1 C1.33 07E27e"
1623;;"KTS1 C1.33 07E27e"
1623;;"KTS1 C1.33 07E27e"
1623;;"KTS1 C1.33 07E27e"
1623;;"KTS1 C1.33 07E27e"
1623;;"KTS1 C1.33 07E27e"
1623;;"KTS1 C1.33 07E27e"
1623;;"KTS1 C1.33 07E27e"
1623;;"KTS1 C1.33 07E27e"
1623;;"KTS1 C1.33 07E27e"
1623;;"KTS1 C1.33 07E27e"
1623;;"KTS1 C1.33 07E27e"
1623;;"KTS1 C1.33 07E27e"
1623;;"KTS1 C1.33 07E27e"
1623;;"KTS1 C1.33 07E27e"
1623;;"KTS1 C1.33 07E27e"
1623;;"KTS1 C1.33 07E27e"
1623;;"KTS1 C1.33 07E27e"
1623;;"KTS1 C1.33 07E27e"
1623;;"KTS1 C1.33 07E27e"
1623;;"KTS1 C1.33 07E27e"
1623;;"KTS1 C1.33 07E27e"
1623;;"KTS1 C1.33 07E27e"
1623;;"KTS1 C1.33 07E27e"
1623;;"KTS1 C1.33 07E27e"
1623;;"KTS1 C1.33 07E27e"
1623;;"KTS1 C1.33 07E27e"
1623;;"KTS1 C1.33 07E27e"
1623;;"KTS1 C1.33 07E27e"
1623;;"KTS1 C1.33 07E27e"
1623;;"KTS1 C1.33 07E27e"
1623;;"KTS1 C1.33 07E27e"
1623;;"KTS1 C1.33 07E27e"
1623;;"KTS1 C1.33 07E27e"
1623;;"KTS1 C1.33 07E27e"
1623;;"KTS1 C1.33 07E27e"
1623;;"KTS1 C1.33 07E27e"
1623;;"KTS1 C1.33 07E27e"
1623;;"KTS1 C1.33 07E27e"
1623;;"KTS1 C1.33 07E27e"
1623;;"KTS1 C1.33 07E27e"
1623;;"KTS1 C1.33 07E27e"
1623;;"KTS1 C1.33 07E27e"
1623;;"KTS1 C1.33 07E27e"
1623;;"KTS1 C1.33 07E27e"
1623;;"KTS1 C1.33 07E27e"
1623;;"KTS1 C1.33 07E27e"
1623;;"KTS1 C1.33 07E27e"
1623;;"KTS1 C1.33 07E27e"
1623;;"KTS1 C1.33 07E27e"
1623;;"KTS1 C1.33 07E27e"
1623;;"KTS1 C1.33 07E27e"
1623;;"KTS1 C1.33 07E27e"
1623;;"KTS1 C1.33 07E27e"
1623;;"KTS1 C1.33 07E27e"
1623;;"KTS1 C1.33 07E27e"
1623;;"KTS1 C1.33 07E27e"
1623;;"KTS1 C1.33 07E27e"
1623;;"KTS1 C1.33 07E27e"
1623;;"KTS1 C1.33 07E27e"
1623;;"KTS1 C1.33 07E27e"
1623;;"KTS1 C1.33 07E27e"
1623;;"KTS1 C1.33 07E27e"
1623;;"KTS1 C1.33 07E27e"
1623;;"KTS1 C1.33 07E27e"
1623;;"KTS1 C1.33 07E27e"
1623;;"KTS1 C1.33 07E27e"
1623;;"KTS1 C1.33 07E27e"
1623;;"KTS1 C1.33 07E27e"
1623;;"KTS1 C1.33 07E27e"
1623;;"KTS1 C1.33 07E27e"
1623;;"KTS1 C1.33 07E27e"
1623;;"KTS1 C1.33 07E27e"
1623;;"KTS1 C1.33 07E27e"
1623;;"KTS1 C1.33 07E27e"
1623;;"KTS1 C1.33 07E27e"
1623;;"KTS1 C1.33 07E27e"
1623;;"KTS1 C1.33 07E27e"
1623;;"KTS1 C1.33 07E27e"
1623;;"KTS1 C1.33 07E27e"
1623;;"KTS1 C1.33 07E27e"
1623;;"KTS1 C1.33 07E27e"
1624;20137351b;"KTS1 C1.33 07E27b"
1625;;"KTS1 C1.33 07E27k"
1625;;"KTS1 C1.33 07E27k"
1625;;"KTS1 C1.33 07E27k"
1625;;"KTS1 C1.33 07E27k"
1625;;"KTS1 C1.33 07E27k"
1625;;"KTS1 C1.33 07E27k"
1625;;"KTS1 C1.33 07E27k"
1625;;"KTS1 C1.33 07E27k"
1625;;"KTS1 C1.33 07E27k"
1625;;"KTS1 C1.33 07E27k"
1625;;"KTS1 C1.33 07E27k"
1625;;"KTS1 C1.33 07E27k"
1625;;"KTS1 C1.33 07E27k"
1625;;"KTS1 C1.33 07E27k"
1625;;"KTS1 C1.33 07E27k"
1625;;"KTS1 C1.33 07E27k"
1625;;"KTS1 C1.33 07E27k"
1625;;"KTS1 C1.33 07E27k"
1625;;"KTS1 C1.33 07E27k"
1625;;"KTS1 C1.33 07E27k"
1625;;"KTS1 C1.33 07E27k"
1625;;"KTS1 C1.33 07E27k"
1625;;"KTS1 C1.33 07E27k"
1625;;"KTS1 C1.33 07E27k"
1625;;"KTS1 C1.33 07E27k"
1625;;"KTS1 C1.33 07E27k"
1625;;"KTS1 C1.33 07E27k"
1625;;"KTS1 C1.33 07E27k"
1625;;"KTS1 C1.33 07E27k"
1625;;"KTS1 C1.33 07E27k"
1625;;"KTS1 C1.33 07E27k"
1625;;"KTS1 C1.33 07E27k"
1625;;"KTS1 C1.33 07E27k"
1625;;"KTS1 C1.33 07E27k"
1625;;"KTS1 C1.33 07E27k"
1625;;"KTS1 C1.33 07E27k"
1625;;"KTS1 C1.33 07E27k"
1625;;"KTS1 C1.33 07E27k"
1625;;"KTS1 C1.33 07E27k"
1625;;"KTS1 C1.33 07E27k"
1625;;"KTS1 C1.33 07E27k"
1625;;"KTS1 C1.33 07E27k"
1625;;"KTS1 C1.33 07E27k"
1625;;"KTS1 C1.33 07E27k"
1625;;"KTS1 C1.33 07E27k"
1625;;"KTS1 C1.33 07E27k"
1625;;"KTS1 C1.33 07E27k"
1625;;"KTS1 C1.33 07E27k"
1626;;"KTS1 C1.33 07E27c"
1626;;"KTS1 C1.33 07E27c"
1626;;"KTS1 C1.33 07E27c"
1626;;"KTS1 C1.33 07E27c"
1626;;"KTS1 C1.33 07E27c"
1626;;"KTS1 C1.33 07E27c"
1626;;"KTS1 C1.33 07E27c"
1626;;"KTS1 C1.33 07E27c"
1626;;"KTS1 C1.33 07E27c"
1626;;"KTS1 C1.33 07E27c"
1626;;"KTS1 C1.33 07E27c"
1626;;"KTS1 C1.33 07E27c"
1626;;"KTS1 C1.33 07E27c"
1626;;"KTS1 C1.33 07E27c"
1626;;"KTS1 C1.33 07E27c"
1626;;"KTS1 C1.33 07E27c"
1626;;"KTS1 C1.33 07E27c"
1626;;"KTS1 C1.33 07E27c"
1626;;"KTS1 C1.33 07E27c"
1626;;"KTS1 C1.33 07E27c"
1626;;"KTS1 C1.33 07E27c"
1626;;"KTS1 C1.33 07E27c"
1626;;"KTS1 C1.33 07E27c"
1626;;"KTS1 C1.33 07E27c"
1626;;"KTS1 C1.33 07E27c"
1626;;"KTS1 C1.33 07E27c"
1626;;"KTS1 C1.33 07E27c"
1626;;"KTS1 C1.33 07E27c"
1626;;"KTS1 C1.33 07E27c"
1626;;"KTS1 C1.33 07E27c"
1626;;"KTS1 C1.33 07E27c"
1626;;"KTS1 C1.33 07E27c"
1626;;"KTS1 C1.33 07E27c"
1626;;"KTS1 C1.33 07E27c"
1626;;"KTS1 C1.33 07E27c"
1626;;"KTS1 C1.33 07E27c"
1626;;"KTS1 C1.33 07E27c"
1626;;"KTS1 C1.33 07E27c"
1626;;"KTS1 C1.33 07E27c"
1626;;"KTS1 C1.33 07E27c"
1626;;"KTS1 C1.33 07E27c"
1626;;"KTS1 C1.33 07E27c"
1626;;"KTS1 C1.33 07E27c"
1626;;"KTS1 C1.33 07E27c"
1626;;"KTS1 C1.33 07E27c"
1626;;"KTS1 C1.33 07E27c"
1626;;"KTS1 C1.33 07E27c"
1626;;"KTS1 C1.33 07E27c"
1626;;"KTS1 C1.33 07E27c"
1626;;"KTS1 C1.33 07E27c"
1626;;"KTS1 C1.33 07E27c"
1626;;"KTS1 C1.33 07E27c"
1626;;"KTS1 C1.33 07E27c"
1626;;"KTS1 C1.33 07E27c"
1626;;"KTS1 C1.33 07E27c"
1626;;"KTS1 C1.33 07E27c"
1626;;"KTS1 C1.33 07E27c"
1626;;"KTS1 C1.33 07E27c"
1626;;"KTS1 C1.33 07E27c"
1626;;"KTS1 C1.33 07E27c"
1626;;"KTS1 C1.33 07E27c"
1626;;"KTS1 C1.33 07E27c"
1626;;"KTS1 C1.33 07E27c"
1626;;"KTS1 C1.33 07E27c"
1626;;"KTS1 C1.33 07E27c"
1626;;"KTS1 C1.33 07E27c"
1626;;"KTS1 C1.33 07E27c"
1626;;"KTS1 C1.33 07E27c"
1626;;"KTS1 C1.33 07E27c"
1626;;"KTS1 C1.33 07E27c"
1626;;"KTS1 C1.33 07E27c"
1626;;"KTS1 C1.33 07E27c"
1627;20137352;"KTS1 C1.33 07E31"
1628;20136141;"KTS1 C1.33 07E33"
1629;20136140;"KTS1 C1.33 07E34"
1630;;"KTS1 C1.33 07E35b"
1630;;"KTS1 C1.33 07E35b"
1630;;"KTS1 C1.33 07E35b"
1631;20137353;"KTS1 C1.33 07E35a"
1632;20137354;"KTS1 C1.33 07E37"
1633;20137355;"KTS1 C1.33 07E38"
1634;20134134;"KTS1 C1.33 07E39"
1635;20134133;"KTS1 C1.33 07E40"
1636;20136134;"KTS1 C2.34 07E41"
1637;20134135;"KTS1 C1.33 07E42"
1638;20136139;"KTS1 C1.33 07E43"
1639;20134136;"KTS1 C1.33 07E44"
1640;20134137;"KTS1 C1.33 07E45"
1641;20134138;"KTS1 C1.33 07E46"
1642;20134139;"KTS1 C1.33 07E47"
1643;20134140;"KTS1 C1.33 07E48"
1644;20134141;"KTS1 C1.33 07E51a-g"
1644;20134142;"KTS1 C1.33 07E51a-g"
1645;20134143;"KTS1 C1.33 07E53"
1646;20137362;"KTS1 C1.34 07E54"
1647;20137360;"KTS1 C1.34 07E55"
1648;20137361;"KTS1 C1.34 07E56 a-g"
1649;20137357;"KTS1 C1.34 07E57"
1650;20137356;"KTS1 C1.34 07E58"
1651;20137359;"KTS1 C1.34 07E60"
1652;20137358;"KTS1 C1.34 07E61"
1653;20136133;"KTS1 C1.34 07E62"
1654;20136142;"KTS1 C1.34 07E63"
1655;20134144;"KTS1 C1.34 07E64"
1656;20134145;"KTS1 C1.34 07E65"
1657;20137312;"KTS1 C1.32 07A04"
1657;20134147;"KTS1 C1.34 07E66"
1658;20134146;"KTS1 C1.34 07E67"
1659;20137367;"KTS1 C1.34 07E68"
1660;20137366;"KTS1 C1.34 07E69"
1661;20137365;"KTS1 C1.34 07E70"
1662;;"KTS1 C1.34 07E71g"
1663;20136136d;"KTS1 C1.34 07E71d"
1664;;"KTS1 C1.34 07E71f"
1664;;"KTS1 C1.34 07E71f"
1665;20136136b;"KTS1 C1.34 07E71b"
1666;20136136c;"KTS1 C1.34 07E71c"
1669;20136136e;"KTS1 C1.34 07E71e"
1670;20136136a;"KTS1 C1.34 07E71a"
1671;20137364;"KTS1 C1.34 07E72"
1672;20137363;"KTS1 C1.34 07E73"
1673;20136256;"KTS1 C1.34 07E74"
1674;20139284;"KTS1 C2.33 07F01"
1675;20139285;"KTS1 C2.33 07F02"
1676;20139286;"KTS1 C2.33 07F03"
1677;20139287a;"KTS1 C2.33 07F04a"
1678;20139287b;"KTS1 C2.33 07F04b"
1679;;"KTS1 C2.33 07F05a"
1679;;"KTS1 C2.33 07F05a"
1680;;"KTS1 C2.33 07F05b"
1680;;"KTS1 C2.33 07F05b"
1681;;"KTS1 C2.33 07F05c"
1681;;"KTS1 C2.33 07F05c"
1682;;"KTS1 C2.33 07F05d"
1682;;"KTS1 C2.33 07F05d"
1683;;"KTS1 C2.33 07F05e"
1683;;"KTS1 C2.33 07F05e"
1684;;"KTS1 C2.33 07F05f"
1684;;"KTS1 C2.33 07F05f"
1685;20136198;"KTS1 C2.33 07F06"
1686;20139280;"KTS1 C2.33 07F07"
1687;20139281;"KTS1 C2.33 07F08"
1689;20139282;"KTS1 C2.33 07F10"
1690;20139288;"KTS1 C2.33 07F11"
1691;20136199;"KTS1 C2.33 07F13"
1692;20136200;"KTS1 C2.33 07F14"
1693;20139290;"KTS1 C2.33 07F15"
1694;20139289;"KTS1 C2.33 07F16"
1695;20136201;"KTS1 C2.33 07F17"
1696;20139283a;"KTS1 C2.33 07F18a"
1697;20139283b;"KTS1 C2.33 07F18b"
1698;20139296;"KTS1 C2.33 07F19"
1699;20139295;"KTS1 C2.33 07F20"
1700;20139294;"KTS1 C2.33 07F21"
1701;20139293;"KTS1 C2.33 07F22"
1702;20139292;"KTS1 C2.33 07F23"
1703;20136498;"KTS1 C2.33 07F25a"
1703;20136499;"KTS1 C2.33 07F25b"
1703;20136500;"KTS1 C2.33 07F25c"
1703;20136501;"KTS1 C2.33 07F25d"
1703;20136502;"KTS1 C2.33 07F25e"
1703;20136503;"KTS1 C2.33 07F25f"
1703;20136504;"KTS1 C2.33 07F25g"
1703;20136505;"KTS1 C2.33 07F25h"
1703;20136506;"KTS1 C2.33 07F25i"
1704;20136496;"KTS1 C2.33 07F27"
1705;20139313;"KTS1 C2.33 07F28"
1706;20139312;"KTS1 C2.33 07F29"
1707;20139311;"KTS1 C2.33 07F30"
1708;20139319;"KTS1 C2.33 07F31"
1709;20139318;"KTS1 C2.33 07F32"
1710;20139309;"KTS1 C2.33 07F33"
1711;20139310;"KTS1 C2.33 07F34"
1712;20139320;"KTS1 C2.33 07F35"
1713;20139321;"KTS1 C2.33 07F36"
1714;20139322;"KTS1 C2.33 07F37"
1715;20139323;"KTS1 C2.33 07F38"
1716;20139324b;"KTS1 C2.33 07F39b"
1717;20139324a;"KTS1 C2.33 07F39a"
1718;20139326a;"KTS1 C2.34 07F40a"
1719;20139326b;"KTS1 C2.34 07F40b"
1720;20139325;"KTS1 C2.33 07F42"
1721;20139327;"KTS1 C2.33 07F43"
1722;20136202;"KTS1 C2.33 07F44"
1723;20139329;"KTS1 C2.33 07F45"
1724;20139328;"KTS1 C2.33 07F46_01"
1724;20139330;"KTS1 C2.33 07F46_02"
1724;20139331;"KTS1 C2.33 07F46_03"
1725;20139332;"KTS1 C2.34 07F47"
1726;20134148;"KTS1 C1.34 07G01_1"
1726;20134149;"KTS1 C1.34 07G01_2"
1726;20134150;"KTS1 C1.34 07G01_3"
1726;20134151;"KTS1 C1.34 07G01_4"
1726;20134152;"KTS1 C1.34 07G01_5"
1727;20134153;"KTS1 C1.34 07G02_01"
1727;20134154;"KTS1 C1.34 07G02_02"
1728;20137370;"KTS1 C1.34 07G03"
1728;20137369;"KTS1 C1.34 07G04"
1730;20137368;"KTS1 C1.34 07G05"
1731;20134157;"KTS1 C1.34 07G06"
1732;20134155;"KTS1 C1.35 07G07"
1733;20134156;"KTS1 C1.35 07G08"
1734;20136515;"KTS1 C1.35 07G10"
1735;20134158;"KTS1 C1.35 07G11_01"
1735;20134159;"KTS1 C1.35 07G11_02"
1735;20134160;"KTS1 C1.35 07G11_03"
1735;20134161;"KTS1 C1.35 07G11_04"
1736;20134162;"KTS1 C1.35 07H01"
1737;20134163;"KTS1 C1.35 07H02"
1738;20134164;"KTS1 C1.35 07H03a"
1739;;"KTS1 C1.35 07H03b"
1739;;"KTS1 C1.35 07H03b"
1739;;"KTS1 C1.35 07H03b"
1740;20134165;"KTS1 C1.35 07H04"
1740;20134166;"KTS1 C2.33 07F09"
1741;20134167;"KTS1 C1.35 07H05"
1742;20134168;"KTS1 C1.35 07H06"
1743;20134169;"KTS1 C1.35 07H07"
1744;20134170;"KTS1 C1.35 07H08"
1745;20134171b;"KTS1 C1.35 07H09b"
1746;20134171a;"KTS1 C1.35 07H09a"
1747;20134172;"KTS1 C1.35 07H10"
1748;20134173;"KTS1 C1.35 07H11"
1749;;"KTS1 C1.35 07H12a"
1750;;"KTS1 C1.35 07H12b"
1751;;"KTS1 C1.35 07H12c"
1752;;"KTS1 C1.35 07H12d"
1753;;"KTS1 C1.35 07H12e"
1754;;"KTS1 C1.35 07H12f"
1755;20134174;"KTS1 C1.35 07H13_01"
1755;20134176;"KTS1 C1.39 07H13_02"
1755;20134177;"KTS1 C1.39 07H13_03"
1756;20134222;"KTS1 C1.39 07H14"
1757;20134227;"KTS1 C1.39 07H15"
1758;;"KTS1 C1.39 07H16"
1758;;"KTS1 C1.39 07H16"
1758;;"KTS1 C1.39 07H16"
1758;;"KTS1 C1.39 07H16"
1759;20134225;"KTS1 C1.39 07H17"
1760;20134223;"KTS1 C1.39 07H18"
1761;20134224;"KTS1 C1.39 07H19"
1762;20134228;"KTS1 C1.39 07H20"
1763;20134230;"KTS1 C1.39 07H21"
1764;20134229;"KTS1 C1.39 07H22"
1765;20134231;"KTS1 C1.39 07H23"
1766;20134234;"KTS1 C1.39 07H24a"
1767;20134235;"KTS1 C1.39 07H24b"
1768;20134233;"KTS1 C1.39 07H25"
1769;20134232;"KTS1 C1.39 07H26"
1770;20134236;"KTS1 C1.39 07H27_01"
1770;20134237;"KTS1 C1.39 07H27_02"
1771;20134238;"KTS1 C1.39 07H28"
1772;20140304;"KTS1 C3.01 08A01"
1773;20140305;"KTS1 C3.01 08A02"
1774;20140306;"KTS1 C3.01 08A03"
1775;20140316;"KTS1 C3.01 08A04"
1776;20140315;"KTS1 C3.01 08A05"
1777;20140314;"KTS1 C3.01 08A06"
1778;20140313;"KTS1 C3.01 08A07"
1779;20140311;"KTS1 C3.01 08A08"
1780;;"KTS1 C3.01 08A09"
1780;20140312;"KTS1 C3.01 08A09"
1780;;"KTS1 C3.01 08A09"
1781;20140310;"KTS1 C3.01 08A10"
1782;20140309;"KTS1 C3.01 08A11"
1783;20140308;"KTS1 C3.01 08A12"
1784;20140307;"KTS1 C3.01 08A13"
1785;20140317;"KTS1 C3.01 08A14"
1786;20140318;"KTS1 C3.01 08A15"
1786;20146522;"KTS1 H.02.070"
1786;20146523;"KTS1 H.02.071"
1787;20140319;"KTS1 C3.01 08A16"
1787;20139358;"KTS1 C2.35 X2C11"
1788;20140324;"KTS1 C3.01 08A17a"
1788;20140323;"KTS1 C3.01 08A17b"
1789;20140322;"KTS1 C3.01 08A18"
1790;20140321;"KTS1 C3.01 08A19"
1791;20140320;"KTS1 C3.01 08A20"
1792;20136203;"KTS1 C3.01 08A21"
1793;20140325;"KTS1 C3.01 08A22"
1794;20140326;"KTS1 C3.01 08A23"
1795;20140327;"KTS1 C3.01 08A24"
1796;20140337;"KTS1 C3.01 08A25"
1797;20140331;"KTS1 C3.01 08A26"
1798;20140329;"KTS1 C3.01 08A27"
1799;20140330;"KTS1 C3.01 08A28"
1800;20140328;"KTS1 C3.01 08A29"
1801;20140332;"KTS1 C3.01 08A30"
1802;20140333;"KTS1 C3.01 08A31_1"
1802;20140334;"KTS1 C3.01 08A31_2"
1802;20140335;"KTS1 C3.01 08A31_3"
1802;20140336;"KTS1 C3.01 08A31_4"
1803;20140343;"KTS1 C3.02 08A32"
1804;20140338;"KTS1 C3.02 08A33_01-02"
1804;20140339;"KTS1 C3.02 08A33_03-04"
1805;20140344;"KTS1 C3.02 08A34"
1806;20140345;"KTS1 C3.02 08A35"
1807;20137169;"KTS1 C2.19 08B01_02"
1807;20138814;"KTS1 C2.19 08B01_01"
1808;20138777;"KTS1 C2.19 08B02"
1808;20123332;"KTS1 C2.26 H4-074"
1809;20138795;"KTS1 C2.19 08B03"
1810;20138796;"KTS1 C2.19 08B04"
1811;20138794;"KTS1 C2.19 08B05"
1812;20138805;"KTS1 C2.19 08B06"
1813;20138806;"KTS1 C2.19 08B07"
1814;20138807;"KTS1 C2.19 08B08"
1815;20138802;"KTS1 C2.19 08B09"
1816;20138803;"KTS1 C2.19 08B10"
1817;20138804b;"KTS1 C2.19 08B11b"
1818;20138804a;"KTS1 C2.19 08B11a"
1819;20138797;"KTS1 C2.19 08B12"
1820;20138808;"KTS1 C2.20 08B13"
1821;20138798b;"KTS1 C2.19 08B14b"
1822;20138798a;"KTS1 C2.19 08B14a"
1823;20138809;"KTS1 C2.20 08B15"
1824;20138801;"KTS1 C2.19 08B16"
1825;20138800;"KTS1 C2.19 08B17"
1826;20138799;"KTS1 C2.19 08B18"
1827;20138813;"KTS1 C2.20 08B19_02"
1827;20138812;"KTS1 C2.20 08B19_01"
1828;20138811;"KTS1 C2.20 08B20"
1829;20138815;"KTS1 C2.20 08B21_01"
1829;20138817;"KTS1 C2.20 08B21_2.2"
1829;20138816;"KTS1 C2.20 08B21_2.1"
1829;20138818;"KTS1 C2.20 08B21_03"
1829;20138819;"KTS1 C2.20 08B21_04"
1829;20138820;"KTS1 C2.20 08B21_06"
1830;20138810;"KTS1 C2.19 08B22"
1830;20138821b;"KTS1 C2.19 08B23b"
1831;20138821;"KTS1 C2.34 08B23"
1832;20139341;"KTS1 C2.34 08C01"
1833;20139340;"KTS1 C2.34 08C02"
1834;20136217;"KTS1 C2.34 08C03"
1835;20139339;"KTS1 C2.34 08C04"
1836;20139762;"KTS1 C2.34 08C05"
1837;20135748;"KTS1 C2.34 08C06"
1838;20136212;"KTS1 C2.34 08C07"
1839;20139333c;"KTS1 C2.34 08C08c"
1840;20139333e;"KTS1 C2.34 08C08e"
1841;20139333f;"KTS1 C2.34 08C08f"
1842;20139333a;"KTS1 C2.34 08C08a"
1843;20139333b;"KTS1 C2.34 08C08b"
1844;20139333d;"KTS1 C2.34 08C08d"
1845;20139333g;"KTS1 C2.34 08C08g"
1846;20139334;"KTS1 C2.34 08C09a"
1846;20139335;"KTS1 C2.34 08C09b"
1846;20139336;"KTS1 C2.34 08C09c"
1846;20139337;"KTS1 C2.34 08C09d"
1846;20139338;"KTS1 C2.34 08C09e"
1846;20139342;"KTS1 C2.34 08C09f"
1846;20139343;"KTS1 C2.34 08C09g"
1846;20139344;"KTS1 C2.34 08C09h"
1847;20139345;"KTS1 C2.34 08C10"
1848;20139346;"KTS1 C2.34 08C11"
1849;20139355a;"KTS1 C2.34 08C12a"
1850;20139355b;"KTS1 C2.34 08C12b"
1851;20139355c;"KTS1 C2.34 08C12c"
1852;20139355d;"KTS1 C2.34 08C12d"
1853;20139355e;"KTS1 C2.34 08C12e"
1854;20139355f;"KTS1 C2.34 08C12f"
1855;20139355g;"KTS1 C2.34 08C12g"
1856;20139355h;"KTS1 C2.34 08C12h"
1857;20139355i;"KTS1 C2.34 08C12i"
1858;20139355j;"KTS1 C2.34 08C12j"
1859;20139355k;"KTS1 C2.34 08C12k"
1860;20139356;"KTS1 C2.34 08C13"
1861;20139357;"KTS1 C2.34 08C14"
1862;20139347c;"KTS1 C2.34 08C15c"
1863;20139347a;"KTS1 C2.34 08C15a"
1864;20139347b;"KTS1 C2.34 08C15b"
1865;20139347f;"KTS1 C2.34 08C15f"
1866;20139347d;"KTS1 C2.34 08C15d"
1867;20139347e;"KTS1 C2.34 08C15e"
1868;20139400;"KTS1 C2.37 08C16"
1869;20139401;"KTS1 C2.37 08C17a"
1869;20139402;"KTS1 C2.37 08C17b"
1869;20139403;"KTS1 C2.37 08C17c"
1869;20139404;"KTS1 C2.37 08C17d"
1869;20139405;"KTS1 C2.37 08C17e"
1869;20139406;"KTS1 C2.37 08C18a"
1869;20139407;"KTS1 C2.37 08C18b"
1869;20139408;"KTS1 C2.37 08C18c"
1869;20139409;"KTS1 C2.37 08C18d"
1869;20139410;"KTS1 C2.37 08C18e"
1870;20139411;"KTS1 C2.37 08C19"
1871;20139413;"KTS1 C2.37 08C20"
1872;20139412;"KTS1 C2.37 08C21"
1873;;"KTS1 C2.34 08C22a"
1874;;"KTS1 C2.34 08C22m"
1874;;"KTS1 C2.34 08C22m"
1875;;"KTS1 C2.34 08C22n"
1876;;"KTS1 C2.34 08C22h"
1877;;"KTS1 C2.34 08C22j"
1878;;"KTS1 C2.34 08C22i"
1879;;"KTS1 C2.34 08C22d"
1880;;"KTS1 C2.34 08C22o"
1881;;"KTS1 C2.34 08C22b"
1882;;"KTS1 C2.34 08C22l"
1883;;"KTS1 C2.34 08C22k"
1884;;"KTS1 C2.34 08C22e"
1885;;"KTS1 C2.34 08C22p"
1886;;"KTS1 C2.34 08C22g"
1887;;"KTS1 C2.34 08C22f"
1888;;"KTS1 C2.34 08C22c"
1889;20136495;"KTS1 C2.37 08C23"
1890;20136211;"KTS1 C2.37 08C24"
1891;20139415;"KTS1 C2.37 08C25"
1892;20139414g;"KTS1 C2.37 08C26g"
1893;20139414b;"KTS1 C2.37 08C26b"
1894;20139414a;"KTS1 C2.37 08C26a"
1895;20139414h;"KTS1 C2.37 08C26h"
1896;20139414c;"KTS1 C2.37 08C26c"
1897;20139414d;"KTS1 C2.37 08C26d"
1898;20139414f;"KTS1 C2.37 08C26f"
1899;20139414e;"KTS1 C2.37 08C26e"
1900;20139417;"KTS1 C2.37 08C27"
1902;20139418;"KTS1 C2.37 08C29"
1903;20139419;"KTS1 C2.37 08C30"
1904;20139420;"KTS1 C2.37 08C31"
1905;20139422b;"KTS1 C2.37 08C32b"
1906;20139422a;"KTS1 C2.37 08C32a"
1907;20139421;"KTS1 C2.37 08C33"
1908;20139424;"KTS1 C2.37 08C34"
1909;20139423;"KTS1 C2.37 08C35"
1910;20139425;"KTS1 C2.37 08C36"
1911;20139426;"KTS1 C2.37 08C37"
1912;20138105;"KTS1 C1.66 03D03a"
1912;20145535;"KTS1 C3.22 08D01"
1913;20145536;"KTS1 C3.22 08D02"
1914;20145537;"KTS1 C3.22 08D03"
1915;20145538;"KTS1 C3.22 08D04"
1916;20145539;"KTS1 C3.22 08D05"
1917;20145540;"KTS1 C3.22 08D06"
1918;20145541;"KTS1 C3.22 08D07"
1919;20145542;"KTS1 C3.22 08D08"
1920;20145543;"KTS1 C3.22 08D09"
1921;20145545;"KTS1 C3.23 08D10"
1922;20137423;"KTS1 C3.23 08D11"
1923;20145544;"KTS1 C3.23 08D12"
1924;20145546;"KTS1 C3.23 08D13_01"
1924;20145547;"KTS1 C3.23 08D13_02"
1924;20145548;"KTS1 C3.23 08D13_03"
1925;20145549;"KTS1 C3.23 08D14_01"
1925;20145550;"KTS1 C3.23 08D14_02"
1926;20145551;"KTS1 C3.23 08D15"
1927;20136206;"KTS1 C3.23 08D16"
1928;20145553a;"KTS1 C3.23 08D17a"
1929;20145553b;"KTS1 C3.23 08D17b"
1930;20145553c;"KTS1 C3.23 08D17c"
1931;20145552a;"KTS1 C3.23 08D18a"
1932;20145552k;"KTS1 C3.23 08D18k"
1933;20145552f;"KTS1 C3.23 08D18f"
1934;20145552c;"KTS1 C3.23 08D18c"
1935;20145552e;"KTS1 C3.23 08D18e"
1936;20145552g;"KTS1 C3.23 08D18g"
1937;20145552h;"KTS1 C3.23 08D18h"
1937;;"KTS1 C1.23 15C22c"
1937;;"KTS1 C1.23 15C22c"
1939;20145552d;"KTS1 C3.23 08D18d"
1941;20145552j;"KTS1 C3.23 08D18j"
1942;20145557;"KTS1 C3.23 08D19"
1943;20145556;"KTS1 C3.23 08D20"
1944;20145555;"KTS1 C3.23 08D21"
1945;20145554;"KTS1 C3.22 08D22"
1946;20136205;"KTS1 C3.22 08D23"
1947;20145559;"KTS1 C3.23 08D24"
1948;20145560;"KTS1 C3.23 08D25"
1949;20145563;"KTS1 C3.23 08D26"
1950;20145558;"KTS1 C3.23 08D27"
1951;20145561;"KTS1 C3.22 08D28_01"
1951;20145562;"KTS1 C3.22 08D28_02"
1952;20145564;"KTS1 C3.23 08D29"
1953;20136204;"KTS1 C3.23 08D30"
1954;20145565;"KTS1 C3.23 08D31"
1955;20137876;"KTS1 C1.54 08E01"
1956;20137866;"KTS1 C1.54 08E02_01"
1956;20137867;"KTS1 C1.54 08E02_03"
1956;20137868;"KTS1 C1.54 08E02_04"
1956;20137869;"KTS1 C1.54 08E02_05"
1956;20137870;"KTS1 C1.54 08E02_06"
1957;20137877;"KTS1 C1.54 08E03"
1958;20137878;"KTS1 C1.54 08E04"
1959;20137879;"KTS1 C1.54 08E05"
1960;20137880;"KTS1 C1.54 08E06"
1961;20137871;"KTS1 C1.54 08E07"
1962;20137872;"KTS1 C1.54 08E08a"
1963;;"KTS1 C1.54 08E08b"
1963;;"KTS1 C1.54 08E08b"
1964;20137873;"KTS1 C1.54 08E09"
1965;20137884;"KTS1 C1.54 08E10"
1966;20137881;"KTS1 C1.54 08E11"
1967;20137882;"KTS1 C1.54 08E12"
1968;20137883;"KTS1 C1.54 08E13"
1969;20137891;"KTS1 C1.54 08E14a"
1970;;"KTS1 C1.54 08E14b"
1970;;"KTS1 C1.54 08E14b"
1970;;"KTS1 C1.54 08E14b"
1970;;"KTS1 C1.54 08E14b"
1971;;"KTS1 C1.54 08E14c"
1971;;"KTS1 C1.54 08E14c"
1972;20137892;"KTS1 C1.54 08E15"
1973;20137893;"KTS1 C1.54 08E16a"
1974;;"KTS1 C1.54 08E16b"
1974;;"KTS1 C1.54 08E16b"
1974;;"KTS1 C1.54 08E16b"
1974;;"KTS1 C1.54 08E16b"
1974;;"KTS1 C1.54 08E16b"
1974;;"KTS1 C1.54 08E16b"
1974;;"KTS1 C1.54 08E16b"
1974;;"KTS1 C1.54 08E16b"
1974;;"KTS1 C1.54 08E16b"
1974;;"KTS1 C1.54 08E16b"
1974;;"KTS1 C1.54 08E16b"
1974;;"KTS1 C1.54 08E16b"
1974;;"KTS1 C1.54 08E16b"
1974;;"KTS1 C1.54 08E16b"
1974;;"KTS1 C1.54 08E16b"
1974;;"KTS1 C1.54 08E16b"
1974;;"KTS1 C1.54 08E16b"
1974;;"KTS1 C1.54 08E16b"
1974;;"KTS1 C1.54 08E16b"
1974;;"KTS1 C1.54 08E16b"
1974;;"KTS1 C1.54 08E16b"
1974;;"KTS1 C1.54 08E16b"
1974;;"KTS1 C1.54 08E16b"
1974;;"KTS1 C1.54 08E16b"
1974;;"KTS1 C1.54 08E16b"
1974;;"KTS1 C1.54 08E16b"
1974;;"KTS1 C1.54 08E16b"
1974;;"KTS1 C1.54 08E16b"
1974;;"KTS1 C1.54 08E16b"
1974;;"KTS1 C1.54 08E16b"
1974;;"KTS1 C1.54 08E16b"
1974;;"KTS1 C1.54 08E16b"
1974;;"KTS1 C1.54 08E16b"
1974;;"KTS1 C1.54 08E16b"
1974;;"KTS1 C1.54 08E16b"
1974;;"KTS1 C1.54 08E16b"
1974;;"KTS1 C1.54 08E16b"
1974;;"KTS1 C1.54 08E16b"
1974;;"KTS1 C1.54 08E16b"
1974;;"KTS1 C1.54 08E16b"
1974;;"KTS1 C1.54 08E16b"
1974;;"KTS1 C1.54 08E16b"
1974;;"KTS1 C1.54 08E16b"
1974;;"KTS1 C1.54 08E16b"
1974;;"KTS1 C1.54 08E16b"
1974;;"KTS1 C1.54 08E16b"
1974;;"KTS1 C1.54 08E16b"
1974;;"KTS1 C1.54 08E16b"
1975;;"KTS1 C1.61 08E16c"
1975;;"KTS1 C1.61 08E16c"
1975;;"KTS1 C1.61 08E16c"
1975;;"KTS1 C1.61 08E16c"
1976;20138046;"KTS1 C1.61 08E17"
1977;20138047;"KTS1 C1.61 08E18-1-2"
1977;20138048;"KTS1 C1.61 08E18-2"
1978;20138049;"KTS1 C1.61 08E19"
1979;20138050;"KTS1 C1.61 08E20"
1980;20138051;"KTS1 C1.61 08E21_1"
1980;20138052;"KTS1 C1.61 08E21_2"
1981;20138053;"KTS1 C1.61 08E22"
1982;20138054;"KTS1 C1.61 08E23"
1983;20138055;"KTS1 C1.61 08E24"
1984;20138056;"KTS1 C1.61 08E25"
1985;20145532;"KTS1 C3.35 08F01"
1987;20145968;"KTS1 C3.35 08F03"
1988;20145954;"KTS1 C3.35 08F04"
1989;20145965;"KTS1 C3.35 08F05"
1990;20145966;"KTS1 C3.35 08F06"
1991;20145964;"KTS1 C3.36 08F07"
1992;20146001;"KTS1 C3.36 08F08b"
1994;20145995a2;"KTS1 C3.35 08F08a2"
1996;20145995a1;"KTS1 C3.35 08F08a1"
1998;20145995a3;"KTS1 C3.35 08F08a3"
1999;20145995a4;"KTS1 C3.35 08F08a4"
2000;20145997;"KTS1 C3.36 08F09"
2001;20146000;"KTS1 C3.36 08F10"
2002;20145998;"KTS1 C3.35 08F11"
2003;20145999;"KTS1 C3.36 08F12"
2004;20136207a;"KTS1 C3.36 08F13a"
2005;20136207b;"KTS1 C3.36 08F13b"
2006;20136207c;"KTS1 C3.36 08F13c"
2007;20146010;"KTS1 C3.36 08F15"
2008;20146009;"KTS1 C3.36 08F16"
2009;20146008;"KTS1 C3.36 08F17"
2010;20145988;"KTS1 C3.35 08F18"
2011;20146012;"KTS1 C3.36 08F19"
2012;20146013;"KTS1 C3.35 08F20"
2013;20146014;"KTS1 C3.36 08F21"
2014;20146002;"KTS1 C3.35 08F22"
2015;20146024;"KTS1 C3.36 08F23"
2016;20146025;"KTS1 C3.36 08F24"
2019;20134274;"KTS1 C3.36 08F26a"
2020;20134274b;"KTS1 C3.36 08F26b"
2021;20146004b;"KTS1 C3.35 08F27b"
2022;20146004a;"KTS1 C3.36 08F27a"
2023;20146003;"KTS1 C3.35 08F28"
2024;20146015;"KTS1 C3.35 08F29"
2025;20146027;"KTS1 C3.36 08F30_01"
2025;20146028;"KTS1 C3.36 08F30_02"
2026;20146029;"KTS1 C3.36 08F31"
2027;20146030;"KTS1 C3.36 08F32 bassus"
2027;20146031;"KTS1 C3.36 08F32 cantus"
2028;20136210;"KTS1 C3.36 08F34"
2029;20146033;"KTS1 C3.36 08F35"
2030;20136208;"KTS1 C3.36 08F36"
2031;20146034;"KTS1 C3.37 08F37"
2032;20134277;"KTS1 C3.37 08F38"
2033;20136209;"KTS1 C3.37 08F39"
2034;20134278;"KTS1 C3.37 08F43a"
2035;20134279;"KTS1 C3.37 08F43b"
2036;20139199;"KTS1 C3.37 08F43c"
2037;20139198;"KTS1 C3.37 08F43d"
2038;20134281;"KTS1 C3.37 08F43e"
2039;20146035;"KTS1 C3.37 08F44"
2040;20146036;"KTS1 C3.37 08F45"
2041;20146037;"KTS1 C3.37 08F46"
2042;20140346;"KTS1 C3.02 08G01"
2043;20136222;"KTS1 C3.02 08G02"
2044;20140347;"KTS1 C3.02 08G03"
2045;20136223;"KTS1 C3.02 08G04_01"
2045;20136224;"KTS1 C3.02 08G04_02"
2046;20136248;"KTS1 C3.02 08G05"
2048;20136247;"KTS1 C3.02 08G06"
2049;20136246c;"KTS1 C3.02 08G07c"
2050;20136246a;"KTS1 C3.02 08G07a"
2051;20136246d;"KTS1 C3.02 08G07d"
2052;20136246b;"KTS1 C3.02 08G07b"
2053;20140348;"KTS1 C3.02 08G08"
2054;20140349;"KTS1 C3.02 08G09"
2055;20140350;"KTS1 C3.02 08G10"
2056;20140351;"KTS1 C3.02 08G11"
2057;20140352;"KTS1 C3.02 08G12"
2058;20136236;"KTS1 C3.02 08G13"
2059;20140353;"KTS1 C3.02 08G14"
2060;20140354;"KTS1 C3.02 08G15"
2061;20140355;"KTS1 C3.02 08G16"
2062;20140356;"KTS1 C3.02 08G17"
2063;20140357;"KTS1 C3.02 08G18"
2064;20140358;"KTS1 C3.02 08G19"
2065;20137943;"KTS1 C3.02 08G20"
2066;20137942;"KTS1 C3.02 08G21"
2067;20136517;"KTS1 C3.02 08G22"
2068;20140360;"KTS1 C3.02 08G23"
2069;20136235;"KTS1 C3.02 08G24"
2070;20140359;"KTS1 C3.02 08G25"
2071;20140372;"KTS1 C3.02 08G26"
2072;20136231;"KTS1 C3.02 08G27"
2073;20136233;"KTS1 C3.02 08G28"
2074;20140371;"KTS1 C3.02 08G29"
2075;20140370;"KTS1 C3.02 08G30"
2076;20136234;"KTS1 C3.02 08G31"
2077;20136232;"KTS1 C3.02 08G32"
2078;20140369;"KTS1 C3.02 08G33"
2079;20140368;"KTS1 C3.02 08G34"
2080;20140373g;"KTS1 C3.02 08G35g"
2081;20140373c;"KTS1 C3.02 08G35c"
2082;20140373e;"KTS1 C3.02 08G35e"
2083;20140373d;"KTS1 C3.02 08G35d"
2084;20140373b;"KTS1 C3.02 08G35b"
2085;20140373h;"KTS1 C3.02 08G35h"
2086;20140373f;"KTS1 C3.02 08G35f"
2087;20140373a;"KTS1 C3.02 08G35a"
2088;20140374;"KTS1 C3.02 08G36"
2089;20140340;"KTS1 C3.02 08G37"
2090;20140341;"KTS1 C3.02 08G38"
2091;20140342;"KTS1 C3.02 08G39"
2092;20136221;"KTS1 C3.02 08G40"
2093;20140381;"KTS1 C3.02 08G41"
2094;20140380;"KTS1 C3.02 08G42"
2095;20140382g;"KTS1 C3.02 08G43g"
2095;20140382j;"KTS1 C3.02 08G43j"
2096;20140382a;"KTS1 C3.02 08G43a"
2097;20140382k;"KTS1 C3.02 08G43k"
2098;20140382e;"KTS1 C3.02 08G43e"
2099;20140382f;"KTS1 C3.02 08G43f"
2100;20140367;"KTS1 C3.02 08G44"
2101;20136278;"KTS1 C3.02 08G45"
2102;20145168;"KTS1 C3.08 08G46"
2103;20145166;"KTS1 C3.08 08G47"
2104;20145171;"KTS1 C3.08 08G48"
2105;20145174;"KTS1 C3.08 08G49"
2106;20145173;"KTS1 C3.08 08G50"
2107;20145172;"KTS1 C3.08 08G51"
2108;20145170;"KTS1 C3.08 08G52"
2109;20145169;"KTS1 C3.08 08G53"
2110;20145167;"KTS1 C3.08 08G54"
2110;20145610;"KTS1 C3.25 03J10"
2111;20136225;"KTS1 C3.08 08G55"
2112;20136226;"KTS1 C3.08 08G56"
2114;20145176;"KTS1 C3.08 08G58"
2115;20145178;"KTS1 C3.08 08G59"
2116;20145179;"KTS1 C3.08 08G60"
2117;20145180;"KTS1 C3.08 08G61"
2118;20145181;"KTS1 C3.08 08G62"
2119;20145182;"KTS1 C3.08 08G63"
2120;20145183;"KTS1 C3.08 08G64"
2121;20145184;"KTS1 C3.08 08G65"
2122;20136230;"KTS1 C3.08 08G66"
2123;20136229;"KTS1 C3.08 08G67"
2124;20145189;"KTS1 C3.08 08G68a"
2124;20145194;"KTS1 C3.08 08G68b"
2125;20145188b;"KTS1 C3.08 08G69"
2126;20145188a;"KTS1 C3.08 08G69a"
2127;20136228;"KTS1 C3.08 08G70"
2128;20145192;"KTS1 C3.08 08G71"
2129;20145191;"KTS1 C3.08 08G72"
2130;20145190;"KTS1 C3.08 08G73"
2131;20145197;"KTS1 C3.08 08G74"
2132;20136227;"KTS1 C3.08 08G75"
2133;20145198;"KTS1 C3.08 08G76"
2134;20145195;"KTS1 C3.08 08G77"
2135;20145196;"KTS1 C3.08 08G78"
2136;20145193;"KTS1 C3.08 08G79"
2137;20145205a;"KTS1 C3.08 08G80.a1"
2137;20145204a;"KTS1 C3.08 08G80.c1"
2137;20145203a;"KTS1 C3.08 08G80.b1"
2138;20145205b;"KTS1 C3.08 08G80.a2"
2138;20145203b;"KTS1 C3.08 08G80.b2"
2138;20145204b;"KTS1 C3.08 08G80.c2"
2139;20145205d;"KTS1 C3.08 08G80.a4"
2139;20145204d;"KTS1 C3.08 08G80.c4"
2139;20145203d;"KTS1 C3.08 08G80.b4"
2140;20145205c;"KTS1 C3.08 08G80.a3"
2140;20145203c;"KTS1 C3.08 08G80.b3"
2140;20145204c;"KTS1 C3.08 08G80.c3"
2141;20145202;"KTS1 C3.08 08G81"
2142;20145201;"KTS1 C3.08 08G82"
2143;20146116;"KTS1 C3.40 08H01a"
2143;20146117;"KTS1 C3.40 08H01b"
2144;20146118;"KTS1 C3.40 08H02c"
2144;20146119;"KTS1 C3.40 08H02b"
2144;20146120;"KTS1 C3.40 08H02a"
2145;20146128;"KTS1 C3.40 08H03"
2146;20146126;"KTS1 C3.40 08H04a"
2146;20146127;"KTS1 C3.40 08H04b"
2147;20146131;"KTS1 C3.40 08H05"
2148;20146130;"KTS1 C3.40 08H06"
2149;20146129;"KTS1 C3.40 08H07"
2150;20146132;"KTS1 C3.40 08H08_1908"
2151;20146133;"KTS1 C3.40 08H08_1910"
2152;20146134;"KTS1 C3.40 08H09"
2153;20146135;"KTS1 C3.40 08H10"
2154;20146136;"KTS1 C3.40 08H11"
2155;20146137;"KTS1 C3.40 08H12_1"
2155;20146138;"KTS1 C3.40 08H12_2"
2155;20131066;"KTS1 C1.21"
2155;20146139;"KTS1 C3.41 08H12_3"
2157;20146143;"KTS1 C3.41 08H13_1"
2157;20146142;"KTS1 C3.41 08H13_2"
2158;20146141;"KTS1 C3.41 08H14"
2159;20146140;"KTS1 C3.41 08H15"
2160;20146144;"KTS1 C3.41 08H16"
2161;20146145;"KTS1 C3.41 08H17"
2162;20146146;"KTS1 C3.41 08H18"
2163;20146147a;"KTS1 C3.41 08H19a"
2164;20146147b;"KTS1 C3.41 08H19b"
2165;20146147c;"KTS1 C3.41 08H19c"
2166;20146147d;"KTS1 C3.41 08H19d"
2167;20146148;"KTS1 C3.41 08H20"
2168;20146149;"KTS1 C3.41 08H21"
2169;20145945;"KTS1 C3.41 08H22a"
2169;20145946;"KTS1 C3.41 08H22b"
2170;20146151;"KTS1 C3.41 08H23"
2171;20135753;"KTS1 C3.41 08H24"
2172;20146150;"KTS1 C3.41 08H25"
2173;20146153;"KTS1 C3.41 08H26"
2174;20146039;"KTS1 C3.37 08I01"
2175;20146040;"KTS1 C3.37 08I02a"
2175;20146041;"KTS1 C3.37 08I02b"
2176;20146042;"KTS1 C3.37 08I03"
2177;20146043;"KTS1 C3.37 08I04"
2178;20146044;"KTS1 C3.37 08I05"
2179;20136218;"KTS1 C3.37 08I06"
2180;20134252;"KTS1 C3.37 08I07_01"
2180;20134253;"KTS1 C3.37 08I07_02"
2180;20134254;"KTS1 C3.37 08I07_03"
2181;20146046;"KTS1 C3.37 08I08"
2182;20146102;"KTS1 C3.40 08I09"
2183;20146101;"KTS1 C3.40 08I10"
2184;20146100;"KTS1 C3.40 08I12"
2185;20136253;"KTS1 C3.40 08I13"
2186;20146105;"KTS1 C3.40 08I14"
2187;20146104;"KTS1 C3.40 08I15"
2188;20146103;"KTS1 C3.40 08I16"
2189;20146107;"KTS1 C3.40 08I17"
2190;20146109;"KTS1 C3.40 08I18"
2191;20146108;"KTS1 C3.40 08I19"
2192;20146106;"KTS1 C3.40 08I20"
2193;20146115;"KTS1 C3.40 08I21"
2194;20146114;"KTS1 C3.40 08I22"
2195;20146113;"KTS1 C3.40 08I23"
2196;20146112;"KTS1 C3.40 08I24"
2197;20146111;"KTS1 C3.40 08I25"
2198;20146110;"KTS1 C3.40 08I26"
2199;20145228;"KTS1 C3.10 08J01"
2200;20145212b;"KTS1 C3.10 08J02b"
2201;20145212a;"KTS1 C3.10 08J02a"
2202;20145230;"KTS1 C3.10 08J03a"
2202;20145213;"KTS1 C3.10 08J03b"
2202;20145214;"KTS1 C3.10 08J03c"
2202;20145229;"KTS1 C3.10 08J03d"
2205;20145234;"KTS1 C3.10 08J04"
2206;20145235;"KTS1 C3.10 08J05"
2207;20136006;"KTS1 C3.10 08J06"
2208;20145236;"KTS1 C3.10 08J07a"
2208;20145237;"KTS1 C3.10 08J07b"
2208;20145238;"KTS1 C3.10 08J07c"
2208;20145239;"KTS1 C3.10 08J07d"
2208;20145240;"KTS1 C3.10 08J07e"
2208;20145241;"KTS1 C3.10 08J07f"
2208;20145242;"KTS1 C3.10 08J07g"
2208;20145243;"KTS1 C3.10 08J07h"
2208;20145244;"KTS1 C3.10 08J07i"
2208;20145245;"KTS1 C3.10 08J07j"
2208;20145246;"KTS1 C3.10 08J07k"
2208;20145247;"KTS1 C3.10 08J07l"
2208;20145248;"KTS1 C3.10 08J07m"
2208;20145249;"KTS1 C3.10 08J07n"
2209;20136261;"KTS1 C3.10 08J09"
2210;20136259;"KTS1 C3.10 08J10"
2211;20136260;"KTS1 C3.10 08J11"
2212;20145250;"KTS1 C3.10 08J12"
2213;20145251;"KTS1 C3.10 08J13"
2214;20145252;"KTS1 C3.10 08J14a"
2214;20145253;"KTS1 C3.10 08J14b"
2214;20145254;"KTS1 C3.10 08J14c"
2214;20145255;"KTS1 C3.10 08J14d"
2215;20136249;"KTS1 C3.10 08J15"
2216;20145256;"KTS1 C3.10 08J16"
2217;20145257;"KTS1 C3.10 08J17"
2218;20145259;"KTS1 C3.10 08J18"
2219;20145258a;"KTS1 C3.10 08J19a"
2219;20145258b;"KTS1 C3.10 08J19b"
2219;20145258c;"KTS1 C3.10 08J19c"
2219;20145258d;"KTS1 C3.10 08J19d"
2220;20145260;"KTS1 C3.10 08J21"
2221;20145269;"KTS1 C3.10 08J22"
2222;20145270;"KTS1 C3.10 08J24"
2223;20145271;"KTS1 C3.10 08J25"
2224;20145280;"KTS1 C3.10 08J26d"
2224;20145268;"KTS1 C3.10 08J26a"
2224;20145267;"KTS1 C3.10 08J26b"
2224;20145266;"KTS1 C3.10 08J26c"
2225;20145264;"KTS1 C3.10 08J27a"
2225;20145262;"KTS1 C3.10 08J27b"
2225;20145261;"KTS1 C3.10 08J27c"
2225;20145263;"KTS1 C3.10 08J27d"
2225;20145265;"KTS1 C3.10 08J27e"
2226;20136258;"KTS1 C3.10 08J30a"
2226;20145272;"KTS1 C3.10 08J30b"
2226;20145273;"KTS1 C3.10 08J30c"
2227;20136257;"KTS1 C3.10 08J31a"
2227;20145231;"KTS1 C3.10 08J31b"
2227;20145232;"KTS1 C3.10 08J31c"
2227;20145233;"KTS1 C3.10 08J31d"
2228;20145274;"KTS1 C3.10 08J32"
2229;20145275;"KTS1 C3.10 08J33"
2230;20136250;"KTS1 C3.10 08J34"
2231;20145276;"KTS1 C3.10 08J35"
2232;20145281;"KTS1 C3.10 08J36"
2233;20145282;"KTS1 C3.10 08J37"
2234;20145286b;"KTS1 C3.10 08J38b"
2235;20145286a;"KTS1 C3.10 08J38a"
2236;20145285;"KTS1 C3.10 08J39"
2237;20145284;"KTS1 C3.10 08J40"
2238;20145283;"KTS1 C3.10 08J41"
2239;20145287;"KTS1 C3.11 08J42"
2240;20145288;"KTS1 C3.11 08J43"
2241;20145289;"KTS1 C3.11 08J44"
2242;20145290;"KTS1 C3.11 08J45"
2243;20145291;"KTS1 C3.11 08J46"
2244;20145292;"KTS1 C3.11 08J47"
2245;20145277b;"KTS1 C3.11 08J48b"
2246;20145277a;"KTS1 C3.11 08J48a"
2247;20145278;"KTS1 C3.11 08J49"
2248;20145279;"KTS1 C3.11 08J50"
2249;20137925;"KTS1 C1.58 09A01"
2250;20137973;"KTS1 C1.58 09A02a"
2251;;"KTS1 C1.58 09A02c"
2252;;"KTS1 C1.58 09A02b"
2253;20137974;"KTS1 C1.58 09A03"
2254;20137975;"KTS1 C1.58 09A04"
2255;20137983;"KTS1 C1.58 09A05"
2256;;"KTS1 C1.58 09A06g"
2256;;"KTS1 C1.58 09A06g"
2256;;"KTS1 C1.58 09A06g"
2256;;"KTS1 C1.58 09A06g"
2257;;"KTS1 C1.58 09A06i"
2257;;"KTS1 C1.58 09A06i"
2257;;"KTS1 C1.58 09A06i"
2257;;"KTS1 C1.58 09A06i"
2258;;"KTS1 C1.58 09A06e"
2258;;"KTS1 C1.58 09A06e"
2258;;"KTS1 C1.58 09A06e"
2258;;"KTS1 C1.58 09A06e"
2259;;"KTS1 C1.58 09A06h"
2259;;"KTS1 C1.58 09A06h"
2259;;"KTS1 C1.58 09A06h"
2259;;"KTS1 C1.58 09A06h"
2260;;"KTS1 C1.58 09A06c"
2260;;"KTS1 C1.58 09A06c"
2260;;"KTS1 C1.58 09A06c"
2260;;"KTS1 C1.58 09A06c"
2261;;"KTS1 C1.58 09A06b"
2261;;"KTS1 C1.58 09A06b"
2261;;"KTS1 C1.58 09A06b"
2261;;"KTS1 C1.58 09A06b"
2262;;"KTS1 C1.58 09A06a"
2262;20145819f;"KTS1 C3.30 X1A09f"
2262;;"KTS1 C1.58 09A06a"
2263;;"KTS1 C1.58 09A06d"
2263;;"KTS1 C1.58 09A06d"
2263;;"KTS1 C1.58 09A06d"
2263;;"KTS1 C1.58 09A06d"
2264;;"KTS1 C1.58 09A06f"
2264;;"KTS1 C1.58 09A06f"
2264;;"KTS1 C1.58 09A06f"
2264;;"KTS1 C1.58 09A06f"
2265;20137985;"KTS1 C1.58 09A07"
2266;20137986;"KTS1 C1.58 09A08"
2267;20137976;"KTS1 C1.58 09A09"
2268;20137977;"KTS1 C1.58 09A10"
2269;20137978;"KTS1 C1.58 09A11"
2270;20137979;"KTS1 C1.58 09A12"
2271;20137987;"KTS1 C1.58 09A13"
2272;20137988;"KTS1 C1.58 09A14"
2273;20137989;"KTS1 C1.58 09A15"
2274;20137980;"KTS1 C1.58 09A16"
2275;20137981;"KTS1 C1.58 09A17_01"
2275;20137982;"KTS1 C1.58 09A17_02"
2276;20137990;"KTS1 C1.58 09A18"
2277;20138001;"KTS1 C1.58 09A19"
2278;20137993;"KTS1 C1.58 09A20"
2279;20137992;"KTS1 C1.58 09A21"
2280;20137994;"KTS1 C1.58 09A22"
2281;20137995;"KTS1 C1.58 09A23"
2282;20138002;"KTS1 C1.58 09A24"
2283;20137996;"KTS1 C1.58 09A25a"
2284;;"KTS1 C1.58 09A25b"
2284;20134182;"KTS1 C1.37 10K09"
2285;20137997;"KTS1 C1.58 09A26"
2286;20137991;"KTS1 C1.59 09A27"
2287;20137998;"KTS1 C1.59 09A28"
2288;20137999;"KTS1 C1.59 09A29_01"
2288;20138000;"KTS1 C1.59 09A29_02"
2289;20138003;"KTS1 C1.59 09A30"
2290;20138004;"KTS1 C1.59 09A31"
2291;20138008;"KTS1 C1.59 09A32"
2292;20138007;"KTS1 C1.59 09A33"
2293;20138006;"KTS1 C1.59 09A34"
2294;20138005;"KTS1 C1.59 09A35"
2295;20136828a;"KTS1 C1.13 09B01a"
2297;20136829;"KTS1 C1.13 09B02"
2298;20136830;"KTS1 C1.13 09B03_01"
2299;20136831;"KTS1 C1.13 09B03_02"
2300;20136832;"KTS1 C1.13 09B04"
2301;20136833;"KTS1 C1.13 09B05a-b"
2302;20136834;"KTS1 C1.13 09B06_01"
2302;20136835;"KTS1 C1.13 09B06_02"
2302;20136836;"KTS1 C1.13 09B06_03"
2303;20136837;"KTS1 C1.13 09B07"
2304;20136838;"KTS1 C1.13 09B08"
2305;20136839;"KTS1 C1.13 09B09"
2306;20136817;"KTS1 C1.13 09B10"
2307;20136842;"KTS1 C1.13 09B11"
2308;20136841;"KTS1 C1.13 09B12"
2309;20136843;"KTS1 C1.13 09B13"
2310;20136844b;"KTS1 C1.13 09B14b"
2311;20136844a;"KTS1 C1.13 09B14a"
2312;20136845;"KTS1 C1.13 09B15a"
2313;20136845b;"KTS1 C1.13 09B15b"
2314;20136840;"KTS1 C1.13 09B17"
2315;20136856;"KTS1 C1.14 09B18"
2315;20138724j;"KTS1 C2.16 H3-036j"
2316;20136857;"KTS1 C1.14 09B19"
2317;20136858;"KTS1 C1.14 09B20"
2318;20136859;"KTS1 C1.14 09B21"
2319;20136860;"KTS1 C1.14 09B22"
2320;20136861a;"KTS1 C1.14 09B23a"
2321;;"KTS1 C1.14 09B23b"
2321;;"KTS1 C1.14 09B23b"
2321;;"KTS1 C1.14 09B23b"
2321;;"KTS1 C1.14 09B23b"
2321;20136861b;"KTS1 C1.14 09B23b"
2321;;"KTS1 C1.14 09B23b"
2321;;"KTS1 C1.14 09B23b"
2321;;"KTS1 C1.14 09B23b"
2321;;"KTS1 C1.14 09B23b"
2322;20136862;"KTS1 C1.14 09B24"
2323;20136863;"KTS1 C1.14 09B25"
2324;20136847;"KTS1 C1.14 09B26_01"
2324;20136848;"KTS1 C1.14 09B26_02"
2325;20136864;"KTS1 C1.14 09C01_01"
2325;20136865;"KTS1 C1.14 09C01_11"
2325;20136866;"KTS1 C1.14 09C01_13"
2325;20136867;"KTS1 C1.14 09C01_15"
2326;20136868;"KTS1 C1.14 09C02_09"
2327;20136869;"KTS1 C1.14 09C03"
2328;20136846;"KTS1 C1.14 09C04"
2329;20136849;"KTS1 C1.14 09C05_01"
2329;20136850;"KTS1 C1.14 09C05_02"
2330;20136851;"KTS1 C1.14 09C06"
2331;20136852;"KTS1 C1.14 09C08"
2332;20136855;"KTS1 C1.14 09C09"
2333;20136853;"KTS1 C1.14 09C10"
2334;20136854;"KTS1 C1.14 09C11"
2335;20136876;"KTS1 C1.15 09C12a"
2336;20136876b;"KTS1 C1.15 09C12b"
2337;20136874;"KTS1 C1.14 09C13_01"
2337;20136875;"KTS1 C1.15 09C13_03"
2338;20136882;"KTS1 C1.15 09C14"
2339;20136883;"KTS1 C1.15 09C15a"
2340;;"KTS1 C1.15 09C15b"
2340;;"KTS1 C1.15 09C15b"
2340;;"KTS1 C1.15 09C15b"
2340;;"KTS1 C1.15 09C15b"
2340;;"KTS1 C1.15 09C15b"
2340;;"KTS1 C1.15 09C15b"
2340;;"KTS1 C1.15 09C15b"
2340;;"KTS1 C1.15 09C15b"
2340;;"KTS1 C1.15 09C15b"
2340;;"KTS1 C1.15 09C15b"
2340;;"KTS1 C1.15 09C15b"
2340;;"KTS1 C1.15 09C15b"
2340;;"KTS1 C1.15 09C15b"
2340;;"KTS1 C1.15 09C15b"
2340;;"KTS1 C1.15 09C15b"
2340;;"KTS1 C1.15 09C15b"
2340;;"KTS1 C1.15 09C15b"
2340;;"KTS1 C1.15 09C15b"
2340;;"KTS1 C1.15 09C15b"
2340;;"KTS1 C1.15 09C15b"
2340;;"KTS1 C1.15 09C15b"
2340;;"KTS1 C1.15 09C15b"
2340;;"KTS1 C1.15 09C15b"
2340;;"KTS1 C1.15 09C15b"
2340;;"KTS1 C1.15 09C15b"
2340;;"KTS1 C1.15 09C15b"
2340;;"KTS1 C1.15 09C15b"
2340;;"KTS1 C1.15 09C15b"
2340;;"KTS1 C1.15 09C15b"
2340;;"KTS1 C1.15 09C15b"
2340;;"KTS1 C1.15 09C15b"
2340;;"KTS1 C1.15 09C15b"
2340;;"KTS1 C1.15 09C15b"
2340;;"KTS1 C1.15 09C15b"
2340;;"KTS1 C1.15 09C15b"
2340;;"KTS1 C1.15 09C15b"
2340;;"KTS1 C1.15 09C15b"
2340;;"KTS1 C1.15 09C15b"
2340;;"KTS1 C1.15 09C15b"
2340;;"KTS1 C1.15 09C15b"
2340;;"KTS1 C1.15 09C15b"
2340;;"KTS1 C1.15 09C15b"
2340;;"KTS1 C1.15 09C15b"
2340;;"KTS1 C1.15 09C15b"
2340;;"KTS1 C1.15 09C15b"
2340;;"KTS1 C1.15 09C15b"
2340;;"KTS1 C1.15 09C15b"
2340;;"KTS1 C1.15 09C15b"
2340;;"KTS1 C1.15 09C15b"
2340;;"KTS1 C1.15 09C15b"
2340;;"KTS1 C1.15 09C15b"
2340;;"KTS1 C1.15 09C15b"
2340;;"KTS1 C1.15 09C15b"
2340;;"KTS1 C1.15 09C15b"
2340;;"KTS1 C1.15 09C15b"
2340;;"KTS1 C1.15 09C15b"
2340;;"KTS1 C1.15 09C15b"
2340;;"KTS1 C1.15 09C15b"
2340;;"KTS1 C1.15 09C15b"
2340;;"KTS1 C1.15 09C15b"
2340;;"KTS1 C1.15 09C15b"
2340;;"KTS1 C1.15 09C15b"
2340;;"KTS1 C1.15 09C15b"
2340;;"KTS1 C1.15 09C15b"
2340;;"KTS1 C1.15 09C15b"
2340;;"KTS1 C1.15 09C15b"
2340;;"KTS1 C1.15 09C15b"
2340;;"KTS1 C1.15 09C15b"
2340;;"KTS1 C1.15 09C15b"
2340;;"KTS1 C1.15 09C15b"
2340;;"KTS1 C1.15 09C15b"
2340;;"KTS1 C1.15 09C15b"
2340;;"KTS1 C1.15 09C15b"
2340;;"KTS1 C1.15 09C15b"
2340;;"KTS1 C1.15 09C15b"
2340;;"KTS1 C1.15 09C15b"
2340;;"KTS1 C1.15 09C15b"
2340;;"KTS1 C1.15 09C15b"
2340;;"KTS1 C1.15 09C15b"
2340;;"KTS1 C1.15 09C15b"
2340;;"KTS1 C1.15 09C15b"
2340;;"KTS1 C1.15 09C15b"
2340;;"KTS1 C1.15 09C15b"
2340;;"KTS1 C1.15 09C15b"
2340;;"KTS1 C1.15 09C15b"
2340;;"KTS1 C1.15 09C15b"
2340;;"KTS1 C1.15 09C15b"
2340;;"KTS1 C1.15 09C15b"
2340;;"KTS1 C1.15 09C15b"
2340;;"KTS1 C1.15 09C15b"
2340;;"KTS1 C1.15 09C15b"
2340;;"KTS1 C1.15 09C15b"
2340;;"KTS1 C1.15 09C15b"
2340;;"KTS1 C1.15 09C15b"
2340;;"KTS1 C1.15 09C15b"
2340;;"KTS1 C1.15 09C15b"
2341;20136884;"KTS1 C1.15 09C16"
2342;20136885;"KTS1 C1.15 09C17"
2343;20136251;"KTS1 C1.15 09C18"
2344;20136886;"KTS1 C1.15 09C19"
2345;20136887;"KTS1 C1.15 09C20"
2346;20136888;"KTS1 C1.15 09C21"
2347;20136889;"KTS1 C1.15 09C22"
2348;20136881;"KTS1 C1.15 09C23"
2349;20136880;"KTS1 C1.15 09C24"
2350;20136879;"KTS1 C1.15 09C25"
2351;20136877;"KTS1 C1.15 09C26"
2352;20136252;"KTS1 C1.15 09C27"
2353;20138013a;"KTS1 C1.59 09D01a"
2354;20138013b;"KTS1 C1.59 09D01b"
2355;20138013c;"KTS1 C1.59 09D01c"
2356;20138013d;"KTS1 C1.59 09D01d"
2357;20138013e;"KTS1 C1.59 09D01e"
2358;;"KTS1 C1.59 09D02e"
2358;;"KTS1 C1.59 09D02e"
2358;;"KTS1 C1.59 09D02e"
2358;;"KTS1 C1.59 09D02e"
2358;;"KTS1 C1.59 09D02e"
2358;;"KTS1 C1.59 09D02e"
2358;;"KTS1 C1.59 09D02e"
2358;;"KTS1 C1.59 09D02e"
2358;;"KTS1 C1.59 09D02e"
2358;;"KTS1 C1.59 09D02e"
2358;;"KTS1 C1.59 09D02e"
2358;;"KTS1 C1.59 09D02e"
2358;;"KTS1 C1.59 09D02e"
2358;;"KTS1 C1.59 09D02e"
2358;;"KTS1 C1.59 09D02e"
2358;;"KTS1 C1.59 09D02e"
2358;;"KTS1 C1.59 09D02e"
2358;;"KTS1 C1.59 09D02e"
2358;;"KTS1 C1.59 09D02e"
2358;;"KTS1 C1.59 09D02e"
2358;;"KTS1 C1.59 09D02e"
2358;;"KTS1 C1.59 09D02e"
2358;;"KTS1 C1.59 09D02e"
2358;;"KTS1 C1.59 09D02e"
2358;;"KTS1 C1.59 09D02e"
2358;;"KTS1 C1.59 09D02e"
2358;;"KTS1 C1.59 09D02e"
2358;;"KTS1 C1.59 09D02e"
2358;;"KTS1 C1.59 09D02e"
2358;;"KTS1 C1.59 09D02e"
2358;;"KTS1 C1.59 09D02e"
2358;;"KTS1 C1.59 09D02e"
2358;;"KTS1 C1.59 09D02e"
2358;;"KTS1 C1.59 09D02e"
2358;;"KTS1 C1.59 09D02e"
2358;;"KTS1 C1.59 09D02e"
2358;;"KTS1 C1.59 09D02e"
2358;;"KTS1 C1.59 09D02e"
2358;;"KTS1 C1.59 09D02e"
2358;;"KTS1 C1.59 09D02e"
2358;;"KTS1 C1.59 09D02e"
2358;;"KTS1 C1.59 09D02e"
2358;;"KTS1 C1.59 09D02e"
2358;;"KTS1 C1.59 09D02e"
2358;;"KTS1 C1.59 09D02e"
2358;;"KTS1 C1.59 09D02e"
2358;;"KTS1 C1.59 09D02e"
2358;;"KTS1 C1.59 09D02e"
2359;;"KTS1 C1.59 09D02d"
2359;;"KTS1 C1.59 09D02d"
2359;;"KTS1 C1.59 09D02d"
2359;;"KTS1 C1.59 09D02d"
2359;;"KTS1 C1.59 09D02d"
2359;;"KTS1 C1.59 09D02d"
2359;;"KTS1 C1.59 09D02d"
2359;;"KTS1 C1.59 09D02d"
2359;;"KTS1 C1.59 09D02d"
2359;;"KTS1 C1.59 09D02d"
2359;;"KTS1 C1.59 09D02d"
2359;;"KTS1 C1.59 09D02d"
2359;;"KTS1 C1.59 09D02d"
2359;;"KTS1 C1.59 09D02d"
2359;;"KTS1 C1.59 09D02d"
2359;;"KTS1 C1.59 09D02d"
2359;;"KTS1 C1.59 09D02d"
2359;;"KTS1 C1.59 09D02d"
2359;;"KTS1 C1.59 09D02d"
2359;;"KTS1 C1.59 09D02d"
2359;;"KTS1 C1.59 09D02d"
2359;;"KTS1 C1.59 09D02d"
2359;;"KTS1 C1.59 09D02d"
2359;;"KTS1 C1.59 09D02d"
2360;20138014;"KTS1 C1.59 09D02a"
2361;;"KTS1 C1.59 09D02b"
2361;;"KTS1 C1.59 09D02b"
2361;;"KTS1 C1.59 09D02b"
2361;;"KTS1 C1.59 09D02b"
2362;;"KTS1 C1.59 09D02c"
2362;;"KTS1 C1.59 09D02c"
2363;;"KTS1 C1.59 09D02f"
2363;;"KTS1 C1.59 09D02f"
2363;;"KTS1 C1.59 09D02f"
2363;;"KTS1 C1.59 09D02f"
2363;;"KTS1 C1.59 09D02f"
2363;;"KTS1 C1.59 09D02f"
2363;;"KTS1 C1.59 09D02f"
2363;;"KTS1 C1.59 09D02f"
2363;;"KTS1 C1.59 09D02f"
2363;;"KTS1 C1.59 09D02f"
2363;;"KTS1 C1.59 09D02f"
2363;;"KTS1 C1.59 09D02f"
2363;;"KTS1 C1.59 09D02f"
2363;;"KTS1 C1.59 09D02f"
2363;;"KTS1 C1.59 09D02f"
2363;;"KTS1 C1.59 09D02f"
2363;;"KTS1 C1.59 09D02f"
2363;;"KTS1 C1.59 09D02f"
2363;;"KTS1 C1.59 09D02f"
2363;;"KTS1 C1.59 09D02f"
2363;;"KTS1 C1.59 09D02f"
2363;;"KTS1 C1.59 09D02f"
2363;;"KTS1 C1.59 09D02f"
2363;;"KTS1 C1.59 09D02f"
2363;;"KTS1 C1.59 09D02f"
2363;;"KTS1 C1.59 09D02f"
2363;;"KTS1 C1.59 09D02f"
2363;;"KTS1 C1.59 09D02f"
2363;;"KTS1 C1.59 09D02f"
2363;;"KTS1 C1.59 09D02f"
2363;;"KTS1 C1.59 09D02f"
2363;;"KTS1 C1.59 09D02f"
2363;;"KTS1 C1.59 09D02f"
2363;;"KTS1 C1.59 09D02f"
2363;;"KTS1 C1.59 09D02f"
2363;;"KTS1 C1.59 09D02f"
2363;;"KTS1 C1.59 09D02f"
2363;;"KTS1 C1.59 09D02f"
2363;;"KTS1 C1.59 09D02f"
2363;;"KTS1 C1.59 09D02f"
2363;;"KTS1 C1.59 09D02f"
2363;;"KTS1 C1.59 09D02f"
2363;;"KTS1 C1.59 09D02f"
2363;;"KTS1 C1.59 09D02f"
2363;;"KTS1 C1.59 09D02f"
2363;;"KTS1 C1.59 09D02f"
2363;;"KTS1 C1.59 09D02f"
2363;;"KTS1 C1.59 09D02f"
2363;;"KTS1 C1.59 09D02f"
2363;;"KTS1 C1.59 09D02f"
2363;;"KTS1 C1.59 09D02f"
2363;;"KTS1 C1.59 09D02f"
2363;;"KTS1 C1.59 09D02f"
2363;;"KTS1 C1.59 09D02f"
2363;;"KTS1 C1.59 09D02f"
2363;;"KTS1 C1.59 09D02f"
2363;;"KTS1 C1.59 09D02f"
2363;;"KTS1 C1.59 09D02f"
2363;;"KTS1 C1.59 09D02f"
2363;;"KTS1 C1.59 09D02f"
2363;;"KTS1 C1.59 09D02f"
2363;;"KTS1 C1.59 09D02f"
2363;;"KTS1 C1.59 09D02f"
2363;;"KTS1 C1.59 09D02f"
2363;;"KTS1 C1.59 09D02f"
2363;;"KTS1 C1.59 09D02f"
2363;;"KTS1 C1.59 09D02f"
2363;;"KTS1 C1.59 09D02f"
2363;;"KTS1 C1.59 09D02f"
2363;;"KTS1 C1.59 09D02f"
2363;;"KTS1 C1.59 09D02f"
2363;;"KTS1 C1.59 09D02f"
2363;;"KTS1 C1.59 09D02f"
2363;;"KTS1 C1.59 09D02f"
2363;;"KTS1 C1.59 09D02f"
2363;;"KTS1 C1.59 09D02f"
2363;;"KTS1 C1.59 09D02f"
2363;;"KTS1 C1.59 09D02f"
2363;;"KTS1 C1.59 09D02f"
2363;;"KTS1 C1.59 09D02f"
2363;;"KTS1 C1.59 09D02f"
2363;;"KTS1 C1.59 09D02f"
2363;;"KTS1 C1.59 09D02f"
2363;;"KTS1 C1.59 09D02f"
2363;;"KTS1 C1.59 09D02f"
2363;;"KTS1 C1.59 09D02f"
2363;;"KTS1 C1.59 09D02f"
2363;;"KTS1 C1.59 09D02f"
2363;;"KTS1 C1.59 09D02f"
2363;;"KTS1 C1.59 09D02f"
2363;;"KTS1 C1.59 09D02f"
2363;;"KTS1 C1.59 09D02f"
2363;;"KTS1 C1.59 09D02f"
2363;;"KTS1 C1.59 09D02f"
2363;;"KTS1 C1.59 09D02f"
2363;;"KTS1 C1.59 09D02f"
2364;20138015;"KTS1 C1.59 09D03_01"
2364;20138016;"KTS1 C1.59 09D03_02"
2364;20138017;"KTS1 C1.59 09D03_03"
2364;20138018;"KTS1 C1.59 09D03_04"
2365;20138009f;"KTS1 C1.59 09D04f"
2366;20138009b;"KTS1 C1.59 09D04b"
2367;20138009a;"KTS1 C1.59 09D04a"
2368;20138009e;"KTS1 C1.59 09D04e"
2369;20138009d;"KTS1 C1.59 09D04d"
2370;20138009c;"KTS1 C1.59 09D04c"
2372;20138012;"KTS1 C1.59 09D05a-b"
2374;20138011b;"KTS1 C1.59 09D07b"
2375;20138011;"KTS1 C1.59 09D07a"
2376;20138010;"KTS1 C1.59 09D08"
2377;20138025;"KTS1 C1.59 09D09"
2379;20138019;"KTS1 C1.59 09D11-a"
2379;20138020;"KTS1 C1.59 09D11-b"
2379;20138021;"KTS1 C1.59 09D11-c"
2379;20138022;"KTS1 C1.59 09D11-d"
2379;20138023;"KTS1 C1.59 09D11-e"
2379;20138024;"KTS1 C1.59 09D11-f"
2380;20138026;"KTS1 C1.60 09D12"
2381;20138027;"KTS1 C1.60 09D13"
2382;20138028;"KTS1 C1.60 09D14"
2384;;"KTS1 C1.60 09D15b"
2385;20138029;"KTS1 C1.60 09D15a"
2386;20138030;"KTS1 C1.60 09D16"
2387;;"KTS1 C1.60 09D17a"
2387;;"KTS1 C1.60 09D17a"
2387;;"KTS1 C1.60 09D17a"
2387;;"KTS1 C1.60 09D17a"
2388;;"KTS1 C1.60 09D17b"
2388;;"KTS1 C1.60 09D17b"
2389;;"KTS1 C1.60 09D17c"
2389;;"KTS1 C1.60 09D17c"
2389;;"KTS1 C1.60 09D17c"
2389;;"KTS1 C1.60 09D17c"
2390;;"KTS1 C1.60 09D17d"
2390;;"KTS1 C1.60 09D17d"
2391;;"KTS1 C1.60 09D17e"
2391;;"KTS1 C1.60 09D17e"
2391;;"KTS1 C1.60 09D17e"
2391;;"KTS1 C1.60 09D17e"
2392;;"KTS1 C1.60 09D17f"
2393;;"KTS1 C1.60 09D17g"
2394;;"KTS1 C1.60 09D17h"
2394;;"KTS1 C1.60 09D17h"
2395;;"KTS1 C1.60 09D18a"
2395;;"KTS1 C1.60 09D18a"
2395;;"KTS1 C1.60 09D18a"
2395;;"KTS1 C1.60 09D18a"
2395;;"KTS1 C1.60 09D18a"
2395;;"KTS1 C1.60 09D18a"
2395;;"KTS1 C1.60 09D18a"
2395;;"KTS1 C1.60 09D18a"
2395;;"KTS1 C1.60 09D18a"
2395;;"KTS1 C1.60 09D18a"
2395;;"KTS1 C1.60 09D18a"
2395;;"KTS1 C1.60 09D18a"
2395;;"KTS1 C1.60 09D18a"
2395;;"KTS1 C1.60 09D18a"
2395;;"KTS1 C1.60 09D18a"
2395;;"KTS1 C1.60 09D18a"
2395;;"KTS1 C1.60 09D18a"
2395;;"KTS1 C1.60 09D18a"
2395;;"KTS1 C1.60 09D18a"
2395;;"KTS1 C1.60 09D18a"
2395;;"KTS1 C1.60 09D18a"
2395;;"KTS1 C1.60 09D18a"
2395;;"KTS1 C1.60 09D18a"
2395;;"KTS1 C1.60 09D18a"
2395;;"KTS1 C1.60 09D18a"
2395;;"KTS1 C1.60 09D18a"
2395;;"KTS1 C1.60 09D18a"
2395;;"KTS1 C1.60 09D18a"
2395;;"KTS1 C1.60 09D18a"
2395;;"KTS1 C1.60 09D18a"
2395;;"KTS1 C1.60 09D18a"
2395;;"KTS1 C1.60 09D18a"
2395;;"KTS1 C1.60 09D18a"
2395;;"KTS1 C1.60 09D18a"
2395;;"KTS1 C1.60 09D18a"
2395;;"KTS1 C1.60 09D18a"
2395;;"KTS1 C1.60 09D18a"
2395;;"KTS1 C1.60 09D18a"
2395;;"KTS1 C1.60 09D18a"
2395;;"KTS1 C1.60 09D18a"
2395;;"KTS1 C1.60 09D18a"
2395;;"KTS1 C1.60 09D18a"
2395;;"KTS1 C1.60 09D18a"
2395;;"KTS1 C1.60 09D18a"
2395;;"KTS1 C1.60 09D18a"
2395;;"KTS1 C1.60 09D18a"
2395;;"KTS1 C1.60 09D18a"
2395;;"KTS1 C1.60 09D18a"
2396;;"KTS1 C1.60 09D18b"
2396;;"KTS1 C1.60 09D18b"
2396;;"KTS1 C1.60 09D18b"
2396;;"KTS1 C1.60 09D18b"
2396;;"KTS1 C1.60 09D18b"
2396;;"KTS1 C1.60 09D18b"
2396;;"KTS1 C1.60 09D18b"
2396;;"KTS1 C1.60 09D18b"
2396;;"KTS1 C1.60 09D18b"
2396;;"KTS1 C1.60 09D18b"
2396;;"KTS1 C1.60 09D18b"
2396;;"KTS1 C1.60 09D18b"
2396;;"KTS1 C1.60 09D18b"
2396;;"KTS1 C1.60 09D18b"
2396;;"KTS1 C1.60 09D18b"
2396;;"KTS1 C1.60 09D18b"
2396;;"KTS1 C1.60 09D18b"
2396;;"KTS1 C1.60 09D18b"
2396;;"KTS1 C1.60 09D18b"
2396;;"KTS1 C1.60 09D18b"
2396;;"KTS1 C1.60 09D18b"
2396;;"KTS1 C1.60 09D18b"
2396;;"KTS1 C1.60 09D18b"
2396;;"KTS1 C1.60 09D18b"
2396;;"KTS1 C1.60 09D18b"
2396;;"KTS1 C1.60 09D18b"
2396;;"KTS1 C1.60 09D18b"
2396;;"KTS1 C1.60 09D18b"
2396;;"KTS1 C1.60 09D18b"
2396;;"KTS1 C1.60 09D18b"
2396;;"KTS1 C1.60 09D18b"
2396;;"KTS1 C1.60 09D18b"
2396;;"KTS1 C1.60 09D18b"
2396;;"KTS1 C1.60 09D18b"
2396;;"KTS1 C1.60 09D18b"
2396;;"KTS1 C1.60 09D18b"
2396;;"KTS1 C1.60 09D18b"
2396;;"KTS1 C1.60 09D18b"
2396;;"KTS1 C1.60 09D18b"
2396;;"KTS1 C1.60 09D18b"
2396;;"KTS1 C1.60 09D18b"
2396;;"KTS1 C1.60 09D18b"
2396;;"KTS1 C1.60 09D18b"
2396;;"KTS1 C1.60 09D18b"
2396;;"KTS1 C1.60 09D18b"
2396;;"KTS1 C1.60 09D18b"
2396;;"KTS1 C1.60 09D18b"
2396;;"KTS1 C1.60 09D18b"
2396;;"KTS1 C1.60 09D18b"
2396;;"KTS1 C1.60 09D18b"
2396;;"KTS1 C1.60 09D18b"
2396;;"KTS1 C1.60 09D18b"
2396;;"KTS1 C1.60 09D18b"
2396;;"KTS1 C1.60 09D18b"
2396;;"KTS1 C1.60 09D18b"
2396;;"KTS1 C1.60 09D18b"
2396;;"KTS1 C1.60 09D18b"
2396;;"KTS1 C1.60 09D18b"
2396;;"KTS1 C1.60 09D18b"
2396;;"KTS1 C1.60 09D18b"
2396;;"KTS1 C1.60 09D18b"
2396;;"KTS1 C1.60 09D18b"
2396;;"KTS1 C1.60 09D18b"
2396;;"KTS1 C1.60 09D18b"
2396;;"KTS1 C1.60 09D18b"
2396;;"KTS1 C1.60 09D18b"
2396;;"KTS1 C1.60 09D18b"
2396;;"KTS1 C1.60 09D18b"
2396;;"KTS1 C1.60 09D18b"
2396;;"KTS1 C1.60 09D18b"
2396;;"KTS1 C1.60 09D18b"
2396;;"KTS1 C1.60 09D18b"
2396;;"KTS1 C1.60 09D18b"
2396;;"KTS1 C1.60 09D18b"
2396;;"KTS1 C1.60 09D18b"
2396;;"KTS1 C1.60 09D18b"
2396;;"KTS1 C1.60 09D18b"
2396;;"KTS1 C1.60 09D18b"
2396;;"KTS1 C1.60 09D18b"
2396;;"KTS1 C1.60 09D18b"
2396;;"KTS1 C1.60 09D18b"
2396;;"KTS1 C1.60 09D18b"
2396;;"KTS1 C1.60 09D18b"
2396;;"KTS1 C1.60 09D18b"
2396;;"KTS1 C1.60 09D18b"
2396;;"KTS1 C1.60 09D18b"
2396;;"KTS1 C1.60 09D18b"
2396;;"KTS1 C1.60 09D18b"
2396;;"KTS1 C1.60 09D18b"
2396;;"KTS1 C1.60 09D18b"
2396;;"KTS1 C1.60 09D18b"
2396;;"KTS1 C1.60 09D18b"
2396;;"KTS1 C1.60 09D18b"
2396;;"KTS1 C1.60 09D18b"
2396;;"KTS1 C1.60 09D18b"
2396;;"KTS1 C1.60 09D18b"
2397;;"KTS1 C1.60 09D18c"
2397;;"KTS1 C1.60 09D18c"
2397;;"KTS1 C1.60 09D18c"
2397;;"KTS1 C1.60 09D18c"
2397;;"KTS1 C1.60 09D18c"
2397;;"KTS1 C1.60 09D18c"
2397;;"KTS1 C1.60 09D18c"
2397;;"KTS1 C1.60 09D18c"
2397;;"KTS1 C1.60 09D18c"
2397;;"KTS1 C1.60 09D18c"
2397;;"KTS1 C1.60 09D18c"
2397;;"KTS1 C1.60 09D18c"
2397;;"KTS1 C1.60 09D18c"
2397;;"KTS1 C1.60 09D18c"
2397;;"KTS1 C1.60 09D18c"
2397;;"KTS1 C1.60 09D18c"
2397;;"KTS1 C1.60 09D18c"
2397;;"KTS1 C1.60 09D18c"
2397;;"KTS1 C1.60 09D18c"
2397;;"KTS1 C1.60 09D18c"
2397;;"KTS1 C1.60 09D18c"
2397;;"KTS1 C1.60 09D18c"
2397;;"KTS1 C1.60 09D18c"
2397;;"KTS1 C1.60 09D18c"
2397;;"KTS1 C1.60 09D18c"
2397;;"KTS1 C1.60 09D18c"
2397;;"KTS1 C1.60 09D18c"
2397;;"KTS1 C1.60 09D18c"
2397;;"KTS1 C1.60 09D18c"
2397;;"KTS1 C1.60 09D18c"
2397;;"KTS1 C1.60 09D18c"
2397;;"KTS1 C1.60 09D18c"
2397;;"KTS1 C1.60 09D18c"
2397;;"KTS1 C1.60 09D18c"
2397;;"KTS1 C1.60 09D18c"
2397;;"KTS1 C1.60 09D18c"
2397;;"KTS1 C1.60 09D18c"
2397;;"KTS1 C1.60 09D18c"
2397;;"KTS1 C1.60 09D18c"
2397;;"KTS1 C1.60 09D18c"
2397;;"KTS1 C1.60 09D18c"
2397;;"KTS1 C1.60 09D18c"
2397;;"KTS1 C1.60 09D18c"
2397;;"KTS1 C1.60 09D18c"
2397;;"KTS1 C1.60 09D18c"
2397;;"KTS1 C1.60 09D18c"
2397;;"KTS1 C1.60 09D18c"
2397;;"KTS1 C1.60 09D18c"
2397;;"KTS1 C1.60 09D18c"
2397;;"KTS1 C1.60 09D18c"
2397;;"KTS1 C1.60 09D18c"
2397;;"KTS1 C1.60 09D18c"
2397;;"KTS1 C1.60 09D18c"
2397;;"KTS1 C1.60 09D18c"
2397;;"KTS1 C1.60 09D18c"
2397;;"KTS1 C1.60 09D18c"
2397;;"KTS1 C1.60 09D18c"
2397;;"KTS1 C1.60 09D18c"
2397;;"KTS1 C1.60 09D18c"
2397;;"KTS1 C1.60 09D18c"
2397;;"KTS1 C1.60 09D18c"
2397;;"KTS1 C1.60 09D18c"
2397;;"KTS1 C1.60 09D18c"
2397;;"KTS1 C1.60 09D18c"
2397;;"KTS1 C1.60 09D18c"
2397;;"KTS1 C1.60 09D18c"
2397;;"KTS1 C1.60 09D18c"
2397;;"KTS1 C1.60 09D18c"
2397;;"KTS1 C1.60 09D18c"
2397;;"KTS1 C1.60 09D18c"
2397;;"KTS1 C1.60 09D18c"
2397;;"KTS1 C1.60 09D18c"
2397;;"KTS1 C1.60 09D18c"
2397;;"KTS1 C1.60 09D18c"
2397;;"KTS1 C1.60 09D18c"
2397;;"KTS1 C1.60 09D18c"
2397;;"KTS1 C1.60 09D18c"
2397;;"KTS1 C1.60 09D18c"
2397;;"KTS1 C1.60 09D18c"
2397;;"KTS1 C1.60 09D18c"
2397;;"KTS1 C1.60 09D18c"
2397;;"KTS1 C1.60 09D18c"
2397;;"KTS1 C1.60 09D18c"
2397;;"KTS1 C1.60 09D18c"
2397;;"KTS1 C1.60 09D18c"
2397;;"KTS1 C1.60 09D18c"
2397;;"KTS1 C1.60 09D18c"
2397;;"KTS1 C1.60 09D18c"
2397;;"KTS1 C1.60 09D18c"
2397;;"KTS1 C1.60 09D18c"
2397;;"KTS1 C1.60 09D18c"
2397;;"KTS1 C1.60 09D18c"
2397;;"KTS1 C1.60 09D18c"
2397;;"KTS1 C1.60 09D18c"
2397;;"KTS1 C1.60 09D18c"
2397;;"KTS1 C1.60 09D18c"
2398;20138045;"KTS1 C1.60 09D19"
2399;20138043;"KTS1 C1.60 09D20_01"
2399;20138044;"KTS1 C1.60 09D20_02"
2400;20136516;"KTS1 C1.60 09D21"
2401;20137239;"KTS1 C1.30 09E01a"
2402;;"KTS1 C1.30 09E01b"
2402;;"KTS1 C1.30 09E01b"
2402;;"KTS1 C1.30 09E01b"
2402;;"KTS1 C1.30 09E01b"
2402;;"KTS1 C1.30 09E01b"
2402;;"KTS1 C1.30 09E01b"
2402;;"KTS1 C1.30 09E01b"
2402;;"KTS1 C1.30 09E01b"
2402;;"KTS1 C1.30 09E01b"
2402;;"KTS1 C1.30 09E01b"
2402;;"KTS1 C1.30 09E01b"
2402;;"KTS1 C1.30 09E01b"
2402;;"KTS1 C1.30 09E01b"
2402;;"KTS1 C1.30 09E01b"
2402;;"KTS1 C1.30 09E01b"
2402;;"KTS1 C1.30 09E01b"
2402;;"KTS1 C1.30 09E01b"
2402;;"KTS1 C1.30 09E01b"
2402;;"KTS1 C1.30 09E01b"
2402;;"KTS1 C1.30 09E01b"
2402;;"KTS1 C1.30 09E01b"
2402;;"KTS1 C1.30 09E01b"
2402;;"KTS1 C1.30 09E01b"
2402;;"KTS1 C1.30 09E01b"
2402;;"KTS1 C1.30 09E01b"
2402;;"KTS1 C1.30 09E01b"
2402;;"KTS1 C1.30 09E01b"
2402;;"KTS1 C1.30 09E01b"
2402;;"KTS1 C1.30 09E01b"
2402;;"KTS1 C1.30 09E01b"
2402;;"KTS1 C1.30 09E01b"
2402;;"KTS1 C1.30 09E01b"
2402;;"KTS1 C1.30 09E01b"
2402;;"KTS1 C1.30 09E01b"
2402;;"KTS1 C1.30 09E01b"
2402;;"KTS1 C1.30 09E01b"
2402;;"KTS1 C1.30 09E01b"
2402;;"KTS1 C1.30 09E01b"
2402;;"KTS1 C1.30 09E01b"
2402;;"KTS1 C1.30 09E01b"
2402;;"KTS1 C1.30 09E01b"
2402;;"KTS1 C1.30 09E01b"
2402;;"KTS1 C1.30 09E01b"
2402;;"KTS1 C1.30 09E01b"
2402;;"KTS1 C1.30 09E01b"
2402;;"KTS1 C1.30 09E01b"
2402;;"KTS1 C1.30 09E01b"
2402;;"KTS1 C1.30 09E01b"
2402;;"KTS1 C1.30 09E01b"
2402;;"KTS1 C1.30 09E01b"
2402;;"KTS1 C1.30 09E01b"
2402;;"KTS1 C1.30 09E01b"
2402;;"KTS1 C1.30 09E01b"
2402;;"KTS1 C1.30 09E01b"
2402;;"KTS1 C1.30 09E01b"
2402;;"KTS1 C1.30 09E01b"
2402;;"KTS1 C1.30 09E01b"
2402;;"KTS1 C1.30 09E01b"
2402;;"KTS1 C1.30 09E01b"
2402;;"KTS1 C1.30 09E01b"
2402;;"KTS1 C1.30 09E01b"
2402;;"KTS1 C1.30 09E01b"
2402;;"KTS1 C1.30 09E01b"
2402;;"KTS1 C1.30 09E01b"
2402;;"KTS1 C1.30 09E01b"
2402;;"KTS1 C1.30 09E01b"
2402;;"KTS1 C1.30 09E01b"
2402;;"KTS1 C1.30 09E01b"
2402;;"KTS1 C1.30 09E01b"
2402;;"KTS1 C1.30 09E01b"
2402;;"KTS1 C1.30 09E01b"
2402;;"KTS1 C1.30 09E01b"
2402;;"KTS1 C1.30 09E01b"
2402;;"KTS1 C1.30 09E01b"
2402;;"KTS1 C1.30 09E01b"
2402;;"KTS1 C1.30 09E01b"
2402;;"KTS1 C1.30 09E01b"
2402;;"KTS1 C1.30 09E01b"
2402;;"KTS1 C1.30 09E01b"
2402;;"KTS1 C1.30 09E01b"
2402;;"KTS1 C1.30 09E01b"
2402;;"KTS1 C1.30 09E01b"
2402;;"KTS1 C1.30 09E01b"
2402;;"KTS1 C1.30 09E01b"
2402;;"KTS1 C1.30 09E01b"
2402;;"KTS1 C1.30 09E01b"
2402;;"KTS1 C1.30 09E01b"
2402;;"KTS1 C1.30 09E01b"
2402;;"KTS1 C1.30 09E01b"
2402;;"KTS1 C1.30 09E01b"
2402;;"KTS1 C1.30 09E01b"
2402;;"KTS1 C1.30 09E01b"
2402;;"KTS1 C1.30 09E01b"
2402;;"KTS1 C1.30 09E01b"
2402;;"KTS1 C1.30 09E01b"
2402;;"KTS1 C1.30 09E01b"
2403;20136145;"KTS1 C1.30 09E02"
2404;20137238;"KTS1 C1.30 09E03"
2405;20137237;"KTS1 C1.30 09E04"
2406;20137236;"KTS1 C1.30 09E05"
2407;20137233;"KTS1 C1.30 09E06"
2407;20137234;"KTS1 C1.30 09E07"
2407;20137235;"KTS1 C1.30 09E08"
2408;20137231;"KTS1 C1.30 09E09"
2409;20137232;"KTS1 C1.30 09E10"
2410;20137249;"KTS1 C1.30 09E11"
2411;20137240;"KTS1 C1.30 09E12"
2412;20137241;"KTS1 C1.30 09E13"
2413;20137242b;"KTS1 C1.30 09E14b"
2414;20137242a;"KTS1 C1.30 09E14a"
2415;20137243;"KTS1 C1.30 09E15"
2416;20137248;"KTS1 C1.30 09E16"
2417;;"KTS1 C1.30 09E17b"
2417;;"KTS1 C1.30 09E17b"
2418;;"KTS1 C1.30 09E17a"
2418;;"KTS1 C1.30 09E17a"
2419;20137251;"KTS1 C1.30 09E18"
2420;20137246;"KTS1 C1.30 09E19"
2424;20137247;"KTS1 C1.30 09E20"
2425;20137260;"KTS1 C1.30 09E21_01"
2425;20137256;"KTS1 C1.30 09E21_02"
2425;20137257;"KTS1 C1.30 09E21_03"
2425;20137258;"KTS1 C1.30 09E21_04"
2425;;"KTS1 C1.30 09E21_05"
2425;;"KTS1 C1.30 09E21_05"
2426;20137275;"KTS1 C1.31 09E22"
2427;20137265;"KTS1 C1.30 09E24"
2428;20137266;"KTS1 C1.30 09E25_01"
2428;20137267;"KTS1 C1.30 09E25_02"
2428;20137268;"KTS1 C1.30 09E25_03"
2428;20137269;"KTS1 C1.31 09E25_04"
2428;20137270;"KTS1 C1.31 09E25_05"
2428;20137271;"KTS1 C1.31 09E25_06"
2429;20137261;"KTS1 C1.30 09E26"
2430;20137262;"KTS1 C1.30 09E27"
2431;20137263a;09E28a
2432;20137263b;"KTS1 C1.30 09E28b"
2433;20137264;"KTS1 C1.30 09E29"
2434;20139914;"KTS1 C2.54 09F01"
2435;20139915;"KTS1 C2.54 09F02"
2436;20139918;"KTS1 C2.54 09F03"
2438;20139919;"KTS1 C2.54 09F04"
2439;20139920;"KTS1 C2.54 09F05"
2440;20139921;"KTS1 C2.54 09F06"
2441;20139924;"KTS1 C2.54 09F07"
2442;20140005;"KTS1 C2.61 09F08"
2443;20140006;"KTS1 C2.61 09F09"
2444;20140007;"KTS1 C2.61 09F10"
2445;20140009;"KTS1 C2.61 09F11a"
2446;20140009b;"KTS1 C2.61 09F11b"
2447;20140008;"KTS1 C2.61 09F12"
2448;20140010;"KTS1 C2.61 09F13"
2449;20140011;"KTS1 C2.61 09F14"
2450;20140012c;"KTS1 C2.61 09F15c"
2451;20140012;"KTS1 C2.61 09F15a"
2452;20136966b;"KTS1 C2.61 09F16b"
2453;20136966;"KTS1 C2.61 09F16a"
2454;20140013;"KTS1 C2.61 09F17"
2455;20139973;"KTS1 C2.61 09F18"
2456;20139974;"KTS1 C2.61 09F19_01"
2456;20139990;"KTS1 C2.61 09F19_02"
2457;20139988;"KTS1 C2.61 09F20"
2458;20139987;"KTS1 C2.61 09F21"
2459;20140014;"KTS1 C2.61 09F23"
2460;20140015;"KTS1 C2.61 09F24"
2461;20140016;"KTS1 C2.61 09F25"
2462;20140017;"KTS1 C2.61 09F26"
2463;20140018;"KTS1 C1.61 09F27"
2464;20136486;"KTS1 C1.03 05B42"
2465;20136143;"KTS1 C1.03 05B45"
2466;20136146;"KTS1 C1.03 05B41"
2467;20136489;"KTS1 C1.03 05B39"
2468;20136487;"KTS1 C1.03 05B30"
2469;20136185;"KTS1 C1.03 05B31"
2470;20136488;"KTS1 C1.02 05B28"
2471;20136878;"KTS1 C1.15 09G01"
2472;20136186;"KTS1 C1.15 09G02"
2473;20136187;"KTS1 C1.15 09G03"
2474;20136891;"KTS1 C1.15 09G04"
2475;20136892;"KTS1 C1.15 09G05"
2476;20136893;"KTS1 C1.15 09G06"
2477;20136890;"KTS1 C1.15 09G07"
2478;20136897;"KTS1 C1.15 09G08"
2479;20136896;"KTS1 C1.15 09G09"
2480;20136898;"KTS1 C1.15 09G10"
2481;20136895a;"KTS1 C1.15 09G11a"
2482;20136895b;"KTS1 C1.15 09G11b"
2483;20136894;"KTS1 C1.15 09G12"
2484;20136906;"KTS1 C1.15 09G13"
2485;20136907;"KTS1 C1.15 09G14"
2486;20136908;"KTS1 C1.15 09G15"
2487;20136909;"KTS1 C1.15 09G16"
2488;20136911;"KTS1 C1.15 09G17"
2489;20136912;"KTS1 C1.15 09G18"
2490;20136910;"KTS1 C1.16 09G19"
2491;20136899;"KTS1 C1.16 09G20"
2492;20136905;"KTS1 C1.16 09G21a"
2492;20136904;"KTS1 C1.15 09G21c"
2492;20136903;"KTS1 C1.15 09G21b"
2493;;"KTS1 C1.16 09G21b"
2494;;"KTS1 C1.16 09G21c"
2494;;"KTS1 C1.16 09G21c"
2494;;"KTS1 C1.16 09G21c"
2494;;"KTS1 C1.16 09G21c"
2494;;"KTS1 C1.16 09G21c"
2494;;"KTS1 C1.16 09G21c"
2494;;"KTS1 C1.16 09G21c"
2494;;"KTS1 C1.16 09G21c"
2494;;"KTS1 C1.16 09G21c"
2494;;"KTS1 C1.16 09G21c"
2494;;"KTS1 C1.16 09G21c"
2494;;"KTS1 C1.16 09G21c"
2495;;"KTS1 C1.16 09G21d"
2495;;"KTS1 C1.16 09G21d"
2495;;"KTS1 C1.16 09G21d"
2495;;"KTS1 C1.16 09G21d"
2496;20136900;"KTS1 C1.16 09G22"
2497;20136478;"KTS1 C2.36 X3C23"
2498;20136477;"KTS1 C1.03 05B34"
2499;20136144;"KTS1 C1.03 05B48"
2500;20136090;"KTS1 C1.16 09G26"
2501;20136188;"KTS1 C1.16 09G27"
2502;20136189;"KTS1 C1.16 09G28"
2503;20136190;"KTS1 C2.48 10C44"
2504;20136913;"KTS1 C1.16 09G30"
2505;20136914;"KTS1 C1.16 09G31a"
2506;;"KTS1 C1.16 09G31b"
2506;;"KTS1 C1.16 09G31b"
2506;;"KTS1 C1.16 09G31b"
2506;;"KTS1 C1.16 09G31b"
2506;;"KTS1 C1.16 09G31b"
2506;;"KTS1 C1.16 09G31b"
2506;;"KTS1 C1.16 09G31b"
2506;;"KTS1 C1.16 09G31b"
2506;;"KTS1 C1.16 09G31b"
2506;;"KTS1 C1.16 09G31b"
2506;;"KTS1 C1.16 09G31b"
2506;;"KTS1 C1.16 09G31b"
2506;;"KTS1 C1.16 09G31b"
2506;;"KTS1 C1.16 09G31b"
2506;;"KTS1 C1.16 09G31b"
2506;;"KTS1 C1.16 09G31b"
2506;;"KTS1 C1.16 09G31b"
2506;;"KTS1 C1.16 09G31b"
2506;;"KTS1 C1.16 09G31b"
2506;;"KTS1 C1.16 09G31b"
2506;;"KTS1 C1.16 09G31b"
2506;;"KTS1 C1.16 09G31b"
2506;;"KTS1 C1.16 09G31b"
2506;;"KTS1 C1.16 09G31b"
2506;;"KTS1 C1.16 09G31b"
2506;;"KTS1 C1.16 09G31b"
2506;;"KTS1 C1.16 09G31b"
2506;;"KTS1 C1.16 09G31b"
2506;;"KTS1 C1.16 09G31b"
2506;;"KTS1 C1.16 09G31b"
2506;;"KTS1 C1.16 09G31b"
2506;;"KTS1 C1.16 09G31b"
2506;;"KTS1 C1.16 09G31b"
2506;;"KTS1 C1.16 09G31b"
2506;;"KTS1 C1.16 09G31b"
2506;;"KTS1 C1.16 09G31b"
2506;;"KTS1 C1.16 09G31b"
2506;;"KTS1 C1.16 09G31b"
2506;;"KTS1 C1.16 09G31b"
2506;;"KTS1 C1.16 09G31b"
2506;;"KTS1 C1.16 09G31b"
2506;;"KTS1 C1.16 09G31b"
2506;;"KTS1 C1.16 09G31b"
2506;;"KTS1 C1.16 09G31b"
2506;;"KTS1 C1.16 09G31b"
2506;;"KTS1 C1.16 09G31b"
2506;;"KTS1 C1.16 09G31b"
2506;;"KTS1 C1.16 09G31b"
2507;20136191;"KTS1 C1.16 09G32"
2508;20136916;"KTS1 C1.16 09G33"
2509;20136195;"KTS1 C1.16 09G34"
2510;20136915;"KTS1 C1.16 09G35"
2511;20136901;"KTS1 C1.16 09G36a"
2512;;"KTS1 C1.16 09G36b"
2512;;"KTS1 C1.16 09G36b"
2513;;"KTS1 C1.16 09G36c"
2513;;"KTS1 C1.16 09G36c"
2513;;"KTS1 C1.16 09G36c"
2513;;"KTS1 C1.16 09G36c"
2513;;"KTS1 C1.16 09G36c"
2513;;"KTS1 C1.16 09G36c"
2513;;"KTS1 C1.16 09G36c"
2513;;"KTS1 C1.16 09G36c"
2513;;"KTS1 C1.16 09G36c"
2513;;"KTS1 C1.16 09G36c"
2513;;"KTS1 C1.16 09G36c"
2513;;"KTS1 C1.16 09G36c"
2513;;"KTS1 C1.16 09G36c"
2513;;"KTS1 C1.16 09G36c"
2513;;"KTS1 C1.16 09G36c"
2513;;"KTS1 C1.16 09G36c"
2513;;"KTS1 C1.16 09G36c"
2513;;"KTS1 C1.16 09G36c"
2513;;"KTS1 C1.16 09G36c"
2513;;"KTS1 C1.16 09G36c"
2513;;"KTS1 C1.16 09G36c"
2513;;"KTS1 C1.16 09G36c"
2513;;"KTS1 C1.16 09G36c"
2513;;"KTS1 C1.16 09G36c"
2514;20136902;"KTS1 C1.16 09H01"
2515;20136192;"KTS1 C1.16 09H02"
2516;20136917d;"KTS1 C1.16 09H03d"
2517;20136917;"KTS1 C1.16 09H03a"
2518;20136917b;"KTS1 C1.16 09H03b"
2519;20136917c;"KTS1 C1.16 09H03c"
2520;20136194;"KTS1 C1.16 09H04"
2521;20136929;"KTS1 C1.16 09H05"
2522;20136920;"KTS1 C1.16 09H06"
2523;20136921;"KTS1 C1.16 09H07"
2524;20136928;"KTS1 C1.16 09H08"
2525;20136919;"KTS1 C1.16 09H09"
2526;20136918;"KTS1 C1.16 09H10"
2527;20136926b;"KTS1 C1.16 09H12b"
2528;20136926e;"KTS1 C1.16 09H12e"
2529;20136926c;"KTS1 C1.16 09H12c"
2530;20136926a;"KTS1 C1.16 09H12a"
2531;20136926d;"KTS1 C1.16 09H12d"
2532;20136927;"KTS1 C1.16 09H13"
2533;20136925;"KTS1 C1.16 09H14"
2534;20136924;"KTS1 C1.16 09H15"
2535;20136923;"KTS1 C1.16 09H16_01"
2535;20136922;"KTS1 C1.16 09H16_02"
2536;20136193;"KTS1 C1.17 09H17"
2537;20136937b;"KTS1 C1.17 09H19b"
2538;20136937a;"KTS1 C1.17 09H19a"
2539;20136937c;"KTS1 C1.17 09H19c"
2540;20136936;"KTS1 C1.17 09H20"
2541;20136932;"KTS1 C1.17 09H21_01"
2541;20136933;"KTS1 C1.17 09H21_02"
2541;20136934;"KTS1 C1.17 09H21_03"
2541;20136935;"KTS1 C1.17 09H21_04_a-b"
2542;20136939;"KTS1 C1.17 09H22"
2543;20136938;"KTS1 C1.17 09H23"
2544;20136940;"KTS1 C1.17 09H24_01"
2544;20136941;"KTS1 C1.17 09H24_02"
2545;20136942;"KTS1 C1.17 09H25a"
2546;;"KTS1 C1.17 09H25b"
2546;;"KTS1 C1.17 09H25b"
2546;;"KTS1 C1.17 09H25b"
2546;;"KTS1 C1.17 09H25b"
2546;;"KTS1 C1.17 09H25b"
2546;;"KTS1 C1.17 09H25b"
2546;;"KTS1 C1.17 09H25b"
2546;;"KTS1 C1.17 09H25b"
2546;;"KTS1 C1.17 09H25b"
2546;;"KTS1 C1.17 09H25b"
2546;;"KTS1 C1.17 09H25b"
2546;;"KTS1 C1.17 09H25b"
2546;;"KTS1 C1.17 09H25b"
2546;;"KTS1 C1.17 09H25b"
2546;;"KTS1 C1.17 09H25b"
2546;;"KTS1 C1.17 09H25b"
2546;;"KTS1 C1.17 09H25b"
2546;;"KTS1 C1.17 09H25b"
2546;;"KTS1 C1.17 09H25b"
2546;;"KTS1 C1.17 09H25b"
2546;;"KTS1 C1.17 09H25b"
2546;;"KTS1 C1.17 09H25b"
2546;;"KTS1 C1.17 09H25b"
2546;;"KTS1 C1.17 09H25b"
2546;;"KTS1 C1.17 09H25b"
2546;;"KTS1 C1.17 09H25b"
2546;;"KTS1 C1.17 09H25b"
2546;;"KTS1 C1.17 09H25b"
2546;;"KTS1 C1.17 09H25b"
2546;;"KTS1 C1.17 09H25b"
2546;;"KTS1 C1.17 09H25b"
2546;;"KTS1 C1.17 09H25b"
2546;;"KTS1 C1.17 09H25b"
2546;;"KTS1 C1.17 09H25b"
2546;;"KTS1 C1.17 09H25b"
2546;;"KTS1 C1.17 09H25b"
2546;;"KTS1 C1.17 09H25b"
2546;;"KTS1 C1.17 09H25b"
2546;;"KTS1 C1.17 09H25b"
2546;;"KTS1 C1.17 09H25b"
2546;;"KTS1 C1.17 09H25b"
2546;;"KTS1 C1.17 09H25b"
2546;;"KTS1 C1.17 09H25b"
2546;;"KTS1 C1.17 09H25b"
2546;;"KTS1 C1.17 09H25b"
2546;;"KTS1 C1.17 09H25b"
2546;;"KTS1 C1.17 09H25b"
2546;;"KTS1 C1.17 09H25b"
2546;;"KTS1 C1.17 09H25b"
2546;;"KTS1 C1.17 09H25b"
2546;;"KTS1 C1.17 09H25b"
2546;;"KTS1 C1.17 09H25b"
2546;;"KTS1 C1.17 09H25b"
2546;;"KTS1 C1.17 09H25b"
2546;;"KTS1 C1.17 09H25b"
2546;;"KTS1 C1.17 09H25b"
2546;;"KTS1 C1.17 09H25b"
2546;;"KTS1 C1.17 09H25b"
2546;;"KTS1 C1.17 09H25b"
2546;;"KTS1 C1.17 09H25b"
2546;;"KTS1 C1.17 09H25b"
2546;;"KTS1 C1.17 09H25b"
2546;;"KTS1 C1.17 09H25b"
2546;;"KTS1 C1.17 09H25b"
2546;;"KTS1 C1.17 09H25b"
2546;;"KTS1 C1.17 09H25b"
2546;;"KTS1 C1.17 09H25b"
2546;;"KTS1 C1.17 09H25b"
2546;;"KTS1 C1.17 09H25b"
2546;;"KTS1 C1.17 09H25b"
2546;;"KTS1 C1.17 09H25b"
2546;;"KTS1 C1.17 09H25b"
2546;;"KTS1 C1.17 09H25b"
2546;;"KTS1 C1.17 09H25b"
2546;;"KTS1 C1.17 09H25b"
2546;;"KTS1 C1.17 09H25b"
2546;;"KTS1 C1.17 09H25b"
2546;;"KTS1 C1.17 09H25b"
2546;;"KTS1 C1.17 09H25b"
2546;;"KTS1 C1.17 09H25b"
2546;;"KTS1 C1.17 09H25b"
2546;;"KTS1 C1.17 09H25b"
2546;;"KTS1 C1.17 09H25b"
2546;;"KTS1 C1.17 09H25b"
2546;;"KTS1 C1.17 09H25b"
2546;;"KTS1 C1.17 09H25b"
2546;;"KTS1 C1.17 09H25b"
2546;;"KTS1 C1.17 09H25b"
2546;;"KTS1 C1.17 09H25b"
2546;;"KTS1 C1.17 09H25b"
2546;;"KTS1 C1.17 09H25b"
2546;;"KTS1 C1.17 09H25b"
2546;;"KTS1 C1.17 09H25b"
2546;;"KTS1 C1.17 09H25b"
2546;;"KTS1 C1.17 09H25b"
2546;;"KTS1 C1.17 09H25b"
2547;20136943b;"KTS1 C1.17 09H26b"
2548;20136943a;"KTS1 C1.17 09H26a"
2549;20136956;"KTS1 C1.17 09H27_01"
2549;20136957;"KTS1 C1.17 09H27_02"
2550;20136958;"KTS1 C1.17 09H28"
2551;20139938;"KTS1 C2.55 09I01"
2552;20139939;"KTS1 C2.55 09I02"
2553;20139940;"KTS1 C2.55 09I03"
2554;20139941;"KTS1 C2.55 09I04"
2555;20139942;"KTS1 C2.55 09I05"
2556;20139943;"KTS1 C2.55 09I06"
2557;20139944;"KTS1 C2.55 09I07"
2558;20139945;"KTS1 C2.55 09I08"
2559;20139946;"KTS1 C2.55 09I09"
2560;20139922;"KTS1 C2.55 09I10"
2561;20139923;"KTS1 C2.55 09I11"
2562;20139947;"KTS1 C2.55 09I12"
2563;20139948;"KTS1 C2.55 09I13"
2564;20139949;"KTS1 C2.55 09I14"
2565;20139950;"KTS1 C2.55 09I15"
2566;20139951;"KTS1 C2.55 09I16_01"
2566;20139952;"KTS1 C2.55 09I16_02"
2566;20139953;"KTS1 C2.55 09I16_03"
2566;20139954;"KTS1 C2.55 09I16_04"
2566;20139955;"KTS1 C2.55 09I16_05"
2566;20139956;"KTS1 C2.55 09I16_06"
2566;20139957;"KTS1 C2.55 09I16_07"
2567;20139761;"KTS1 C2.55 09I17"
2568;20139958;"KTS1 C2.55 09I18"
2569;20139959;"KTS1 C2.55 09I19"
2570;20139960;"KTS1 C2.55 09I20"
2571;20139965;"KTS1 C2.56 09I21"
2572;20139967;"KTS1 C2.55 09I22"
2572;20139968;"KTS1 C2.55 09I23"
2573;20139966;"KTS1 C2.56 09I24"
2574;20139969;"KTS1 C2.56 09I25"
2575;20139970;"KTS1 C2.56 09I26"
2576;20139971;"KTS1 C2.55 09I27"
2577;20139972;"KTS1 C2.56 09I28"
2578;20139976;"KTS1 C2.56 09I29"
2579;20139977;"KTS1 C2.56 09I30"
2580;20139975;"KTS1 C2.56 09I31"
2581;20139978;"KTS1 C2.56 09I32a"
2581;20139979;"KTS1 C2.56 09I32b"
2582;20139996;"KTS1 C2.56 09I33"
2583;20139997;"KTS1 C2.56 09I34"
2584;20139998;"KTS1 C2.56 09I35"
2585;20139999;"KTS1 C2.56 09I36_01"
2585;20140000;"KTS1 C2.56 09I36_02"
2585;20140001;"KTS1 C2.56 09I36_03"
2585;20140002;"KTS1 C2.56 09I36_04"
2585;20140003;"KTS1 C2.56 09I36_05"
2585;20140004;"KTS1 C2.56 09I36_06"
2585;20139751;"KTS1 C2.47 10C35"
2586;20136959;"KTS1 C1.17 09J01"
2587;20136960;"KTS1 C1.17 09J02"
2588;20136961;"KTS1 C1.18 09J03"
2589;20136963;"KTS1 C1.18 09J04_01"
2589;20136962;"KTS1 C1.18 09J04_02"
2589;20136965;"KTS1 C1.18 09J04_03"
2590;20136964;"KTS1 C1.18 09J05"
2591;20136967;"KTS1 C1.18 09J06_01"
2591;20136968;"KTS1 C1.18 09J06_02"
2591;20136969;"KTS1 C1.18 09J06_03"
2591;20136970;"KTS1 C1.18 09J06_04"
2591;20136971;"KTS1 C1.18 09J06_05"
2592;20136972;"KTS1 C1.18 09J07"
2593;20136973;"KTS1 C1.18 09J08"
2594;20136974;"KTS1 C1.18 09J09"
2595;20136978;"KTS1 C1.18 09J10a"
2596;20136978b;"KTS1 C1.18 09J10b"
2597;20136984;"KTS1 C1.18 09J11"
2598;;"KTS1 C1.18 09J12b"
2598;;"KTS1 C1.18 09J12b"
2598;;"KTS1 C1.18 09J12b"
2598;;"KTS1 C1.18 09J12b"
2599;20136985;"KTS1 C1.18 09J12a"
2600;20136977;"KTS1 C1.18 09J13"
2601;20136975;"KTS1 C1.18-10 09J15_01"
2601;20136976;"KTS1 C1.18-10 09J15_02"
2602;20136986;"KTS1 C1.19 09J17a"
2603;;"KTS1 C1.19 09J17c"
2603;;"KTS1 C1.19 09J17c"
2603;;"KTS1 C1.19 09J17c"
2603;;"KTS1 C1.19 09J17c"
2603;;"KTS1 C1.19 09J17c"
2603;;"KTS1 C1.19 09J17c"
2603;;"KTS1 C1.19 09J17c"
2603;;"KTS1 C1.19 09J17c"
2603;;"KTS1 C1.19 09J17c"
2603;;"KTS1 C1.19 09J17c"
2603;;"KTS1 C1.19 09J17c"
2603;;"KTS1 C1.19 09J17c"
2603;;"KTS1 C1.19 09J17c"
2603;;"KTS1 C1.19 09J17c"
2603;;"KTS1 C1.19 09J17c"
2603;;"KTS1 C1.19 09J17c"
2603;;"KTS1 C1.19 09J17c"
2603;;"KTS1 C1.19 09J17c"
2603;;"KTS1 C1.19 09J17c"
2603;;"KTS1 C1.19 09J17c"
2603;;"KTS1 C1.19 09J17c"
2603;;"KTS1 C1.19 09J17c"
2603;;"KTS1 C1.19 09J17c"
2603;;"KTS1 C1.19 09J17c"
2604;;"KTS1 C1.19 09J17b"
2604;;"KTS1 C1.19 09J17b"
2604;;"KTS1 C1.19 09J17b"
2604;;"KTS1 C1.19 09J17b"
2604;;"KTS1 C1.19 09J17b"
2604;;"KTS1 C1.19 09J17b"
2604;;"KTS1 C1.19 09J17b"
2604;;"KTS1 C1.19 09J17b"
2604;;"KTS1 C1.19 09J17b"
2604;;"KTS1 C1.19 09J17b"
2604;;"KTS1 C1.19 09J17b"
2604;;"KTS1 C1.19 09J17b"
2604;;"KTS1 C1.19 09J17b"
2604;;"KTS1 C1.19 09J17b"
2604;;"KTS1 C1.19 09J17b"
2604;;"KTS1 C1.19 09J17b"
2604;;"KTS1 C1.19 09J17b"
2604;;"KTS1 C1.19 09J17b"
2604;;"KTS1 C1.19 09J17b"
2604;;"KTS1 C1.19 09J17b"
2604;;"KTS1 C1.19 09J17b"
2604;;"KTS1 C1.19 09J17b"
2604;;"KTS1 C1.19 09J17b"
2604;;"KTS1 C1.19 09J17b"
2604;;"KTS1 C1.19 09J17b"
2604;;"KTS1 C1.19 09J17b"
2604;;"KTS1 C1.19 09J17b"
2604;;"KTS1 C1.19 09J17b"
2604;;"KTS1 C1.19 09J17b"
2604;;"KTS1 C1.19 09J17b"
2604;;"KTS1 C1.19 09J17b"
2604;;"KTS1 C1.19 09J17b"
2604;;"KTS1 C1.19 09J17b"
2604;;"KTS1 C1.19 09J17b"
2604;;"KTS1 C1.19 09J17b"
2604;;"KTS1 C1.19 09J17b"
2604;;"KTS1 C1.19 09J17b"
2604;;"KTS1 C1.19 09J17b"
2604;;"KTS1 C1.19 09J17b"
2604;;"KTS1 C1.19 09J17b"
2604;;"KTS1 C1.19 09J17b"
2604;;"KTS1 C1.19 09J17b"
2604;;"KTS1 C1.19 09J17b"
2604;;"KTS1 C1.19 09J17b"
2604;;"KTS1 C1.19 09J17b"
2604;;"KTS1 C1.19 09J17b"
2604;;"KTS1 C1.19 09J17b"
2604;;"KTS1 C1.19 09J17b"
2605;;"KTS1 C1.19 09J17d"
2605;;"KTS1 C1.19 09J17d"
2605;;"KTS1 C1.19 09J17d"
2605;;"KTS1 C1.19 09J17d"
2605;;"KTS1 C1.19 09J17d"
2605;;"KTS1 C1.19 09J17d"
2605;;"KTS1 C1.19 09J17d"
2605;;"KTS1 C1.19 09J17d"
2605;;"KTS1 C1.19 09J17d"
2605;;"KTS1 C1.19 09J17d"
2605;;"KTS1 C1.19 09J17d"
2605;;"KTS1 C1.19 09J17d"
2605;;"KTS1 C1.19 09J17d"
2605;;"KTS1 C1.19 09J17d"
2605;;"KTS1 C1.19 09J17d"
2605;;"KTS1 C1.19 09J17d"
2605;;"KTS1 C1.19 09J17d"
2605;;"KTS1 C1.19 09J17d"
2605;;"KTS1 C1.19 09J17d"
2605;;"KTS1 C1.19 09J17d"
2605;;"KTS1 C1.19 09J17d"
2605;;"KTS1 C1.19 09J17d"
2605;;"KTS1 C1.19 09J17d"
2605;;"KTS1 C1.19 09J17d"
2605;;"KTS1 C1.19 09J17d"
2605;;"KTS1 C1.19 09J17d"
2605;;"KTS1 C1.19 09J17d"
2605;;"KTS1 C1.19 09J17d"
2605;;"KTS1 C1.19 09J17d"
2605;;"KTS1 C1.19 09J17d"
2605;;"KTS1 C1.19 09J17d"
2605;;"KTS1 C1.19 09J17d"
2605;;"KTS1 C1.19 09J17d"
2605;;"KTS1 C1.19 09J17d"
2605;;"KTS1 C1.19 09J17d"
2605;;"KTS1 C1.19 09J17d"
2605;;"KTS1 C1.19 09J17d"
2605;;"KTS1 C1.19 09J17d"
2605;;"KTS1 C1.19 09J17d"
2605;;"KTS1 C1.19 09J17d"
2605;;"KTS1 C1.19 09J17d"
2605;;"KTS1 C1.19 09J17d"
2605;;"KTS1 C1.19 09J17d"
2605;;"KTS1 C1.19 09J17d"
2605;;"KTS1 C1.19 09J17d"
2605;;"KTS1 C1.19 09J17d"
2605;;"KTS1 C1.19 09J17d"
2605;;"KTS1 C1.19 09J17d"
2605;;"KTS1 C1.19 09J17d"
2605;;"KTS1 C1.19 09J17d"
2605;;"KTS1 C1.19 09J17d"
2605;;"KTS1 C1.19 09J17d"
2605;;"KTS1 C1.19 09J17d"
2605;;"KTS1 C1.19 09J17d"
2605;;"KTS1 C1.19 09J17d"
2605;;"KTS1 C1.19 09J17d"
2605;;"KTS1 C1.19 09J17d"
2605;;"KTS1 C1.19 09J17d"
2605;;"KTS1 C1.19 09J17d"
2605;;"KTS1 C1.19 09J17d"
2605;;"KTS1 C1.19 09J17d"
2605;;"KTS1 C1.19 09J17d"
2605;;"KTS1 C1.19 09J17d"
2605;;"KTS1 C1.19 09J17d"
2605;;"KTS1 C1.19 09J17d"
2605;;"KTS1 C1.19 09J17d"
2605;;"KTS1 C1.19 09J17d"
2605;;"KTS1 C1.19 09J17d"
2605;;"KTS1 C1.19 09J17d"
2605;;"KTS1 C1.19 09J17d"
2605;;"KTS1 C1.19 09J17d"
2605;;"KTS1 C1.19 09J17d"
2605;;"KTS1 C1.19 09J17d"
2605;;"KTS1 C1.19 09J17d"
2605;;"KTS1 C1.19 09J17d"
2605;;"KTS1 C1.19 09J17d"
2605;;"KTS1 C1.19 09J17d"
2605;;"KTS1 C1.19 09J17d"
2605;;"KTS1 C1.19 09J17d"
2605;;"KTS1 C1.19 09J17d"
2605;;"KTS1 C1.19 09J17d"
2605;;"KTS1 C1.19 09J17d"
2605;;"KTS1 C1.19 09J17d"
2605;;"KTS1 C1.19 09J17d"
2605;;"KTS1 C1.19 09J17d"
2605;;"KTS1 C1.19 09J17d"
2605;;"KTS1 C1.19 09J17d"
2605;;"KTS1 C1.19 09J17d"
2605;;"KTS1 C1.19 09J17d"
2605;;"KTS1 C1.19 09J17d"
2605;;"KTS1 C1.19 09J17d"
2605;;"KTS1 C1.19 09J17d"
2605;;"KTS1 C1.19 09J17d"
2605;;"KTS1 C1.19 09J17d"
2605;;"KTS1 C1.19 09J17d"
2605;;"KTS1 C1.19 09J17d"
2606;20145733;"KTS1 C3.28 09K01"
2607;20145736;"KTS1 C3.28 09K02"
2608;20145743;"KTS1 C3.28 09K03"
2609;20145744d;"KTS1 C3.28 09K04d"
2610;20145744a;"KTS1 C3.28 09K04a"
2611;20145744b;"KTS1 C3.28 09K04b"
2612;20145744c;"KTS1 C3.28 09K04c"
2613;20145735;"KTS1 C3.28 09K05"
2614;20145747;"KTS1 C3.28 09K06"
2615;20145749;"KTS1 C3.28 09K07"
2616;20145750;"KTS1 C3.28 09K08"
2617;20145751;"KTS1 C3.28 09K09"
2618;20145754;"KTS1 C3.28 09K12"
2619;20145755;"KTS1 C3.28 09K13"
2620;20145767;"KTS1 C3.28 09K14_01"
2621;20145766;"KTS1 C3.28 09K14_02"
2622;20145771;"KTS1 C3.28 09K15"
2623;20145770;"KTS1 C3.28 09K16"
2624;20145769;"KTS1 C3.28 09K17"
2625;20145768;"KTS1 C3.28 09K18"
2626;20145757;"KTS1 C3.28 09K19"
2627;20145775;"KTS1 C3.28 09K20"
2628;20136183;"KTS1 C3.28 09K21"
2629;20136184;"KTS1 C3.28 09K22"
2630;20145772;"KTS1 C3.28 09K23"
2631;20145774;"KTS1 C3.29 09K24a"
2632;20145774b;"KTS1 C3.29 09K24b"
2633;20145776;"KTS1 C3.29 09K25"
2634;20136182a;"KTS1 C3.29 09K26a"
2635;20136182b;"KTS1 C3.29 09K26b"
2636;20145777;"KTS1 C3.29 09K27"
2637;20145778;"KTS1 C3.29 09K28a"
2637;20145779;"KTS1 C3.29 09K28b"
2638;20136172;"KTS1 C3.29 09K29"
2639;20145782;"KTS1 C3.29 09K30"
2640;20145783;"KTS1 C3.29 09K31"
2641;20145780;"KTS1 C3.29 09K32b"
2642;20145781;"KTS1 C3.29 09K32a"
2643;20145784;"KTS1 C3.29 09K33"
2644;20145785;"KTS1 C3.29 09K34"
2645;20136171;"KTS1 C3.29 09K35"
2646;20145763;"KTS1 C3.29 09K36"
2647;20136170;"KTS1 C3.29 09K37"
2648;20145762b;"KTS1 C3.29 09K38b"
2649;20145762d;"KTS1 C3.29 09K38d"
2650;20145762c;"KTS1 C3.29 09K38c"
2651;20145762e;"KTS1 C3.29 09K38e"
2652;20145762a;"KTS1 C3.29 09K38a"
2653;20136169;"KTS1 C3.29 09K39"
2654;20145788;"KTS1 C3.29 09K40"
2655;20145786;"KTS1 C3.29 09K41"
2656;20145787;"KTS1 C3.29 09K42"
2657;20145790;"KTS1 C3.29 09K43"
2658;20145791;"KTS1 C3.29 09K44"
2659;20145748;"KTS1 C3.29 09K45"
2660;20145799;"KTS1 C3.29 09K46"
2661;20145794;"KTS1 C3.29 09K47a"
2662;20145794b;"KTS1 C3.29 09K47b"
2663;20134280;"KTS1 C3.29 09K48"
2664;20145796;"KTS1 C3.29 09K49"
2665;20145793;"KTS1 C3.29 09K50"
2666;20145792;"KTS1 C3.29 09K51"
2667;20136168a;"KTS1 C3.29 09K52a"
2668;20136168b;"KTS1 C3.29 09K52b"
2669;20145798;"KTS1 C3.29 09K53"
2670;20145797;"KTS1 C3.29 09K54"
2671;20145795;"KTS1 C3.29 09K55"
2672;20145800;"KTS1 C3.29 09K56a"
2673;20145803;"KTS1 C3.29 09K57"
2674;20145804;"KTS1 C3.29 09K58"
2675;20145805;"KTS1 C3.29 09K59"
2676;20136519;"KTS1 C3.29 09K60"
2677;20136166;"KTS1 C3.29 09K61"
2678;20136167;"KTS1 C3.29 09K62"
2679;20145801;"KTS1 C3.29 09K63_01"
2679;20145802;"KTS1 C3.29 09K63_02"
2680;20136520;"KTS1 C3.29 09K64"
2681;20145806;"KTS1 C3.29 09K65"
2682;20145293;"KTS1 C3.11 09L01"
2683;20145294;"KTS1 C3.11 09L02"
2684;20145295;"KTS1 C3.11 09L03"
2685;;"KTS1 C3.11 09L04a-c_05"
2686;;"KTS1 C3.11 09L04a-c_01"
2686;;"KTS1 C3.11 09L04a-c_01"
2687;;"KTS1 C3.11 09L04a-c_04"
2688;;"KTS1 C3.11 09L04a-c_02"
2689;;"KTS1 C3.11 09L04a-c_03"
2690;;"KTS1 C3.11 09L04a-c_06"
2691;;"KTS1 C3.11 09L04a-c_07"
2692;20137322;"KTS1 C3.11 09L05"
2692;20137320;"KTS1 C1.32 07A20a"
2693;20145299;"KTS1 C3.11 09L06"
2694;20145300d;"KTS1 C3.11 09L07d"
2696;20145300b;"KTS1 C3.11 09L07b"
2697;20145300c;"KTS1 C3.11 09L07c"
2698;20145301;"KTS1 C3.11 09L08"
2699;20145302;"KTS1 C3.11 09L09"
2700;20145306;"KTS1 C3.11 09L10"
2701;20145305a;"KTS1 C3.11 09L11a"
2702;20145305b;"KTS1 C3.11 09L11b"
2703;20145304;"KTS1 C3.11 09L12"
2704;20144503;"KTS1 C3.11 09L13"
2705;20145307;"KTS1 C3.11 09L14"
2706;20145308;"KTS1 C3.11 09L15"
2707;20145309;"KTS1 C3.11 09L16"
2708;20145310;"KTS1 C3.11 09L17"
2709;20145311a;"KTS1 C3.11 09L18a"
2710;20145311b;"KTS1 C3.11 09L18b"
2711;20145311c;"KTS1 C3.11 09L18c"
2712;20145313;"KTS1 C3.11 09L19"
2713;20145314;"KTS1 C3.11 09L20a"
2714;20145314b;"KTS1 C3.11 09L20b"
2715;20145315;"KTS1 C3.11 09L21"
2718;20145316;"KTS1 C3.12 09L22"
2723;20145317;"KTS1 C3.12 09L23"
2724;20145318;"KTS1 C3.12 09L24"
2725;20145323;"KTS1 C3.12 09L25"
2726;20145324;"KTS1 C3.12 09L26"
2727;20136165;"KTS1 C3.12 09L27a"
2728;20136164;"KTS1 C3.12 09L27b"
2729;20145327;"KTS1 C3.11 09L28"
2730;20145328g;"KTS1 C3.12 09L29g"
2731;20145328h;"KTS1 C3.12 09L29h"
2732;20145328j;"KTS1 C3.12 09L29j"
2733;20145328c;"KTS1 C3.12 09L29c"
2734;20145328i;"KTS1 C3.12 09L29i"
2735;20145328f;"KTS1 C3.12 09L29f"
2736;20145328d;"KTS1 C3.12 09L29d"
2737;20145328a;"KTS1 C3.12 09L29a"
2738;20145328e;"KTS1 C3.12 09L29e"
2739;20145328b;"KTS1 C3.12 09L29b"
2740;20145329;"KTS1 C3.11 09L30"
2741;20145325;"KTS1 C3.12 09L31"
2742;20136324;"KTS1 C3.12 09L32"
2743;20139624;"KTS1 C2.45 10A01"
2744;20139625;"KTS1 C2.45 10A02"
2745;20139626;"KTS1 C2.45 10A03"
2746;20139627;"KTS1 C2.45 10A04"
2747;20139628;"KTS1 C2.45 10A05"
2748;20139629;"KTS1 C2.45 10A06_01"
2748;20139630;"KTS1 C2.45 10A06_02"
2748;20139631;"KTS1 C2.45 10A06_03"
2749;20139632;"KTS1 C2.45 10A07"
2750;20139634;"KTS1 C2.45 10A08"
2751;20139635;"KTS1 C2.45 10A09"
2752;20139636;"KTS1 C2.45 10A10"
2753;20139637;"KTS1 C2.45 10A11"
2754;20139638;"KTS1 C2.45 10A12"
2755;20139639;"KTS1 C2.45 10A13"
2756;20139640;"KTS1 C2.45 10A14"
2757;20139641;"KTS1 C2.45 10A15_01"
2757;20139642;"KTS1 C2.45 10A15_02"
2757;20139643;"KTS1 C2.45 10A15_03"
2758;20139657;"KTS1 C2.45 10A16_01"
2758;20139658;"KTS1 C2.45 10A16_02"
2759;20139659;"KTS1 C2.45 10A17"
2760;20139660;"KTS1 C2.45 10A18"
2761;20139661;"KTS1 C2.45 10A19"
2762;20139662;"KTS1 C2.45 10A20"
2763;20139663;"KTS1 C2.45 10A21"
2764;20139664;"KTS1 C2.45 10A22"
2765;20139665;"KTS1 C2.45 10A23"
2766;20139666;"KTS1 C2.46 10A24"
2767;20139668;"KTS1 C2.46 10B01"
2768;20139669;"KTS1 C2.46 10B02"
2769;20139667;"KTS1 C2.46 10B03"
2770;20139670;"KTS1 C2.46 10B04_01"
2770;20139671;"KTS1 C2.46 10B04_02"
2771;20139672;"KTS1 C2.46 10B05_1"
2771;20139673;"KTS1 C2.46 10B05_2"
2772;20139674;"KTS1 C2.46 10B06"
2773;20139675;"KTS1 C2.46 10B07"
2774;20139721;"KTS1 C2.46 10B08"
2775;20139677;"KTS1 C2.46 10B09"
2776;20139676;"KTS1 C2.46 10B10"
2777;20139678;"KTS1 C2.46 10B11"
2778;20139679;"KTS1 C2.46 10B12"
2779;20139680;"KTS1 C2.46 10B13-I"
2779;20139681;"KTS1 C2.46 10B13-II"
2781;20139683;"KTS1 C2.46 10B16a"
2782;20139683b;"KTS1 C2.46 10B16b"
2783;20139685;"KTS1 C2.46 10B17"
2784;20136163;"KTS1 C2.46 10B18"
2785;20139686;"KTS1 C2.46 10B19"
2786;20139687;"KTS1 C2.46 10B20"
2787;20139700;"KTS1 C2.46 10B21_01"
2787;20139701;"KTS1 C2.46 10B21_02"
2787;20139702;"KTS1 C2.46 10B21_03"
2788;20139703;"KTS1 C2.46 10B22a"
2788;20139704;"KTS1 C2.46 10B22b"
2788;20139705;"KTS1 C2.46 10B22c"
2788;20139706;"KTS1 C2.46 10B22d"
2789;20139707;"KTS1 C2.46 10B23_01"
2789;20139708;"KTS1 C2.46 10B23_02"
2790;20139709;"KTS1 C2.47 10C01_01"
2790;20139710;"KTS1 C2.47 10C01_02"
2791;20³39713;"KTS1 C2.47 10C02"
2792;20139711;"KTS1 C2.47 10C03"
2793;20139712;"KTS1 C2.47 10C04"
2794;20136162;"KTS1 C2.47 10C05"
2796;20136161;"KTS1 C2.47 10C07"
2797;20139694;"KTS1 C2.47 10C08"
2798;20139690;"KTS1 C2.47 10C09"
2799;20139728;"KTS1 C2.47 10C10"
2800;20139688;"KTS1 C2.47 10C11"
2801;20139689;"KTS1 C2.47 10C12"
2802;20139727;"KTS1 C2.47 10C13"
2803;20139691;"KTS1 C2.47 10C14"
2803;20144136;"INS3.3c CZER"
2804;20139726;"KTS1 C2.47 10C15"
2805;20139693;"KTS1 C2.47 10C16"
2806;20139692;"KTS1 C2.47 10C17"
2807;20139735;"KTS1 C2.47 10C18"
2808;20136160;"KTS1 C2.47 10C19"
2809;20139736;"KTS1 C2.47 10C20"
2810;20139737;"KTS1 C2.47 10C21"
2811;20139738;"KTS1 C2.47 10C22"
2812;20139734;"KTS1 C2.47 10C23"
2813;20139724;"KTS1 C2.47 10C24"
2814;20139725;"KTS1 C2.47 10C25"
2815;20139739;"KTS1 C2.47 10C26"
2816;20139740;"KTS1 C2.47 10C27"
2817;20139741;"KTS1 C2.47 10C28"
2818;20139742;"KTS1 C2.47 10C29"
2819;20139743;"KTS1 C2.47 10C30"
2820;20139744;"KTS1 C2.47 10C31"
2821;20139745;"KTS1 C2.47 10C32"
2822;20139715;"KTS1 C2.47 10C33"
2823;20139716;"KTS1 C2.47 10C34"
2825;20136159;"KTS1 C2.47 10C36"
2826;20136158;"KTS1 C2.47 10C37"
2827;20139750;"KTS1 C2.48 10C38"
2828;20139752;"KTS1 C2.48 10C39"
2829;20139718;"KTS1 C2.48 10C40"
2830;20139717;"KTS1 C2.48 10C41"
2831;20139719c;"KTS1 C2.47 10C42c"
2832;20139719a;"KTS1 C2.48 10C42a"
2833;20139719b;"KTS1 C2.48 10C42b"
2834;20139720;"KTS1 C2.48 10C43"
2835;20139764;"KTS1 C2.48 10D01"
2836;20139765;"KTS1 C2.48 10D02"
2837;20139766;"KTS1 C2.48 10D03"
2838;20139747;"KTS1 C2.48 10D04_01"
2838;20139748;"KTS1 C2.48 10D04_02"
2839;20139749;"KTS1 C2.48 10D05_01"
2839;20139768;"KTS1 C2.48 10D05_02"
2840;20139775;"KTS1 C2.48 10D06"
2841;20134275;"KTS1 C2.48 10D07"
2843;20139776a;"KTS1 C2.48 10D08a"
2844;20139776b;"KTS1 C2.48 10D08b"
2845;20139778;"KTS1 C2.48 10D09"
2846;20139779;"KTS1 C2.48 10D10"
2847;20139781;"KTS1 C2.48 10D11"
2847;20139782;"KTS1 C2.48 10D12"
2848;20139769;"KTS1 C2.48 10D13"
2849;20139771;"KTS1 C2.48 10D15"
2850;20139772;"KTS1 C2.48 10D16"
2851;20139773;"KTS1 C2.48 10D17"
2852;20139774;"KTS1 C2.48 10D18"
2853;20139784;"KTS1 C2.49 10D19"
2854;20137202;"KTS1 C1.28 10E01"
2855;20137198;"KTS1 C1.28 10E02"
2856;20137213;"KTS1 C1.28 10E03_01"
2856;20137212;"KTS1 C1.28 10E03_02"
2856;20137211;"KTS1 C1.28 10E03_03"
2856;20137210;"KTS1 C1.28 10E03_04"
2856;20137209;"KTS1 C1.28 10E03_05"
2857;20137216;"KTS1 C1.28 10E03_06"
2857;20137215;"KTS1 C1.28 10E03_07"
2858;20139874;"KTS1 C2.52 06K16"
2859;20137217;"KTS1 C1.28 10E07"
2860;;"KTS1 C2.52 10E08"
2861;20137219;"KTS1 C1.28 10E09"
2862;20137220;"KTS1 C1.28 10E10"
2863;20137221c;"KTS1 C1.28 10E11c"
2864;20137221b;"KTS1 C1.28 10E11b"
2865;20137221a;"KTS1 C1.28 10E11a"
2866;20137218;"KTS1 C1.28 10E12"
2867;20137223;"KTS1 C1.28 10E13"
2868;20137224;"KTS1 C1.28 10E14"
2869;20137222;"KTS1 C1.28 10E15"
2870;20137225;"KTS1 C1.28 10E16"
2871;20137226;"KTS1 C1.28 10E17"
2872;20137227;"KTS1 C1.28 10E18_01"
2872;20137228;"KTS1 C1.28 10E18_02"
2873;20139785;"KTS1 C2.49 10F01"
2874;20139787;"KTS1 C2.49 10F02_01"
2874;20139788;"KTS1 C2.49 10F02_02"
2875;20139786;"KTS1 C2.49 10F03"
2876;20139783;"KTS1 C2.49 10F04_01"
2877;20139791;"KTS1 C2.49 10F04_02"
2878;20139792;"KTS1 C2.49 10F04_03"
2879;20139800;"KTS1 C2.49 10F05"
2880;20139801;"KTS1 C2.49 10F06"
2881;20139793;"KTS1 C2.49 10F07"
2882;20139794;"KTS1 C2.49 10F08"
2883;20139795;"KTS1 C2.49 10F09"
2884;20139796;"KTS1 C2.49 10F10"
2885;20139802b;"KTS1 C2.49 10F11b"
2886;20139802c;"KTS1 C2.49 10F11c"
2887;20139802;"KTS1 C2.49 10F11a"
2888;20139803;"KTS1 C2.49 10F12"
2889;20139804;"KTS1 C2.49 10F13"
2890;20139805;"KTS1 C2.49 10F14"
2891;20139807;"KTS1 C2.50 10F15"
2892;20139806;"KTS1 C2.49 10F16"
2893;20139808;"KTS1 C2.50 10F17"
2894;20139809;"KTS1 C2.50 10F18"
2895;20139810;"KTS1 C2.50 10G01"
2896;20139811;"KTS1 C2.50 10G02a"
2897;20139811c;"KTS1 C2.50 10G02c"
2898;20139811b;"KTS1 C2.50 10G02b"
2899;20139812;"KTS1 C2.50 10G03"
2900;20139813;"KTS1 C2.50 10G04"
2901;20139817;"KTS1 C2.50 10G05"
2902;20139816;"KTS1 C2.50 10G06"
2903;20139815;"KTS1 C2.50 10G07"
2904;20139814b;"KTS1 C2.50 10G08b"
2905;20139814;"KTS1 C2.50 10G08a"
2906;20139798;"KTS1 C2.50 10G09_01"
2906;20139799;"KTS1 C2.50 10G09_02"
2907;20139797;"KTS1 C2.50 10G10"
2908;20139818;"KTS1 C2.50 10G11_01"
2908;20139819;"KTS1 C2.50 10G11_02"
2908;20139820;"KTS1 C2.50 10G11_03"
2909;20139821;"KTS1 C2.50 10G12_01"
2909;20139822;"KTS1 C2.51 10G12_02"
2909;20139823;"KTS1 C2.51 10G12_03"
2910;20139824;"KTS1 C2.51 10G13"
2911;20139825;"KTS1 C2.50 10G14"
2912;20139826;"KTS1 C2.50 10G15"
2913;20139827;"KTS1 C2.50 10G16"
2914;20139829;"KTS1 C2.51 10G17"
2915;20139830;"KTS1 C2.51 10G18"
2916;20139833;"KTS1 C2.51 10G19"
2917;20139834;"KTS1 C2.51 10G20"
2918;20139753;"KTS1 C2.51 10G21"
2919;20139831;"KTS1 C2.51 10G22"
2920;20139832;"KTS1 C2.51 10G23"
2921;20139835;"KTS1 C2.51 10G24"
2922;20139836;"KTS1 C2.51 10G25"
2923;20139763;"KTS1 C2.37 10H01"
2924;20139427;"KTS1 C2.37 10H02"
2925;20136157;"KTS1 C2.37 10H03"
2926;20139428;"KTS1 C2.37 10H04"
2927;20139429;"KTS1 C2.37 10H05"
2928;20139453;"KTS1 C2.38 10H06"
2929;20139454;"KTS1 C2.38 10H07"
2930;20139456;"KTS1 C2.38 10H08"
2931;20139455;"KTS1 C2.38 10H09"
2932;20136156;"KTS1 C2.38 10H10"
2933;20136155;"KTS1 C2.38 10H11"
2934;20139457;"KTS1 C2.38 10H12_01"
2934;20139458;"KTS1 C2.38 10H12_02"
2934;20139459;"KTS1 C2.38 10H12_03"
2934;20139460;"KTS1 C2.38 10H12_04"
2935;20139461;"KTS1 C2.38 10H13"
2936;20139462;"KTS1 C2.37 10H14"
2937;20136154;"KTS1 C2.38 10H15"
2938;20139463;"KTS1 C2.38 10H16"
2939;20139464;"KTS1 C2.38 10H17"
2940;20139465;"KTS1 C2.38 10H18"
2941;20139465b;"KTS1 C2.38 10H18"
2942;20136153;"KTS1 C2.38 10H19"
2943;20139467;"KTS1 C2.38 10H20"
2944;20139466;"KTS1 C2.38 10H21"
2945;20139468;"KTS1 C2.38 10H22_01"
2946;20139469;"KTS1 C2.38 10H22_02"
2947;20139470;"KTS1 C2.38 10H22_03"
2948;20139471;"KTS1 C2.38 10H22_05"
2949;20139474;"KTS1 C2.38 10H22_06"
2950;20139472;"KTS1 C2.38 10H22_07"
2951;20139476;"KTS1 C2.38 10H23"
2952;;"KTS1 C2.38 10H24"
2952;;"KTS1 C2.38 10H24"
2953;20139475c;"KTS1 C2.38 10H25c"
2954;20139475b;"KTS1 C2.38 10H25b"
2955;20139475;"KTS1 C2.38 10H25a"
2956;20139477;"KTS1 C2.38 10H26a"
2957;20139477b;"KTS1 C2.38 10H26b"
2958;20139478;"KTS1 C2.38 10H27"
2959;20139479;"KTS1 C2.38 10H28"
2960;20139480;"KTS1 C2.38 10H29"
2961;20139481;"KTS1 C2.37 10H30"
2962;20136447;"KTS1 C2.38 10H31"
2963;20139828;"KTS1 C2.51 10I01"
2964;20139837;"KTS1 C2.51 10I02"
2965;20139848;"KTS1 C2.51 10I03"
2966;20139847;"KTS1 C2.51 10I04"
2967;20139845;"KTS1 C2.51 10I05"
2968;20139846;"KTS1 C2.51 10I06"
2969;20139838;"KTS1 C2.51 10I07"
2970;20138934;"KTS1 C2.51 10I08"
2971;20139839;"KTS1 C2.51 10I09"
2972;20139851;"KTS1 C2.51 10I10"
2973;20139855;"KTS1 C2.51 10I11"
2974;20139852;"KTS1 C2.51 10I12"
2975;20139858;"KTS1 C2.51 10I13a"
2976;20139858b;"KTS1 C2.51 10I13b"
2977;20139930;"KTS1 C2.55 10I14"
2978;20139931;"KTS1 C2.55 10I15"
2979;20136263;"KTS1 C2.55 10I16"
2980;20139935;"KTS1 C2.55 10I17"
2981;20139934;"KTS1 C2.55 10I18"
2981;20124599;"TRE WERC"
2982;20139933;"KTS1 C2.55 10I19"
2983;20139932;"KTS1 C2.55 10I20"
2984;20139937;"KTS1 C2.55 10I21"
2985;20139936;"KTS1 C2.55 10I22"
2986;20136262;"KTS1 C2.55 10I23"
2987;20136265;"KTS1 C2.64 10J01_02"
2988;20140065a;"KTS1 C2.64 10J02a"
2989;20140065b;"KTS1 C2.64 10J02b"
2990;20140066;"KTS1 C2.64 10J03"
2991;20140078;"KTS1 C2.64 10J04"
2992;20140074;"KTS1 C2.64 10J05"
2993;20140079;"KTS1 C2.64 10J06"
2994;20136275;"KTS1 C2.64 10J08"
2995;20136274;"KTS1 C2.64 10J09"
2996;20140080;"KTS1 C2.64 10J10_01"
2996;20140081;"KTS1 C2.64 10J10_02"
2996;20140082;"KTS1 C2.64 10J10_03"
2996;20140083;"KTS1 C2.64 10J10_04"
2997;20140067;"KTS1 C2.64 10J11"
2998;20140068;"KTS1 C2.64 10J12"
2999;20140069;"KTS1 C2.64 10J13"
3000;20140085;"KTS1 C2.64 10J14"
3001;20140086;"KTS1 C2.64 10J15"
3002;20140100;"KTS1 C2.64 10J16"
3003;20140077;"KTS1 C2.64 10J17"
3004;20140076;"KTS1 C2.64 10J18"
3005;20140075;"KTS1 C2.64 10J19"
3006;20140087;"KTS1 C2.64 10J20"
3007;20140101;"KTS1 C2.64 10J21"
3008;20140097;"KTS1 C2.64 10J22"
3009;20140098;"KTS1 C2.64 10J23"
3010;20140099;"KTS1 C2.64 10J24"
3011;20137371;"KTS1 C1.37 10K01"
3012;20137372;"KTS1 C1.37 10K02_01"
3012;20137373;"KTS1 C1.37 10K02_02"
3013;20137374;"KTS1 C1.37 10K03"
3014;20137375;"KTS1 C1.37 10K04"
3015;20137376;"KTS1 C1.37 10K05"
3016;20134178;"KTS1 C1.37 10K06"
3017;20134180;"KTS1 C1.37 10K07_01"
3017;20134181;"KTS1 C1.37 10K07_02"
3018;20134179;"KTS1 C1.37 10K08"
3020;20134183;"KTS1 C1.37 10K10"
3021;20137381;"KTS1 C1.37 10K11"
3022;20137379;"KTS1 C1.37 10K12"
3023;20136286;"KTS1 C1.37 10K13"
3024;20137380;"KTS1 C1.37 10K14"
3025;20137377;"KTS1 C1.37 10K15"
3026;20137384;"KTS1 C1.37 10K16"
3027;20136481;"KTS1 C1.03 05B47"
3028;20137382;"KTS1 C1.37 10K18"
3029;20136287;"KTS1 C1.37 10K19"
3030;20134198;"KTS1 C1.37 10K20"
3031;20137383;"KTS1 C1.37 10K21"
3032;20134194a;"KTS1 C1.37 10K22a"
3033;20134194b;"KTS1 C1.37 10K22b"
3034;20139989;"KTS1 C2.61 10L01_01"
3035;20140019;"KTS1 C2.61 10L01_02"
3036;20140020;"KTS1 C2.61 10L01_03"
3036;20140021;"KTS1 C2.62 10L01_04"
3036;20140022;"KTS1 C2.62 10L01_05"
3037;20140023;"KTS1 C2.62 10L01_06"
3037;20140024;"KTS1 C2.62 10L01_07"
3037;20140025;"KTS1 C2.62 10L01_08"
3038;20140026;"KTS1 C2.61 10L01_09"
3039;20140027;"KTS1 C2.61 10L01_10"
3040;20140028;"KTS1 C2.61 10L01_11"
3041;20140029;"KTS1 C2.61 10L01_12"
3041;20140030;"KTS1 C2.61 10L01_13"
3042;20140033;"KTS1 C2.61 10L01_14"
3043;20140031;"KTS1 C2.61 10L01_15"
3043;20140032;"KTS1 C2.61 10L01_16"
3044;20140034;"KTS1 C2.61 10L01_17"
3045;20140035;"KTS1 C2.61 10L01_18"
3045;20140036;"KTS1 C2.61 10L01_19"
3045;20140037;"KTS1 C2.61 10L01_20"
3046;20137927;"KTS1 C1.57 11A01"
3046;20137928;"KTS1 C1.57 11A02"
3047;;"KTS1 C1.57 11A03b"
3047;;"KTS1 C1.57 11A03b"
3047;;"KTS1 C1.57 11A03b"
3047;;"KTS1 C1.57 11A03b"
3048;20137929;"KTS1 C1.57 11A03a"
3049;20137930;"KTS1 C1.57 11A04"
3050;20137931;"KTS1 C1.57 11A05"
3051;20137933;"KTS1 C1.57 11A06"
3052;20137932;"KTS1 C1.57 11A07"
3053;20137934;"KTS1 C1.57 11A08"
3054;20137935;"KTS1 C1.57 11A09"
3055;20137936;"KTS1 C1.57 11A10"
3056;20137937;"KTS1 C1.57 11A11"
3057;20137938;"KTS1 C1.57 11A12"
3058;20137939;"KTS1 C1.57 11A13"
3059;20137940;"KTS1 C1.57 11A14"
3060;;"KTS1 C1.57 11A15"
3060;;"KTS1 C1.57 11A15"
3061;20137941;"KTS1 C1.57 11A15"
3062;20137955b;"KTS1 C1.57 11A16b"
3063;20137955a;"KTS1 C1.57 11A16a"
3064;20137956;"KTS1 C1.57 11A17"
3065;20137957;"KTS1 C1.57 11A18a"
3065;20137958;"KTS1 C1.57 11A18b"
3066;20137959;"KTS1 C1.57 11A19"
3067;20137960;"KTS1 C1.57 11A20"
3067;20137961;"KTS1 C1.57 11A21"
3068;20137962;"KTS1 C1.57 11A22"
3069;20137963;"KTS1 C1.57 11A23"
3070;20137964;"KTS1 C1.57 11A24"
3071;20137967;"KTS1 C1.57 11A25"
3072;20137966;"KTS1 C1.57 11A26"
3073;20137965;"KTS1 C1.57 11A27"
3074;20137968;"KTS1 C1.57 11A28"
3074;20137969;"KTS1 C1.57 11A29"
3075;20137970;"KTS1 C1.57 11A30"
3076;20137971;"KTS1 C1.57 11A31"
3077;20137972;"KTS1 C1.57 11A32"
3078;20136268;"KTS1 C2.65 11B01"
3079;20140102;"KTS1 C2.65 11B02"
3080;20140104;"KTS1 C2.65 11B03"
3081;20140105;"KTS1 C2.65 11B04_01"
3081;20140106;"KTS1 C2.65 11B04_02"
3081;20140107;"KTS1 C2.65 11B04_03"
3082;20140070;"KTS1 C2.65 11B05"
3083;20140071;"KTS1 C2.65 11B06"
3084;20140103;"KTS1 C2.65 11B07"
3085;20140072;"KTS1 C2.65 11B08"
3086;20140073;"KTS1 C2.65 11B09"
3087;20140115;"KTS1 C2.65 11B10"
3088;20136267;"KTS1 C2.65 11B11"
3089;20140108;"KTS1 C2.65 11B12"
3090;20140118;"KTS1 C2.65 11B13"
3091;20140119;"KTS1 C2.65 11B14"
3093;20140116;"KTS1 C2.65 11B15"
3094;20140117;"KTS1 C2.65 11B16"
3095;20140110b;"KTS1 C2.65 11B17b"
3096;20140110c;"KTS1 C2.65 11B17c"
3097;20140110;"KTS1 C2.65 11B17a"
3098;20140109;"KTS1 C2.65 11B18"
3099;20140121;"KTS1 C2.65 11B19"
3100;20140122;"KTS1 C2.65 11B20"
3101;20140120;"KTS1 C2.65 11B21"
3102;20140123;"KTS1 C2.65 11B22_01"
3102;20140124;"KTS1 C2.65 11B22_02"
3103;20140125;"KTS1 C2.65 11B23"
3104;20140126;"KTS1 C2.65 11B24"
3105;20140127;"KTS1 C2.65 11B25"
3106;20140128;"KTS1 C2.65 11B26"
3107;20140111;"KTS1 C2.65 11B27"
3108;20146152c;"KTS1 C3.41 11C01c"
3109;20146152b;"KTS1 C3.41 11C01b"
3110;20146152;"KTS1 C3.41 11C01a"
3111;20146154;"KTS1 C3.41 11C02"
3112;20146155;"KTS1 C3.41 11C03"
3113;20146157;"KTS1 C3.41 11C04"
3114;20146158;"KTS1 C3.41 11C05"
3115;20135752;"KTS1 C3.41 11C06"
3116;20146159;"KTS1 C3.42 11C07"
3117;20146160;"KTS1 C3.42 11C08"
3118;20146161;"KTS1 C3.42 11C09"
3119;20146162;"KTS1 C3.42 11C10"
3120;20135751;"KTS1 C3.42 11C11"
3121;20136270;"KTS1 C3.42 11C12"
3122;20146156;"KTS1 C3.42 11C13"
3123;20139746;"KTS1 C3.42 11C14"
3124;20135754;"SCO MISC FITZ"
3124;20135755;"SCO MISC FITZ"
3125;20146167;"KTS1 C3.42 11C16"
3126;20146168;"KTS1 C3.42 11C17"
3127;20146169;"KTS1 C3.42 11C18"
3128;20136264;"KTS1 C3.42 11C19"
3129;20146170;"KTS1 C3.42 11C20"
3130;20146171;"KTS1 C3.42 11C21"
3131;20136269;"KTS1 C3.42 11C22"
3132;20146172;"KTS1 C3.42 11C23"
3133;20136273;"KTS1 C2.66 11D01"
3134;20136277;"KTS1 C2.66 11D02"
3135;20140112;"KTS1 C2.66 11D03"
3136;20140113;"KTS1 C2.66 11D04"
3137;20140130;"KTS1 C2.66 11D05"
3138;20140114;"KTS1 C2.66 11D06"
3139;20139729;"KTS1 C2.66 11D07"
3140;20140132a;"KTS1 C2.66 11D08a"
3141;20140132b;"KTS1 C2.66 11D08b"
3142;20140133;"KTS1 C2.66 11D09"
3143;20139962;"KTS1 C2.66 11D10"
3144;20137157;"KTS1 C2.66 11D11"
3145;20140134;"KTS1 C2.66 11D12_01"
3145;20140135;"KTS1 C2.66 11D12_02"
3145;20140136;"KTS1 C2.66 11D12_03"
3145;2014137;"KTS1 C2.66 11D12_04"
3145;20140138;"KTS1 C2.66 11D12_05"
3145;20140139;"KTS1 C2.66 11D12_06"
3146;20140141;"KTS1 C2.66 11D13"
3147;20140142;"KTS1 C2.66 11D14"
3148;20140143;"KTS1 C2.66 11D15"
3149;20140144;"KTS1 C2.66 11D16"
3150;20140145;"KTS1 C2.66 11D17"
3151;20140146;"KTS1 C2.66 11D18"
3152;20140150;"KTS1 C2.67 11D19"
3153;20140151;"KTS1 C2.67 11D20"
3154;20140152;"KTS1 C2.66 11D21"
3155;20140148;"KTS1 C2.66 11D22"
3156;20140149;"KTS1 C2.66 11D23"
3157;20140147;"KTS1 C2.66 11D24"
3158;20146173;"KTS1 C3.42 11E01"
3159;20146174;"KTS1 C3.42 11E02"
3160;20146175;"KTS1 C3.42 11E03"
3161;20146176;"KTS1 C3.42 11E04"
3162;20146177;"KTS1 C3.42 11E05"
3163;20146178;"KTS1 C3.42 11E06"
3163;20131079;"KTS1 C2.26 H4-077"
3164;20146180;"KTS1 C3.42 11E07_01"
3164;20146181;"KTS1 C3.42 11E07_02"
3164;20146182;"KTS1 C3.42 11E07_03"
3165;20146163;"KTS1 C3.42 11E08"
3166;20146179;"KTS1 C3.42 11E09"
3167;20146183;"KTS1 C3.43 11E10"
3168;20146184;"KTS1 C3.43 11E11"
3169;20146185;"KTS1 C3.43 11E12"
3170;20146186;"KTS1 C3.43 11E13"
3171;20146187b;"KTS1 C3.43 11E14b"
3172;20146187a;"KTS1 C3.43 11E14a"
3173;20146188;"KTS1 C3.43 11E15"
3174;20146189;"KTS1 C3.43 11E16"
3175;20146190;"KTS1 C3.43 11E17"
3176;20146191;"KTS1 C3.43 11E18"
3177;20146192b;"KTS1 C3.43 11E19b"
3178;20146192a;"KTS1 C3.43 11E19a"
3179;20146193;"KTS1 C3.43 11E20"
3180;20146194;"KTS1 C3.43 11E21"
3181;20146195;"KTS1 C3.43 11E22"
3182;20146196;"KTS1 C3.43 11E23-III"
3182;20146197;"KTS1 C3.43 11E23-IV"
3183;20146198;"KTS1 C3.43 11E24"
3185;20146199b;"KTS1 C3.43 11E26b"
3186;20146199a;"KTS1 C3.43 11E26a"
3187;20146200;"KTS1 C3.43 11E27"
3188;20136805;"KTS1 C1.12 11F01"
3189;20136804;"KTS1 C1.12 11F02"
3190;20136806;"KTS1 C1.12 11F03"
3191;20136807;"KTS1 C1.12 11F04_01"
3191;20136808;"KTS1 C1.12 11F04_02"
3192;20136820;"KTS1 C1.12 11F05"
3193;20136809;"KTS1 C1.12 11F06"
3194;20136810;"KTS1 C1.12 11F07"
3195;20136821;"KTS1 C1.12 11F08"
3196;20136822;"KTS1 C1.12 11F09"
3197;20136823;"KTS1 C1.12 11F10"
3198;;"KTS1 C1.12 11F10a"
3198;;"KTS1 C1.12 11F10b"
3198;;"KTS1 C1.12 11F10a"
3198;;"KTS1 C1.12 11F10b"
3198;;"KTS1 C1.12 11F10a"
3198;;"KTS1 C1.12 11F10b"
3198;;"KTS1 C1.12 11F10a"
3198;;"KTS1 C1.12 11F10b"
3198;;"KTS1 C1.12 11F10a"
3198;;"KTS1 C1.12 11F10b"
3198;;"KTS1 C1.12 11F10a"
3198;;"KTS1 C1.12 11F10b"
3198;;"KTS1 C1.12 11F10a"
3198;;"KTS1 C1.12 11F10b"
3198;;"KTS1 C1.12 11F10a"
3198;;"KTS1 C1.12 11F10b"
3198;;"KTS1 C1.12 11F10a"
3198;;"KTS1 C1.12 11F10b"
3198;;"KTS1 C1.12 11F10a"
3198;;"KTS1 C1.12 11F10b"
3198;;"KTS1 C1.12 11F10a"
3198;;"KTS1 C1.12 11F10b"
3198;;"KTS1 C1.12 11F10a"
3198;;"KTS1 C1.12 11F10b"
3198;;"KTS1 C1.12 11F10a"
3198;;"KTS1 C1.12 11F10b"
3198;;"KTS1 C1.12 11F10a"
3198;;"KTS1 C1.12 11F10b"
3198;;"KTS1 C1.12 11F10a"
3198;;"KTS1 C1.12 11F10b"
3198;;"KTS1 C1.12 11F10a"
3198;;"KTS1 C1.12 11F10b"
3198;;"KTS1 C1.12 11F10a"
3198;;"KTS1 C1.12 11F10b"
3198;;"KTS1 C1.12 11F10a"
3198;;"KTS1 C1.12 11F10b"
3198;;"KTS1 C1.12 11F10a"
3198;;"KTS1 C1.12 11F10b"
3198;;"KTS1 C1.12 11F10a"
3198;;"KTS1 C1.12 11F10b"
3198;;"KTS1 C1.12 11F10a"
3198;;"KTS1 C1.12 11F10b"
3198;;"KTS1 C1.12 11F10a"
3198;;"KTS1 C1.12 11F10b"
3198;;"KTS1 C1.12 11F10a"
3198;;"KTS1 C1.12 11F10b"
3198;;"KTS1 C1.12 11F10a"
3198;;"KTS1 C1.12 11F10b"
3198;;"KTS1 C1.12 11F10a"
3198;;"KTS1 C1.12 11F10b"
3198;;"KTS1 C1.12 11F10a"
3198;;"KTS1 C1.12 11F10b"
3198;;"KTS1 C1.12 11F10a"
3198;;"KTS1 C1.12 11F10b"
3198;;"KTS1 C1.12 11F10a"
3198;;"KTS1 C1.12 11F10b"
3198;;"KTS1 C1.12 11F10a"
3198;;"KTS1 C1.12 11F10b"
3198;;"KTS1 C1.12 11F10a"
3198;;"KTS1 C1.12 11F10b"
3198;;"KTS1 C1.12 11F10a"
3198;;"KTS1 C1.12 11F10b"
3198;;"KTS1 C1.12 11F10a"
3198;;"KTS1 C1.12 11F10b"
3200;20136824a;"KTS1 C1.12 11F11a"
3201;20136824b;"KTS1 C1.12 11F11b"
3202;20136825;"KTS1 C1.12 11F13"
3203;20136826;"KTS1 C1.12 11F14"
3204;20136827;"KTS1 C1.12 11F15"
3205;20137003;"KTS1 C1.20 11F16"
3206;20137004;"KTS1 C1.20 11F17"
3207;20137005;"KTS1 C1.20 11F18"
3208;20137002;"KTS1 C1.20 11F19"
3209;20137001;"KTS1 C1.20 11F20_01-03"
3210;20137000;"KTS1 C1.20 11F21"
3211;20137007;"KTS1 C1.20 11F22"
3211;20137006;"KTS1 C1.20 11F23"
3212;20134209;"KTS1 C1.38 11G01"
3213;20134208;"KTS1 C1.38 11G02"
3214;20134207;"KTS1 C1.38 11G03"
3215;20134202;"KTS1 C1.38 11G04"
3216;20134203;"KTS1 C1.38 11G05"
3217;20134204;"KTS1 C1.38 11G06_01"
3217;20134205;"KTS1 C1.38 11G06_02"
3218;20136512;"KTS1 C1.38 11G08"
3219;20136292;"KTS1 C1.38 11G09"
3220;20134213;"KTS1 C1.38 11G10"
3221;20134214;"KTS1 C1.38 11G11"
3222;20134211;"KTS1 C1.38 11G12"
3223;20134210;"KTS1 C1.38 11G13"
3224;20134212;"KTS1 C1.38 11G14"
3225;20134215;"KTS1 C1.38 11G15"
3226;20134216b;"KTS1 C1.38 11G16b"
3227;20134216;"KTS1 C1.38 11G16a"
3228;20134217;"KTS1 C1.38 11G17"
3229;20134218;"KTS1 C1.38 11G18"
3230;20134219;"KTS1 C1.38 11G19a-b"
3231;;"KTS1 C1.38 11G20d"
3231;;"KTS1 C1.38 11G20d"
3231;;"KTS1 C1.38 11G20d"
3231;;"KTS1 C1.38 11G20d"
3233;;"KTS1 C1.38 11G20b"
3233;;"KTS1 C1.38 11G20b"
3233;;"KTS1 C1.38 11G20b"
3233;;"KTS1 C1.38 11G20b"
3233;;"KTS1 C1.38 11G20b"
3233;;"KTS1 C1.38 11G20b"
3234;;"KTS1 C1.38 11G20f"
3234;;"KTS1 C1.38 11G20f"
3235;;"KTS1 C1.38 11G20h"
3235;;"KTS1 C1.38 11G20h"
3235;;"KTS1 C1.38 11G20h"
3235;;"KTS1 C1.38 11G20h"
3236;;"KTS1 C1.38 11G20e"
3236;;"KTS1 C1.38 11G20e"
3236;;"KTS1 C1.38 11G20e"
3236;;"KTS1 C1.38 11G20e"
3237;;"KTS1 C1.38 11G20i"
3237;;"KTS1 C1.38 11G20i"
3237;;"KTS1 C1.38 11G20i"
3237;;"KTS1 C1.38 11G20i"
3238;;"KTS1 C1.38 11G20g"
3238;;"KTS1 C1.38 11G20g"
3239;;"KTS1 C1.38 11G20a"
3239;;"KTS1 C1.38 11G20a"
3239;;"KTS1 C1.38 11G20a"
3239;;"KTS1 C1.38 11G20a"
3240;;"KTS1 C1.38 11G20c"
3240;;"KTS1 C1.38 11G20c"
3241;20134221;"KTS1 C1.38 11G21"
3242;20140158;"KTS1 C2.67 11H01"
3242;20140159;"KTS1 C2.67 11H02"
3242;20140160;"KTS1 C2.67 11H03"
3242;20140161;"KTS1 C2.67 11H04"
3243;20140153;"KTS1 C2.67 11H05"
3244;20140154;"KTS1 C2.67 11H06"
3245;20140155;"KTS1 C2.67 11H07"
3246;20140156;"KTS1 C2.67 11H08"
3247;20140163;"KTS1 C2.67 11H09"
3248;20140162;"KTS1 C2.67 11H10"
3249;20140164;"KTS1 C2.67 11H11_01"
3249;20140165;"KTS1 C2.67 11H11_02"
3250;20140166;"KTS1 C2.67 11H12a-m"
3251;20140167;"KTS1 C2.67 11H13_01"
3251;20140168;"KTS1 C2.67 11H13_02"
3252;20140169;"KTS1 C2.67 11H14"
3253;20140170;"KTS1 C2.67 11H15"
3254;20140171;"KTS1 C2.67 11H16"
3257;20140173;"KTS1 C2.68 11H18"
3257;20140174;"KTS1 C2.68 11H19"
3258;20140177;"KTS1 C2.68 11J01"
3259;20140176;"KTS1 C2.68 11J02"
3260;20140175;"KTS1 C2.68 11J03"
3261;20140185;"KTS1 C2.68 11J04_01"
3261;20140187;"KTS1 C2.68 11J04_03"
3261;20140186;"KTS1 C2.68 11J04_02"
3261;20140188;"KTS1 C2.68 11J04_04"
3263;20140178;"KTS1 C2.68 11J05"
3264;20140179;"KTS1 C2.68 11J06"
3265;20140180;"KTS1 C2.68 11J07"
3266;20140181;"KTS1 C2.68 11J08"
3267;20140189;"KTS1 C2.68 11J09_01"
3267;20140190;"KTS1 C2.68 11J09_02"
3268;20140191;"KTS1 C2.68 11J10_01"
3268;20140192;"KTS1 C2.68 11J10_02"
3268;20140193;"KTS1 C2.68 11J10_03"
3269;20140183;"KTS1 C2.68 11J12"
3270;20140182;"KTS1 C2.68 11J14"
3271;20140194b;"KTS1 C2.68 11J15b"
3272;20140194;"KTS1 C2.68 11J15a"
3273;20140195b;"KTS1 C2.68 11J16b"
3274;20140195;"KTS1 C2.68 11J16a"
3275;20140209;"KTS1 C2.68 11J17"
3276;20140210;"KTS1 C2.68 11J18"
3277;20140208;"KTS1 C2.68 11J19"
3278;20140184;"KTS1 C2.68 11J20"
3279;20135776;"KTS1 C2.68 11J21"
3280;20136272;"KTS1 C2.68 11J22"
3281;20140199;"KTS1 C2.68 11J23"
3282;20136276;"KTS1 C2.68 11J24"
3283;20136271;"KTS1 C2.69 11J25"
3284;20140200;"KTS1 C2.69 11J26"
3285;20140198;"KTS1 C2.69 11J27"
3286;20140196;"KTS1 C2.69 11J28"
3287;20140197;"KTS1 C2.69 11J29"
3288;20140212;"KTS1 C2.69 11J30"
3289;20140213;"KTS1 C2.69 11K01"
3290;20140214;"KTS1 C2.69 11K02"
3291;20140215b;"KTS1 C2.69 11K03b"
3294;20140215;"KTS1 C2.69 11K03a"
3296;20140222b;"KTS1 C2.69 11K04b"
3298;20140222;"KTS1 C2.69 11K04a"
3301;20140229b;"KTS1 C2.69 11K05b"
3302;20140229;"KTS1 C2.69 11K05a"
3303;20140229c;"KTS1 C2.69 11K05c"
3305;20140233;"KTS1 C2.69 11K06"
3307;20140217;"KTS1 C2.69 11K08"
3308;20140220;"KTS1 C2.69 11K09"
3309;20140223;"KTS1 C2.69 11K10_01"
3309;20140221;"KTS1 C2.69 11K10_02"
3310;20140224;"KTS1 C2.69 11K11_01"
3310;20140225;"KTS1 C2.69 11K11_02"
3311;20140226;"KTS1 C2.69 11K12"
3314;20140227b;"KTS1 C2.69 11K14b"
3315;20140227;"KTS1 C2.69 11K14a"
3315;20140228;"KTS1 C2.69 11K15a"
3316;20140228b;"KTS1 C2.69 11K15b_01-02"
3318;20140231;"KTS1 C2.70 11K17"
3319;20140232;"KTS1 C2.70 11K18"
3320;20140234;"KTS1 C2.70 11K19"
3321;20140235;"KTS1 C2.70 11K20"
3322;20136254;"KTS1 C2.70 11L01"
3323;20140236;"KTS1 C2.70 11L02"
3324;20140237;"KTS1 C2.70 11L03"
3325;20140238;"KTS1 C2.70 11L04"
3326;20140241;"KTS1 C2.70 11L05"
3327;20140242;"KTS1 C2.70 11L06"
3328;20140243a;"KTS1 C2.70 11L07a"
3329;20140243b;"KTS1 C2.70 11L07b"
3330;20136767;"KTS1 C2.70 11L08"
3331;20140244;"KTS1 C2.70 11L09"
3332;20140239;"KTS1 C2.70 11L10"
3333;20140240;"KTS1 C2.70 11L11"
3334;20140250;"KTS1 C2.70 11L12"
3335;20140245;"KTS1 C2.70 11L13"
3336;20140246;"KTS1 C2.70 11L14"
3337;20136255;"KTS1 C2.70 11L15"
3338;20140247;"KTS1 C2.70 11L16"
3339;20140251;"KTS1 C2.70 11L17"
3340;20140252;"KTS1 C2.70 11L18"
3341;20140253;"KTS1 C2.70 11L19"
3342;20145326;"KTS1 C3.12 12A01"
3343;20145330;"KTS1 C3.12 12A02"
3344;20136285;"KTS1 C3.12 12A03"
3345;20145333;"KTS1 C3.12 12A04"
3346;20145334;"KTS1 C3.12 12A05"
3347;20145332;"KTS1 C3.12 12A06"
3348;20145331;"KTS1 C3.12 12A07"
3349;20145339;"KTS1 C3.12 12A08_01"
3349;20145340;"KTS1 C3.12 12A08_02"
3350;20145341d;"KTS1 C3.12 12A09d"
3351;20145341c;"KTS1 C3.12 12A09c"
3352;20145341a;"KTS1 C3.12 12A09a"
3353;20145341b;"KTS1 C3.12 12A09b"
3354;20145342;"KTS1 C3.12 12A10"
3355;20145343;"KTS1 C3.12 12A11"
3356;20145344;"KTS1 C3.12 12A12"
3357;20145345;"KTS1 C3.12 12A13"
3358;20145346;"KTS1 C3.12 12A14"
3359;20145347;"KTS1 C3.12 12A15"
3360;20145336;"KTS1 C3.12 12A16"
3361;20145335;"KTS1 C3.12 12A17"
3362;20145337b;"KTS1 C3.12 12A18b"
3363;20145337a;"KTS1 C3.12 12A18a"
3364;20145338;"KTS1 C3.13 12A19"
3365;20145351;"KTS1 C3.13 12A20"
3366;20145348;"KTS1 C3.13 12A21"
3367;20145349;"KTS1 C3.13 12B01"
3368;20145350;"KTS1 C3.13 12B02"
3369;20145358;"KTS1 C3.13 12B03"
3370;20145361;"KTS1 C3.13 12B04"
3371;20145360;"KTS1 C3.13 12B05"
3372;20145359;"KTS1 C3.13 12B06"
3373;20145352;"KTS1 C3.13 12B07"
3374;20145353;"KTS1 C3.13 12B08"
3375;20145355;"KTS1 C3.13 12B09"
3376;20145356;"KTS1 C3.13 12B10"
3377;20145357;"KTS1 C3.13 12B11"
3378;20145362;"KTS1 C3.13 12B12"
3379;20145363;"KTS1 C3.13 12B13"
3380;20145364;"KTS1 C3.13 12B14"
3381;20145371;"KTS1 C3.13 12B15"
3382;20145372;"KTS1 C3.13 12B16"
3383;20145373;"KTS1 C3.13 12B17"
3384;20145375;"KTS1 C3.13 12B18a-b"
3385;20145376;"KTS1 C3.13 12B19"
3386;20145374;"KTS1 C3.13 12B20"
3387;20145365;"KTS1 C3.13 12B21"
3388;20136281a;"KTS1 C3.20 12B22a"
3389;20136281b;"KTS1 C3.13 12B22b"
3390;20145366;"KTS1 C3.13 12B23a"
3390;20145367;"KTS1 C3.13 12B23b"
3390;20145368;"KTS1 C3.13 12B23c"
3390;20145369;"KTS1 C3.13 12B23d"
3391;20145370;"KTS1 C3.13 12B24"
3392;20145354a;"KTS1 C3.13 12B25a"
3393;20145354b;"KTS1 C3.13 12B25b"
3394;20145354c;"KTS1 C3.13 12B25c"
3395;20145377;"KTS1 C3.13 12B26"
3396;20145378;"KTS1 C3.13 12B27"
3397;20136284;"KTS1 C3.14 12B28"
3398;20136282;"KTS1 C3.14 12B29"
3399;20145383;"KTS1 C3.14 12B30"
3400;20145382;"KTS1 C3.14 12B31"
3401;20145384;"KTS1 C3.14 12B32"
3402;20145385;"KTS1 C3.14 12B33"
3403;20145386;"KTS1 C3.14 12B34"
3404;20136280;"KTS1 C3.14 12B35"
3407;20145380;"KTS1 C3.14 12B37"
3408;20145514;"KTS1 C3.22 12C01"
3409;20145502;"KTS1 C3.22 12C02"
3410;20145515b;"KTS1 C3.22 12C03b"
3411;20145515a;"KTS1 C3.22 12C03a"
3412;20145517;"KTS1 C3.22 12C04"
3413;20145516;"KTS1 C3.22 12C05"
3414;20145518;"KTS1 C3.22 12C06"
3415;20145519;"KTS1 C3.22 12C07"
3416;20145520;"KTS1 C3.22 12C08"
3417;20145521;"KTS1 C3.22 12C09"
3418;20145522;"KTS1 C3.22-23 12C10_01"
3418;20145523;"KTS1 C3.22-23 12C10_02"
3418;20145524;"KTS1 C3.22-23 12C10_03"
3419;20145525;"KTS1 C3.22 12C11_01"
3419;20145526;"KTS1 C3.22 12C11_02"
3419;20145527;"KTS1 C3.22 12C11_03"
3419;20145528;"KTS1 C3.22 12C11_04"
3419;20145529;"KTS1 C3.22 12C11_05"
3419;20145530;"KTS1 C3.22 12C11_06"
3420;20145531;"KTS1 C3.22 12C12_01"
3420;20145534;"KTS1 C3.22 12C12_02"
3421;20136987;"KTS1 C1.19 15A01_01"
3421;20136988;"KTS1 C1.19 15A01_01"
3422;20136989;"KTS1 C1.19 15A02"
3423;20136981;"KTS1 C1.19 15A03"
3424;20136980;"KTS1 C1.19 15A04"
3425;20136979;"KTS1 C1.19 15A05"
3426;20136952;"KTS1 C1.19 15A06"
3427;20136983;"KTS1 C1.19 15A07"
3428;20136982;"KTS1 C1.19 15A08"
3429;20136297;"KTS1 C1.19 15A09"
3430;20136991;"KTS1 C1.19 15A10"
3431;20136990;"KTS1 C1.19 15A11"
3432;20136993;"KTS1 C1.19 15A12"
3433;20136994;"KTS1 C1.19 15A13"
3434;20136995;"KTS1 C1.19 15A14"
3435;20136996;"KTS1 C1.19 15A15"
3436;20136992;"KTS1 C1.19 15A16"
3437;20136997;"KTS1 C1.19 15A17"
3438;20137024;"KTS1 C1.22 15A18"
3439;20136998;"KTS1 C1.19 15A19_01"
3439;20136999;"KTS1 C1.19 15A19_02"
3440;20137025;"KTS1 C1.22 15A20"
3441;20137026;"KTS1 C1.22 15B01"
3442;20137027;"KTS1 C1.22 15B02"
3443;20137028;"KTS1 C1.22 15B03"
3444;20144519;"KTS1 C1.22 15B04"
3445;20137035;"KTS1 C1.22 15B05"
3446;20137033;"KTS1 C1.22 15B06"
3447;20137032;"KTS1 C1.22 15B07_01"
3447;20137031;"KTS1 C1.22 15B07_02"
3448;20137030;"KTS1 C1.22 15B08"
3449;20137029;"KTS1 C1.22 15B09"
3450;20137039c;"KTS1 C1.22 15B10c"
3451;20137039b;"KTS1 C1.22 15B10b"
3452;20137039a;"KTS1 C1.22 15B10a"
3453;20137039d;"KTS1 C1.22 15B10d"
3454;20136296;"KTS1 C1.22 15B11"
3455;20137038;"KTS1 C1.22 15B12"
3456;20137037;"KTS1 C1.22 15B13"
3457;20137036;"KTS1 C1.22 15B14"
3458;20137034;"KTS1 C1.22 15B15"
3459;20137040;"KTS1 C1.22 15B16"
3460;20137041;"KTS1 C1.22 15B17"
3461;20137042;"KTS1 C1.22 15B18"
3462;20137043;"KTS1 C1.22 15B19"
3463;20137044;"KTS1 C1.22 15B20"
3464;20137045;"KTS1 C1.22 15B21"
3465;20137046;"KTS1 C1.22 15B22"
3466;20137047;"KTS1 C1.22 15B23"
3467;20137048;"KTS1 C1.22 15B24"
3468;20137049a;"KTS1 C1.22 15B25a"
3469;20137049b;"KTS1 C1.22 15B25b"
3470;20137050;"KTS1 C1.23 15B26"
3471;20136298;"KTS1 C1.23 15B27"
3472;20137051;"KTS1 C1.23 15C01_01"
3472;20137052;"KTS1 C1.23 15C01_02"
3472;20137053;"KTS1 C1.23 15C01_03"
3472;20137054;"KTS1 C1.23 15C01_04"
3472;20137055;"KTS1 C1.23 15C01_05"
3473;20136295;"KTS1 C1.23 15C02"
3474;20137056;"KTS1 C1.23 15C03"
3475;20137057;"KTS1 C1.23 15C04"
3476;20137058;"KTS1 C1.23 15C05"
3477;20137059;"KTS1 C1.23 15C06"
3477;20128954;"INS3.1e NL.ZWO"
3478;20137060;"KTS1 C1.23 15C07"
3479;20137061;"KTS1 C1.23 15C08"
3480;20137062;"KTS1 C1.23 15C09"
3481;20137063;"KTS1 C1.23 15C10"
3482;20137064;"KTS1 C1.23 15C11"
3483;20137065;"KTS1 C1.23 15C12"
3484;20137066;"KTS1 C1.23 15C13"
3485;20137067;"KTS1 C1.23 15C14a"
3486;20137068;"KTS1 C1.23 15C14b"
3487;20137069;"KTS1 C1.23 15C14c"
3488;20137070;"KTS1 C1.23 15C14d"
3489;20137071;"KTS1 C1.23 15C14e"
3490;20137072;"KTS1 C1.23 15C14f"
3491;20137073;"KTS1 C1.23 15C15"
3492;20137074a;"KTS1 C1.23 15C16a"
3493;20137074c;"KTS1 C1.23 15C16c"
3494;20137074b;"KTS1 C1.23 15C16b"
3495;20137075;"KTS1 C1.23 15C17"
3497;20137077;"KTS1 C1.23 15C19"
3498;20137078;"KTS1 C1.23 15C20"
3499;20137079;"KTS1 C1.23 15C21"
3500;;"KTS1 C1.23 15C22d"
3500;;"KTS1 C1.23 15C22d"
3500;;"KTS1 C1.23 15C22d"
3500;;"KTS1 C1.23 15C22d"
3501;;"KTS1 C1.23 15C22e"
3501;;"KTS1 C1.23 15C22e"
3501;;"KTS1 C1.23 15C22e"
3501;;"KTS1 C1.23 15C22e"
3502;20137080b;"KTS1 C1.23 15C22b"
3503;20145552b;"KTS1 C3.22 08D18b"
3503;;"KTS1 C1.23 15C22a"
3505;20145552i;"KTS1 C3.22 08D18i"
3505;;"KTS1 C1.23 15C22f"
3505;;"KTS1 C1.23 15C22f"
3506;20137080;"KTS1 C1.23 15C22a-f"
3507;;"KTS1 C1.23 15C22g"
3507;;"KTS1 C1.23 15C22g"
3508;20136294;"KTS1 C1.23 15C23"
3509;20137081;"KTS1 C1.23 15C24"
3510;20137082;"KTS1 C1.23 152C5"
3511;20137083;"KTS1 C1.23 15C26"
3512;20137084;"KTS1 C1.23 15C27"
3514;20137086;"KTS1 C1.23 15C29a"
3515;20137086b;"KTS1 C1.23 15C29b"
3516;20145407;"KTS1 C3.16 15D01_01"
3516;20145408;"KTS1 C3.16 15D01_02"
3516;20145409;"KTS1 C3.16 15D01_03"
3516;20145410;"KTS1 C3.16 15D01_04"
3517;20136304;"KTS1 C3.16 15D02"
3518;20145412;"KTS1 C3.16 15D03"
3519;20145411;"KTS1 C3.16 15D04"
3520;20136303;"KTS1 C3.16 15D05"
3521;20136302;"KTS1 C3.16 15D06"
3522;20136301;"KTS1 C3.16 15D07"
3523;20145413;"KTS1 C3.16 15D08"
3524;201455436b;"KTS1 C3.16 15D09b"
3525;20145436a;"KTS1 C3.16 15D09a"
3526;20145418;"KTS1 C3.16 15D10"
3527;20145415;"KTS1 C3.16 15D11b"
3527;20145414;"KTS1 C3.16 15D11a"
3528;20145416;"KTS1 C3.16 15D12"
3529;20145417;"KTS1 C3.16 15D13"
3530;20136300a;"KTS1 C3.16 15D14a"
3531;20136300b;"KTS1 C3.16 15D14b"
3532;20136300c;"KTS1 C3.16 15D14c"
3533;20136300d;"KTS1 C3.16 15D14d"
3534;20136300e;"KTS1 C3.16 15D14e"
3535;20136299;"KTS1 C3.16 15D15"
3536;20145419;"KTS1 C3.16 15D16_01"
3536;20145420;"KTS1 C3.16 15D16_02"
3536;20145421;"KTS1 C3.16 15D16_03"
3537;20145422;"KTS1 C3.16 15D17"
3538;20145423;"KTS1 C3.16 15D18"
3539;20145424;"KTS1 C3.16 15D19"
3540;20145425;"KTS1 C3.16 15D20"
3541;20145426;"KTS1 C3.16 15D21"
3542;20145427;"KTS1 C3.16 15D22"
3543;20145428a;"KTS1 C3.16 15D23a"
3544;20145428b;"KTS1 C3.16 15D23b"
3545;20145428c;"KTS1 C3.16 15D23c"
3546;20145428d;"KTS1 C3.16 15D23d"
3547;20145429;"KTS1 C3.16 15D24"
3548;20145430;"KTS1 C3.16 15D25"
3549;20145431;"KTS1 C3.16 15D26"
3550;20145435;"KTS1 C3.16 15D27"
3551;20145434;"KTS1 C3.16 15D28"
3552;20145432;"KTS1 C3.16 15D29_01"
3552;20145433;"KTS1 C3.16 15D29_02"
3553;20145128;"KTS1 C3.07 15E01"
3554;20145129;"KTS1 C3.07 15E02"
3555;20139416;"KTS1 C2.37 08C28"
3555;20145130;"KTS1 C3.07 15E03"
3556;20145131;"KTS1 C3.07 15E04"
3557;20145145;"KTS1 C3.07 15E05"
3558;20145300;"KTS1 C3.11 09L07a"
3558;20145146;"KTS1 C3.07 15E06"
3559;20145147;"KTS1 C3.07 15E07a"
3560;20145147b;"KTS1 C3.07 15E07b"
3561;2014527;"KTS1 C3.07 15E08"
3562;20145153;"KTS1 C3.07 15E09"
3563;20145148;"KTS1 C3.07 15E10"
3564;20145154;"KTS1 C3.07 15E11"
3565;20145151;"KTS1 C3.07 15E12"
3566;20145152;"KTS1 C3.07 15E13"
3567;20145150;"KTS1 C3.07 15E14"
3568;20136310a;"KTS1 C3.07 15E15a"
3569;20136310b;"KTS1 C3.07 15E15b"
3570;20136310c;"KTS1 C3.07 15E15c"
3571;20136310d;"KTS1 C3.07 15E15d"
3572;20136308a;"KTS1 C3.07 15E16a"
3573;20136308b;"KTS1 C3.07 15E16b"
3574;20136518;"KTS1 C3.07 15E17"
3575;20145155;"KTS1 C3.07 15E18"
3576;20145177;"KTS1 C3.07 15E19"
3577;20145149;"KTS1 C3.07 15E20"
3578;20145160;"KTS1 C3.07 15E21"
3579;20145159;"KTS1 C3.07 15E22"
3580;20136309;"KTS1 C3.07 15E23"
3581;20145158;"KTS1 C3.07 15E24"
3582;20145157b;"KTS1 C3.07 15E25b"
3583;20145157;"KTS1 C3.07 15E25a"
3584;20145156;"KTS1 C3.07 15E26"
3585;20145161;"KTS1 C3.07 15E27"
3586;20145162;"KTS1 C3.07 15E28"
3587;20145164;"KTS1 C3.07 15E29"
3588;20145165;"KTS1 C3.07 15E30"
3589;20145163;"KTS1 C3.07 15E31"
3590;20136362;"KTS1 C3.17 15F01"
3591;20145438;"KTS1 C3.17 15F02"
3592;20145437;"KTS1 C3.17 15F03"
3593;;"KTS1 C3.17 15F04_01"
3594;20136383;"KTS1 C3.17 15F04_02"
3595;20145442;"KTS1 C3.17 15F05"
3596;20145444;"KTS1 C3.17 15F06"
3597;20145443a;"KTS1 C3.17 15F07a"
3598;20145443b;"KTS1 C3.17 15F07b"
3599;20145443c;"KTS1 C3.17 15F07c"
3600;20145443d;"KTS1 C3.17 15F07d"
3601;20145443e;"KTS1 C3.17 15F07e"
3602;20145443f;"KTS1 C3.17 15F07f"
3603;20145443g;"KTS1 C3.17 15F07g"
3604;20145445;"KTS1 C3.17 15F08"
3605;20136381;"KTS1 C3.17 15F09"
3606;20145446;"KTS1 C3.17 15F10"
3607;20136377;"KTS1 C3.17 15F11_01"
3607;20136378;"KTS1 C3.17 15F11_02"
3608;20136379d;"KTS1 C3.17 15F12d"
3609;20136379a;"KTS1 C3.17 15F12a"
3610;20136379c;"KTS1 C3.17 15F12c"
3611;20136379b;"KTS1 C3.17 15F12b"
3612;20136361;"KTS1 C3.17 15F13"
3613;20145447c;"KTS1 C3.17 15F14c"
3614;20145447d;"KTS1 C3.17 15F14d"
3615;20145447b;"KTS1 C3.17 15F14b"
3616;20145447a;"KTS1 C3.17 15F14a"
3617;20145448;"KTS1 C3.17 15F15"
3618;20145449;"KTS1 C3.17 15F16"
3619;20145450;"KTS1 C3.17 15F17"
3620;20145452;"KTS1 C3.17 15F18"
3621;20145451;"KTS1 C3.17 15F19"
3622;20145455;"KTS1 C3.18 15F20"
3623;20145454;"KTS1 C3.18 15F21"
3624;20145456;"KTS1 C3.18 15F22"
3625;20145457;"KTS1 C3.18 15F23"
3626;20145458;"KTS1 C3.18 15F24"
3627;20145460;"KTS1 C3.18 15F25"
3628;20146219;"KTS1 C3.48 15G01_01"
3628;20146295;"KTS1 C3.48 15G01_02"
3629;20139789b;"KTS1 C3.48 15G02b"
3630;20139789a;"KTS1 C3.48 15G02a"
3631;20146296;"KTS1 C3.48 15G03"
3632;20146297;"KTS1 C3.48 15G04"
3633;20146298a;"KTS1 C3.48 15G05_01a"
3633;20146299a;"KTS1 C3.48 15G05_02a"
3634;20146298c;"KTS1 C3.48 15G05_01c"
3634;20146299c;"KTS1 C3.48 15G05_02c"
3635;20146298b;"KTS1 C3.48 15G05_01b"
3635;20146299b;"KTS1 C3.48 15G05_02b"
3636;20146298d;"KTS1 C3.48 15G05_01d"
3636;20146299d;"KTS1 C3.48 15G05_02d"
3637;20146300;"KTS1 C3.48 15G06"
3638;20136315;"KTS1 C3.48 15G07"
3639;20146301;"KTS1 C3.48 15G08"
3640;20146302;"KTS1 C3.48 15G09_01"
3640;20146306;"KTS1 C3.48 15G09_02"
3641;20146307;"KTS1 C3.48 15G10"
3642;20136314;"KTS1 C3.48 15G11"
3643;20146309;"KTS1 C3.48 15G12"
3644;20146308;"KTS1 C3.48 15G13"
3645;20146314;"KTS1 C3.48 15G14_01"
3645;20146315;"KTS1 C3.48 15G14_02"
3645;20146316;"KTS1 C3.48 15G14_03"
3645;20146317;"KTS1 C3.48 15G14_04"
3645;20146318;"KTS1 C3.48 15G14_05"
3645;20146319;"KTS1 C3.48 15G14_06"
3646;20146312;"KTS1 C3.48 15G15_01"
3646;20146313;"KTS1 C3.48 15G15_02"
3647;20146320;"KTS1 C3.49 15G16_1"
3647;20146321;"KTS1 C3.49 15G16_2"
3647;20146322;"KTS1 C3.49 15G16_3"
3647;20146323;"KTS1 C3.49 15G16_4"
3647;20146324;"KTS1 C3.49 15G16_5"
3647;20146325;"KTS1 C3.49 15G16_6"
3647;20146326;"KTS1 C3.49 15G16_7"
3647;20146327;"KTS1 C3.49 15G16_8"
3648;20146328;"KTS1 C3.49 15G17"
3649;20146329;"KTS1 C3.49 15G18"
3650;20146330;"KTS1 C3.49 15G19"
3651;20146331;"KTS1 C3.49 15G20"
3652;20146332;"KTS1 C3.49 15G21"
3653;20146311;"KTS1 C3.49 15G22"
3654;20136313;"KTS1 C3.49 15G23"
3655;20146310a;"KTS1 C3.49 15G24a"
3656;20146310b;"KTS1 C3.49 15G24b"
3657;20146310c;"KTS1 C3.49 15G24c"
3658;20146336;"KTS1 C3.49 15G25"
3659;20146335;"KTS1 C3.49 15G26"
3660;20146334;"KTS1 C3.49 15G27"
3661;20146333;"KTS1 C3.49 15G28"
3662;20146338;"KTS1 C3.49 15G29"
3663;20146337;"KTS1 C3.49 15G30"
3664;20146340;"KTS1 C3.49 15G31"
3665;20146341;"KTS1 C3.49 15G32"
3666;20146339;"KTS1 C3.49 15G33"
3667;20146400;"KTS1 C3.49 15G34"
3668;20146342;"KTS1 C3.49 15G35_01"
3668;20146343;"KTS1 C3.49 15G35_02"
3669;20146344;"KTS1 C3.32 15G36"
3670;20146347;"KTS1 C3.49 15G37"
3671;20137090a;"KTS1 C1.24 15H01a"
3672;20137090b;"KTS1 C1.24 15H01b"
3673;20137090c;"KTS1 C1.24 15H01c"
3674;20137089;"KTS1 C1.24 15H01d"
3675;20137088c;"KTS1 C1.24 15H02c"
3676;;"KTS1 C1.24 15H02f"
3676;20137088f;"KTS1 C1.24 15H02f"
3677;20137088d;"KTS1 C1.24 15H02d"
3678;20137088e;"KTS1 C1.24 15H02e"
3679;20137088a;"KTS1 C1.24 15H02a"
3680;20137088b;"KTS1 C1.24 15H02b"
3681;20137088g;"KTS1 C1.24 15H02g"
3682;20137088h;"KTS1 C1.24 15H02h"
3683;20137087;"KTS1 C1.24 15H03"
3684;20137091;"KTS1 C1.24 15H04"
3685;20137092;"KTS1 C1.24 15H05"
3686;20137093;"KTS1 C1.24 15H06"
3687;20137095;"KTS1 C1.24 15H07_01"
3687;20137094;"KTS1 C1.24 15H07_02"
3688;20137096;"KTS1 C1.24 15H08"
3689;20137097;"KTS1 C1.24 15H09"
3690;20136312;"KTS1 C1.24 15H10"
3691;20137098;"KTS1 C1.24 15H11"
3692;20137099;"KTS1 C1.24 15H12"
3693;20137100;"KTS1 C1.24 15H13"
3694;20137101;"KTS1 C1.24 15H14"
3695;20137102;"KTS1 C1.24 15H15"
3696;20137103;"KTS1 C1.24 15H16"
3697;20136293;"KTS1 C1.24 15H17"
3698;20137104;"KTS1 C1.24 15H18"
3699;;"KTS1 C1.24 15H19"
3699;;"KTS1 C1.24 15H19"
3700;20137106;"KTS1 C1.24 15H20"
3701;20137107;"KTS1 C1.24 15H21"
3702;20137108;"KTS1 C1.24 15H22_01"
3702;20137109;"KTS1 C1.24 15H22_02"
3703;20137110;"KTS1 C1.24 15H23"
3704;20137111;"KTS1 C1.24 15H24"
3705;20137112a;"KTS1 C1.24 15H25a"
3706;20137112b;"KTS1 C1.24 15H25b"
3707;20137113;"KTS1 C1.24 15H26"
3708;20137114;"KTS1 C1.24 15H27"
3709;20137115;"KTS1 C1.24 15H28"
3710;20137116;"KTS1 C1.24 15H29"
3711;20137121;"KTS1 C1.25 15I01"
3712;20137126;"KTS1 C1.25 15I02"
3713;20137127;"KTS1 C1.25 15I03"
3714;20137128;"KTS1 C1.25 15I04"
3715;20137122;"KTS1 C1.25 15I05"
3716;20137130;"KTS1 C1.25 15I06"
3717;20137129;"KTS1 C1.25 15I07"
3718;20137123;"KTS1 C1.25 15I08"
3719;20136291;"KTS1 C1.25 15I09"
3720;20137124;"KTS1 C1.25 15I10"
3721;20137125;"KTS1 C1.25 15I11"
3722;20137137;"KTS1 C1.25 15I12_01"
3722;20137138;"KTS1 C1.25 15I12_02"
3722;20137139;"KTS1 C1.25 15I12_03"
3722;20137140;"KTS1 C1.25 15I12_04"
3723;20137141;"KTS1 C1.25 15I13_01"
3723;20137142;"KTS1 C1.25 15I13_02"
3723;20137143;"KTS1 C1.25 15I13_03"
3723;20137144;"KTS1 C1.25 15I13_04"
3723;20137145;"KTS1 C1.25 15I13_05"
3723;20137147;"KTS1 C1.25 15I13_06"
3723;20137146;"KTS1 C1.25 15I13_07"
3723;20137148;"KTS1 C1.25 15I13_08"
3724;20145200;"KTS1 C3.08 16A01"
3725;20145206;"KTS1 C3.08 16A02"
3726;20145207;"KTS1 C3.08 16A03"
3727;20145215;"KTS1 C3.08 16A04"
3728;20145217;"KTS1 C3.08 16A05"
3729;20145216;"KTS1 C3.08 16A06"
3730;20145208;"KTS1 C3.08 16A07"
3731;20145209;"KTS1 C3.08 16A08"
3732;20145218;"KTS1 C3.09 16A09"
3733;20145219;"KTS1 C3.09 16A10"
3734;20145221;"KTS1 C3.09 16A11"
3735;20145220;"KTS1 C3.09 16A12"
3736;20145223;"KTS1 C3.09 16A13"
3737;20145222;"KTS1 C3.09 16A14"
3738;20145224;"KTS1 C3.09 16A15"
3739;20145225;"KTS1 C3.09 16A16"
3740;20145226;"KTS1 C3.09 16A17"
3741;20145227;"KTS1 C3.09 16A18"
3742;20137149;"KTS1 C1.25 16B01"
3743;20137150;"KTS1 C1.26 16B02"
3744;20137161;"KTS1 C1.25 16B03"
3745;20137162;"KTS1 C1.25 16B04"
3746;20136290;"KTS1 C1.25 16B05"
3747;20136289;"KTS1 C1.25 16B06"
3748;20137163;"KTS1 C1.25 16B07"
3749;20137164;"KTS1 C1.26 16B08"
3750;20137165;"KTS1 C1.25 16B09"
3751;20136480;"KTS1 C1.03 05B29"
3752;20136085;"KTS1 C1.03 05B32"
3753;20136103;"KTS1 C1.03 05B43"
3754;20136479;"KTS1 C1.03 05B37"
3755;20136091;"KTS1 C1.26 16B14"
3756;20136311a;"KTS1 C1.25 16B15a"
3757;20136311b;"KTS1 C1.25 16B15b"
3758;20136311c;"KTS1 C1.25 16B15c"
3759;20136311d;"KTS1 C1.25 16B15d"
3760;20137176;"KTS1 C1.26 16B16"
3761;20137177;"KTS1 C1.26 16B17"
3762;20137178;"KTS1 C1.26 16B18"
3763;20137170a;"KTS1 C1.26 16B19a"
3764;20137171;"KTS1 C1.26 16B20"
3765;20137172;"KTS1 C1.26 16B21_01"
3765;20137173;"KTS1 C1.26 16B21_02"
3766;;"KTS1 C1.26 16B22k"
3766;;"KTS1 C1.26 16B22k"
3766;;"KTS1 C1.26 16B22k"
3766;;"KTS1 C1.26 16B22k"
3766;;"KTS1 C1.26 16B22k"
3766;;"KTS1 C1.26 16B22k"
3766;;"KTS1 C1.26 16B22k"
3766;;"KTS1 C1.26 16B22k"
3766;;"KTS1 C1.26 16B22k"
3766;;"KTS1 C1.26 16B22k"
3766;;"KTS1 C1.26 16B22k"
3766;;"KTS1 C1.26 16B22k"
3766;;"KTS1 C1.26 16B22k"
3766;;"KTS1 C1.26 16B22k"
3766;;"KTS1 C1.26 16B22k"
3766;;"KTS1 C1.26 16B22k"
3767;;"KTS1 C1.26 16B22e"
3767;;"KTS1 C1.26 16B22e"
3767;;"KTS1 C1.26 16B22e"
3767;;"KTS1 C1.26 16B22e"
3767;;"KTS1 C1.26 16B22e"
3767;;"KTS1 C1.26 16B22e"
3767;;"KTS1 C1.26 16B22e"
3767;;"KTS1 C1.26 16B22e"
3767;;"KTS1 C1.26 16B22e"
3767;;"KTS1 C1.26 16B22e"
3767;;"KTS1 C1.26 16B22e"
3767;;"KTS1 C1.26 16B22e"
3767;;"KTS1 C1.26 16B22e"
3767;;"KTS1 C1.26 16B22e"
3767;;"KTS1 C1.26 16B22e"
3767;;"KTS1 C1.26 16B22e"
3767;;"KTS1 C1.26 16B22e"
3767;;"KTS1 C1.26 16B22e"
3767;;"KTS1 C1.26 16B22e"
3767;;"KTS1 C1.26 16B22e"
3767;;"KTS1 C1.26 16B22e"
3767;;"KTS1 C1.26 16B22e"
3767;;"KTS1 C1.26 16B22e"
3767;;"KTS1 C1.26 16B22e"
3767;;"KTS1 C1.26 16B22e"
3767;;"KTS1 C1.26 16B22e"
3767;;"KTS1 C1.26 16B22e"
3767;;"KTS1 C1.26 16B22e"
3767;;"KTS1 C1.26 16B22e"
3767;;"KTS1 C1.26 16B22e"
3767;;"KTS1 C1.26 16B22e"
3767;;"KTS1 C1.26 16B22e"
3767;;"KTS1 C1.26 16B22e"
3767;;"KTS1 C1.26 16B22e"
3767;;"KTS1 C1.26 16B22e"
3767;;"KTS1 C1.26 16B22e"
3767;;"KTS1 C1.26 16B22e"
3767;;"KTS1 C1.26 16B22e"
3767;;"KTS1 C1.26 16B22e"
3767;;"KTS1 C1.26 16B22e"
3767;;"KTS1 C1.26 16B22e"
3767;;"KTS1 C1.26 16B22e"
3767;;"KTS1 C1.26 16B22e"
3767;;"KTS1 C1.26 16B22e"
3767;;"KTS1 C1.26 16B22e"
3767;;"KTS1 C1.26 16B22e"
3767;;"KTS1 C1.26 16B22e"
3767;;"KTS1 C1.26 16B22e"
3767;;"KTS1 C1.26 16B22e"
3767;;"KTS1 C1.26 16B22e"
3767;;"KTS1 C1.26 16B22e"
3767;;"KTS1 C1.26 16B22e"
3767;;"KTS1 C1.26 16B22e"
3767;;"KTS1 C1.26 16B22e"
3767;;"KTS1 C1.26 16B22e"
3767;;"KTS1 C1.26 16B22e"
3767;;"KTS1 C1.26 16B22e"
3767;;"KTS1 C1.26 16B22e"
3767;;"KTS1 C1.26 16B22e"
3767;;"KTS1 C1.26 16B22e"
3767;;"KTS1 C1.26 16B22e"
3767;;"KTS1 C1.26 16B22e"
3767;;"KTS1 C1.26 16B22e"
3767;;"KTS1 C1.26 16B22e"
3767;;"KTS1 C1.26 16B22e"
3767;;"KTS1 C1.26 16B22e"
3767;;"KTS1 C1.26 16B22e"
3767;;"KTS1 C1.26 16B22e"
3767;;"KTS1 C1.26 16B22e"
3767;;"KTS1 C1.26 16B22e"
3767;;"KTS1 C1.26 16B22e"
3767;;"KTS1 C1.26 16B22e"
3767;;"KTS1 C1.26 16B22e"
3767;;"KTS1 C1.26 16B22e"
3767;;"KTS1 C1.26 16B22e"
3767;;"KTS1 C1.26 16B22e"
3767;;"KTS1 C1.26 16B22e"
3767;;"KTS1 C1.26 16B22e"
3767;;"KTS1 C1.26 16B22e"
3767;;"KTS1 C1.26 16B22e"
3767;;"KTS1 C1.26 16B22e"
3767;;"KTS1 C1.26 16B22e"
3767;;"KTS1 C1.26 16B22e"
3767;;"KTS1 C1.26 16B22e"
3767;;"KTS1 C1.26 16B22e"
3767;;"KTS1 C1.26 16B22e"
3767;;"KTS1 C1.26 16B22e"
3767;;"KTS1 C1.26 16B22e"
3767;;"KTS1 C1.26 16B22e"
3767;;"KTS1 C1.26 16B22e"
3767;;"KTS1 C1.26 16B22e"
3767;;"KTS1 C1.26 16B22e"
3767;;"KTS1 C1.26 16B22e"
3767;;"KTS1 C1.26 16B22e"
3767;;"KTS1 C1.26 16B22e"
3767;;"KTS1 C1.26 16B22e"
3768;;"KTS1 C1.26 16B22f"
3768;;"KTS1 C1.26 16B22f"
3768;;"KTS1 C1.26 16B22f"
3768;;"KTS1 C1.26 16B22f"
3768;;"KTS1 C1.26 16B22f"
3768;;"KTS1 C1.26 16B22f"
3768;;"KTS1 C1.26 16B22f"
3768;;"KTS1 C1.26 16B22f"
3768;;"KTS1 C1.26 16B22f"
3768;;"KTS1 C1.26 16B22f"
3768;;"KTS1 C1.26 16B22f"
3768;;"KTS1 C1.26 16B22f"
3768;;"KTS1 C1.26 16B22f"
3768;;"KTS1 C1.26 16B22f"
3768;;"KTS1 C1.26 16B22f"
3768;;"KTS1 C1.26 16B22f"
3768;;"KTS1 C1.26 16B22f"
3768;;"KTS1 C1.26 16B22f"
3768;;"KTS1 C1.26 16B22f"
3768;;"KTS1 C1.26 16B22f"
3768;;"KTS1 C1.26 16B22f"
3768;;"KTS1 C1.26 16B22f"
3768;;"KTS1 C1.26 16B22f"
3768;;"KTS1 C1.26 16B22f"
3768;;"KTS1 C1.26 16B22f"
3768;;"KTS1 C1.26 16B22f"
3768;;"KTS1 C1.26 16B22f"
3768;;"KTS1 C1.26 16B22f"
3768;;"KTS1 C1.26 16B22f"
3768;;"KTS1 C1.26 16B22f"
3768;;"KTS1 C1.26 16B22f"
3768;;"KTS1 C1.26 16B22f"
3768;;"KTS1 C1.26 16B22f"
3768;;"KTS1 C1.26 16B22f"
3768;;"KTS1 C1.26 16B22f"
3768;;"KTS1 C1.26 16B22f"
3768;;"KTS1 C1.26 16B22f"
3768;;"KTS1 C1.26 16B22f"
3768;;"KTS1 C1.26 16B22f"
3768;;"KTS1 C1.26 16B22f"
3768;;"KTS1 C1.26 16B22f"
3768;;"KTS1 C1.26 16B22f"
3768;;"KTS1 C1.26 16B22f"
3768;;"KTS1 C1.26 16B22f"
3768;;"KTS1 C1.26 16B22f"
3768;;"KTS1 C1.26 16B22f"
3768;;"KTS1 C1.26 16B22f"
3768;;"KTS1 C1.26 16B22f"
3769;;"KTS1 C1.26 16B22i"
3769;;"KTS1 C1.26 16B22i"
3769;;"KTS1 C1.26 16B22i"
3769;;"KTS1 C1.26 16B22i"
3769;;"KTS1 C1.26 16B22i"
3769;;"KTS1 C1.26 16B22i"
3769;;"KTS1 C1.26 16B22i"
3769;;"KTS1 C1.26 16B22i"
3769;;"KTS1 C1.26 16B22i"
3769;;"KTS1 C1.26 16B22i"
3769;;"KTS1 C1.26 16B22i"
3769;;"KTS1 C1.26 16B22i"
3769;;"KTS1 C1.26 16B22i"
3769;;"KTS1 C1.26 16B22i"
3769;;"KTS1 C1.26 16B22i"
3769;;"KTS1 C1.26 16B22i"
3769;;"KTS1 C1.26 16B22i"
3769;;"KTS1 C1.26 16B22i"
3769;;"KTS1 C1.26 16B22i"
3769;;"KTS1 C1.26 16B22i"
3769;;"KTS1 C1.26 16B22i"
3769;;"KTS1 C1.26 16B22i"
3769;;"KTS1 C1.26 16B22i"
3769;;"KTS1 C1.26 16B22i"
3769;;"KTS1 C1.26 16B22i"
3769;;"KTS1 C1.26 16B22i"
3769;;"KTS1 C1.26 16B22i"
3769;;"KTS1 C1.26 16B22i"
3769;;"KTS1 C1.26 16B22i"
3769;;"KTS1 C1.26 16B22i"
3769;;"KTS1 C1.26 16B22i"
3769;;"KTS1 C1.26 16B22i"
3769;;"KTS1 C1.26 16B22i"
3769;;"KTS1 C1.26 16B22i"
3769;;"KTS1 C1.26 16B22i"
3769;;"KTS1 C1.26 16B22i"
3769;;"KTS1 C1.26 16B22i"
3769;;"KTS1 C1.26 16B22i"
3769;;"KTS1 C1.26 16B22i"
3769;;"KTS1 C1.26 16B22i"
3769;;"KTS1 C1.26 16B22i"
3769;;"KTS1 C1.26 16B22i"
3769;;"KTS1 C1.26 16B22i"
3769;;"KTS1 C1.26 16B22i"
3769;;"KTS1 C1.26 16B22i"
3769;;"KTS1 C1.26 16B22i"
3769;;"KTS1 C1.26 16B22i"
3769;;"KTS1 C1.26 16B22i"
3769;;"KTS1 C1.26 16B22i"
3769;;"KTS1 C1.26 16B22i"
3769;;"KTS1 C1.26 16B22i"
3769;;"KTS1 C1.26 16B22i"
3769;;"KTS1 C1.26 16B22i"
3769;;"KTS1 C1.26 16B22i"
3769;;"KTS1 C1.26 16B22i"
3769;;"KTS1 C1.26 16B22i"
3769;;"KTS1 C1.26 16B22i"
3769;;"KTS1 C1.26 16B22i"
3769;;"KTS1 C1.26 16B22i"
3769;;"KTS1 C1.26 16B22i"
3769;;"KTS1 C1.26 16B22i"
3769;;"KTS1 C1.26 16B22i"
3769;;"KTS1 C1.26 16B22i"
3769;;"KTS1 C1.26 16B22i"
3770;;"KTS1 C1.26 16B22j"
3770;;"KTS1 C1.26 16B22j"
3770;;"KTS1 C1.26 16B22j"
3770;;"KTS1 C1.26 16B22j"
3770;;"KTS1 C1.26 16B22j"
3770;;"KTS1 C1.26 16B22j"
3771;20137174a;"KTS1 C1.26 16B22a"
3772;;"KTS1 C1.26 16B22h"
3772;;"KTS1 C1.26 16B22h"
3772;;"KTS1 C1.26 16B22h"
3772;;"KTS1 C1.26 16B22h"
3772;;"KTS1 C1.26 16B22h"
3772;;"KTS1 C1.26 16B22h"
3772;;"KTS1 C1.26 16B22h"
3772;;"KTS1 C1.26 16B22h"
3772;;"KTS1 C1.26 16B22h"
3772;;"KTS1 C1.26 16B22h"
3772;;"KTS1 C1.26 16B22h"
3772;;"KTS1 C1.26 16B22h"
3772;;"KTS1 C1.26 16B22h"
3772;;"KTS1 C1.26 16B22h"
3772;;"KTS1 C1.26 16B22h"
3772;;"KTS1 C1.26 16B22h"
3773;;"KTS1 C1.26 16B22g"
3773;;"KTS1 C1.26 16B22g"
3773;;"KTS1 C1.26 16B22g"
3773;;"KTS1 C1.26 16B22g"
3773;;"KTS1 C1.26 16B22g"
3773;;"KTS1 C1.26 16B22g"
3773;;"KTS1 C1.26 16B22g"
3773;;"KTS1 C1.26 16B22g"
3773;;"KTS1 C1.26 16B22g"
3773;;"KTS1 C1.26 16B22g"
3773;;"KTS1 C1.26 16B22g"
3773;;"KTS1 C1.26 16B22g"
3773;;"KTS1 C1.26 16B22g"
3773;;"KTS1 C1.26 16B22g"
3773;;"KTS1 C1.26 16B22g"
3773;;"KTS1 C1.26 16B22g"
3773;;"KTS1 C1.26 16B22g"
3773;;"KTS1 C1.26 16B22g"
3773;;"KTS1 C1.26 16B22g"
3773;;"KTS1 C1.26 16B22g"
3773;;"KTS1 C1.26 16B22g"
3773;;"KTS1 C1.26 16B22g"
3773;;"KTS1 C1.26 16B22g"
3773;;"KTS1 C1.26 16B22g"
3773;;"KTS1 C1.26 16B22g"
3773;;"KTS1 C1.26 16B22g"
3773;;"KTS1 C1.26 16B22g"
3773;;"KTS1 C1.26 16B22g"
3773;;"KTS1 C1.26 16B22g"
3773;;"KTS1 C1.26 16B22g"
3773;;"KTS1 C1.26 16B22g"
3773;;"KTS1 C1.26 16B22g"
3773;;"KTS1 C1.26 16B22g"
3773;;"KTS1 C1.26 16B22g"
3773;;"KTS1 C1.26 16B22g"
3773;;"KTS1 C1.26 16B22g"
3773;;"KTS1 C1.26 16B22g"
3773;;"KTS1 C1.26 16B22g"
3773;;"KTS1 C1.26 16B22g"
3773;;"KTS1 C1.26 16B22g"
3773;;"KTS1 C1.26 16B22g"
3773;;"KTS1 C1.26 16B22g"
3773;;"KTS1 C1.26 16B22g"
3773;;"KTS1 C1.26 16B22g"
3773;;"KTS1 C1.26 16B22g"
3773;;"KTS1 C1.26 16B22g"
3773;;"KTS1 C1.26 16B22g"
3773;;"KTS1 C1.26 16B22g"
3774;;"KTS1 C1.26 16B22d"
3774;;"KTS1 C1.26 16B22d"
3774;;"KTS1 C1.26 16B22d"
3774;;"KTS1 C1.26 16B22d"
3774;;"KTS1 C1.26 16B22d"
3774;;"KTS1 C1.26 16B22d"
3774;;"KTS1 C1.26 16B22d"
3774;;"KTS1 C1.26 16B22d"
3774;;"KTS1 C1.26 16B22d"
3774;;"KTS1 C1.26 16B22d"
3774;;"KTS1 C1.26 16B22d"
3774;;"KTS1 C1.26 16B22d"
3774;;"KTS1 C1.26 16B22d"
3774;;"KTS1 C1.26 16B22d"
3774;;"KTS1 C1.26 16B22d"
3774;;"KTS1 C1.26 16B22d"
3774;;"KTS1 C1.26 16B22d"
3774;;"KTS1 C1.26 16B22d"
3774;;"KTS1 C1.26 16B22d"
3774;;"KTS1 C1.26 16B22d"
3774;;"KTS1 C1.26 16B22d"
3774;;"KTS1 C1.26 16B22d"
3774;;"KTS1 C1.26 16B22d"
3774;;"KTS1 C1.26 16B22d"
3774;;"KTS1 C1.26 16B22d"
3774;;"KTS1 C1.26 16B22d"
3774;;"KTS1 C1.26 16B22d"
3774;;"KTS1 C1.26 16B22d"
3774;;"KTS1 C1.26 16B22d"
3774;;"KTS1 C1.26 16B22d"
3774;;"KTS1 C1.26 16B22d"
3774;;"KTS1 C1.26 16B22d"
3774;;"KTS1 C1.26 16B22d"
3774;;"KTS1 C1.26 16B22d"
3774;;"KTS1 C1.26 16B22d"
3774;;"KTS1 C1.26 16B22d"
3774;;"KTS1 C1.26 16B22d"
3774;;"KTS1 C1.26 16B22d"
3774;;"KTS1 C1.26 16B22d"
3774;;"KTS1 C1.26 16B22d"
3774;;"KTS1 C1.26 16B22d"
3774;;"KTS1 C1.26 16B22d"
3774;;"KTS1 C1.26 16B22d"
3774;;"KTS1 C1.26 16B22d"
3774;;"KTS1 C1.26 16B22d"
3774;;"KTS1 C1.26 16B22d"
3774;;"KTS1 C1.26 16B22d"
3774;;"KTS1 C1.26 16B22d"
3774;;"KTS1 C1.26 16B22d"
3774;;"KTS1 C1.26 16B22d"
3774;;"KTS1 C1.26 16B22d"
3774;;"KTS1 C1.26 16B22d"
3774;;"KTS1 C1.26 16B22d"
3774;;"KTS1 C1.26 16B22d"
3774;;"KTS1 C1.26 16B22d"
3774;;"KTS1 C1.26 16B22d"
3774;;"KTS1 C1.26 16B22d"
3774;;"KTS1 C1.26 16B22d"
3774;;"KTS1 C1.26 16B22d"
3774;;"KTS1 C1.26 16B22d"
3774;;"KTS1 C1.26 16B22d"
3774;;"KTS1 C1.26 16B22d"
3774;;"KTS1 C1.26 16B22d"
3774;;"KTS1 C1.26 16B22d"
3774;;"KTS1 C1.26 16B22d"
3774;;"KTS1 C1.26 16B22d"
3774;;"KTS1 C1.26 16B22d"
3774;;"KTS1 C1.26 16B22d"
3774;;"KTS1 C1.26 16B22d"
3774;;"KTS1 C1.26 16B22d"
3774;;"KTS1 C1.26 16B22d"
3774;;"KTS1 C1.26 16B22d"
3774;;"KTS1 C1.26 16B22d"
3774;;"KTS1 C1.26 16B22d"
3774;;"KTS1 C1.26 16B22d"
3774;;"KTS1 C1.26 16B22d"
3774;;"KTS1 C1.26 16B22d"
3774;;"KTS1 C1.26 16B22d"
3774;;"KTS1 C1.26 16B22d"
3774;;"KTS1 C1.26 16B22d"
3774;;"KTS1 C1.26 16B22d"
3774;;"KTS1 C1.26 16B22d"
3774;;"KTS1 C1.26 16B22d"
3774;;"KTS1 C1.26 16B22d"
3774;;"KTS1 C1.26 16B22d"
3774;;"KTS1 C1.26 16B22d"
3774;;"KTS1 C1.26 16B22d"
3774;;"KTS1 C1.26 16B22d"
3774;;"KTS1 C1.26 16B22d"
3774;;"KTS1 C1.26 16B22d"
3774;;"KTS1 C1.26 16B22d"
3774;;"KTS1 C1.26 16B22d"
3774;;"KTS1 C1.26 16B22d"
3774;;"KTS1 C1.26 16B22d"
3774;;"KTS1 C1.26 16B22d"
3774;;"KTS1 C1.26 16B22d"
3775;;"KTS1 C1.26 16B22c"
3775;;"KTS1 C1.26 16B22c"
3775;;"KTS1 C1.26 16B22c"
3775;;"KTS1 C1.26 16B22c"
3775;;"KTS1 C1.26 16B22c"
3775;;"KTS1 C1.26 16B22c"
3776;20137174b;"KTS1 C1.26 16B22b"
3777;20137175;"KTS1 C1.26 16B23"
3778;20137181;"KTS1 C1.26 16B24"
3779;20137193;"KTS1 C1.26 16B25"
3780;20137192;"KTS1 C1.26 16B26"
3781;20137191;"KTS1 C1.26 16B27"
3782;20137190;"KTS1 C1.26 16B28"
3783;20136288;"KTS1 C1.25 16B29"
3784;20137196;"KTS1 C1.26 16B30"
3785;20137195;"KTS1 C1.26 16B31"
3786;20137194b;"KTS1 C1.26 16C01b"
3787;20137194a;"KTS1 C1.26 16C01a"
3788;20137197;"KTS1 C1.26 16C02"
3789;20137182;"KTS1 C1.27 16C03"
3790;20137183;"KTS1 C1.27 16C04"
3791;20137187;"KTS1 C1.27 16C05"
3792;20137188;"KTS1 C1.27 16C06"
3793;20137186;"KTS1 C1.27 16C07a"
3794;;"KTS1 C1.27 16C07b"
3794;;"KTS1 C1.27 16C07b"
3794;;"KTS1 C1.27 16C07b"
3794;;"KTS1 C1.27 16C07b"
3794;;"KTS1 C1.27 16C07b"
3794;;"KTS1 C1.27 16C07b"
3795;20137189;"KTS1 C1.27 16C08"
3796;20137184;"KTS1 C1.27 16C09_01"
3796;20137185;"KTS1 C1.27 16C09_02"
3797;20137208;"KTS1 C1.27 16C10"
3798;20137207;"KTS1 C1.27 16C11"
3799;20137203a;"KTS1 C1.27 16C12a"
3800;20137203b;"KTS1 C1.26 16C12b"
3801;;"KTS1 C1.27 16C13b"
3801;;"KTS1 C1.27 16C13b"
3801;;"KTS1 C1.27 16C13b"
3801;;"KTS1 C1.27 16C13b"
3801;;"KTS1 C1.27 16C13b"
3801;;"KTS1 C1.27 16C13b"
3801;;"KTS1 C1.27 16C13b"
3801;;"KTS1 C1.27 16C13b"
3801;;"KTS1 C1.27 16C13b"
3801;;"KTS1 C1.27 16C13b"
3801;;"KTS1 C1.27 16C13b"
3801;;"KTS1 C1.27 16C13b"
3801;;"KTS1 C1.27 16C13b"
3801;;"KTS1 C1.27 16C13b"
3801;;"KTS1 C1.27 16C13b"
3801;;"KTS1 C1.27 16C13b"
3801;;"KTS1 C1.27 16C13b"
3801;;"KTS1 C1.27 16C13b"
3801;;"KTS1 C1.27 16C13b"
3801;;"KTS1 C1.27 16C13b"
3801;;"KTS1 C1.27 16C13b"
3801;;"KTS1 C1.27 16C13b"
3801;;"KTS1 C1.27 16C13b"
3801;;"KTS1 C1.27 16C13b"
3802;20137206;"KTS1 C1.27 16C13a"
3803;;"KTS1 C1.27 16C13c"
3803;;"KTS1 C2.12 H2-086b"
3803;;"KTS1 C1.27 16C13c"
3803;;"KTS1 C2.12 H2-086b"
3803;;"KTS1 C1.27 16C13c"
3803;;"KTS1 C2.12 H2-086b"
3803;;"KTS1 C1.27 16C13c"
3803;;"KTS1 C2.12 H2-086b"
3803;;"KTS1 C1.27 16C13c"
3803;;"KTS1 C2.12 H2-086b"
3803;;"KTS1 C1.27 16C13c"
3803;;"KTS1 C2.12 H2-086b"
3803;;"KTS1 C1.27 16C13c"
3803;;"KTS1 C2.12 H2-086b"
3803;;"KTS1 C1.27 16C13c"
3803;;"KTS1 C2.12 H2-086b"
3803;;"KTS1 C1.27 16C13c"
3803;;"KTS1 C2.12 H2-086b"
3803;;"KTS1 C1.27 16C13c"
3803;;"KTS1 C2.12 H2-086b"
3803;;"KTS1 C1.27 16C13c"
3803;;"KTS1 C2.12 H2-086b"
3803;;"KTS1 C1.27 16C13c"
3803;;"KTS1 C2.12 H2-086b"
3803;;"KTS1 C1.27 16C13c"
3803;;"KTS1 C2.12 H2-086b"
3803;;"KTS1 C1.27 16C13c"
3803;;"KTS1 C2.12 H2-086b"
3803;;"KTS1 C1.27 16C13c"
3803;;"KTS1 C2.12 H2-086b"
3803;;"KTS1 C1.27 16C13c"
3803;;"KTS1 C2.12 H2-086b"
3803;;"KTS1 C1.27 16C13c"
3803;;"KTS1 C2.12 H2-086b"
3803;;"KTS1 C1.27 16C13c"
3803;;"KTS1 C2.12 H2-086b"
3803;;"KTS1 C1.27 16C13c"
3803;;"KTS1 C2.12 H2-086b"
3803;;"KTS1 C1.27 16C13c"
3803;;"KTS1 C2.12 H2-086b"
3803;;"KTS1 C1.27 16C13c"
3803;;"KTS1 C2.12 H2-086b"
3803;;"KTS1 C1.27 16C13c"
3803;;"KTS1 C2.12 H2-086b"
3803;;"KTS1 C1.27 16C13c"
3803;;"KTS1 C2.12 H2-086b"
3803;;"KTS1 C1.27 16C13c"
3803;;"KTS1 C2.12 H2-086b"
3803;;"KTS1 C1.27 16C13c"
3803;;"KTS1 C2.12 H2-086b"
3803;;"KTS1 C1.27 16C13c"
3803;;"KTS1 C2.12 H2-086b"
3803;;"KTS1 C1.27 16C13c"
3803;;"KTS1 C2.12 H2-086b"
3803;;"KTS1 C1.27 16C13c"
3803;;"KTS1 C2.12 H2-086b"
3803;;"KTS1 C1.27 16C13c"
3803;;"KTS1 C2.12 H2-086b"
3803;;"KTS1 C1.27 16C13c"
3803;;"KTS1 C2.12 H2-086b"
3803;;"KTS1 C1.27 16C13c"
3803;;"KTS1 C2.12 H2-086b"
3803;;"KTS1 C1.27 16C13c"
3803;;"KTS1 C2.12 H2-086b"
3803;;"KTS1 C1.27 16C13c"
3803;;"KTS1 C2.12 H2-086b"
3803;;"KTS1 C1.27 16C13c"
3803;;"KTS1 C2.12 H2-086b"
3803;;"KTS1 C1.27 16C13c"
3803;;"KTS1 C2.12 H2-086b"
3803;;"KTS1 C1.27 16C13c"
3803;;"KTS1 C2.12 H2-086b"
3803;;"KTS1 C1.27 16C13c"
3803;;"KTS1 C2.12 H2-086b"
3803;;"KTS1 C1.27 16C13c"
3803;;"KTS1 C2.12 H2-086b"
3803;;"KTS1 C1.27 16C13c"
3803;;"KTS1 C2.12 H2-086b"
3803;;"KTS1 C1.27 16C13c"
3803;;"KTS1 C2.12 H2-086b"
3803;;"KTS1 C1.27 16C13c"
3803;;"KTS1 C2.12 H2-086b"
3803;;"KTS1 C1.27 16C13c"
3803;;"KTS1 C2.12 H2-086b"
3803;;"KTS1 C1.27 16C13c"
3803;;"KTS1 C2.12 H2-086b"
3803;;"KTS1 C1.27 16C13c"
3803;;"KTS1 C2.12 H2-086b"
3803;;"KTS1 C1.27 16C13c"
3803;;"KTS1 C2.12 H2-086b"
3803;;"KTS1 C1.27 16C13c"
3803;;"KTS1 C2.12 H2-086b"
3803;;"KTS1 C1.27 16C13c"
3803;;"KTS1 C2.12 H2-086b"
3803;;"KTS1 C1.27 16C13c"
3803;;"KTS1 C2.12 H2-086b"
3803;;"KTS1 C1.27 16C13c"
3803;;"KTS1 C2.12 H2-086b"
3803;;"KTS1 C1.27 16C13c"
3803;;"KTS1 C2.12 H2-086b"
3803;;"KTS1 C1.27 16C13c"
3803;;"KTS1 C2.12 H2-086b"
3803;;"KTS1 C1.27 16C13c"
3803;;"KTS1 C2.12 H2-086b"
3803;;"KTS1 C1.27 16C13c"
3803;;"KTS1 C2.12 H2-086b"
3803;;"KTS1 C1.27 16C13c"
3803;;"KTS1 C2.12 H2-086b"
3803;;"KTS1 C1.27 16C13c"
3803;;"KTS1 C2.12 H2-086b"
3803;;"KTS1 C1.27 16C13c"
3803;;"KTS1 C2.12 H2-086b"
3803;;"KTS1 C1.27 16C13c"
3803;;"KTS1 C2.12 H2-086b"
3803;;"KTS1 C1.27 16C13c"
3803;;"KTS1 C2.12 H2-086b"
3803;;"KTS1 C1.27 16C13c"
3803;;"KTS1 C2.12 H2-086b"
3803;;"KTS1 C1.27 16C13c"
3803;;"KTS1 C2.12 H2-086b"
3803;;"KTS1 C1.27 16C13c"
3803;;"KTS1 C2.12 H2-086b"
3803;;"KTS1 C1.27 16C13c"
3803;;"KTS1 C2.12 H2-086b"
3803;;"KTS1 C1.27 16C13c"
3803;;"KTS1 C2.12 H2-086b"
3803;;"KTS1 C1.27 16C13c"
3803;;"KTS1 C2.12 H2-086b"
3804;20137204;"KTS1 C1.27 16C14"
3805;20137205;"KTS1 C1.27 16C15a"
3806;20137205b;"KTS1 C1.27 16C15b"
3807;20137205c;"KTS1 C1.27 16C15c"
3808;20136325;"KTS1 C1.26 16C16"
3809;20136380;"KTS1 C3.24 03I39"
3810;20137214;"KTS1 C1.27 16D02"
3811;20137201;"KTS1 C1.27 16D03"
3818;20137199;"KTS1 C1.27 16D05"
3819;20137200;"KTS1 C1.27 16D06"
3820;;"KTS1 C1.20 16D07h"
3821;;"KTS1 C1.20 16D07i"
3821;;"KTS1 C1.20 16D07i"
3822;;"KTS1 C1.20 16D07l"
3822;;"KTS1 C1.20 16D07l"
3823;20136327c;"KTS1 C1.20 16D07c"
3824;;"KTS1 C1.20 16D07r"
3824;;"KTS1 C1.20 16D07r"
3825;20136327a;"KTS1 C1.20 16D07a"
3826;;"KTS1 C1.20 16D07o"
3826;;"KTS1 C1.20 16D07o"
3826;;"KTS1 C1.20 16D07o"
3826;;"KTS1 C1.20 16D07o"
3826;;"KTS1 C1.20 16D07o"
3826;;"KTS1 C1.20 16D07o"
3827;;"KTS1 C1.20 16D07q"
3827;;"KTS1 C1.20 16D07q"
3828;;"KTS1 C1.20 16D07n"
3828;;"KTS1 C1.20 16D07n"
3829;20136327f;"KTS1 C1.20 16D07f"
3830;20136327e;"KTS1 C1.20 16D07e"
3831;;"KTS1 C1.20 16D07k"
3831;;"KTS1 C1.20 16D07k"
3832;20136327b;"KTS1 C1.20 16D07b"
3833;;"KTS1 C1.20 16D07p"
3833;;"KTS1 C1.20 16D07p"
3833;;"KTS1 C1.20 16D07p"
3833;;"KTS1 C1.20 16D07p"
3833;;"KTS1 C1.20 16D07p"
3833;;"KTS1 C1.20 16D07p"
3834;;"KTS1 C1.20 16D07m"
3834;;"KTS1 C1.20 16D07m"
3835;20136327d;"KTS1 C1.20 16D07d"
3836;;"KTS1 C1.20 16D07j"
3837;20137009;"KTS1 C1.20 16D08"
3838;20137010;"KTS1 C1.20 16D09"
3839;20137011;"KTS1 C1.20 16D10"
3840;20137012;"KTS1 C1.20 16D11"
3841;20137013;"KTS1 C1.20 16D12"
3842;20137014b;"KTS1 C1.20 16D13b"
3843;20137014d;"KTS1 C1.20 16D13d"
3844;20137014;"KTS1 C1.20 16D13a"
3845;20139714;"KTS1 C2.47 10C06"
3845;20136954;"KTS1 C1.20 16D14"
3846;20136953;"KTS1 C1.20 16D15"
3847;20136326;"KTS1 C1.20 16D16"
3848;20137018;"KTS1 C1.20 16D17_01"
3848;20137019;"KTS1 C1.20 16D17_02"
3849;20136955;"KTS1 C1.20 16D18"
3850;;"KTS1 C1.20 16D19b"
3850;;"KTS1 C1.20 16D19b"
3850;;"KTS1 C1.20 16D19b"
3850;;"KTS1 C1.20 16D19b"
3850;;"KTS1 C1.20 16D19b"
3850;;"KTS1 C1.20 16D19b"
3851;20137023;"KTS1 C1.20 16D19a"
3852;20137022;"KTS1 C1.20 16D20"
3853;20137016;"KTS1 C1.20 16D21"
3854;20137017;"KTS1 C1.20 16D22"
3855;20137015;"KTS1 C1.20 16D23"
3856;20137020;"KTS1 C1.21 16D24"
3857;20137021;"KTS1 C1.21 16D25"
3858;20145379;"KTS1 C3.14 16E01"
3859;20145387;"KTS1 C3.14 16E02"
3859;20145388;"KTS1 C3.14 16E03"
3859;20145390;"KTS1 C3.14 16E04"
3860;20145389;"KTS1 C3.14 16E05"
3861;20145391;"KTS1 C3.14 16E06"
3862;20145393;"KTS1 C3.14 16E07"
3863;20145392;"KTS1 C3.14 16E08"
3864;20137523b;"KTS1 C3.14 16E09b"
3865;20137523a;"KTS1 C3.14 16E09a"
3866;20145394;"KTS1 C3.14 16E10_01"
3866;20145395;"KTS1 C3.14 16E10_02"
3866;20145396;"KTS1 C3.14 16E10_03"
3866;20145397;"KTS1 C3.14 16E10_04"
3866;20145398;"KTS1 C3.14 16E10_05"
3866;20145399;"KTS1 C3.14 16E10_06"
3866;20145400;"KTS1 C3.14 16E10_07"
3866;20145401;"KTS1 C3.14 16E10_08"
3867;20145402;"KTS1 C3.14 16E11"
3868;20145381;"KTS1 C3.14 16E12"
3869;20145403;"KTS1 C3.14 16E13"
3870;20145404b;"KTS1 C3.14 16E14b"
3871;20145404a;"KTS1 C3.14 16E14a"
3872;20145405;"KTS1 C3.14 16E15"
3873;20145406b;"KTS1 C3.14 16E16b"
3874;20145406c;"KTS1 C3.14 16E16c"
3875;20145406e;"KTS1 C3.14 16E16e"
3876;20145406a;"KTS1 C3.14 16E16a"
3877;20145406f;"KTS1 C3.14 16E16f"
3878;20145406d;"KTS1 C3.14 16E16d"
3879;20145439b;"KTS1 C3.17 16E17b"
3880;20145439;"KTS1 C3.17 16E17a"
3881;20145440;"KTS1 C3.17 16E18"
3882;20145459a3;"KTS1 C3.18 16F01a3"
3882;20145459b3;"KTS1 C3.18 16F01b3"
3882;20145459c3;"KTS1 C3.18 16F01c3"
3882;20145459d3;"KTS1 C3.18 16F01d3"
3883;20145459a2;"KTS1 C3.18 16F01a2"
3883;20145459b2;"KTS1 C3.18 16F01b2"
3883;20145459c2;"KTS1 C3.18 16F01c2"
3883;20145459d2;"KTS1 C3.18 16F01d2"
3884;20145459a1;"KTS1 C3.18 16F01a1"
3884;20145459b1;"KTS1 C3.18 16F01b1"
3884;20145459c1;"KTS1 C3.18 16F01c1"
3884;20145459d1;"KTS1 C3.18 16F01d1"
3885;20145461c;"KTS1 C3.18 16F02c"
3886;20145461b;"KTS1 C3.18 16F02b"
3887;20145461a;"KTS1 C3.18 16F02a"
3888;20145533;"KTS1 C3.18 16F03"
3889;20145462;"KTS1 C3.18 16F04"
3890;20145464;"KTS1 C3.18 16F05"
3891;20145463;"KTS1 C3.18 16F06"
3892;20145476;"KTS1 C3.18 16F07a"
3892;20145477;"KTS1 C3.18 16F07b"
3893;20145475a;"KTS1 C3.18 16F08a"
3894;20145475b;"KTS1 C3.18 16F08b"
3895;20145475c;"KTS1 C3.18 16F08c"
3896;20145472;"KTS1 C3.18 16F09"
3897;20145473;"KTS1 C3.18 16F10"
3898;20145474;"KTS1 C3.18 16F11"
3899;20145453;"KTS1 C3.18 16F12"
3900;20145468;"KTS1 C3.18 16F13"
3901;20145469;"KTS1 C3.18 16F14"
3902;20136307;"KTS1 C3.18 16F15"
3903;20145478;"KTS1 C3.18 16F16"
3904;20145479;"KTS1 C3.18 16F17"
3905;20145480;"KTS1 C3.18 16F18"
3906;20145470;"KTS1 C3.18 16F19"
3907;20145471;"KTS1 C3.18 16F20"
3908;20145485;"KTS1 C3.18 16F21a"
3908;20145486;"KTS1 C3.18 16F21b"
3908;20145487;"KTS1 C3.18 16F21c"
3908;20145488;"KTS1 C3.18 16F21d"
3908;20145489;"KTS1 C3.18 16F21e"
3908;20145490;"KTS1 C3.18 16F21f"
3908;20145491;"KTS1 C3.18 16F21g"
3909;20145481;"KTS1 C3.18 16F22"
3910;20145482;"KTS1 C3.18 16F23"
3911;20136306;"KTS1 C3.18 16F24"
3912;20136305;"KTS1 C3.19 16F26"
3913;20145483;"KTS1 C3.19 16F27"
3914;20145484e;"KTS1 C3.19 16F28e"
3915;20145484c;"KTS1 C3.19 16F28c"
3916;20145484d;"KTS1 C3.19 16F28d"
3917;20145484b;"KTS1 C3.19 16F28b"
3918;20145484a;"KTS1 C3.19 16F28a"
3919;20145492;"KTS1 C3.19 16F29"
3920;20139482a;"KTS1 C2.39 16H01a"
3921;20139482b;"KTS1 C2.39 16H01b"
3922;20139482c;"KTS1 C2.39 16H01c"
3923;20139482h;"KTS1 C2.39 16H01h"
3924;20139482d;"KTS1 C2.39 16H01d"
3925;20139482e;"KTS1 C2.39 16H01e"
3926;20139482f;"KTS1 C2.39 16H01f"
3927;20139482g;"KTS1 C2.39 16H01g"
3928;20139482i;"KTS1 C2.39 16H01i"
3929;20139482j;"KTS1 C2.39 16H01j"
3930;20139482k;"KTS1 C2.39 16H01k"
3931;20139482l;"KTS1 C2.39 16H01l"
3932;20139483;"KTS1 C2.39 16H02"
3933;20139484;"KTS1 C2.39 16H03"
3934;20139485;"KTS1 C2.39 16H04"
3935;20139494;"KTS1 C2.39 16H06_01"
3935;20139491;"KTS1 C2.39 16H06_02"
3936;20139492b;"KTS1 C2.39 16H07b"
3937;20139492;"KTS1 C2.39 16H07a"
3938;20139492c;"KTS1 C2.39 16H07c"
3939;20139493;"KTS1 C2.39 16H08"
3939;20130929;
3940;20139495;"KTS1 C2.39 16H09"
3941;20139496;"KTS1 C2.39 16H10"
3942;20139497;"KTS1 C2.39 16H11"
3943;20136363;"KTS1 C2.39 16H12"
3944;20139498;"KTS1 C2.39 16H13"
3945;20145729;"KTS1 C3.28 01H14"
3945;20146346;"KTS1 C3.49 26A01"
3946;20146345;"KTS1 C3.49 26A02"
3947;20146348;"KTS1 C3.50 26A03"
3948;20146349;"KTS1 C3.50 26A04"
3949;20146350;"KTS1 C3.50 26A05"
3950;20146351;"KTS1 C3.50 26A06"
3951;20146352;"KTS1 C3.50 26A07"
3952;20146353;"KTS1 C3.50 26A08"
3953;20146354;"KTS1 C3.50 26A09"
3954;20146357;"KTS1 C3.50 26A10_01"
3955;20146358;"KTS1 C3.50 26A10_02"
3956;20146356;"KTS1 C3.50 26A10_03"
3957;20146355;"KTS1 C3.50 26A10_04"
3958;20146368;"KTS1 C3.50 26A11"
3959;20146369;"KTS1 C3.50 26A12"
3960;20146371;"KTS1 C3.50 26A13"
3961;20146370;"KTS1 C3.50 26A14"
3962;20146372;"KTS1 C3.50 26A15"
3963;20146373;"KTS1 C3.50 26A16"
3964;20146374;"KTS1 C3.50 26A17"
3965;20146376;"KTS1 C3.50 26A18"
3966;20146375a;"KTS1 C3.50 26A19a"
3967;20146375b;"KTS1 C3.50 26A19b"
3968;20146377;"KTS1 C3.50 26A20"
3969;20146378;"KTS1 C3.50 26A21"
3970;20146379;"KTS1 C3.50 26A22_01"
3970;20146380;"KTS1 C3.51 26A22_02"
3971;20146381;"KTS1 C3.51 26A22_03"
3972;20138130;"KTS1 C3.51 26A22_04"
3973;20136752;"KTS1 C1.11 26B01"
3974;20136751;"KTS1 C1.11 26B02"
3975;20136750;"KTS1 C1.11 26B03"
3976;20136328;"KTS1 C1.11 26B04_01"
3976;20136737;"KTS1 C1.11 26B04_02"
3977;20136753a;"KTS1 C1.11 26B05a"
3978;20136753b;"KTS1 C1.11 26B05b"
3979;20136753c;"KTS1 C1.11 26B05c"
3980;20136754;"KTS1 C1.11 26B06"
3981;20136755;"KTS1 C1.11 26B07_01"
3981;20136756;"KTS1 C1.11 26B07_02"
3982;20136764;"KTS1 C1.11 26B08"
3983;20136738;"KTS1 C1.11 26B09"
3984;20136765;"KTS1 C1.11 26B10"
3985;20136739;"KTS1 C1.11 26B11"
3986;20136713;"KTS1 C1.11 26B12"
3987;20136749;"KTS1 C1.11 26B13"
3988;20136740;"KTS1 C1.11 26B14"
3989;20136762;"KTS1 C1.11 26B15_01"
3989;20136761;"KTS1 C1.11 26B15_02"
3990;20136763;"KTS1 C1.11 26B16"
3991;20136759;"KTS1 C1.11 26B17_01"
3991;20136760;"KTS1 C1.11 26B17_02"
3992;20136783;"KTS1 C1.11 26B18_01"
3993;20136784;"KTS1 C1.11 26B18_02"
3994;20136775;"KTS1 C1.11 26B19_01"
3994;20136786;"KTS1 C1.11 26B19_02"
3995;20136329;"KTS1 C1.11 26B20"
3996;20136785;"KTS1 C1.11 26B21"
3997;20136787;"KTS1 C1.11 26B22"
3998;20136788;"KTS1 C1.11 26B23"
3999;20136790;"KTS1 C1.11 26B24"
4000;20136791;"KTS1 C1.11 26B25"
4001;20136330;"KTS1 C1.11 26B26"
4002;20136794;"KTS1 C1.12 26B27"
4003;20136793;"KTS1 C1.12 26B28"
4004;20136792;"KTS1 C1.12 26B29"
4005;20136818;"KTS1 C1.12 26B30"
4006;20136797;"KTS1 C1.12 26B31"
4007;20136819;"KTS1 C1.12 26B32"
4008;20136796;"KTS1 C1.12 26B33"
4009;20136795;"KTS1 C1.12 26B34"
4010;20136386;"KTS1 C2.40 26C01_01"
4010;;"KTS1 C2.40 26C01_02"
4010;;"KTS1 C2.40 26C01_03"
4010;;"KTS1 C2.40 26C01_04"
4010;;"KTS1 C2.40 26C01_02"
4010;;"KTS1 C2.40 26C01_03"
4010;;"KTS1 C2.40 26C01_04"
4011;;"KTS1 C2.40 26C02"
4012;;"KTS1 C2.40 26C02"
4013;;"KTS1 C2.40 26C02"
4014;;"KTS1 C2.40 26C02"
4015;;"KTS1 C2.40 26C02"
4016;;"KTS1 C2.40 26C02"
4017;;"KTS1 C2.40 26C02"
4018;20139500;"KTS1 C2.40 26C03"
4019;20139501;"KTS1 C2.40 26C04"
4020;20139515;"KTS1 C2.40 26C05"
4021;20136364b;"KTS1 C2.40 26C06b"
4022;20136364a;"KTS1 C2.40 26C06a"
4023;20136364c;"KTS1 C2.40 26C06c"
4024;20139516;"KTS1 C2.40 26C07_02"
4024;20139517;"KTS1 C2.40 26C07_03"
4025;20139514;"KTS1 C2.40 26C08a"
4026;20139514d;"KTS1 C2.40 26C08d"
4027;;"KTS1 C2.40 26C08c"
4028;20139520;"KTS1 C2.40 26C09"
4029;20139521;"KTS1 C2.40 26C10_01"
4029;20139522;"KTS1 C2.40 26C10_02"
4029;20139523;"KTS1 C2.40 26C10_03"
4030;20136441;"KTS1 C2.41 26C11_01"
4030;20136442;"KTS1 C2.41 26C11_02"
4030;20136443;"KTS1 C2.41 26C11_03"
4030;20136444;"KTS1 C2.41 26C11_04"
4030;20136445;"KTS1 C2.41 26C11_05"
4031;20139518;"KTS1 C2.41 26C12_01"
4031;20139519;"KTS1 C2.41 26C12_02"
4032;20139524;"KTS1 C2.41 26C13"
4033;20139486b;"KTS1 C2.41 26C14b"
4034;20139486c;"KTS1 C2.41 26C14c"
4035;20139486;"KTS1 C2.41 26C14a"
4036;20139486d;"KTS1 C2.41 26C14d"
4037;20139486e;"KTS1 C2.41 26C14e"
4038;20139525;"KTS1 C2.41 26C15"
4039;20137153;"KTS1 C3.51 26D01"
4040;20146382;"KTS1 C3.51 26D02"
4041;20132035;"KTS1 C3.51 26D03_01"
4042;20146383;"KTS1 C3.51 26D03_02"
4043;20146384;"KTS1 C3.51 26D04"
4044;20146385a;"KTS1 C3.51 26D05"
4045;20146386;"KTS1 C3.51 26D06"
4046;20146387;"KTS1 C3.51 26D07"
4047;20146388;"KTS1 C3.51 26D08"
4048;20136319;"KTS1 C3.51 26D09"
4049;20136320;"KTS1 C3.51 26D10"
4050;20146390b;"KTS1 C3.51 26D11b"
4051;20146390a;"KTS1 C3.51 26D11a"
4052;20146393;"KTS1 C3.51 26D12"
4053;20146391;"KTS1 C3.51 26D13"
4054;20146392;"KTS1 C3.51 26D14"
4055;20146389;"KTS1 C3.51 26D15"
4056;20146394;"KTS1 C3.51 26D16"
4057;20146395;"KTS1 C3.51 26D17"
4058;20146396;"KTS1 C3.51 26D18"
4059;20146397;"KTS1 C3.51 26D19"
4060;20146398;"KTS1 C3.51 26D20"
4061;20146399d;"KTS1 C3.51 26D21d"
4062;20146399c;"KTS1 C3.51 26D21c"
4063;20146399a;"KTS1 C3.51 26D21a"
4064;20146399b;"KTS1 C3.51 26D21b"
4065;20146401;"KTS1 C3.52 26D22"
4066;20146402a;"KTS1 C3.52 26D23a"
4067;20146402b;"KTS1 C3.52 26D23b"
4068;20146402c;"KTS1 C3.52 26D23c"
4069;20146402d;"KTS1 C3.52 26D23d"
4070;20146402e;"KTS1 C3.52 26D23e"
4071;20146402f;"KTS1 C3.52 26D23f"
4072;20146402g;"KTS1 C3.52 26D23g"
4073;20146403;"KTS1 C3.52 26D24"
4074;20146404;"KTS1 C3.52 26D25"
4075;20146405;"KTS1 C3.52 26D26"
4076;20146406;"KTS1 C3.52 26D27"
4077;20146407;"KTS1 C3.52 26D28"
4078;20146408;"KTS1 C3.52 26D29"
4079;20136318;"KTS1 C3.51 26D30"
4080;20136317;"KTS1 C3.51 26D31"
4081;20136316;"KTS1 C3.51 26D32"
4082;20146409;"KTS1 C3.52 26D33"
4083;20136636;"KTS1 C3.51 26D34"
4084;20136375;"KTS1 C3.52 26D35"
4085;20136374;"KTS1 C3.52 26D36"
4086;20146410;"KTS1 C3.52 26D37"
4087;20146411;"KTS1 C3.52 26D38"
4088;20134239;"KTS1 C1.39 26E01"
4089;20134246;"KTS1 C1.39 26E02"
4090;20134241;"KTS1 C1.39 26E03_01"
4090;20134240;"KTS1 C1.39 26E03_02"
4091;20136376;"KTS1 C1.39 26E04"
4092;20134245a;"KTS1 C1.39 26E05a"
4093;20134245b;"KTS1 C1.39 26E05b"
4094;20134245c;"KTS1 C1.39 26E05c"
4095;20134245d;"KTS1 C1.39 26E05d"
4096;20134245e;"KTS1 C1.39 26E05e"
4097;20134245f;"KTS1 C1.39 26E05f"
4098;20134245g;"KTS1 C1.39 26E05g"
4099;20137446;"KTS1 C1.39 26E06"
4100;20134242;"KTS1 C1.39 26E07"
4101;;"KTS1 C1.39 26E08a"
4102;;"KTS1 C1.39 26E08b"
4102;;"KTS1 C1.39 26E08b"
4102;;"KTS1 C1.39 26E08b"
4104;20137447c;"KTS1 C1.39 26E08c"
4104;20137447d;"KTS1 C1.39 26E08d"
4105;20137447e;"KTS1 C1.39 26E08e"
4106;;"KTS1 C1.39 26E08f"
4107;20137447g;"KTS1 C1.39 26E08g"
4108;;"KTS1 C1.39 26E08h"
4109;20137447i;"KTS1 C1.39 26E08i"
4110;20137447j;"KTS1 C1.39 26E08j"
4111;20137447k;"KTS1 C1.39 26E08k"
4112;20137447l;"KTS1 C1.39 26E08l"
4113;20136514;"KTS1 C1.40 26E09"
4114;20137448;"KTS1 C1.40 26E10"
4115;20137449a;"KTS1 C1.40 26E11a"
4116;20137449b;"KTS1 C1.40 26E11b"
4116;20137450d;"KTS1 C1.40 26E22d"
4117;20137449c;"KTS1 C1.40 26E11c"
4118;20137449d;"KTS1 C1.40 26E11d"
4119;20137449e;"KTS1 C1.40 26E11e"
4120;20137449f;"KTS1 C1.40 26E11f"
4121;20137449g;"KTS1 C1.40 26E11g"
4122;20137449h;"KTS1 C1.40 26E11h"
4123;20137449i;"KTS1 C1.40 26E11i"
4124;20137449j;"KTS1 C1.40 26E11j"
4125;20137449k;"KTS1 C1.40 26E11k"
4126;20137449l;"KTS1 C1.40 26E11l"
4127;20137449m;"KTS1 C1.40 26E11m"
4128;20137449n;"KTS1 C1.40 26E11n"
4129;20137449o;"KTS1 C1.40 26E11o"
4130;20137449p;"KTS1 C1.40 26E11p"
4131;20137449q;"KTS1 C1.40 26E11q"
4132;20137449r;"KTS1 C1.40 26E11r"
4133;20137456;"KTS1 C1.40 26E12"
4134;20137457;"KTS1 C1.40 26E13_01"
4134;20137458;"KTS1 C1.40 26E13_02"
4135;20137459;"KTS1 C1.40 26E14a"
4135;20137460;"KTS1 C1.40 26E14b"
4135;20137461;"KTS1 C1.40 26E14c"
4135;20137462;"KTS1 C1.40 26E14d"
4136;20137463;"KTS1 C1.40 26E15a"
4136;20137464;"KTS1 C1.40 26E15b"
4136;20137465;"KTS1 C1.40 26E15c"
4136;20137466;"KTS1 C1.40 26E15d"
4137;20137467;"KTS1 C1.40 26E16a/1"
4137;20137468;"KTS1 C1.40 26E16a/2"
4137;20137469;"KTS1 C1.40 26E16a/3"
4137;20137470;"KTS1 C1.40 26E16a/4"
4137;20137471;"KTS1 C1.40 26E16a/5"
4137;20137472;"KTS1 C1.40 26E16a/6"
4138;;"KTS1 C1.40 26E16b/1"
4138;;"KTS1 C1.40 26E16b/2"
4138;;"KTS1 C1.40 26E16b/3"
4138;;"KTS1 C1.40 26E16b/4"
4138;;"KTS1 C1.40 26E16b/5"
4138;;"KTS1 C1.40 26E16b/6"
4139;20137473;"KTS1 C1.40 26E17"
4140;20137475a;"KTS1 C1.40 26E18a"
4141;20137475b;"KTS1 C1.40 26E18b"
4142;;"KTS1 C1.40 26E18c"
4142;;"KTS1 C1.40 26E18c"
4143;;"KTS1 C1.40 26E18d"
4143;;"KTS1 C1.40 26E18d"
4144;;"KTS1 C1.40 26E18e"
4144;;"KTS1 C1.40 26E18e"
4145;;"KTS1 C1.40 26E18f"
4145;;"KTS1 C1.40 26E18f"
4146;;"KTS1 C1.40 26E18g"
4146;;"KTS1 C1.40 26E18g"
4147;;"KTS1 C1.40 26E18h"
4147;;"KTS1 C1.40 26E18h"
4148;;"KTS1 C1.40 26E18i"
4148;;"KTS1 C1.40 26E18i"
4149;;"KTS1 C1.40 26E18j"
4149;;"KTS1 C1.40 26E18j"
4150;;"KTS1 C1.40 26E18k"
4150;;"KTS1 C1.40 26E18k"
4151;;"KTS1 C1.40 26E18l"
4151;;"KTS1 C1.40 26E18l"
4152;;"KTS1 C1.40 26E18m"
4152;;"KTS1 C1.40 26E18m"
4152;;"KTS1 C1.40 26E18m"
4152;;"KTS1 C1.40 26E18m"
4152;;"KTS1 C1.40 26E18m"
4152;;"KTS1 C1.40 26E18m"
4152;;"KTS1 C1.40 26E18m"
4152;;"KTS1 C1.40 26E18m"
4152;;"KTS1 C1.40 26E18m"
4152;;"KTS1 C1.40 26E18m"
4152;;"KTS1 C1.40 26E18m"
4152;;"KTS1 C1.40 26E18m"
4152;;"KTS1 C1.40 26E18m"
4152;;"KTS1 C1.40 26E18m"
4152;;"KTS1 C1.40 26E18m"
4152;;"KTS1 C1.40 26E18m"
4152;;"KTS1 C1.40 26E18m"
4152;;"KTS1 C1.40 26E18m"
4152;;"KTS1 C1.40 26E18m"
4152;;"KTS1 C1.40 26E18m"
4152;;"KTS1 C1.40 26E18m"
4152;;"KTS1 C1.40 26E18m"
4152;;"KTS1 C1.40 26E18m"
4152;;"KTS1 C1.40 26E18m"
4152;;"KTS1 C1.40 26E18m"
4152;;"KTS1 C1.40 26E18m"
4152;;"KTS1 C1.40 26E18m"
4152;;"KTS1 C1.40 26E18m"
4152;;"KTS1 C1.40 26E18m"
4152;;"KTS1 C1.40 26E18m"
4152;;"KTS1 C1.40 26E18m"
4152;;"KTS1 C1.40 26E18m"
4153;;"KTS1 C1.40 26E18n"
4153;;"KTS1 C1.40 26E18n"
4154;;"KTS1 C1.40 26E18o"
4154;;"KTS1 C1.40 26E18o"
4155;;"KTS1 C1.40 26E18p"
4155;;"KTS1 C1.40 26E18p"
4155;;"KTS1 C1.40 26E18p"
4155;;"KTS1 C1.40 26E18p"
4155;;"KTS1 C1.40 26E18p"
4155;;"KTS1 C1.40 26E18p"
4155;;"KTS1 C1.40 26E18p"
4155;;"KTS1 C1.40 26E18p"
4155;;"KTS1 C1.40 26E18p"
4155;;"KTS1 C1.40 26E18p"
4155;;"KTS1 C1.40 26E18p"
4155;;"KTS1 C1.40 26E18p"
4155;;"KTS1 C1.40 26E18p"
4155;;"KTS1 C1.40 26E18p"
4155;;"KTS1 C1.40 26E18p"
4155;;"KTS1 C1.40 26E18p"
4156;;"KTS1 C1.40 26E18q"
4156;;"KTS1 C1.40 26E18q"
4157;;"KTS1 C1.40 26E18r"
4157;;"KTS1 C1.40 26E18r"
4158;20137476;"KTS1 C1.40 26E19"
4159;20137451;"KTS1 C1.40 26E20"
4160;20136385;"KTS1 C1.40 26E21"
4161;;"KTS1 C1.40 26E22e"
4162;20137450c;"KTS1 C1.40 26E22c"
4163;26137450b;"KTS1 C1.40 26E22b"
4164;;"KTS1 C1.40 26E22f"
4165;20137450a;"KTS1 C1.40 26E22a"
4167;20136384;"KTS1 C1.40 26E23"
4168;20137452;"KTS1 C1.40 26E24"
4169;20137453;"KTS1 C1.40 26E25"
4170;20137479;"KTS1 C1.40 26E26_01"
4170;20137481;"KTS1 C1.40 26E26_02"
4170;20137480;"KTS1 C1.40 26E26_03"
4171;20136387a;"KTS1 C1.40 26E27a"
4172;20136387b;"KTS1 C1.40 26E27b"
4173;20136387c;"KTS1 C1.40 26E27c"
4174;20136387d;"KTS1 C1.40 26E27d"
4175;20136387e;"KTS1 C1.40 26E27e"
4176;20136387f;"KTS1 C1.40 26E27f"
4177;20136387g;"KTS1 C1.40 26E27g"
4178;20136387h;"KTS1 C1.40 26E27h"
4179;20136387i;"KTS1 C1.40 26E27i"
4180;20146412;"KTS1 C3.52 G1-001"
4181;20146413;"KTS1 C3.52 G1-002"
4182;20146414;"KTS1 C3.52 G1-003"
4183;20146415a;"KTS1 C3.52 G1-004a"
4184;20146415b;"KTS1 C3.52 G1-004b"
4185;20146416;"KTS1 C3.52 G1-005"
4186;20146417;"KTS1 C3.52 G1-006"
4187;20146422;"KTS1 C3.52 G1-007"
4188;20146423;"KTS1 C3.52 G1-008"
4189;20146424;"KTS1 C3.52 G1-009"
4190;20146420;"KTS1 C3.52 G1-010"
4191;20146419;"KTS1 C3.52 G1-011"
4192;20146418;"KTS1 C3.52 G1-012"
4193;20146421;"KTS1 C3.52 G1-013"
4194;20146425;"KTS1 C3.52 G1-014"
4195;20146444m;"KTS1 C3.52 G1-015m"
4196;20146444i;"KTS1 C3.52 G1-015i"
4197;20146444p;"KTS1 C3.52 G1-015p"
4198;20146444a;"KTS1 C3.52 G1-015a"
4199;20146444g;"KTS1 C3.52 G1-015g"
4200;20146444b;"KTS1 C3.52 G1-015b"
4201;20146444l;"KTS1 C3.52 G1-015l"
4202;20146444j;"KTS1 C3.52 G1-015j"
4203;20146444k;"KTS1 C3.52 G1-015k"
4204;20146444h;"KTS1 C3.52 G1-015h"
4205;20146444o;"KTS1 C3.52 G1-015o"
4206;20146444e;"KTS1 C3.52 G1-015e"
4207;20146444c;"KTS1 C3.52 G1-015c"
4208;20146444q;"KTS1 C3.52 G1-015q"
4209;20146444n;"KTS1 C3.52 G1-015n"
4210;20146430;"KTS1 C3.52 G1-016"
4211;20146426;"KTS1 C3.52 G1-017"
4212;20146427;"KTS1 C3.52 G1-018"
4213;20146428;"KTS1 C3.52 G1-019"
4214;20146429b;"KTS1 C3.52 G1-020b"
4215;20146429a;"KTS1 C3.52 G1-020a"
4216;20146431;"KTS1 C3.53 G1-021"
4217;20124512;"LIT BRED a"
4218;20136372;"KTS1 C3.53 G1-023"
4219;20146432a;"KTS1 C3.53 G1-024a"
4220;20146432b;"KTS1 C3.53 G1-024b"
4221;20146432c;"KTS1 C3.53 G1-024c"
4222;20146432d;"KTS1 C3.53 G1-024d"
4223;20146432g;"KTS1 C3.53 G1-024g"
4224;20146432e;"KTS1 C3.53 G1-024e"
4225;20146432f;"KTS1 C3.53 G1-024f"
4226;20146432h;"KTS1 C3.53 G1-024h"
4227;20146432i;"KTS1 C3.53 G1-024i"
4228;20146432j;"KTS1 C3.53 G1-024j"
4229;20146432k;"KTS1 C3.53 G1-024k"
4230;20146437;"KTS1 C3.53 G1-025"
4231;20146436;"KTS1 C3.53 G1-026"
4231;20146435;"KTS1 C3.53 G1-027"
4232;20146434;"KTS1 C3.53 G1-028"
4233;20146433;"KTS1 C3.53 G1-029"
4234;20146439;"KTS1 C3.53 G1-030"
4235;20146440;"KTS1 C3.53 G1-031"
4236;20146441;"KTS1 C3.53 G1-032"
4237;20146442;"KTS1 C3.53 G1-033_01"
4237;20146443;"KTS1 C3.53 G1-033_02"
4238;20136371;"KTS1 C3.53 G1-034"
4239;20145496;"KTS1 C3.19 G2-001a"
4240;20145493;"KTS1 C3.19 G2-003"
4241;20136390;"KTS1 C3.19 G2-004"
4242;20145495;"KTS1 C3.19 G2-005"
4243;20138339;"KTS1 C2.03 H1-001_01"
4243;20138340;"KTS1 C2.03 H1-001_02"
4243;20138341;"KTS1 C2.03 H1-001_03"
4243;20138342;"KTS1 C2.03 H1-001_04"
4243;20138343;"KTS1 C2.03 H1-001_05"
4244;20138344;"KTS1 C2.03 H1-002"
4245;20140038;"KTS1 C2.63 H1-003_01"
4246;20140039;"KTS1 C2.03 H1-003_02"
4247;20140040;"KTS1 C2.63 H1-003_03"
4248;20138345;"KTS1 C2.03 H1-004a"
4249;;"KTS1 C2.03 H1-004b"
4249;;"KTS1 C2.03 H1-004b"
4249;;"KTS1 C2.03 H1-004b"
4249;;"KTS1 C2.03 H1-004b"
4249;;"KTS1 C2.03 H1-004b"
4249;;"KTS1 C2.03 H1-004b"
4249;;"KTS1 C2.03 H1-004b"
4249;;"KTS1 C2.03 H1-004b"
4250;20138346;"KTS1 C2.03 H1-005"
4251;20138349;"KTS1 C2.03 H1-006"
4252;20138348;"KTS1 C2.03 H1-007"
4253;20138347;"KTS1 C2.03 H1-008"
4254;20138350;"KTS1 C2.03 H1-009"
4255;20138351;"KTS1 C2.03 H1-010"
4256;20138352;"KTS1 C2.03 H1-011"
4257;20138353;"KTS1 C2.03 H1-012"
4258;20138354;"KTS1 C2.03 H1-013"
4259;20138355;"KTS1 C2.03 H1-014"
4260;20138356;"KTS1 C2.03 H1-015"
4261;20138357;"KTS1 C2.03 H1-016"
4262;20138359;"KTS1 C2.03 H1-017"
4263;20138358;"KTS1 C2.03 H1-018"
4264;20139925;"KTS1 C2.54 H1-019"
4265;20139926;"KTS1 C2.54 H1-020"
4266;;"KTS1 C2.03 H1-021a"
4266;;"KTS1 C2.03 H1-021a"
4266;;"KTS1 C2.03 H1-021a"
4267;20138361;"KTS1 C2.03 H1-021a-cc"
4268;;"KTS1 C2.03 H1-021b"
4269;;"KTS1 C2.03 H1-021c"
4270;;"KTS1 C2.03 H1-021d"
4271;;"KTS1 C2.03 H1-021e"
4272;;"KTS1 C2.03 H1-021k"
4273;;"KTS1 C2.03 H1-021r"
4274;20138360;"KTS1 C2.03 H1-022"
4275;20138363;"KTS1 C2.03 H1-023"
4276;20138362;"KTS1 C2.03 H1-024"
4277;20138364;"KTS1 C2.03 H1-025"
4278;20135750;"KTS1 C2.03 H1-026"
4279;20138377;"KTS1 C2.03 H1-027"
4280;20138378;"KTS1 C2.03 H1-028_01"
4280;20138379;"KTS1 C2.03 H1-028_02"
4281;20138380;"KTS1 C2.03 H1-029"
4282;20138381;"KTS1 C2.03 H1-030"
4283;20138382;"KTS1 C2.03 H1-031"
4284;20138387;"KTS1 C2.03 H1-032"
4285;20138386;"KTS1 C2.04 H1-033"
4286;20138384;"KTS1 C2.04 H1-034"
4287;20138385;"KTS1 C2.04 H1-035"
4288;20138383;"KTS1 C2.04 H1-036_01a-c"
4288;20138388;"KTS1 C2.04 H1-036_02a-b"
4288;20138389;"KTS1 C2.04 H1-036_03a-b"
4288;20138390;"KTS1 C2.04 H1-036_04a-b"
4288;20138391;"KTS1 C2.04 H1-036_05a-b"
4288;20138392;"KTS1 C2.04 H1-036_06a-b"
4294;20138373;"KTS1 C2.04 H1-037"
4295;20138393;"KTS1 C2.04 H1-038"
4296;20138394;"KTS1 C2.04 H1-039"
4297;20138395;"KTS1 C2.04 H1-040"
4298;20138396;"KTS1 C2.04 H1-041"
4299;20138397;"KTS1 C2.04 H1-042"
4300;20138398;"KTS1 C2.04 H1-043"
4301;20138399;"KTS1 C2.04 H1-044"
4302;20139928;"KTS1 C2.54 H1-045"
4303;20138400;"KTS1 C2.04 H1-046_01"
4303;20138401;"KTS1 C2.04 H1-046_02"
4304;20138402;"KTS1 C2.04 H1-047"
4305;20136511;"KTS1 C2.04 H1-048"
4306;20138403;"KTS1 C2.04 H1-049"
4307;20138404;"KTS1 C2.04 H1-050"
4308;20138405;"KTS1 C2.04 H1-051"
4309;20138406;"KTS1 C2.04 H1-052_01"
4309;20138407;"KTS1 C2.04 H1-052_02"
4310;20138408;"KTS1 C2.04 H1-053"
4311;20138409;"KTS1 C2.05 H1-054_01"
4311;20138410;"KTS1 C2.05 H1-054_02"
4311;20138411;"KTS1 C2.05 H1-054_03"
4311;20138412;"KTS1 C2.05 H1-054_04"
4311;20138413;"KTS1 C2.05 H1-054_05"
4311;20138414;"KTS1 C2.05 H1-054_06"
4311;20138415;"KTS1 C2.05 H1-054_07"
4312;20138416;"KTS1 C2.05 H1-055"
4313;20138417;"KTS1 C2.05 H1-056a-d"
4314;20138418;"KTS1 C2.05 H1-057"
4315;20138419;"KTS1 C2.05 H1-058"
4316;20140044;"KTS1 C2.63 H1-059"
4317;20138420;"KTS1 C2.05 H1-060"
4318;20138421;"KTS1 C2.05 H1-061"
4319;20138422;"KTS1 C2.05 H1-062"
4320;20138423;"KTS1 C2.05 H1-063"
4321;20138424;"KTS1 C2.05 H1-064"
4322;20138425;"KTS1 C2.05 H1-065"
4323;20138426;"KTS1 C2.05 H1-066"
4324;20138427;"KTS1 C2.05 H1-067"
4325;20138428;"KTS1 C2.05 H1-068"
4326;20138429;"KTS1 C2.05 H1-069"
4327;20138430;"KTS1 C2.05 H1-070"
4328;20138432;"KTS1 C2.05 H1-071_01"
4328;20138431;"KTS1 C2.05 H1-071_02"
4329;20136509;"KTS1 C2.05 H1-072"
4330;20138433;"KTS1 C2.05 H1-073_01"
4330;20138434;"KTS1 C2.05 H1-073_02"
4330;20138435;"KTS1 C2.05 H1-073_03"
4330;20138436;"KTS1 C2.05 H1-073_04"
4331;20136510;"KTS1 C2.05 H1-074"
4332;20138437;"KTS1 C2.05 H1-075"
4333;20138439;"KTS1 C2.06 H1-076"
4334;20138441;"KTS1 C2.06 H1-077a"
4335;;"KTS1 C2.06 H1-077b"
4336;20138440;"KTS1 C2.06 H1-078"
4337;20138442;"KTS1 C2.06 H1-079"
4338;20138443;"KTS1 C2.06 H1-080"
4339;20138444;"KTS1 C2.06 H1-081"
4339;20138978;"KTS1 H.01.001"
4340;20138445;"KTS1 C2.06 H1-082"
4341;20138446;"KTS1 C2.06 H1-083"
4342;20138447;"KTS1 C2.06 H1-084"
4343;20136508;"KTS1 C2.06 H1-085"
4344;20138450;"KTS1 C2.06 H1-086"
4345;20138448;"KTS1 C2.06 H1-087"
4346;20138449;"KTS1 C2.06 H1-088"
4347;20138453;"KTS1 C2.06 H1-089"
4348;20138454;"KTS1 C2.06 H1-090_01"
4348;20138455;"KTS1 C2.06 H1-090_02"
4349;20139929;"KTS1 C2.54 H1-091"
4350;20140041;"KTS1 C2.63 H1-092"
4351;20137156;"KTS1 C2.06 H1-093"
4352;20138456;"KTS1 C2.06 H1-094"
4353;20138457;"KTS1 C2.06 H1-095"
4354;20138458;"KTS1 C2.06 H1-096a"
4355;;"KTS1 C2.06 H1-096b"
4356;20138459;"KTS1 C2.06 H1-097"
4357;20138461;"KTS1 C2.07 H1-098"
4358;20138462;"KTS1 C2.07 H1-099_01"
4359;20138463;"KTS1 C2.07 H1-099_02"
4360;20140042;"KTS1 C2.63 H2-001"
4361;20140043;"KTS1 C2.63 H2-002"
4362;20138464;"KTS1 C2.07 H2-003"
4363;20138465;"KTS1 C2.07 H2-004"
4364;20140045;"KTS1 C2.63 H2-006"
4365;20140046;"KTS1 C2.63 H2-007"
4366;20138466;"KTS1 C2.07 H2-008"
4367;20138467;"KTS1 C2.07 H2-009_01"
4367;20138468;"KTS1 C2.07 H2-009_02"
4367;20138469;"KTS1 C2.07 H2-009_03"
4368;20138470;"KTS1 C2.07 H2-010"
4369;20140047;"KTS1 C2.63 H2-011"
4370;20138471;"KTS1 C2.07 H2-012"
4371;20138472;"KTS1 C2.07 H2-013"
4372;20138473;"KTS1 C2.07 H2-014"
4373;20138474;"KTS1 C2.07 H2-015a"
4374;;"KTS1 C2.07 H2-015b"
4374;;"KTS1 C2.07 H2-015b"
4374;;"KTS1 C2.07 H2-015b"
4375;20140048;"KTS1 C2.63 H2-016"
4376;20138475;"KTS1 C2.07 H2-017"
4377;20138476;"KTS1 C2.07 H2-018a-b"
4378;20138477;"KTS1 C2.07 H2-019"
4379;20138478a;"KTS1 C2.07 H2-020a"
4380;20138478b;"KTS1 C2.07 H2-020b"
4381;20138478c;"KTS1 C2.07 H2-020c"
4382;20138479;"KTS1 C2.07 H2-021"
4383;20138481a;"KTS1 C2.08 H2-022a"
4384;20138481b;"KTS1 C2.08 H2-022b"
4386;20138480;"KTS1 C2.07 H2-023"
4387;20138482;"KTS1 C2.08 H2-024_01"
4387;20138483;"KTS1 C2.08 H2-024_02"
4387;20138484;"KTS1 C2.08 H2-024_03"
4387;20138485;"KTS1 C2.08 H2-024_04"
4388;20138486;"KTS1 C2.08 H2-025_01"
4388;20138487;"KTS1 C2.08 H2-025_02"
4388;20138488;"KTS1 C2.08 H2-025_03"
4388;20138489;"KTS1 C2.08 H2-025_04"
4389;20138490;"KTS1 C2.08 H2-026"
4390;20139927;"KTS1 C2.54 H2-027"
4391;20138491;"KTS1 C2.08 H2-028"
4392;20138492;"KTS1 C2.08 H2-029"
4393;20138495;"KTS1 C2.08 H2-030"
4394;20138493;"KTS1 C2.08 H2-031"
4395;20140051;"KTS1 C2.63 H2-032"
4396;20140052b;"KTS1 C2.63 H2-033b"
4397;20140052;"KTS1 C2.63 H2-033a"
4398;20138494;"KTS1 C2.08 H2-034"
4399;20136507;"KTS1 C2.08 H2-035"
4400;20138496;"KTS1 C2.08 H2-036_01"
4400;20138497;"KTS1 C2.08 H2-036_02"
4401;20138500;"KTS1 C2.08 H2-037"
4402;20138501;"KTS1 C2.08 H2-038"
4403;20138498;"KTS1 C2.08 H2-039"
4404;20138499;"KTS1 C2.08 H2-040"
4405;20138504;"KTS1 C2.09 H2-041"
4406;20138502;"KTS1 C2.08 H2-042"
4407;20138507;"KTS1 C2.08 H2-043a"
4408;20138503;"KTS1 C2.09 H2-044"
4409;20140049;"KTS1 C2.63 H2-045a"
4410;20140049b;"KTS1 C2.63 H2-045b"
4411;20140049c;"KTS1 C2.63 H2-045c"
4412;20140050;"KTS1 C2.63 H2-046"
4413;20138505;"KTS1 C2.09 H2-047"
4415;20138506;"KTS1 C2.09 H2-048"
4416;20138508;"KTS1 C2.09 H2-049"
4417;20138509;"KTS1 C2.09 H2-050"
4418;20138514;"KTS1 C2.09 H2-051"
4419;20138510;"KTS1 C2.09 H2-052a-b"
4421;20138511;"KTS1 C2.09 H2-053"
4422;20135749;"KTS1 C2.09 H2-054"
4423;20138512;"KTS1 C2.09 H2-055"
4424;20138513;"KTS1 C2.09 H2-056"
4425;20136370;"KTS1 C2.09 H2-057"
4426;20138515;"KTS1 C2.09 H2-058"
4427;20138516;"KTS1 C2.09 H2-059"
4428;20138517;"KTS1 C2.09 H2-060"
4429;20138522;"KTS1 C2.09 H2-061_01"
4429;20138523;"KTS1 C2.09 H2-061_02"
4429;20138524;"KTS1 C2.09 H2-061_03"
4429;20138525;"KTS1 C2.09 H2-061_04"
4430;20138526;"KTS1 C2.09 H2-062"
4431;20138527;"KTS1 C2.09 H2-063"
4432;20138528;"KTS1 C2.09 H2-064"
4433;20138529;"KTS1 C2.09 H2-065"
4434;20138593;"KTS1 C2.12 H2-066"
4435;20138594;"KTS1 C2.12 H2-067"
4436;20136373;"KTS1 C2.12 H2-068"
4437;20138595;"KTS1 C2.12 H2-069"
4438;20138596;"KTS1 C2.12 H2-070"
4439;20136367;"KTS1 C2.12 H2-071"
4440;20138598;"KTS1 C2.12 H2-072"
4441;20138597;"KTS1 C2.12 H2-073"
4442;20138599;"KTS1 C2.12 H2-074a"
4443;;"KTS1 C2.12 H2-074b"
4444;20138600;"KTS1 C2.12 H2-075a"
4445;;"KTS1 C2.12 H2-075b"
4446;20138601;"KTS1 C2.12 H2-076"
4447;20138602;"KTS1 C2.12 H2-077"
4448;20136369;"KTS1 C2.12 H2-078"
4449;20138603;"KTS1 C2.12 H2-079"
4450;20138605f;"KTS1 C2.12 H2-080f"
4451;20138605a;"KTS1 C2.12 H2-080a"
4452;20138605b;"KTS1 C2.12 H2-080b"
4453;20138605d;"KTS1 C2.12 H2-080d"
4454;20138605e;"KTS1 C2.12 H2-080e"
4455;20138605c;"KTS1 C2.12 H2-080c"
4456;20138612;"KTS1 C2.12 H2-081"
4457;20138604;"KTS1 C2.12 H2-082"
4458;;"KTS1 C2.12 H2-083d"
4458;;"KTS1 C2.12 H2-083d"
4458;;"KTS1 C2.12 H2-083d"
4459;;"KTS1 C2.12 H2-083b"
4460;;"KTS1 C2.12 H2-083c"
4460;;"KTS1 C2.12 H2-083c"
4460;;"KTS1 C2.12 H2-083c"
4460;;"KTS1 C2.12 H2-083c"
4460;;"KTS1 C2.12 H2-083c"
4460;;"KTS1 C2.12 H2-083c"
4460;;"KTS1 C2.12 H2-083c"
4460;;"KTS1 C2.12 H2-083c"
4460;;"KTS1 C2.12 H2-083c"
4460;;"KTS1 C2.12 H2-083c"
4460;;"KTS1 C2.12 H2-083c"
4460;;"KTS1 C2.12 H2-083c"
4460;;"KTS1 C2.12 H2-083c"
4460;;"KTS1 C2.12 H2-083c"
4460;;"KTS1 C2.12 H2-083c"
4460;;"KTS1 C2.12 H2-083c"
4460;;"KTS1 C2.12 H2-083c"
4460;;"KTS1 C2.12 H2-083c"
4460;;"KTS1 C2.12 H2-083c"
4460;;"KTS1 C2.12 H2-083c"
4460;;"KTS1 C2.12 H2-083c"
4460;;"KTS1 C2.12 H2-083c"
4460;;"KTS1 C2.12 H2-083c"
4460;;"KTS1 C2.12 H2-083c"
4460;;"KTS1 C2.12 H2-083c"
4460;;"KTS1 C2.12 H2-083c"
4460;;"KTS1 C2.12 H2-083c"
4460;;"KTS1 C2.12 H2-083c"
4460;;"KTS1 C2.12 H2-083c"
4460;;"KTS1 C2.12 H2-083c"
4460;;"KTS1 C2.12 H2-083c"
4460;;"KTS1 C2.12 H2-083c"
4460;;"KTS1 C2.12 H2-083c"
4460;;"KTS1 C2.12 H2-083c"
4460;;"KTS1 C2.12 H2-083c"
4460;;"KTS1 C2.12 H2-083c"
4460;;"KTS1 C2.12 H2-083c"
4460;;"KTS1 C2.12 H2-083c"
4460;;"KTS1 C2.12 H2-083c"
4460;;"KTS1 C2.12 H2-083c"
4460;;"KTS1 C2.12 H2-083c"
4460;;"KTS1 C2.12 H2-083c"
4460;;"KTS1 C2.12 H2-083c"
4460;;"KTS1 C2.12 H2-083c"
4460;;"KTS1 C2.12 H2-083c"
4460;;"KTS1 C2.12 H2-083c"
4460;;"KTS1 C2.12 H2-083c"
4460;;"KTS1 C2.12 H2-083c"
4460;;"KTS1 C2.12 H2-083c"
4460;;"KTS1 C2.12 H2-083c"
4460;;"KTS1 C2.12 H2-083c"
4460;;"KTS1 C2.12 H2-083c"
4460;;"KTS1 C2.12 H2-083c"
4460;;"KTS1 C2.12 H2-083c"
4460;;"KTS1 C2.12 H2-083c"
4460;;"KTS1 C2.12 H2-083c"
4460;;"KTS1 C2.12 H2-083c"
4460;;"KTS1 C2.12 H2-083c"
4460;;"KTS1 C2.12 H2-083c"
4460;;"KTS1 C2.12 H2-083c"
4460;;"KTS1 C2.12 H2-083c"
4460;;"KTS1 C2.12 H2-083c"
4460;;"KTS1 C2.12 H2-083c"
4460;;"KTS1 C2.12 H2-083c"
4460;;"KTS1 C2.12 H2-083c"
4460;;"KTS1 C2.12 H2-083c"
4460;;"KTS1 C2.12 H2-083c"
4460;;"KTS1 C2.12 H2-083c"
4460;;"KTS1 C2.12 H2-083c"
4460;;"KTS1 C2.12 H2-083c"
4460;;"KTS1 C2.12 H2-083c"
4460;;"KTS1 C2.12 H2-083c"
4460;;"KTS1 C2.12 H2-083c"
4460;;"KTS1 C2.12 H2-083c"
4460;;"KTS1 C2.12 H2-083c"
4460;;"KTS1 C2.12 H2-083c"
4460;;"KTS1 C2.12 H2-083c"
4460;;"KTS1 C2.12 H2-083c"
4460;;"KTS1 C2.12 H2-083c"
4460;;"KTS1 C2.12 H2-083c"
4460;;"KTS1 C2.12 H2-083c"
4460;;"KTS1 C2.12 H2-083c"
4460;;"KTS1 C2.12 H2-083c"
4460;;"KTS1 C2.12 H2-083c"
4460;;"KTS1 C2.12 H2-083c"
4460;;"KTS1 C2.12 H2-083c"
4460;;"KTS1 C2.12 H2-083c"
4460;;"KTS1 C2.12 H2-083c"
4460;;"KTS1 C2.12 H2-083c"
4460;;"KTS1 C2.12 H2-083c"
4460;;"KTS1 C2.12 H2-083c"
4460;;"KTS1 C2.12 H2-083c"
4460;;"KTS1 C2.12 H2-083c"
4460;;"KTS1 C2.12 H2-083c"
4460;;"KTS1 C2.12 H2-083c"
4460;;"KTS1 C2.12 H2-083c"
4461;;"KTS1 C2.12 H2-083a"
4461;;"KTS1 C2.12 H2-083a"
4461;;"KTS1 C2.12 H2-083a"
4462;20138583;"KTS1 C2.12 H2-084"
4463;20138611;"KTS1 C2.12 H2-085"
4464;;"KTS1 C2.12 H2-086a"
4464;;"KTS1 C2.12 H2-086a"
4464;;"KTS1 C2.12 H2-086a"
4464;;"KTS1 C2.12 H2-086a"
4464;;"KTS1 C2.12 H2-086a"
4464;;"KTS1 C2.12 H2-086a"
4466;;"KTS1 C2.12 H2-086c"
4466;;"KTS1 C2.12 H2-086c"
4467;20138610;"KTS1 C2.12 H2-087"
4468;20138609;"KTS1 C2.12 H2-088"
4469;20138624;"KTS1 C2.13 H2-089"
4470;20138614;"KTS1 C2.13 H2-090"
4471;20138615;"KTS1 C2.13 H2-091"
4472;20138616;"KTS1 C2.13 H2-092"
4473;20138617;"KTS1 C2.13 H2-093"
4474;20138620;"KTS1 C2.13 H2-094"
4475;20138621;"KTS1 C2.13 H2-095"
4476;20138619;"KTS1 C2.13 H2-096"
4477;20138618;"KTS1 C2.13 H2-097"
4478;20138622;"KTS1 C2.13 H2-098"
4479;2013862320138623;"KTS1 C2.13 H2-099"
4480;20138625;"KTS1 C2.13 H2-100"
4482;20138626;"KTS1 C2.13 H2-101"
4484;20138627;"KTS1 C2.13 H2-102"
4485;20138628;"KTS1 C2.13 H2-103"
4486;20138629;"KTS1 C2.13 H2-104"
4487;20138630;"KTS1 C2.13 H2-105"
4488;20138631;"KTS1 C2.13 H2-106"
4489;20138632;"KTS1 C2.13 H2-107"
4490;20138633;"KTS1 C2.13 H2-108_01"
4490;20138634;"KTS1 C2.13 H2-108_02"
4491;20138635;"KTS1 C2.13 H2-109_01"
4491;20138636;"KTS1 C2.13 H2-109_02"
4491;20138637;"KTS1 C2.13 H2-109_03"
4491;20138638;"KTS1 C2.13 H2-109_04"
4491;20138639;"KTS1 C2.13 H2-109_05"
4491;20138640;"KTS1 C2.13 H2-109_06"
4493;20138641e;"KTS1 C2.14 H2-110e"
4494;20138641c;"KTS1 C2.14 H2-110c"
4495;20138641b;"KTS1 C2.14 H2-110b"
4496;20138641d;"KTS1 C2.14 H2-110d"
4497;20138644;"KTS1 C2.13 H2-111"
4498;20138645;"KTS1 C2.13 H2-112_01"
4498;20138646;"KTS1 C2.13 H2-112_02"
4499;20138647;"KTS1 C2.13 H2-113"
4500;20138642;"KTS1 C2.14 H2-114"
4501;20138643;"KTS1 C2.14 H2-115"
4502;20136365;"KTS1 C2.14 H2-116"
4503;20138648a;"KTS1 C2.14 H2-117a"
4504;20138648b;"KTS1 C2.14 H2-117b"
4505;;"KTS1 C2.14 H2-117c"
4505;;"KTS1 C2.14 H2-117c"
4505;;"KTS1 C2.14 H2-117c"
4505;;"KTS1 C2.14 H2-117c"
4505;;"KTS1 C2.14 H2-117c"
4505;;"KTS1 C2.14 H2-117c"
4505;;"KTS1 C2.14 H2-117c"
4505;;"KTS1 C2.14 H2-117c"
4505;;"KTS1 C2.14 H2-117c"
4505;;"KTS1 C2.14 H2-117c"
4505;;"KTS1 C2.14 H2-117c"
4505;;"KTS1 C2.14 H2-117c"
4505;;"KTS1 C2.14 H2-117c"
4505;;"KTS1 C2.14 H2-117c"
4505;;"KTS1 C2.14 H2-117c"
4505;;"KTS1 C2.14 H2-117c"
4505;;"KTS1 C2.14 H2-117c"
4505;;"KTS1 C2.14 H2-117c"
4505;;"KTS1 C2.14 H2-117c"
4505;;"KTS1 C2.14 H2-117c"
4505;;"KTS1 C2.14 H2-117c"
4505;;"KTS1 C2.14 H2-117c"
4505;;"KTS1 C2.14 H2-117c"
4505;;"KTS1 C2.14 H2-117c"
4505;;"KTS1 C2.14 H2-117c"
4505;;"KTS1 C2.14 H2-117c"
4505;;"KTS1 C2.14 H2-117c"
4505;;"KTS1 C2.14 H2-117c"
4505;;"KTS1 C2.14 H2-117c"
4505;;"KTS1 C2.14 H2-117c"
4505;;"KTS1 C2.14 H2-117c"
4505;;"KTS1 C2.14 H2-117c"
4505;;"KTS1 C2.14 H2-117c"
4505;;"KTS1 C2.14 H2-117c"
4505;;"KTS1 C2.14 H2-117c"
4505;;"KTS1 C2.14 H2-117c"
4505;;"KTS1 C2.14 H2-117c"
4505;;"KTS1 C2.14 H2-117c"
4505;;"KTS1 C2.14 H2-117c"
4505;;"KTS1 C2.14 H2-117c"
4505;;"KTS1 C2.14 H2-117c"
4505;;"KTS1 C2.14 H2-117c"
4505;;"KTS1 C2.14 H2-117c"
4505;;"KTS1 C2.14 H2-117c"
4505;;"KTS1 C2.14 H2-117c"
4505;;"KTS1 C2.14 H2-117c"
4505;;"KTS1 C2.14 H2-117c"
4505;;"KTS1 C2.14 H2-117c"
4506;;"KTS1 C2.14 H2-117d"
4506;;"KTS1 C2.14 H2-117d"
4506;;"KTS1 C2.14 H2-117d"
4506;;"KTS1 C2.14 H2-117d"
4506;;"KTS1 C2.14 H2-117d"
4506;;"KTS1 C2.14 H2-117d"
4506;;"KTS1 C2.14 H2-117d"
4506;;"KTS1 C2.14 H2-117d"
4506;;"KTS1 C2.14 H2-117d"
4506;;"KTS1 C2.14 H2-117d"
4506;;"KTS1 C2.14 H2-117d"
4506;;"KTS1 C2.14 H2-117d"
4506;;"KTS1 C2.14 H2-117d"
4506;;"KTS1 C2.14 H2-117d"
4506;;"KTS1 C2.14 H2-117d"
4506;;"KTS1 C2.14 H2-117d"
4507;;"KTS1 C2.14 H2-117e"
4507;;"KTS1 C2.14 H2-117e"
4507;;"KTS1 C2.14 H2-117e"
4507;;"KTS1 C2.14 H2-117e"
4507;;"KTS1 C2.14 H2-117e"
4507;;"KTS1 C2.14 H2-117e"
4507;;"KTS1 C2.14 H2-117e"
4507;;"KTS1 C2.14 H2-117e"
4507;;"KTS1 C2.14 H2-117e"
4507;;"KTS1 C2.14 H2-117e"
4507;;"KTS1 C2.14 H2-117e"
4507;;"KTS1 C2.14 H2-117e"
4507;;"KTS1 C2.14 H2-117e"
4507;;"KTS1 C2.14 H2-117e"
4507;;"KTS1 C2.14 H2-117e"
4507;;"KTS1 C2.14 H2-117e"
4508;;"KTS1 C2.14 H2-117f"
4508;;"KTS1 C2.14 H2-117f"
4508;;"KTS1 C2.14 H2-117f"
4508;;"KTS1 C2.14 H2-117f"
4508;;"KTS1 C2.14 H2-117f"
4508;;"KTS1 C2.14 H2-117f"
4508;;"KTS1 C2.14 H2-117f"
4508;;"KTS1 C2.14 H2-117f"
4508;;"KTS1 C2.14 H2-117f"
4508;;"KTS1 C2.14 H2-117f"
4508;;"KTS1 C2.14 H2-117f"
4508;;"KTS1 C2.14 H2-117f"
4508;;"KTS1 C2.14 H2-117f"
4508;;"KTS1 C2.14 H2-117f"
4508;;"KTS1 C2.14 H2-117f"
4508;;"KTS1 C2.14 H2-117f"
4508;;"KTS1 C2.14 H2-117f"
4508;;"KTS1 C2.14 H2-117f"
4508;;"KTS1 C2.14 H2-117f"
4508;;"KTS1 C2.14 H2-117f"
4508;;"KTS1 C2.14 H2-117f"
4508;;"KTS1 C2.14 H2-117f"
4508;;"KTS1 C2.14 H2-117f"
4508;;"KTS1 C2.14 H2-117f"
4508;;"KTS1 C2.14 H2-117f"
4508;;"KTS1 C2.14 H2-117f"
4508;;"KTS1 C2.14 H2-117f"
4508;;"KTS1 C2.14 H2-117f"
4508;;"KTS1 C2.14 H2-117f"
4508;;"KTS1 C2.14 H2-117f"
4508;;"KTS1 C2.14 H2-117f"
4508;;"KTS1 C2.14 H2-117f"
4509;20138649;"KTS1 C2.14 H2-118"
4510;20138650;"KTS1 C2.14 H2-119"
4511;20138651;"KTS1 C2.14 H2-120"
4512;20138652;"KTS1 C2.14 H2-121"
4513;20138653;"KTS1 C2.14 H2-122_01"
4513;20138654;"KTS1 C2.14 H2-122_02"
4514;20138655;"KTS1 C2.14 H2-123"
4515;20138656;"KTS1 C2.14 H2-124"
4516;20138657;"KTS1 C2.14 H2-125"
4517;20138658;"KTS1 C2.14 H2-126"
4518;20138659;"KTS1 C2.14 H2-127"
4519;20138660;"KTS1 C2.14 H2-128_06-10"
4520;20138661;"KTS1 C2.14 H2-128_16-20"
4521;20138662;"KTS1 C2.14 H2-129"
4522;20138663;"KTS1 C2.14 H2-130"
4523;;"KTS1 C2.14 H2-131b"
4523;;"KTS1 C2.14 H2-131b"
4523;;"KTS1 C2.14 H2-131b"
4523;;"KTS1 C2.14 H2-131b"
4523;;"KTS1 C2.14 H2-131b"
4523;;"KTS1 C2.14 H2-131b"
4524;20138664;"KTS1 C2.14 H2-131a"
4525;;"KTS1 C2.14 H2-132c"
4526;;"KTS1 C2.14 H2-132b"
4527;;"KTS1 C2.14 H2-132d"
4528;;"KTS1 C2.14 H2-132e"
4529;;"KTS1 C2.14 H2-132f"
4530;;"KTS1 C2.14 H2-132a"
4531;20138666;"KTS1 C2.14 H2-133"
4532;20138667;"KTS1 C2.15 H2-134"
4533;20138668;"KTS1 C2.15 H2-135"
4534;20138669;"KTS1 C2.15 H2-136"
4535;20138670;"KTS1 C2.15 H2-137"
4536;20138671;"KTS1 C2.15 H2-138"
4537;20138672;"KTS1 C2.15 H2-139a"
4538;20138673;"KTS1 C2.15 H2-140"
4539;20138674;"KTS1 C2.15 H3-001"
4540;20138675;"KTS1 C2.15 H3-002"
4541;20138676;"KTS1 C2.15 H3-003"
4542;20138677;"KTS1 C2.15 H3-004"
4543;20138683;"KTS1 C2.15 H3-005_01"
4543;20138684;"KTS1 C2.15 H3-005_02"
4543;20138685;"KTS1 C2.15 H3-005_03"
4543;20138686;"KTS1 C2.15 H3-005_04"
4543;20138687;"KTS1 C2.15 H3-005_05"
4544;20138688;"KTS1 C2.15 H3-005_06"
4544;20138689;"KTS1 C2.15 H3-005_07"
4545;20138679;"KTS1 C2.15 H3-005_08"
4545;20138680;"KTS1 C2.15 H3-005_08"
4546;20138681;"KTS1 C2.15 H3-005_10"
4547;20137154;"KTS1 C2.16 H3-006_01"
4547;20137155;"KTS1 C2.16 H3-006_02"
4548;20138678b;"KTS1 C2.15 H3-007b"
4549;20138678a;"KTS1 C2.15 H3-007a"
4550;20138682;"KTS1 C2.15 H3-008_01"
4550;20138690;"KTS1 C2.15 H3-008_02"
4551;20138692;"KTS1 C2.15 H3-008_03"
4551;20138691;"KTS1 C2.15 H3-008_04"
4552;20138695;"KTS1 C2.16 H3-009"
4553;20136368;"KTS1 C2.16 H3-010"
4554;20138698;"KTS1 C2.16 H3-011"
4555;20138697;"KTS1 C2.16 H3-012"
4556;20138696;"KTS1 C2.16 H3-013"
4557;20138693;"KTS1 C2.16 H3-014"
4558;20138694b;"KTS1 C2.16 H3-015b"
4559;20138694a;"KTS1 C2.16 H3-015a"
4560;20138699;"KTS1 C2.16 H3-016"
4561;20138700;"KTS1 C2.16 H3-017"
4562;20138701;"KTS1 C2.16 H3-018"
4563;20138702c;"KTS1 C2.16 H3-019c"
4564;20138702d;"KTS1 C2.16 H3-019d"
4565;20138702b;"KTS1 C2.16 H3-019b"
4566;20138702a;"KTS1 C2.16 H3-019a"
4567;20138708;"KTS1 C2.16 H3-020"
4568;20138707;"KTS1 C2.16 H3-021"
4569;20138706;"KTS1 C2.16 H3-022"
4570;20138705;"KTS1 C2.16 H3-023"
4571;20138704;"KTS1 C2.16 H3-024"
4572;20138703b;"KTS1 C2.16 H3-025b"
4573;20138703c;"KTS1 C2.16 H3-025c"
4574;20138703a;"KTS1 C2.16 H3-025a"
4575;20138703d;"KTS1 C2.16 H3-025d"
4576;20138716;"KTS1 C2.16 H3-026"
4577;20138717;"KTS1 C2.16 H3-027"
4578;20138718;"KTS1 C2.16 H3-028"
4579;20138719;"KTS1 C2.16 H3-029"
4580;20138720;"KTS1 C2.16 H3-030"
4581;20140053;"KTS1 C2.63 H3-031"
4582;;"KTS1 C1.03 05B44a"
4582;;"KTS1 C1.03 05B44a"
4582;;"KTS1 C1.03 05B44a"
4583;;"KTS1 C1.03 05B44b"
4583;;"KTS1 C1.03 05B44b"
4583;;"KTS1 C1.03 05B44b"
4584;;"KTS1 C1.03 05B44c"
4584;;"KTS1 C1.03 05B44c"
4584;;"KTS1 C1.03 05B44c"
4585;;"KTS1 C1.03 05B44d"
4585;;"KTS1 C1.03 05B44d"
4585;;"KTS1 C1.03 05B44d"
4586;;"KTS1 C1.03 05B44e"
4586;;"KTS1 C1.03 05B44e"
4586;;"KTS1 C1.03 05B44e"
4587;;"KTS1 C1.03 05B44f"
4588;;"KTS1 C1.03 05B44g"
4588;;"KTS1 C1.03 05B44g"
4588;;"KTS1 C1.03 05B44g"
4589;20138721;"KTS1 C2.16 H3-033"
4590;20138722;"KTS1 C2.16 H3-034"
4591;20138935;"KTS1 C2.25 H4-034 II"
4591;20138936;"KTS1 C2.25 H4-034 III"
4591;20138937;"KTS1 C2.25 H4-034 IV"
4591;20138938;"KTS1 C2.25 H4-034 V"
4592;20138723;"KTS1 C2.16 H3-035"
4593;20138724k;"KTS1 C2.16 H3-036k"
4594;20138724n;"KTS1 C2.16 H3-036n"
4595;20138724p;"KTS1 C2.16 H3-036p"
4596;20138724o;"KTS1 C2.16 H3-036o"
4597;20138724c;"KTS1 C2.16 H3-036c"
4598;20138724h;"KTS1 C2.16 H3-036h"
4599;20138724d;"KTS1 C2.16 H3-036d"
4600;20138724g;"KTS1 C2.16 H3-036g"
4601;20138724m;"KTS1 C2.16 H3-036m"
4603;20138724f;"KTS1 C2.16 H3-036f"
4604;20138724a;"KTS1 C2.16 H3-036a"
4605;20138724b;"KTS1 C2.16 H3-036b"
4606;20138724l;"KTS1 C2.16 H3-036l"
4607;20138724e;"KTS1 C2.16 H3-036e"
4608;20138724i;"KTS1 C2.16 H3-036i"
4609;20138712;"KTS1 C2.16 H3-037"
4610;20138713a;"KTS1 C2.16 H3-038a"
4611;20138713b;"KTS1 C2.16 H3-038b"
4612;20138725;"KTS1 C2.17 H3-039"
4613;20138726b;"KTS1 C2.17 H3-040b"
4614;20138726a;"KTS1 C2.17 H3-040a"
4615;20138727;"KTS1 C2.17 H3-041"
4616;20138714;"KTS1 C2.16 H3-042"
4617;20138741;"KTS1 C2.17 H3-043"
4618;20138742;"KTS1 C2.17 H3-044"
4619;20138743;"KTS1 C2.17 H3-045"
4620;20138728;"KTS1 C2.17 H3-046"
4621;20138729;"KTS1 C2.17 H3-047_01"
4621;20138730;"KTS1 C2.17 H3-047_02"
4622;20138731;"KTS1 C2.17 H3-048"
4623;20138732;"KTS1 C2.17 H3-049"
4624;20138751;"KTS1 C2.18 H3-050_01"
4624;20138752;"KTS1 C2.18 H3-050_02"
4624;20138753;"KTS1 C2.18 H3-050_03"
4624;20138754;"KTS1 C2.18 H3-050_04"
4624;20138755;"KTS1 C2.18 H3-050_05"
4624;20138756;"KTS1 C2.18 H3-050_06"
4624;20138757;"KTS1 C2.18 H3-050_07"
4624;20138758;"KTS1 C2.18 H3-050_08"
4624;20138759;"KTS1 C2.18 H3-050_09"
4624;20138760;"KTS1 C2.18 H3-050_10"
4624;20138761;"KTS1 C2.18 H3-050_11"
4624;20138762;"KTS1 C2.18 H3-050_12"
4625;20138733;"KTS1 C2.17 H3-051"
4626;20138735;"KTS1 C2.17 H3-052"
4627;20138736;"KTS1 C2.17 H3-053"
4628;20138744;"KTS1 C2.17 H3-054"
4629;20138745;"KTS1 C2.17 H3-055"
4630;20138763;"KTS1 C2.18 H3-056_01"
4630;20138764;"KTS1 C2.18 H3-056_02"
4630;20138765;"KTS1 C2.18 H3-056_03"
4631;20138746a;"KTS1 C2.17 H3-057a"
4632;20138746b;"KTS1 C2.17 H3-057b"
4633;20138747;"KTS1 C2.17 H3-058"
4634;20140054;"KTS1 C2.63 H3-059_01"
4634;20140055;"KTS1 C2.63 H3-059_02"
4634;20140056;"KTS1 C2.63 H3-059_03"
4635;20138748;"KTS1 C2.17 H3-060"
4636;20138749;"KTS1 C2.17 H3-061"
4637;20138750;"KTS1 C2.17 H3-062"
4638;20138737;"KTS1 C2.18 H3-063"
4639;20138738;"KTS1 C2.18 H3-064_01"
4639;20138739;"KTS1 C2.18 H3-064_02"
4639;20138740;"KTS1 C2.18 H3-064_03"
4640;20138766b;"KTS1 C2.18 H3-065b"
4641;20138766a;"KTS1 C2.18 H3-065a"
4642;20138767;"KTS1 C2.18 H3-066"
4643;20139875;"KTS1 C2.52 06K17"
4644;20138822;"KTS1 C2.21 H3-068"
4645;20138773;"KTS1 C2.18 H3-069"
4646;20138823a;"KTS1 C2.21 H3-070a"
4647;20138823b;"KTS1 C2.21 H3-070b"
4648;20138827;"KTS1 C2.21 H3-071"
4649;20138828;"KTS1 C2.21 H3-072_01"
4649;20138829;"KTS1 C2.21 H3-072_02"
4650;20138830;"KTS1 C2.21 H3-073"
4651;20139876;"KTS1 C2.52 06K21"
4652;20138831;"KTS1 C2.21 H3-075"
4653;20138832b;"KTS1 C2.21 H3-076"
4654;20138832a;"KTS1 C2.21 H3-076"
4654;20138864;"KTS1 C2.26 H4-067"
4655;20138833a;"KTS1 C2.21 H3-077a"
4656;20138834;"KTS1 C2.21 H3-078"
4657;20138835;"KTS1 C2.21 H3-079"
4658;20138836;"KTS1 C2.21 H3-080"
4659;20138824;"KTS1 C2.21 H3-081"
4660;20138825;"KTS1 C2.21 H3-082"
4661;20138826;"KTS1 C2.21 H3-083"
4662;20138837;"KTS1 C2.21 H3-084"
4663;20138838;"KTS1 C2.21 H3-085_01"
4663;20138839;"KTS1 C2.21 H3-085_02"
4664;20138841;"KTS1 C2.21 H3-086"
4665;20138846;"KTS1 C2.22 H3-087_01"
4665;20138847;"KTS1 C2.22 H3-087_03"
4665;20138848;"KTS1 C2.22 H3-087_04"
4665;;"KTS1 C2.22 H3-087_05"
4665;20138850;"KTS1 C2.22 H3-087_06"
4665;20138851;"KTS1 C2.22 H3-087_07"
4665;20138852;"KTS1 C2.22 H3-087_08"
4665;20138853;"KTS1 C2.22 H3-087_10"
4665;20138854;"KTS1 C2.22 H3-087_11"
4665;;"KTS1 C2.22 H3-087_05"
4666;20138855;"KTS1 C2.22 H3-088"
4667;20138842;"KTS1 C2.21 H3-089_01"
4667;20138843;"KTS1 C2.21 H3-089_02"
4667;20138844;"KTS1 C2.21 H3-089_03"
4667;20138845;"KTS1 C2.21 H3-089_04"
4668;20138857;"KTS1 C2.22 H3-090_01"
4668;20138858;"KTS1 C2.22 H3-090_02"
4668;20138859;"KTS1 C2.22 H3-090_03"
4668;20138860;"KTS1 C2.22 H3-090_04"
4668;20138861;"KTS1 C2.22 H3-090_05"
4668;20138862;"KTS1 C2.22 H3-090_06"
4669;20138856;"KTS1 C2.21 H3-091"
4670;20138865;"KTS1 C2.22 H3-092"
4671;20138866;"KTS1 C2.22 H3-093"
4672;20138867;"KTS1 C2.22 H3-094"
4673;20138873;"KTS1 C2.22 H3-095"
4674;20136005;"KTS1 C2.22 H3-096"
4675;20138874;"KTS1 C2.22 H3-097_01"
4675;20138875;"KTS1 C2.22 H3-097_02"
4675;20138876;"KTS1 C2.22 H3-097_03"
4676;20138863;"KTS1 C2.22 H3-098"
4677;20138868;"KTS1 C2.22 H3-099"
4678;20138869;"KTS1 C2.22 H3-100"
4679;20138877;"KTS1 C2.23 H3-101"
4680;20140057;"KTS1 C2.63 H3-102"
4681;20140058;"KTS1 C2.63 H3-103"
4682;20140059;"KTS1 C2.63 H3-104a"
4683;20140059b;"KTS1 C2.63 H3-104b"
4684;20138870;"KTS1 C2.22 H3-105"
4685;20138879a;"KTS1 C2.23 H3-106a"
4686;20138879b;"KTS1 C2.23 H3-106b"
4687;20138878;"KTS1 C2.23 H3-107"
4688;20138871;"KTS1 C2.23 H3-108"
4689;20138872;"KTS1 C2.23 H3-109"
4690;20138880a;"KTS1 C2.23 H3-110a"
4691;20138881;"KTS1 C2.23 H3-111"
4692;20138882;"KTS1 C2.23 H3-112"
4693;20138884c;"KTS1 C2.23 H3-114c"
4694;20138886;"KTS1 C2.23 H3-116"
4695;20138887a;"KTS1 C2.23 H3-117a"
4696;20138890;"KTS1 C2.23 H4-001"
4697;20138896;"KTS1 C2.23 H4-002"
4698;20138897;"KTS1 C2.23 H4-003"
4699;20138641a;"KTS1 C2.14 H2-110a"
4699;20138899b;"KTS1 C2.24 H4-005b"
4700;20138899a;"KTS1 C2.24 H4-005a"
4701;20138900;"KTS1 C2.24 H4-006"
4702;20138901;"KTS1 C2.24 H4-007"
4703;20138889;"KTS1 C2.23 H4-008"
4704;20138905;"KTS1 C2.24 H4-009"
4705;20138906;"KTS1 C2.24 H4-010"
4706;20138907;"KTS1 C2.24 H4-011"
4707;20138908;"KTS1 C2.24 H4-012"
4708;20138909;"KTS1 C2.24 H4-013"
4709;20138910;"KTS1 C2.24 H4-014"
4710;20138911;"KTS1 C2.24 H4-015"
4711;20138912;"KTS1 C2.24 H4-016"
4712;20138914;"KTS1 C2.24 H4-017"
4713;20138915b;"KTS1 C2.24 H4-018b"
4714;20138915c;"KTS1 C2.24 H4-018c"
4715;20138915a;"KTS1 C2.24 H4-018a"
4716;20138921;"KTS1 C2.24 H4-019"
4717;20138920;"KTS1 C2.24 H4-020"
4718;20138919;"KTS1 C2.24 H4-021"
4719;20138930;"KTS1 C2.24 H4-022"
4720;20138929;"KTS1 C2.24 H4-023"
4721;20138928;"KTS1 C2.24 H4-024"
4722;20138932;"KTS1 C2.24 H4-025"
4723;20138933;"KTS1 C2.24 H4-026"
4724;20136366;"KTS1 C2.24 H4-027"
4725;20138916;"KTS1 C2.24 H4-028"
4726;20138917;"KTS1 C2.24 H4-030"
4727;20138931;"KTS1 C2.24 H4-031"
4728;20138922;"KTS1 C2.25 H4-032"
4729;20138923;"KTS1 C2.25 H4-033"
4730;20137424;"KTS1 C2.25 H4-035"
4731;20137425;"KTS1 C2.25 H4-036"
4732;20138939;"KTS1 C2.25 H4-037"
4733;20138941;"KTS1 C2.25 H4-038"
4734;20138940;"KTS1 C2.25 H4-039"
4735;20138942;"KTS1 C2.25 H4-040"
4736;20137429;"KTS1 C2.25 H4-042"
4737;20137426;"KTS1 C2.25 H4-043"
4738;20137427;"KTS1 C2.25 H4-044"
4739;20137428;"KTS1 C2.25 H4-045"
4740;20140060;"KTS1 C2.63 H4-046"
4741;20138944;"KTS1 C2.25 H4-047"
4742;20138945;"KTS1 C2.25 H4-048"
4743;20137435;"KTS1 C2.25 H4-049"
4744;20137434;"KTS1 C2.25 H4-050"
4745;20137430;"KTS1 C2.25 H4-051"
4746;20137433;"KTS1 C2.25 H4-052_01"
4746;20137436;"KTS1 C2.25 H4-052_02"
4747;20137431;"KTS1 C2.25 H4-053"
4748;20137432;"KTS1 C2.25 H4-054"
4749;20137437;"KTS1 C2.26 H4-055"
4750;20137438;"KTS1 C2.26 H4-056"
4751;20137439a;"KTS1 C2.25 H4-057a"
4752;20137439b;"KTS1 C2.25 H4-057b"
4753;20137440;"KTS1 C2.25 H4-058_01"
4753;20137441;"KTS1 C2.25 H4-058_02"
4754;20138998;"KTS1 C2.26 H4-059"
4755;20137442;"KTS1 C2.26 H4-060"
4756;20140063;"KTS1 C2.63 H4-061"
4757;20140064;"KTS1 C2.63 H4-062"
4758;20140062;"KTS1 C2.63 H4-063"
4759;20136087;"KTS1 C1.03 05B40"
4760;20137443;"KTS1 C2.26 H4-065"
4761;20137444a;"KTS1 C2.25 H4-066a"
4762;20137444b;"KTS1 C2.25 H4-066b"
4763;20136389;"KTS1 C2.57 Map.001a"
4764;20136389b;"KTS1 C2.57 Map.001b"
4765;20136389c;"KTS1 C2.57 Map.001c"
4766;20136389d;"KTS1 C2.57 Map.001d"
4767;20136389e;"KTS1 C2.57 Map.001e"
4768;20136389f;"KTS1 C2.57 Map.001f"
4769;20136389g;"KTS1 C2.57 Map.001g"
4770;20136389h;"KTS1 C2.57 Map.001h"
4771;20136389i;"KTS1 C2.57 Map.001i"
4772;20136389j;"KTS1 C2.57 Map.001j"
4773;20136389k;"KTS1 C2.57 Map.001k"
4774;20136389l;"KTS1 C2.57 Map.001l"
4775;20136389m;"KTS1 C2.57 Map.001m"
4776;20140254a;"KTS1 C2.57 Map.002a"
4777;20140254b;"KTS1 C2.57 Map.002b"
4778;20140254c;"KTS1 C2.57 Map.002c"
4779;20140254d;"KTS1 C2.57 Map.002d"
4780;20140254e;"KTS1 C2.57 Map.002e"
4781;20140254f;"KTS1 C2.57 Map.002f"
4782;20140254g;"KTS1 C2.57 Map.002g"
4783;20140254h;"KTS1 C2.57 Map.002h"
4784;20140254i;"KTS1 C2.57 Map.002i"
4785;20140254j;"KTS1 C2.57 Map.002j"
4786;20140255a;"KTS1 C2.57 Map.003a"
4787;20140255b;"KTS1 C2.57 Map.003b"
4788;20140255c;"KTS1 C2.57 Map.003c"
4789;20140255d;"KTS1 C2.57 Map.003d"
4790;20136391;"KTS1 C2.57 Map.004a"
4791;20136391b;"KTS1 C2.57 Map.004b"
4792;20136391c;"KTS1 C2.57 Map.004c"
4793;20136391d;"KTS1 C2.57 Map.004d"
4794;20136391e;"KTS1 C2.57 Map.004e"
4795;20136391f;"KTS1 C2.57 Map.004f"
4796;20136391g;"KTS1 C2.57 Map.004g"
4797;20136391h;"KTS1 C2.57 Map.004h"
4798;20136391i;"KTS1 C2.57 Map.004i"
4799;20136391j;"KTS1 C2.57 Map.004j"
4800;20136391k;"KTS1 C2.57 Map.004k"
4801;20136391l;"KTS1 C2.57 Map.004l"
4802;20136391m;"KTS1 C2.57 Map.004m"
4803;20140248a;"KTS1 C2.57 Map.005a"
4804;20140248b;"KTS1 C2.57 Map.005b"
4805;20140248c;"KTS1 C2.57 Map.005c"
4806;20140248d;"KTS1 C2.57 Map.005d"
4807;20140248e;"KTS1 C2.57 Map.005e"
4808;20140248f;"KTS1 C2.57 Map.005f"
4809;20140256a;"KTS1 C2.57 Map.006a"
4810;20140256b;"KTS1 C2.57 Map.006b"
4811;20140256c;"KTS1 C2.57 Map.006c"
4812;20140256d;"KTS1 C2.57 Map.006d"
4813;20140256e;"KTS1 C2.57 Map.006e"
4814;20140256f;"KTS1 C2.57 Map.006f"
4815;20140256g;"KTS1 C2.57 Map.006g"
4816;20140256h;"KTS1 C2.57 Map.006h"
4817;20140256i;"KTS1 C2.57 Map.006i"
4818;20140256j;"KTS1 C2.57 Map.006j"
4819;20140256k;"KTS1 C2.57 Map.006k"
4820;20136392a;"KTS1 C2.57 Map.007a"
4821;20136392b;"KTS1 C2.57 Map.007b"
4822;20136392c;"KTS1 C2.57 Map.007c"
4823;20136392d;"KTS1 C2.57 Map.007d"
4824;20136392e;"KTS1 C2.57 Map.007e"
4825;20136392f;"KTS1 C2.57 Map.007f"
4826;20136392g;"KTS1 C2.57 Map.007g"
4827;20136393a;"KTS1 C2.58 Map.008a"
4828;20136393b;"KTS1 C2.58 Map.008b"
4829;20136393c;"KTS1 C2.58 Map.008c"
4830;20136393d;"KTS1 C2.58 Map.008d"
4831;20136393e;"KTS1 C2.58 Map.008e"
4832;20136393f;"KTS1 C2.58 Map.008f"
4833;20136393g;"KTS1 C2.58 Map.008g"
4834;20136393h;"KTS1 C2.58 Map.008h"
4835;20136393i;"KTS1 C2.58 Map.008i"
4836;20136393j;"KTS1 C2.58 Map.008j"
4837;20136393k;"KTS1 C2.58 Map.008k"
4838;20136393m;"KTS1 C2.58 Map.008m"
4839;20140257a;"KTS1 C2.58 Map.009a"
4840;20140257c;"KTS1 C2.58 Map.009c"
4841;20140257b;"KTS1 C2.58 Map.009b"
4842;20140257d;"KTS1 C2.58 Map.009d"
4843;20140257e;"KTS1 C2.58 Map.009e"
4844;20140257f;"KTS1 C2.58 Map.009f"
4845;20136399;"KTS1 C2.58 Map.010a"
4846;20136399b;"KTS1 C2.58 Map.010b"
4847;20136399c;"KTS1 C2.58 Map.010c"
4848;20136399d;"KTS1 C2.58 Map.010d"
4849;20136399e;"KTS1 C2.58 Map.010e"
4850;20136399f;"KTS1 C2.58 Map.010f"
4851;20136400a;"KTS1 C2.58 Map.011a"
4852;20136400b;"KTS1 C2.58 Map.011b"
4853;20136400c;"KTS1 C2.58 Map.011c"
4854;20136400d;"KTS1 C2.58 Map.011d"
4855;20136400e;"KTS1 C2.58 Map.011e"
4856;20136400f;"KTS1 C2.58 Map.011f"
4857;20136400g;"KTS1 C2.58 Map.011g"
4858;20136400h;"KTS1 C2.58 Map.011h"
4859;20136400i;"KTS1 C2.58 Map.011i"
4860;20136400j;"KTS1 C2.58 Map.011j"
4861;20136408a;"KTS1 C2.58 Map.012a"
4862;20136408b;"KTS1 C2.58 Map.012b"
4863;20136408c;"KTS1 C2.58 Map.012c"
4864;20136408d;"KTS1 C2.58 Map.012d"
4865;20136408e;"KTS1 C2.58 Map.012e"
4866;20136408f;"KTS1 C2.58 Map.012f"
4867;20136408g;"KTS1 C2.58 Map.012g"
4868;20136408h;"KTS1 C2.58 Map.012h"
4869;20136408i;"KTS1 C2.58 Map.012i"
4870;20136408j;"KTS1 C2.58 Map.012j"
4871;20136400u;"KTS1 C2.58 Map.011u"
4872;20136408k;"KTS1 C2.58 Map.012k"
4873;20136408l;"KTS1 C2.58 Map.012l"
4874;20136409a;"KTS1 C2.58 Map.013a"
4875;20136409b;"KTS1 C2.58 Map.013b"
4876;20136409c;"KTS1 C2.58 Map.013c"
4877;20136409d;"KTS1 C2.58 Map.013d"
4878;20136409e;"KTS1 C2.58 Map.013e"
4879;20136409f;"KTS1 C2.58 Map.013f"
4880;20136409g;"KTS1 C2.58 Map.013g"
4881;20140249;"KTS1 C2.59 Map.014a"
4882;20140249b;"KTS1 C2.59 Map.014b"
4883;20140249c;"KTS1 C2.59 Map.014c"
4884;20140267a;"KTS1 C2.59 Map.015a"
4885;20140267b;"KTS1 C2.59 Map.015b"
4886;20140267c;"KTS1 C2.59 Map.015c"
4887;20140267d;"KTS1 C2.59 Map.015d"
4888;20140267e;"KTS1 C2.59 Map.015e"
4889;20140269a;"KTS1 C2.59 Map.016a"
4890;20140269b;"KTS1 C2.59 Map.016b"
4891;20140269c;"KTS1 C2.59 Map.016c"
4892;20140270a;"KTS1 C2.59 Map.017a"
4893;20140270b;"KTS1 C2.59 Map.017b"
4894;20136410a;"KTS1 C2.59 Map.018a"
4895;20136410b;"KTS1 C2.59 Map.018b"
4896;20136410c;"KTS1 C2.59 Map.018c"
4897;20136410d;"KTS1 C2.59 Map.018d"
4898;20136410e;"KTS1 C2.59 Map.018e"
4899;20136410f;"KTS1 C2.59 Map.018f"
4900;20136410g;"KTS1 C2.59 Map.018g"
4901;20136410h;"KTS1 C2.59 Map.018h"
4902;20136410i;"KTS1 C2.59 Map.018i"
4903;20136410j;"KTS1 C2.59 Map.018j"
4904;20136410k;"KTS1 C2.59 Map.018k"
4905;;"KTS1 C2.59 Map.018l"
4906;20136410m;"KTS1 C2.59 Map.018m"
4907;20140271a;"KTS1 C2.59 Map.019a"
4908;20140271b;"KTS1 C2.59 Map.019b"
4909;20140271c;"KTS1 C2.59 Map.019c"
4910;20140271d;"KTS1 C2.59 Map.019d"
4911;20140271e;"KTS1 C2.59 Map.019e"
4912;20140271f;"KTS1 C2.59 Map.019f"
4913;20140271g;"KTS1 C2.59 Map.019g"
4914;20140271h;"KTS1 C2.59 Map.019h"
4915;20140271i;"KTS1 C2.59 Map.019i"
4916;20140271j;"KTS1 C2.59 Map.019j"
4917;20140271k;"KTS1 C2.59 Map.019k"
4918;20140272a;"KTS1 C2.60 Map.020a"
4919;20140272b;"KTS1 C2.60 Map.020b"
4920;20140272c;"KTS1 C2.60 Map.020c"
4921;20140284a;"KTS1 C2.60 Map.021a"
4922;20140284b;"KTS1 C2.60 Map.021b"
4923;20140284c;"KTS1 C2.60 Map.021c"
4924;20140284d;"KTS1 C2.60 Map.021d"
4925;20140284e;"KTS1 C2.60 Map.021e"
4926;20140284f;"KTS1 C2.60 Map.021f"
4927;20140285a;"KTS1 C2.60 Map.022a"
4928;20140285b;"KTS1 C2.60 Map.022b"
4929;20140285c;"KTS1 C2.60 Map.022c"
4930;20140285d;"KTS1 C2.60 Map.022d"
4931;20140285e-1;"KTS1 C2.60 Map.022e-1"
4931;20140285e-2;"KTS1 C2.60 Map.022e-2"
4932;20140285f-1;"KTS1 C2.60 Map.022f-1"
4932;2014028f-2;"KTS1 C2.60 Map.022f-2"
4933;20140285g;"KTS1 C2.60 Map.022g"
4934;20140285h;"KTS1 C2.60 Map.022h"
4935;2014028i;"KTS1 C2.60 Map.022i"
4936;20140286a;"KTS1 C2.60 Map.023a"
4937;20140286b;"KTS1 C2.60 Map.023b"
4938;20140286c;"KTS1 C2.60 Map.023c"
4939;20140286d;"KTS1 C2.60 Map.023d"
4940;20140286e;"KTS1 C2.60 Map.023e"
4941;20140286f;"KTS1 C2.60 Map.023f"
4942;20140286g;"KTS1 C2.60 Map.023g"
4943;20140286h;"KTS1 C2.60 Map.023h"
4944;20140286i;"KTS1 C2.60 Map.023i"
4945;20136439a;"KTS1 C2.60 Map.024a"
4946;20136439b;"KTS1 C2.60 Map.024b"
4947;20140295a;"KTS1 C2.60 Map.025a"
4948;20140295b;"KTS1 C2.60 Map.025b"
4949;20140295c;"KTS1 C2.60 Map.025c"
4950;20140295d;"KTS1 C2.60 Map.025d"
4951;20140295e;"KTS1 C2.60 Map.025e"
4952;20140295f;"KTS1 C2.60 Map.025f"
4953;20140295g;"KTS1 C2.60 Map.025g"
4954;20140295h;"KTS1 C2.60 Map.025h"
4955;20140295i;"KTS1 C2.60 Map.025i"
4956;20140295j;"KTS1 C2.60 Map.025j"
4957;20136440a;"KTS1 C2.60 Map.026a"
4958;20136440b;"KTS1 C2.60 Map.026b"
4959;20136440c;"KTS1 C2.60 Map.026c"
4960;20136440d;"KTS1 C2.60 Map.026d"
4961;20136440e;"KTS1 C2.60 Map.026e"
4962;20139526;"KTS1 C2.41 Map.027"
4963;20136446;"KTS1 C2.41 Map.028"
4964;20140303;"KTS1 C2.60 Map.031"
4965;;"KTS1 C1.41 05L24_1"
4966;;"KTS1 C1.41 05L24_24"
4967;;"KTS1 C1.41 05L24_2"
4968;;"KTS1 C1.41 05L24_25"
4968;;"KTS1 C1.41 05L24_25"
4968;;"KTS1 C1.41 05L24_25"
4969;;"KTS1 C1.41 05L24_3"
4970;20137483;"KTS1 C1.41 05L23"
4971;;"KTS1 C1.41 05L24_4"
4972;;"KTS1 C1.41 05L24_27"
4972;;"KTS1 C1.41 05L24_27"
4972;;"KTS1 C1.41 05L24_27"
4973;;"KTS1 C1.41 05L24_5"
4974;;"KTS1 C1.41 05L24_28"
4975;;"KTS1 C1.41 05L24_6"
4976;;"KTS1 C1.41 05L24_29"
4977;20137474p7;"KTS1 C1.41 05L24_7"
4978;;"KTS1 C1.41 05L24_32"
4979;;"KTS1 C1.41 05L24_8"
4980;;"KTS1 C1.41 05L24_31"
4981;;"KTS1 C1.41 05L24_9"
4982;;"KTS1 C1.41 05L24_30"
4983;;"KTS1 C1.41 05L24_10"
4984;;"KTS1 C1.41 05L24_33"
4985;;"KTS1 C1.41 05L24_11"
4986;;"KTS1 C1.41 05L24_13"
4987;;"KTS1 C1.41 05L24_12"
4988;;"KTS1 C1.41 05L24_14"
4989;;"KTS1 C1.41 05L24_15"
4990;;"KTS1 C1.41 05L24_16"
4991;;"KTS1 C1.41 05L24_17"
4992;;"KTS1 C1.41 05L24_18"
4992;;"KTS1 C1.41 05L24_18"
4992;;"KTS1 C1.41 05L24_18"
4993;;"KTS1 C1.41 05L24_19"
4994;;"KTS1 C1.41 05L24_20"
4995;;"KTS1 C1.41 05L24_21.1"
4996;;"KTS1 C1.41 05L24_22"
4997;;"KTS1 C1.41 05L24_23"
4998;;"KTS1 C1.41 05L24_26"
4999;20145809;"KTS1 C3.30 X1A01"
5000;20145808;"KTS1 C3.30 X1A02"
5001;;"KTS1 C3.30 X1A03"
5001;;"KTS1 C3.30 X1A03"
5001;;"KTS1 C3.30 X1A03"
5002;20145810;"KTS1 C3.30 X1A04_01"
5002;20145814;"KTS1 C3.30 X1A04_02"
5002;20145813;"KTS1 C3.30 X1A04_03"
5002;20145812;"KTS1 C3.30 X1A04_05"
5002;20145811;"KTS1 C3.30 X1A04_06"
5003;20145815;"KTS1 C3.30 X1A05"
5004;20145816;"KTS1 C3.30 X1A06"
5005;20145817;"KTS1 C3.30 X1A07"
5006;20145818;"KTS1 C3.30 X1A08"
5007;20145819;"KTS1 C3.30 X1A09"
5008;20145819b;"KTS1 C3.30 X1A09b"
5009;20145819c;"KTS1 C3.30 X1A09c"
5010;20145819d;"KTS1 C3.30 X1A09d"
5011;20145819e;"KTS1 C3.30 X1A09e"
5013;20145820;"KTS1 C3.30 X1A10"
5014;20145821d;"KTS1 C3.30 X1A11d"
5015;20145821;"KTS1 C3.30 X1A11a"
5016;20145821b;"KTS1 C3.30 X1A11b"
5017;20145821c;"KTS1 C3.30 X1A11c"
5018;20145822;"KTS1 C3.30 X1A12"
5019;20145827;"KTS1 C3.30 X1A13"
5020;20145826;"KTS1 C3.30 X1A14"
5021;20145836a;"KTS1 C3.30 X1A15a"
5022;20145836e;"KTS1 C3.30 X1A15e"
5023;20145836f;"KTS1 C3.30 X1A15f"
5024;20145836c;"KTS1 C3.30 X1A15c"
5025;20145836d;"KTS1 C3.30 X1A15d"
5026;20145836b;"KTS1 C3.30 X1A15b"
5027;20145835;"KTS1 C3.30 X1A16"
5028;20145834;"KTS1 C3.30 X1A17"
5029;20145837a;"KTS1 C3.30 X1A18a"
5030;20145837b;"KTS1 C3.30 X1A18b"
5031;20145837c;"KTS1 C3.30 X1A18c"
5032;20145837d;"KTS1 C3.30 X1A18d"
5033;20145838;"KTS1 C3.30 X1A19"
5034;20145842;"KTS1 C3.30 X1A20"
5035;20145843;"KTS1 C3.30 X1A21"
5036;20145839;"KTS1 C3.30 X1B01"
5037;20145840;"KTS1 C3.30 X1B02"
5038;20145841;"KTS1 C3.30 X1B03"
5039;20145846;"KTS1 C3.31 X1B04"
5041;20145847;"KTS1 C3.31 X1B05"
5042;20145852;"KTS1 C3.31 X1B06"
5043;20145844;"KTS1 C3.30 X1B07_01"
5043;20145845;"KTS1 C3.30 X1B07_02"
5044;20145851;"KTS1 C3.31 X1B08_01"
5044;20145850;"KTS1 C3.31 X1B08_02"
5044;20145849;"KTS1 C3.31 X1B08_03"
5045;20145848;"KTS1 C3.31 X1B09"
5046;20145859;"KTS1 C3.31 X1B10"
5047;20145857;"KTS1 C3.31 X1B11"
5048;20145858;"KTS1 C3.31 X1B12"
5049;20145860;"KTS1 C3.31 X1B13"
5050;20135832;"KTS1 C2.36 X3C24_01-03"
5050;20139396;"KTS1 C2.36 X3C24_01-03"
5050;20139397;"KTS1 C2.36 X3C24_01-03"
5051;20145863;"KTS1 C3.31 X1B15"
5052;20145861;"KTS1 C3.31 X1B16"
5053;20145862;"KTS1 C3.31 X1B17"
5054;20145866;"KTS1 C3.31 X1B18"
5055;20145864;"KTS1 C3.31 X1B19"
5056;20145865;"KTS1 C3.31 X1C01"
5057;20139027;"KTS1 C2.29 X2B11_01"
5057;20139028;"KTS1 C2.29 X2B11_02"
5058;20139036;"KTS1 C2.29 X2B14"
5059;20139051;"KTS1 C2.29 X2B26"
5060;20139050;"KTS1 C2.29 X2B27"
5061;20139049;"KTS1 C2.29 X2B25"
5062;20139033;"KTS1 C2.29 X2B12"
5063;20139035;"KTS1 C2.29 X2B13"
5064;20139026;"KTS1 C2.29 X2B10"
5065;20145870;"KTS1 C3.31 X1C10"
5066;20145871;"KTS1 C3.31 X1C11"
5067;20145872;"KTS1 C3.31 X1C12"
5068;20146045;"KTS1 C3.38 X1C13_01"
5068;20146047;"KTS1 C3.38 X1C13_02"
5068;20146061;"KTS1 C3.38 X1C13_03"
5068;20146062;"KTS1 C3.38 X1C13_04"
5069;20146059;"KTS1 C3.38 X1C14"
5070;20146048;"KTS1 C3.38 X1C15"
5071;20146050a;"KTS1 C3.38 X1C16a"
5072;20146050b;"KTS1 C3.38 X1C16b"
5073;20136394;"KTS1 C3.38 X1C17"
5074;20146049;"KTS1 C3.38 X1C18"
5075;20136395;"KTS1 C3.38 X1C19"
5076;20146063;"KTS1 C3.38 X1C20"
5077;20146064a;"KTS1 C3.38 X1C21a"
5078;20146064b;"KTS1 C3.38 X1C21b"
5079;20146065;"KTS1 C3.38 X1C22"
5080;20146060;"KTS1 C3.38 X1C23"
5081;20146066;"KTS1 C3.38 X1C24"
5082;20146067;"KTS1 C3.38 X1C25"
5083;20138951;"KTS1 C2.28 X1D01_01"
5083;20138952;"KTS1 C2.28 X1D01_02"
5083;20138953;"KTS1 C2.28 X1D01_03"
5083;20138954;"KTS1 C2.28 X1D01_04"
5084;20138955;"KTS1 C2.28 X1D02"
5085;20138956;"KTS1 C2.28 X1D03"
5086;20137085;"KTS1 C1.23 15C28"
5086;20138957;"KTS1 C2.28 X1D04"
5087;20138958a;"KTS1 C2.28 X1D05a"
5088;20138958b;"KTS1 C3.31 X1D05b"
5089;20138959;"KTS1 C2.28 X1D06"
5090;20138960;"KTS1 C2.28 X1D07"
5091;20138961;"KTS1 C2.28 X1D08"
5092;20139010;"KTS1 C2.28 X1D09"
5093;20139011;"KTS1 C2.28 X1D10"
5094;20139012;"KTS1 C2.28 X1D11"
5095;20139003;"KTS1 C2.28 X1D12"
5096;20139013;"KTS1 C2.28 X1D13"
5097;20139002a;"KTS1 C2.28 X1D14"
5098;20139001;"KTS1 C2.28 X1D15"
5099;20139014;"KTS1 C2.28 X1D16"
5100;20139015;"KTS1 C2.28 X1D17"
5101;20139016;"KTS1 C2.28 X1D18"
5102;20139017;"KTS1 C2.28 X1D19"
5103;20139018;"KTS1 C2.28 X1D20"
5104;20139019;"KTS1 C2.28 X1D21"
5105;20139020;"KTS1 C2.28 X1D22"
5106;20136404a;"KTS1 C2.28 X1D23a"
5107;20136404b;"KTS1 C2.28 X1D23b"
5108;20139024;"KTS1 C2.28 X1D24"
5109;20146068;"KTS1 C3.38 X2A01_01"
5109;20146069;"KTS1 C3.38 X2A01_02"
5109;20146070;"KTS1 C3.38 X2A01_03"
5109;20146071;"KTS1 C3.38 X2A01_05"
5109;20146072;"KTS1 C3.38 X2A01_06"
5109;20146073;"KTS1 C3.38 X2A01_07"
5109;20146074;"KTS1 C3.38 X2A01_08"
5110;20146075;"KTS1 C3.38 X2A02"
5111;20146079b;"KTS1 C3.39 X2A03b"
5112;20146079c;"KTS1 C3.39 X2A03c"
5113;20146079a;"KTS1 C3.39 X2A03a"
5114;20146076;"KTS1 C3.39 X2A04"
5115;20140061;"KTS1 C3.39 X2A05"
5116;20146077;"KTS1 C3.39 X2A06"
5117;20146078;"KTS1 C3.39 X2A07"
5118;20146058;"KTS1 C3.39 X2A08"
5119;20146080a;"KTS1 C3.39 X2A09a"
5120;20146080b;"KTS1 C3.39 X2A09b"
5121;20136396;"KTS1 C3.39 X2A10"
5122;20146083;"KTS1 C3.39 X2A11"
5123;20146084;"KTS1 C3.39 X2A12"
5124;20146085;"KTS1 C3.39 X2A13"
5125;20146093;"KTS1 C3.39 X2A14_01"
5125;20146094;"KTS1 C3.39 X2A14_02"
5126;20136401;"KTS1 C2.28 X2B01"
5127;20136405;"KTS1 C2.28 X2B02"
5128;20139025;"KTS1 C2.28 X2B03"
5129;20136484;"KTS1 C2.28 X2B04"
5130;20139029;"KTS1 C2.29 X2B05"
5131;20139030;"KTS1 C2.29 X2B06"
5132;20139031;"KTS1 C2.29 X2B07"
5133;20139032;"KTS1 C2.29 X2B08"
5134;20136402;"KTS1 C2.29 X2B09"
5135;20139398;"KTS1 C2.36 X3C26"
5136;20145868;"KTS1 C3.31 X1C09"
5137;20145869;"KTS1 C3.31 X1C02"
5138;20145867;"KTS1 C3.31 X1C03"
5139;20139399;"KTS1 C2.36 X3C25"
5140;20139034;"KTS1 C2.29 X2B15"
5141;20139043;"KTS1 C2.29 X2B16"
5142;20139044;"KTS1 C2.29 X2B17_01"
5142;20139045;"KTS1 C2.29 X2B17_02"
5143;20136482a;"KTS1 C2.29 X2B18a"
5144;20136482b;"KTS1 C2.29 X2B18b"
5145;20139037;"KTS1 C2.29 X2B19"
5146;20139038;"KTS1 C2.29 X2B20"
5147;20139046;"KTS1 C2.29 X2B21"
5148;20139047;"KTS1 C2.29 X2B22"
5149;20136773;"KTS1 C2.29 X2B23"
5150;20139048a;"KTS1 C2.29 X2B24a"
5151;20139039;"KTS1 C2.29 X2C01"
5152;20139041a;"KTS1 C2.29 X2C02a"
5153;20139041b;"KTS1 C2.29 X2C02b"
5154;20139040;"KTS1 C2.29 X2C03"
5155;20139059;"KTS1 C2.29 X2C04_01"
5156;20139060;"KTS1 C2.29 X2C04_02"
5157;20139061;"KTS1 C2.29 X2C05"
5158;20139348;"KTS1 C2.35 X2C06"
5159;20139349;"KTS1 C2.35 X2C07"
5160;20136407;"KTS1 C2.35 X2C08"
5161;20136406;"KTS1 C2.35 X2C09"
5162;20136485a;"KTS1 C2.35 X2C10a"
5163;20136485b;"KTS1 C2.35 X2C10b"
5164;20136485c;"KTS1 C2.35 X2C10c"
5165;20139359;"KTS1 C2.35 X2C12"
5166;20139360;"KTS1 C2.35 X2C13"
5167;20139361;"KTS1 C2.35 X2C14"
5168;20139362;"KTS1 C2.35 X2C15"
5169;20139350;"KTS1 C2.35 X2C16"
5170;20139351;"KTS1 C2.35 X2C17"
5171;20136403;"KTS1 C2.35 X2C18"
5172;20139352;"KTS1 C2.35 X2C19"
5173;20139353;"KTS1 C2.35 X2C20"
5174;20139354;"KTS1 C2.35 X2C21b"
5174;20146215;"KTS1 C2.35 X2C21a"
5175;20146097;"KTS1 C3.39 X2D01"
5176;;"KTS1 C3.39 X2D02"
5177;20146099b;"KTS1 C3.39 X2D03b"
5178;20146099a;"KTS1 C3.39 X2D03a"
5179;20146098a;"KTS1 C3.39 X2D04a"
5180;20146098b;"KTS1 C3.39 X2D04b"
5181;20146095;"KTS1 C3.39 X2D05a"
5182;20146205;"KTS1 C3.46 X2D05b"
5183;20146096;"KTS1 C3.39 X2D05c"
5184;20146201;"KTS1 C3.46 X2D06"
5185;20146202;"KTS1 C3.46 X2D07"
5186;20146203;"KTS1 C3.46 X2D08"
5187;20146204;"KTS1 C3.46 X2D09"
5188;20146209;"KTS1 C3.46 X2D10"
5189;20146208;"KTS1 C3.46 X2D11"
5190;20146207;"KTS1 C3.46 X2D12"
5191;20146206;"KTS1 C3.46 X2D13"
5192;20146210;"KTS1 C3.46 X2D14"
5193;20146211;"KTS1 C3.46 X2D15"
5194;20136398;"KTS1 C3.46 X2D16"
5195;20146212;"KTS1 C3.46 X2D17"
5196;20146213a;"KTS1 C3.46 X2D18a"
5197;20146213b;"KTS1 C3.46 X2D18b"
5198;20146214;"KTS1 C3.46 X3A01"
5199;20136397a;"KTS1 C3.46 X3A02a"
5200;20136397b;"KTS1 C3.46 X3A02b"
5201;20146222;"KTS1 C3.46 X3A03"
5202;20146221;"KTS1 C3.46 X3A04"
5203;20146220;"KTS1 C3.46 X3A05"
5204;20146218;"KTS1 C3.46 X3A06"
5205;20146216;"KTS1 C3.46 X3A07_01"
5205;20146217;"KTS1 C3.46 X3A07_02"
5206;20146252;"KTS1 C3.46 X3A08"
5207;20146253;"KTS1 C3.46 X3A09"
5208;20146254;"KTS1 C3.46 X3A10"
5209;20146255;"KTS1 C3.46 X3A11"
5210;20146256;"KTS1 C3.46 X3A12"
5211;20146257;"KTS1 C3.46 X3A13"
5212;20146264;"KTS1 C3.47 X3A14"
5213;20146266;"KTS1 C3.47 X3A16"
5214;20146267;"KTS1 C3.47 X3A17"
5215;20146268;"KTS1 C3.47 X3A18a"
5216;20146269;"KTS1 C3.47 X3A19"
5217;20146270;"KTS1 C3.47 X3B01"
5218;20146271;"KTS1 C3.47 X3B02"
5219;20146275;"KTS1 C3.47 X3B03"
5220;20146276;"KTS1 C3.47 X3B04"
5221;20146274;"KTS1 C3.47 X3B05"
5222;20146273;"KTS1 C3.47 X3B06"
5223;20146277a;"KTS1 C3.47 X3B07a"
5224;20146277b;"KTS1 C3.47 X3B07b"
5225;20146277c;"KTS1 C3.47 X3B07c"
5226;20146277d;"KTS1 C3.47 X3B07d"
5227;20146278c;"KTS1 C3.47 X3B08c"
5228;20146278b;"KTS1 C3.47 X3B08b"
5229;20146278a;"KTS1 C3.47 X3B08a"
5230;20146279b;"KTS1 C3.47 X3B09b"
5231;20146279c;"KTS1 C3.47 X3B09c"
5232;20146279d;"KTS1 C3.47 X3B09d"
5233;20146279a;"KTS1 C3.47 X3B09a"
5234;20146280;"KTS1 C3.47 X3B10"
5235;20146281a;"KTS1 C3.47 X3B11a"
5236;20146281b;"KTS1 C3.47 X3B11b"
5237;20146282;"KTS1 C3.47 X3B12"
5238;20146283;"KTS1 C3.47 X3B13"
5239;20136455;"KTS1 C2.35 X3B14"
5240;20136463;"KTS1 C2.35 X3B15"
5241;20136464;"KTS1 C2.35 X3B16"
5242;20136460;"KTS1 C2.35 X3B17"
5243;20136461;"KTS1 C2.35 X3B18"
5244;20136456;"KTS1 C2.35 X3B19"
5245;20136462;"KTS1 C2.35 X3B20"
5246;20136457;"KTS1 C2.35 X3B21"
5247;20139363;"KTS1 C2.35 X3B22"
5248;20139365;"KTS1 C2.35 X3C01"
5249;20139364;"KTS1 C2.35 X3C02"
5250;20139368;"KTS1 C2.35 X3C03"
5251;20139367;"KTS1 C2.35 X3C04"
5252;20139366;"KTS1 C2.35 X3C05"
5253;20139369;"KTS1 C2.36 X3C06"
5254;20139370;"KTS1 C2.36 X3C07"
5255;20138033b;"KTS1 C1.61 06E01b"
5255;20139371a;"KTS1 C1.61 X3C08a"
5256;20139372;"KTS1 C2.36 X3C09"
5257;20139373;"KTS1 C2.36 X3C10"
5258;20139375;"KTS1 C2.36 X3C11"
5259;20139374a;"KTS1 C2.36 X3C12_01"
5259;20139374b;"KTS1 C2.36 X3C12_02"
5260;20139376;"KTS1 C2.36 X3C13"
5261;20139377;"KTS1 C2.36 X3C14"
5262;20139378;"KTS1 C2.36 X3C15"
5263;20139379;"KTS1 C2.36 X3C16"
5264;20139380;"KTS1 C2.36 X3C17"
5265;20136930;"KTS1 C2.36 X3C18_01"
5265;20136931;"KTS1 C2.36 X3C18_02"
5266;20139381;"KTS1 C2.36 X3C19"
5267;20139382;"KTS1 C2.36 X3C20a"
5268;20139382b;"KTS1 C2.36 X3C20b"
5269;20139383;"KTS1 C2.36 X3C21"
5270;20139384;"KTS1 C2.36 X3C22"
5271;20138308;"KTS1 C2.01 X3D01"
5272;20138307;"KTS1 C2.01 X3D02"
5273;20138306;"KTS1 C2.01 X3D03"
5274;20138305;"KTS1 C2.01 X3D04"
5275;20138316;"KTS1 C2.02 X3D05"
5276;20138315;"KTS1 C2.02 X3D06_01"
5277;20138314;"KTS1 C2.02 X3D06_02"
5278;20138313;"KTS1 C2.02 X3D07"
5279;20138312;"KTS1 C2.02 X3D08"
5280;20138317;"KTS1 C2.02 X3D09"
5281;20138319;"KTS1 C2.02 X3D10"
5282;20138318;"KTS1 C2.02 X3D11"
5283;20138320;"KTS1 C2.02 X3D12"
5284;20138321;"KTS1 C2.02 X3D13"
5285;20138322;"KTS1 C2.02 X3D14"
5286;20138323;"KTS1 C2.02 X3D15"
5287;20138324;"KTS1 C2.02 X3D16"
5288;20138325;"KTS1 C2.02 X3D17"
5289;20138326;"KTS1 C2.02 X3D18"
5290;20138327;"KTS1 C2.02 X3D19a-b"
5292;20138304;"KTS1 C2.02 X3D20"
5293;20138329;"KTS1 C2.02 X3D21"
5294;20138328;"KTS1 C2.02 X3D22"
5295;20126438;"BIO BURN a"
5296;20138330b;"KTS1 C2.02 X3D23b"
5297;20138331;"KTS1 C2.02 X3D24"
5298;20127748;"TOP BE.FLA"
5299;20124994;
5300;20127086;"BIO BUXT c"
5301;20130595;"BIO MORE b"
5302;20128958;"LIT AAFJ a"
5303;20122924;"NS3.3a NL"
5304;20120106;"TOP NL 4"
5305;20120920;"INS3.1e GB.NOT"
5306;20125156;INS3.1c
5307;20123075;"BIO SCHU5 e"
5308;20128492;"BIO MOZA1 d"
5308;20128491;"BIO MOZA1 d"
5311;20123441;GHM0
5312;20123365;"REF3 ABRA"
5313;20128230;"BIO PRAE e"
5314;20127643;"TOP IT 4"
5315;20123098;"BIO HAYD1 e"
5316;20128842;"SCI ACER"
5317;20122480;"TOP FR 5"
5318;20125297;"INS6.1b XL"
5319;20125298;"INS6.3b XL"
5320;20127878;INS1a
5321;20128826;"LIT ACHT a"
5322;20120225;"LIT ACHT a"
5323;20121298;"INS3.1e DE.HAL2"
5324;20120685;"BIO BRAM e"
5325;20129030;"INS3.1e IT.BOL"
5326;20122100;"INS5.3b ERAR"
5327;20122463;"INS3a LASC"
5328;20122121;"TOP IT.ROM 5"
5329;20123482;INS4.9a
5329;20123481;INS4.9a
5335;20127913;"TOP IT 5"
5335;20127912;"TOP IT 5"
5337;20127486;"BIB4 IL"
5338;20121828;
5339;20123376;"TOP DE.DRE 7"
5340;20125563;"TOP BE.FLA"
5341;20125857;"TRE AFFL"
5342;20122676;"BIB4 IT GARD"
5343;20125920;"HUM BAUE"
5344;20127544;"INS6.6d AGRE"
5345;20125463;
5346;20128775;"INS3.1e SE.STO"
5347;20121550;
5348;20120675;INS3c
5349;20123580;"LIT OVID a"
5349;20123579;"LIT OVID a"
5351;20123578;"PHI AHLH a"
5352;20123577;"PHI AHLH a"
5353;20123711;"TOP DE.WEI1 5"
5354;20125919;"INS3.2a DE"
5355;20123407;INS7.1a
5356;20122397;INS3.2d
5357;20123800;INS3.2b
5358;20127870;"BIO MEDE c"
5359;20120335;INS2a
5360;20122574;"BIO VERM1 d"
5361;20122292;"TOP NL.AMS"
5364;20128243;"TOP NL 5"
5365;20122135;"LIT HUNN b"
5366;20127059;"TOP IT.VEN1 4"
5367;20121546;"SCO ALBE"
5367;20121545;"SCO ALBE"
5369;20123564;"INS3.1e IT.MIL"
5370;20124039;"SCO ALBI2"
5371;20122980;"INS3.1e DE.PFU"
5372;20123417;"BIO OTHM d"
5373;20127005;"BIO SCHR a"
5374;20120726;"TOP DE.SCH3 3"
5375;20122794;"BIB1 ALDU"
5376;20120963;"BIB1 ALDU"
5377;20125277;"TOP PT.EVO"
5378;20127592;"BIO ALEN a"
5379;20128471;"TOP IT.NAP 5"
5380;20120608;"BIO MOZA0 b"
5381;20127781;"VIS ALEX"
5382;20122357;"TOP NL.FRI 0"
5383;20128066;"TOP ES 6"
5384;20130351;"TOP NL.AMS"
5385;20128394;"INS3.3d ALIN"
5385;20128393;"INS3.3d ALIN"
5385;20128392;"INS3.3d ALIN"
5388;20128000;"TRE ALLA"
5389;20130068;"INS3.3d LOTT"
5390;20128905;"GHM 5"
5391;20123558;"BIO CORE d"
5392;20120578;"BIO BUON d"
5393;20128989;"BIO REMB e"
5394;20122772;"TOP NL 5"
5395;20120021;"INS3.1e NL.ZWO"
5397;20128371;INS7.3a
5397;20128391;INS7.3c
5397;20128390;INS7.3a
5399;20123592;"BIO BACH1 e"
5400;20122425;"INS1b DE.LUB1"
5401;20127138;"BIO HOLZ e"
5402;20128577;"TOP NL 5"
5403;20127145;INS2c
5404;20125019;"TOP NL.AMS"
5405;20120657;"BIO CANT d"
5406;20123501;"SCO BACH1"
5407;20126588;"TOP NL.AMS"
5408;20128519;"BIO MOZA1 e"
5409;20127545;"TRE AMIO"
5410;20128350;"SCO AMME"
5411;20128976;"TOP NL 4"
5412;20122186;"SCI ANDE"
5413;20120130;"TOP NL.ZAL"
5414;20127426;"BIO FABR a"
5415;20130263;"LIT ANDE a"
5416;20121081;"INS3.1c ANDE"
5417;20123464;"PHI ROSE a"
5418;20127465;"TOP HR 0"
5419;20122851;"BIO HACQ d"
5421;20120895;"INS3.1a ES.VAL2"
5422;20128573;"BIO SALI b"
5423;20126846;"BIO NEUK a"
5424;20125646;"TRE ANGL"
5424;20125645;"TRE ANGL"
5424;20125644;"TRE ANGL"
5427;20125010;"BIB4 ES.MAD"
5428;20128666;"BIO SCHU13 e"
5429;20130328;"BIO LISZ d"
5430;20127084;"TOP CO.CAL"
5431;20125030;"TOP GB.RIP 4"
5433;20125027;"TOP US.CIN 7"
5434;20127825;"INS3a GB"
5435;20125231;"BIO HACQ f"
5436;20125189;"VIS XL DEBO"
5437;20128043;"TOP BE.FLA"
5438;20125336;"TOP IT.VER"
5439;20125317;"LIT METZ a"
5440;20125330;"LIT LIED a"
5441;20125350;"BIO VIVA e"
5442;20125348;"BIO BACH1 e"
5443;20129744;"BIO JOSQ f"
5444;20129143;"INS3.1e JP.TOK"
5445;20125826;"INS3.1a JP"
5446;20125806;"INS 3.1e ES.ZAR"
5447;20120975;"INS1a BE"
5448;20121548;
5449;20121665;
5450;20121664;
5451;20121666;
5452;20121663;
5453;20121825;"SCO MISC REIM"
5454;20121855;
5456;20126744;"TOP DE 5"
5457;20126533;"LIT ROQU a"
5457;20126532;"LIT ROQU a"
5457;20126531;"LIT ROQU a"
5457;20126530;"LIT ROQU a"
5457;20126529;"LIT ROQU a"
5462;20126525;"LIT RESU a"
5463;20126524;"LIT LAIS a"
5464;20126519;"LIT COUR a"
5465;20126515;"LIT a CHAR"
5466;20126514;"LIT GORM a"
5467;20126513;"LIT COUR a"
5468;20126512;"LIT AUCA a"
5469;20126511;"LIT PIRA a"
5470;20126508;"LIT PARI a"
5471;20126494;"LIT ADAM a"
5472;20126493;"LIT ESTO a"
5473;20126491;"LIT JOHN a"
5474;20126489;"LIT a ROLA"
5475;20126486;"LIT MORT a"
5476;20129734;"LIT SUCH a"
5477;20123803;"TRE VALO"
5478;20128765;INS3.1c
5479;20125164;"TOP FR 5"
5480;20128220;"TOP FR 5"
5481;20121689;
5482;20123125;"BIO DESM d"
5483;20123450;"TOP AT 0"
5483;20123451;"TOP AT 0"
5484;20128608;"INS4.1d APEL"
5485;20123442;INS3a
5486;20123322;"MTP1 APE"
5487;20126707;GEN2
5488;20130001;INS3a
5492;20125323;"MTP1 APFE"
5492;20125322;"MTP1 APFE"
5492;20125320;"MTP1 APFE"
5493;20121162;"BIO MAXI e"
5494;20124226;
5495;20126750;"BIO KUHN1 e"
5496;20125134;"MTP 2 ARGE"
5497;20120314;"LIT ARIO a"
5498;20127778;"TOP IT.PIA"
5499;20127294;"INS3.1e FR.CIT"
5500;20120243;"LIT ARIS a"
5501;20127926;"TOP CH.BAS 7"
5504;20126856;
5505;20127444;"TOP NL 5"
5506;20125888;"INS3.1b TANN"
5507;20128474;"TOP DE 5"
5508;20128128;"TOP IT.VEN1 5"
5509;20123193;"BIO MARE d"
5510;20122862;"BIO GABR1 e"
5511;20122597;"BIO LOMB d"
5512;;
5513;20123290;"MTP 2 ARNO"
5513;20134682;"MTP 2 ARNO"
5514;20120169;"BIB4 DE.WOL"
5515;20125583;"TOP IT.NAP"
5516;20125356;"TOP IT 5"
5517;20127855;"TOP IT.RUB 3"
5518;20123582;"LIT HOME a"
5519;20123581;"LIT HOME a"
5520;20123652;"LIT ASCH a"
5521;20127897;"TOP GB 5"
5521;20127896;"TOP GB 5"
5521;20127895;"TOP GB"
5521;20127894;"TOP GB"
5521;20127893;"TOP GB"
5521;20127892;"TOP GB 4"
5521;20127891;"TOP GB 4"
5521;20127890;"TOP GB 4"
5521;20127889;"TOP GB 4"
5530;20127865;"TOP GB 5"
5531;20129995;"TOP GB.LON"
5532;20126562;"TOP DE.AAC"
5533;20123096;"BIO HEIJ d"
5534;20125142;"MTP1 ASSE"
5535;20122370;"LIT ASSE a"
5536;20121500;"BIO ATGE a"
5537;20121491;"BIO HEUD e"
5539;20123203;"BIO AUBI a"
5540;20125209;"TOP BE.LIE 0"
5541;20128374;"INS3.2d AUER"
5542;20130272;"PHI AUGU a"
5543;20122179;"BIO PALL a"
5544;20127012;"TOP IT.VIC 4"
5546;20121680;
5547;20121112;"TOP NL.HER 5"
5548;20125025;"INS1b BE.BRU2"
5549;20120611;"TOP DE 5"
5550;20128279;"BIO CORR d"
5551;20126887;"INS3.1 b HAUS"
5552;20125111;"BIO ZIPO d"
5553;20128686;"INS3.1a PT"
5554;20122641;"BIB4 PT.MAF"
5555;20123114;"BIO EYCK e"
5556;20120061;INS3.1a
5557;20120687;"TOP NL 5"
5558;20120425;"TOP NL 5"
5559;20125844;"TOP NL.HIL1 6"
5560;20123718;"KTS1 C3.53 G1-038"
5561;20121051;"BIO BACH4 a"
5561;20130034;"BIO BACH4 a"
5562;20121050;"BIO BACH4 a"
5563;20129985;INS3c
5564;20127939;"BIO BACH2 a"
5565;20122916;"BIO BACH2 a"
5567;20120452;"BIO BACH2 a"
5567;20120451;"BIO BACH2 a"
5569;20122082;INS3c
5569;20122083;INS3c
5569;20122080;INS3c
5570;20122079;"BIO BACH2 c"
5571;20122081;"SCO BACH2"
5572;20122078;"SCO BACH2"
5573;20122077;"SCO BACH2"
5574;20130196;"BIO BACH2 e"
5575;20124089;"SCO BACH2"
5576;20124179;"SCO BACH2"
5577;20124165;"SCO BACH2"
5578;20124164;"SCO BACH2"
5579;20124178;
5580;20124177;"SCO BACH2"
5581;20124176;"SCO BACH2"
5582;20124175;
5583;20124174;
5584;20124173;"SCO BACH2"
5585;20124172;"SCO BACH2"
5586;20124171;"SCO BACH2"
5587;20124170;"SCO BACH2"
5588;20124169;"SCO BACH2"
5589;20124168;"SCO BACH2"
5590;20124167;"SCO BACH2"
5591;20124166;"SCO BACH2"
5592;20124155;
5593;20124161;"SCO BACH2"
5594;20124162;"SCO BACH2"
5595;20124163;"SCO BACH2"
5596;20124160;"SCO BACH2"
5597;20124159;"SCO BACH2"
5598;20124158;"SCO BACH2"
5599;20124157;"SCO BACH2"
5600;20124156;"SCO BACH2"
5601;20124126;"SCO BACH2"
5602;20124127;"SCO BACH2"
5603;20124128;"SCO BACH2"
5604;20124129;"SCO BACH2"
5605;20124154;"SCO BACH2"
5606;20124132;"SCO BACH2"
5608;20124130;"SCO BACH2"
5609;20124153;"SCO BACH2"
5610;20124152;"SCO BACH2"
5611;20124151;"SCO BACH2"
5612;20124150;"SCO BACH2"
5613;20124149;"SCO BACH2"
5614;20124148;"SCO BACH2"
5615;20124147;"SCO BACH2"
5616;20124146;"SCO BACH2"
5617;20124145;"SCO BACH2"
5618;20124136;"SCO BACH2"
5619;20124135;"SCO BACH2"
5620;20124134;"SCO BACH2"
5621;20124133;"SCO BACH2"
5622;20124144;"SCO BACH2"
5623;20124143;"SCO BACH2"
5624;20124142;"SCO BACH2"
5625;20124141;"SCO BACH2"
5626;20124140;"SCO BACH2"
5627;20124139;"SCO BACH2"
5628;20124138;"SCO BACH2"
5629;20124137;"SCO BACH2"
5630;20124125;"SCO BACH2"
5631;20124124;"SCO BACH2"
5632;20124123;"SCO BACH2"
5633;20124122;"SCO BACH2"
5634;20124121;"SCO BACH2"
5635;20124120;"SCO BACH2"
5636;20124119;"SCO BACH2"
5637;20124118;"SCO BACH2"
5638;20124117;
5639;20124116;"SCO BACH2"
5640;20124114;"SCO BACH2"
5641;20124113;"SCO BACH2"
5642;20124097;"SCO BACH2"
5643;20124098;"SCO BACH2"
5644;20124112;"SCO BACH2"
5645;20124111;"SCO BACH2"
5646;20124110;"SCO BACH2"
5647;20124109;"SCO BACH2"
5648;20124108;"SCO BACH2"
5649;20124107;"SCO BACH2"
5650;20124106;"SCO BACH2"
5651;20124105;"SCO BACH2"
5652;20124104;"SCO BACH2"
5653;20124103;"SCO BACH2"
5654;20124102;
5655;20124101;
5656;20124100;"SCO BACH2"
5657;20124099;
5658;20124096;"SCO BACH2"
5659;20124095;"SCO BACH2"
5660;20124094;"SCO BACH2"
5661;;
5662;20124092;"SCO BACH2"
5663;20124091;
5664;20124090;"SCO BACH2"
5665;20121557;"SCO MISC"
5666;20128944;"PHI BACH a"
5667;20127308;"BIO BACH1 e"
5668;20130010;
5669;20127269;"BIO BACH7 b"
5670;20121560;
5671;;
5672;20121677;
5674;20124085;
5675;20121556;
5676;20121563;
5677;20124305;"SCO BACH1"
5678;20125270;"BIO BACH1 e"
5679;20125303;"BIO BACH1 e"
5680;20123485;"SCO BACH1"
5681;20123459;"BIO BACH1 e"
5682;20121285;"BIO BACH1 b"
5683;20121725;"SCO BACH1"
5684;20121713;"SCO BACH1"
5685;20121690;"SCO BACH1"
5688;20124005;"SCO BACH1"
5689;20121731;
5690;20121730;
5691;20121658;"SCO BACH1"
5694;20121637;"SCO BACH1"
5695;20123955;"SCO BACH1"
5696;20123948;"SCO BACH1"
5697;20123947;"SCO BACH1"
5698;20123946;"SCO BACH1"
5699;20123945;"SCO BACH1"
5700;20123944;
5701;20123943;"SCO BACH1"
5702;20123942;"SCO BACH1"
5703;20123941;"SCO BACH1"
5704;20123940;"SCO BACH1"
5705;20123954;"SCO BACH1"
5706;20123939;"SCO BACH1"
5707;20123938;"SCO BACH1"
5708;20123937;"SCO BACH1"
5709;20123936;"SCO BACH1"
5710;20123935;"SCO BACH1"
5711;20123934;"SCO BACH1"
5712;20123933;"SCO BACH1"
5713;20123932;"SCO BACH1"
5714;20123931;"SCO BACH1"
5715;20123930;"SCO BACH1"
5716;20123971;"SCO BACH1"
5717;20123970;"SCO BACH1"
5718;20123969;"SCO BACH1"
5719;20123968;"SCO BACH1"
5721;20123966;"SCO BACH1"
5722;20123953;"SCO BACH1"
5723;20123965;"SCO BACH1"
5724;20123952;"SCO BACH1"
5725;20123951;"SCO BACH1"
5726;20123950;"SCO BACH1"
5727;20123949;"SCO BACH1"
5728;20123964;"SCO BACH1"
5729;20123963;"SCO BACH1"
5730;20123962;"SCO BACH1"
5731;20123961;
5732;20123960;"SCO BACH1"
5733;20123959;"SCO BACH1"
5736;20123958;"SCO BACH1"
5737;20121735;"SCO BACH1"
5737;20121733;"SCO BACH1"
5737;20121729;"SCO BACH1"
5737;20121734;"SCO BACH1"
5737;20121724;"SCO BACH1"
5737;20121723;"SCO BACH1"
5737;20121722;"SCO BACH1"
5737;20121721;"SCO BACH1"
5737;20121720;"SCO BACH1"
5737;20121719;"SCO BACH1"
5737;20121718;"SCO BACH1"
5737;20121717;"SCO BACH1"
5737;20121716;"SCO BACH1"
5746;20124047;"SCO BACH1"
5747;20121897;
5748;20124206;"SCO BACH1"
5749;20124183;
5750;20124031;"SCO BACH12"
5751;20123402;"TOP FR 0"
5752;20126973;"BIO BACHL1 a"
5753;20120738;"BIO WILH e"
5754;20122434;"TOP DE.BER 5"
5755;20128110;INS4a
5756;20120877;"BIO HUYG1 e"
5757;20128126;INS2c
5758;20122108;"BIB4 DE.HAM"
5759;20125707;"BIO STEV2 b"
5760;20123063;"BIO MOZA1 e"
5761;20128931;"BIO BACH1 e"
5762;20123397;"BIO VRIE d"
5763;20121078;"INS3.1e IT.LUC"
5764;20126635;"INS3.1e IT.PIS"
5766;20126990;INS1a
5767;20130206;INS1a
5768;20122020;"BIB4 NL.EDA"
5769;20130039;"BIO BAKE1 a"
5770;20122669;"BIO SCHE7 d"
5771;20128049;"TOP NL.AMS 5"
5772;20129102;"INS3.1e NL.EDE"
5773;20128629;"TOP NL.ROT"
5774;20123667;"TOP NL.AMS 5"
5775;20120070;"TOP NL.AMS 5"
5776;20125175;INS4.2a
5777;20125273;"INS4.1b NL"
5778;20127970;"TOP NL 5"
5779;20121394;"BIO BLAN d"
5780;20129414;"BIO SAVO a"
5781;20122614;"BIB4 NL.LEI 4"
5782;20128710;
5783;20129398;"TOP PL.KRA"
5784;20126583;"TOP FR.SAI6"
5785;20127900;"VIS BAND"
5786;20128293;"BIO DIEP d"
5787;20128130;"TOP NL.AMS 4"
5788;20129172;"MTP1 BANK"
5789;20122042;"GEN 2"
5790;20129987;"TOP NL.AMS 7"
5791;20123122;"BIO DOLE d"
5792;20129220;"BIO MOZA1 e"
5793;20127607;"INS6.4a DE.NUR"
5794;20122399;"BIO GHER d"
5796;20125107;"MTP2 BARB"
5797;20120459;"BIO COME d"
5798;20127169;"TOP IT.ROM 5"
5799;20120775;"BIO FARI1 d"
5800;20128469;"BIB4 IT.VEN1"
5801;20128679;"BIO POKO e"
5802;20123124;"BIO DIDE e"
5803;20121173;"BIO GRAA d"
5804;20128840;"KTS1 C3.15 (40)"
5805;20122913;"BIO BACH2 c"
5806;20128703;"INS3.1a US"
5808;20127903;GEN2
5809;20127567;"MTP 2 BARR"
5810;20123598;"MTP1 BART"
5811;20128068;"MTP 2 BART"
5812;20123522;"SCO BACH1"
5813;20128047;"BIO HAYD1 e"
5814;20127530;"INS5.3a BART"
5815;20122872;"BIO CAMP d"
5816;20128362;"BIB4 BE.LIE"
5817;20121632;"SCO MISC GREE2"
5817;20121633;"SCO MISC GREE2"
5818;20130321;"BIO BOYC a"
5819;20120054;"TOP IT.FLO 4"
5820;20130204;"TOP DE.HEI1 0"
5821;20120307;"LIT BASI a"
5822;20128382;INS6.3a
5823;20129960;INS6.2a
5824;20122789;"SCO S STEV"
5825;20125687;INS2c
5825;20137455;INS2c
5826;20123686;"BIO RACI c"
5827;20122279;"LIT BAUD a"
5828;20121032;"TOP BE.ANT 5"
5829;20121031;"TOP BE.ANT 5"
5830;20125247;"VIS BAUE"
5831;20129196;"BIO FROB2 e"
5832;20128143;"TOP DE.BAY 5"
5833;20128142;"TOP DE.BAY 5"
5834;20128171;"TOP DE.OTT"
5835;20123595;"BIO BAUT a"
5836;20122712;"TOP FR.PAR 5"
5837;20126587;"BIO BAXT1 a"
5838;20123241;"VIS BAZI"
5839;20127670;"BIO LUIG e"
5840;20121077;"BIB1 BAUE"
5841;20128531;"BIO COUP d"
5842;20126776;"BIO COUP d"
5843;;
5844;20122651;"BIB4 IT.FLO"
5845;20128251;"BIO BECK1 a"
5846;20123644;"BIO BECK1 a"
5847;20128139;"TOP IT.VEN1 4"
5848;20123222;"INS3.1b SILB"
5849;20121276;"TOP IT 4"
5850;20130317;"TOP DE.PFU"
5851;20121297;"BIO WALT2 e"
5852;20125672;"BIO TELE e"
5853;20128076;"TOP DE.DRE 4"
5854;20120142;"BIB4 NL 5"
5855;20128401;GEN16
5856;20128069;"KTS1 H.09.010"
5857;20123599;"INS4.1d BECK"
5858;20125884;INS3.1a
5860;20129276;"INS3.1a DE"
5860;20129275;"INS3.1a DE"
5861;20128081;"TOP ES.MAD 4"
5862;20120146;"BIB4 NL.DEV"
5863;20122210;"LIT a BEDI"
5864;20126482;"LIT BEDI a"
5865;20128797;"INS3.1e NL.GRO"
5866;20127172;"TOP NL 0"
5867;20127497;"BIO RADE1 d"
5868;20130327;"INS3.1a NL.GEN"
5869;20126813;"BIB4 DE NANZ"
5870;20129243;"TRE BEER"
5870;20129241;"TRE BEER"
5872;20139192;"SCO S BEET"
5872;20139193;"SCO S BEET"
5872;20139194;"SCO S BEET"
5872;20139195;"SCO S BEET"
5872;20139196;"SCO S BEET"
5872;20139197;"SCO S BEET"
5872;20144205;"SCO S BEET"
5872;20144206;"SCO S BEET"
5872;20144207;"SCO S BEET"
5873;20124083;
5874;20124081;
5875;20120656;"BIB4 NL.NIJ"
5876;20123295;"MTP1 BEHN"
5877;20121353;INS3.1d
5878;20122290;"HUM BEHR"
5879;20122852;"BIO GRIM d"
5880;20129072;"BIO FROB2 e"
5881;20123825;"BIO RAIJ a"
5882;20120515;"BIO BACH1 e"
5883;20126747;"BIO BACH1 b"
5884;20122201;"LIT BELL a"
5885;20123208;"BIO GALI2 d"
5886;20122296;"TOP NL 0"
5887;20122295;"TOP NL.FRI"
5888;20121470;"BIO BUXT e"
5889;20125271;"TOP DE 5"
5890;20121535;"TOP IT 5"
5891;20124224;
5892;20124218;
5893;20124210;
5894;20122535;"TOP IT 4"
5895;20121802;
5896;20124298;
5897;20125288;"BIO ROMA e"
5898;20128667;"BIO ROMA c--&gt;BIB"
5899;20125440;"BIO TORR1 a"
5900;20120124;"TOP FR.PAR 5"
5901;20127958;"TOP FR 5"
5902;20125498;GHM5
5903;20123427;"TOP FR 5"
5904;20120749;"TOP FR 5"
5905;20123131;"BIO COUP d--&gt;e"
5906;20127625;"TOP IT 3"
5907;20128598;"BIO PLEYE c"
5908;20120730;"TOP NL.UTR 7"
5909;20128226;INS4.2a
5910;20128168;"VIS BERE"
5911;20125577;"VIS BERE"
5912;20129170;"BIO BERE a"
5913;20128075;"TOP DE.TRI"
5914;20129098;"TOP FR.PAR 7"
5915;20129100;"TOP NL.MUI"
5916;20120723;"VIS BERG"
5917;20125794;"INS3.1 a DE.BRA2"
5918;20121543;"INS3.1b WAGN"
5919;20127565;"MTP2 BERG"
5920;20126544;"TOP IT 5"
5921;20123781;"BIO GEIS e"
5922;;
5923;20121230;"HUM BERG"
5924;20128291;"BIO MOZA1 e"
5926;20128566;"BIB4 NL.LEI"
5926;20128567;"BIB4 NL.LEI"
5927;20121047;"BIO BERL a"
5928;20122129;GHM0
5929;20126859;"BIO BERL a"
5930;20124321;"SCO S BERL"
5931;20124300;
5932;20126875;"BIO CABA e"
5933;20128744;"INS3.1e IT.AGO"
5934;20125883;"TOP IT.PAR 4"
5935;20120432;"INS3.2b IT"
5936;20126991;"BIO VAND6 e"
5937;20124232;
5938;20122636;"INS1b DE.BER1"
5939;20127217;INS1a
5940;20123383;"MTP1 BERN"
5941;20123161;GHM0
5942;20123141;"BIO CLEM d"
5943;20125282;"BIO SCHU5 e"
5944;20129238;"TRE BERN"
5945;20124278;
5946;20128176;"BIO RUBE d"
5947;20125385;"SCO MISC BERN1"
5948;20126522;"LIT BERO a"
5949;20128997;"INS3.1e IT.SAV"
5950;20129311;"INS3.1b IT.LIG"
5951;20121351;"INS3.1e IT.GEN"
5952;20121319;"INS3.1e IT.GEN"
5953;20127039;"VIS BERT"
5954;20125557;"VIS BERT"
5955;20122704;"BIB4 IT.ROM"
5956;20120551;"BIO JACO a"
5957;20125166;"TOP IT.MAN 4"
5958;20124275;
5959;20122902;"BIO BERW1 a"
5960;20120930;"BIO BACH1 e"
5961;20127965;"BIB4 DE.FRA1 4"
5962;20120645;"LIT BESA a"
5963;20125803;"INS3.1e NL.ROT"
5964;20123487;"SCO BACH1"
5965;20123486;"SCO BACH1"
5966;20123034;"BIO BACH1 e"
5967;20122376;"AES BESS"
5968;20130348;"KTS1 H.09.009"
5969;20120763;INS6a
5970;20129984;INS3a
5971;20123552;INS3.1a
5972;20127991;"TOP NL.UTR 4"
5973;20121120;"INS3.1a DE.HAM"
5974;20125366;"TOP DE.MUN2 5"
5976;20120501;"TRE BEVI"
5977;20129413;"BIO LEID d"
5978;20121021;"INS10.9a BEYE"
5979;20123392;"MTP1 BEYE"
5980;20122294;"TOP NL.DOR 0"
5981;20123314;"MTP2 BEYS"
5982;20126534;"LIT TROY a"
5983;20122642;"BIB4 IT.PER"
5984;20127262;"VIS BIAN"
5985;20129318;"TOP IT 0"
5985;20129317;"TOP IT 0"
5985;20129308;"TOP IT 0"
5988;20128302;"BIO HAYD1 a"
5989;20121805;
5990;20121801;
5991;20121800;
5992;20121808;
5993;20121819;
5994;20121830;
5995;20121814;
5996;20123750;"INS3.1a GB"
5997;20128651;"BIO VAND2 d"
5998;20127823;"TOP DE.BAU"
5999;20123833;"BIO SCHU12 b"
6000;20121355;"INS3.1e IT.REZ"
6001;20128254;"INS3.1e BE.GHE"
6002;20122184;"BIO BRAY d"
6003;20127492;"BIO HALS e"
6004;20125380;"INS3.1a NL"
6004;20125379;"INS3.1a NL"
6006;20123325;
6007;20129154;"BIO SALI c"
6008;20125665;"INS3.1b PIAN"
6009;20120856;"TOP IT.VEN1 4"
6010;20122230;"LIT BIJN a"
6011;20123637;"INS3.1c BIJS"
6012;20126627a;"INS3.1a NL"
6013;20127557;"BIO REMB e"
6014;20127413;"BIO GRAU c"
6015;20127412;"BIO GRAU c"
6016;20130060;"BIO BING a"
6017;20123333;"BIB4 CH.COL"
6018;20127401;"BIB4 DE.WOL 5"
6019;20122146;"TOP AT 5"
6020;20126478;"HUM BIRL"
6021;20120750;"BIB4 DK.COP"
6022;20120429;"TOP DE 5"
6023;20125790;"INS3.1a SI"
6023;20129288;"INS3.1a SI"
6025;20129570;"VIS BJUR"
6026;20120892;"TOP NL 5"
6027;20120555;"TOP BE.FLA 3"
6028;20125710;"TOP GB.OXF"
6029;20128969;INS8a
6030;20130006;"TRE BLAN"
6030;20127118;"TRE BLAN"
6031;20123351;"REF4 MAHR"
6032;20121055;"BIO BACH1 e"
6033;20123502;"SCO BACH1"
6034;20125038;"BIO VERM1 d"
6035;20128562;"TOP MM 7"
6036;20128619;"BIB4 DE.BER"
6037;20126844;"BIO DEJE d"
6038;20126816;"TOP SE.DRO"
6039;20126815;"TOP US.BOS"
6040;20126814;"TOP US.BOS"
6042;20122349;"TOP DE 5"
6043;20125048;"VIS CREM"
6044;20121039;"TOP NL 4"
6045;20126697;"BIB4 BE.BRU1"
6046;20123411;"BIO HEIN d"
6047;20120746;"BIB4 LEI"
6048;20122491;"BIO HEIN e"
6049;20120380;"BIO VOSS2 d"
6050;20120759;"BIO SLUI d"
6051;20120209;"BIB4 D.NUR ARNO 5"
6052;20123707;"BIO WOLK a"
6053;20127664;"HUM BLOM"
6054;20120030;"INS3.1a SE"
6055;20127332;"BIO MOZA1 e"
6056;20125890;"BIO WELL e"
6057;20128363;"BIO BLON d"
6058;20121621;"SCO BLOW"
6059;20121630;
6060;20121617;
6061;20123426;"TOP FR 5"
6062;20125899;"BIO SCHO4 d"
6064;20125617;GEN3
6065;20125413;"TRE BLUM"
6065;20122488;"TRE BLUM"
6066;20126550;GEN15
6068;20120131;GEN2
6068;20120132;GEN2
6069;20127134;GEN7
6070;20128439;"TOP DE.BER 5"
6071;20120412;"TOP IT.URB 4"
6072;20125168;INS3.2b
6073;20125167;INS3.2b
6074;20121649;"SCO S BOCC"
6076;20122069;"BIO SCHU5 e"
6077;20127140;"TOP DE.WEI1 5"
6078;20126521;"LIT BODE a"
6079;20127139;INS3.2d
6080;20120117;"BIO BEET e"
6081;20129977;"INS6.2c BOEH"
6082;20128437;"TOP NL 7"
6083;20122995;"LIT BOEH a"
6084;20125830;"INS3.1a NL.AMS"
6085;20127208;"BIO MOZA1 e"
6086;20121190;"BIB 4 NL.HAG"
6087;20120602;"BIB4 NL.HAG"
6088;20129296;"INS3.1a GB"
6089;20127540;"TOP NL 0"
6090;20129342;"BIB4 DE.LEI"
6091;20123440;"GHM0 (glass cupboard)"
6091;20123439;"GHM0 (glass cupboard)"
6093;20121183;"TOP NL.AMS"
6095;20123330;"BIO LASS e"
6096;20122156;"BIO BOET b"
6097;20123331;"TOP DE.MUN1 4"
6097;20126446;"BIO LASS e"
6098;20120392;"LIT BOGA b"
6099;20122297;"TOP NL 0"
6100;20125237;"TOP NL 4"
6101;20127036;"TOP NL 5"
6102;20125195;"BIB4 NL 4"
6103;20122096;"TOP NL 0"
6104;20128861;"BIO BOHM a"
6105;20123398;"TOP DE.THU 5"
6106;20120079;"BIO NEUM a"
6107;20128262;"BIB4 PL.WRO"
6108;20121676;
6109;20127995;"TOP IT 3"
6111;20128422;"BIO BAST d"
6112;20127978;"TOP NL.DEV 6"
6113;20123483;"INS4.5d BOL"
6114;20127215;"BIB4 IT.VIC"
6115;20120328;"LIT BOLL a"
6116;20120327;"PHI BOLL a"
6117;20128701;"INS3.1a IT.ACQ"
6118;20127837;"TOP DE.MUN1 5"
6119;20128779;"INS3.1e NL.ZAL"
6120;20129966;"INS3.1e NL.HAA"
6121;20127516;"TOP PL.GDA 4"
6122;20121375;"TOP NL.DEL"
6123;20128180;"VIS BOLT"
6124;20122229;"LIT BOMA a"
6125;20121919;
6126;20121918;
6127;20127809;"TOP IT.LUC"
6128;20128388;INS1a
6129;20122668;"TOP NL 4"
6130;20121994;"BIO MATT e"
6131;20125566;"TOP FR.CHA"
6132;20121342;"INS3.1a DE"
6133;20126584;"TOP FR.EVR"
6134;20123421;"BIO PHIL4 d"
6135;20120781;"BIO MOUL d"
6136;20121874;
6137;20121873;
6138;20121872;"SCO BONO"
6139;20129292;"INS3.1a NO.TRO"
6140;20127942;"BIO BONT a"
6141;20129069;"BIO STAR d"
6142;20128178;"TOP NL 4"
6142;20128177;"TOP NL 4"
6144;20128333;"INS5.9a NL"
6145;20121216;"VIS BOOR"
6146;20120931;"BIO EFFE d"
6147;20127699;"TOP DE.BON 4"
6148;20128712;"INS3.1e DE.HAL2"
6150;20128714;"INS3.1b BRUD"
6150;20126621;"INS3.1b BRUD"
6151;20128821;INS3.1a
6152;20127708;"TOP FR 5"
6153;20125306;"MTP 2 BORR"
6154;20127969;"TOP BE 0"
6154;20127968;"TOP BE 0"
6154;20131015;"TOP BE 0"
6154;20131016;"TOP BE 0"
6156;20125338;"INS3.2a GB"
6157;20128304;"BIO SWEE1 e"
6158;20125728;"BIO LASS d"
6160;20126739;"BIO KIRN d"
6162;20125846;"TOP IT"
6163;20121280;"BIO BEET d"
6164;20121257;"BIO MOZA1 b"
6165;20120417;"BIB4 NL.ROT"
6166;20121980;"TOP NL 5"
6167;20125213;"TOP DE.BAV 4"
6168;20120264;"TOP NL 4"
6169;20122573;"BIO MELL d"
6170;20128727;"INS3.1b DE"
6170;20128726;"INS3.1b DE"
6172;20128729;"INS3.1b DE"
6172;20128728;"INS3.1b DE"
6174;20129297;"INS3.1b STUM"
6175;20126643;"TOP NL.DEL 5"
6175;20126642;"TOP NL.DEL 5"
6175;20126640;"TOP NL.DEL 5"
6175;20126641;"TOP NL.DEL 5"
6176;20122318;"BIO LEGR e"
6177;20126661;"TOP DE.WUR"
6178;20126523;"LIT ADAM a"
6179;20122990;"BIO UTEN d"
6180;20127350;"BIO LASS e"
6181;20126937;"BIO BACH1 e"
6182;20129327;"TOP NL 0"
6183;20128792;INS10.2a
6184;20126620;INS10.2a
6185;20126724;INS3a
6186;20120458;"BIO BOSW d"
6187;20127434;"BIO BOSW a"
6188;20126922;"BIO BACH2 c"
6189;20122670;"INS3.1e NL.VLA"
6190;20128301;"BIO MEND e"
6191;20128930;"BIO HUYG1 e"
6192;20126927;"BIO MAIN d"
6193;20123432;GEN15
6194;20129147;"BIB4 IT.CRE"
6195;20122748;"KTS1 C1.21"
6196;20127972;"TOP NL 0"
6197;20130203;"BIO MOZA1 e"
6198;20127723;"TOP NL 6"
6199;20122360;"LIT BOUD a"
6200;20129643;"TRE BOUL"
6201;20129025;"INS3.1a NL"
6202;20121318;"INS3.1e NL.GRO"
6203;20129950;"INS3.1a NL"
6204;20127882;"TOP NL 7"
6205;20122711;"BIB4 NL.HAG 5"
6206;20128057;"TOP IT.TUR 5"
6207;20120643;"BIO VAND6 e"
6208;20125423;INS6.1b
6209;20121117;"INS6b NL"
6209;20121116;"INS6b NL"
6211;20123113;"BIO FARI1 d"
6212;20120379;"LIT REYN a"
6213;20125572;"INS10.9 a"
6214;20122613;"VIS BOWL"
6215;20125161;"INS3.2d BOXA"
6216;20121616;
6217;20127943;"TOP GB 4"
6218;20128396;INS6.9a
6219;20123443;"INS4.1d BOYD"
6220;20127507;"BIO BACH1 e"
6221;20126798;"VIS BRAA"
6222;20121048;"BIO BACH12 d"
6223;20126849;
6224;20120399;"GEN 15"
6225;20127167;"TOP BE.BRU1 4"
6228;20125483;"BIO TART c"
6229;20125740;"BIO MEEG d"
6230;20123798;"TOP DE.MIN"
6231;20125204;"BIO HOOF b"
6232;20122679;"BIO HOOF e"
6233;20120988;"BIO BACH1 e"
6234;20120987;"BIO BACH1 e"
6235;20122350;"BIO BACH1 d"
6236;20125316;"INS10.9a DE.BAD"
6237;20120125;"TOP DE.PRU 6"
6238;20129264;"TRE BRAU"
6238;20129263;"TRE BRAU"
6240;20127838;"TOP DE.HAM 5"
6241;20127948;"TOP DE 5"
6243;20121428;"GHM 5"
6244;20125760;"BIO SALI d"
6245;20122316;"BIO HAYD1 e"
6246;20120623;"TOP DE.LUB"
6247;20122214;"LIT BRED a"
6248;20128833;"LIT BRED a"
6249;20120168;"BIO FEIT c"
6250;20128675;"BIO SCHE1 e"
6251;20123323;"TOP NL"
6252;20120937;"TOP DE.NIE2 4"
6253;20125309;"TOP FR 4"
6254;20128191;"INS5.1a FR"
6255;20126538;"GEN 15"
6256;20121156;"BIO MILT d"
6257;20128005;"TOP DE.REG 4"
6258;20123743;"INS3.1e DE.LUB"
6259;20120077;"BIB4 NL MAIR"
6260;20125510;"VIS BRIN"
6261;20129339;"BIB4 SE 5"
6262;20125643;"TOP GB 5"
6263;20127802;"TOP NL 5"
6265;20121175;"LIT COMB a"
6265;20121174;"LIT COMB a"
6267;20127339;"LIT GRUU a"
6267;20127338;"LIT GRUU a"
6268;20126737;"BIO BACH1 d"
6269;20123572;"REF3 BRIQ"
6270;20123410;"TOP PT 5"
6271;20120803;"BIO BELLM d"
6272;20125647;"BIO BRIT d"
6273;20124211;
6275;20129401;"TOP US 5"
6276;20129112;"INS3.1a NL"
6276;20129111;"INS3.1a NL"
6276;20129110;"INS3.1a NL"
6276;20129109;"INS3.1a NL"
6280;20143675;"INS3.1e SE.GOT"
6281;20120899;"TOP DE.KON"
6283;20123429;"TOP FR 5"
6284;20120591;"BIB3 BROO"
6284;20121425;"BIB3 BROO"
6285;20123155;"INS3a GB"
6286;20128165;"VIS BROO"
6287;20125612;"BIO CAMP e"
6288;20128887;"REF4 SCHN"
6289;20127959;"TOP FR.PAR 4"
6290;20122893;"BIO BROS d"
6291;20125087;"TOP IT 5"
6291;20125086;"TOP IT 5"
6293;20123702;"TOP DE.KAS"
6294;20122481;"REF4 HOND"
6295;20122514;"BIB4 NL MARN 4"
6296;20128290;"BIB4 NL.ZWO 5"
6297;20127618;"INS3.1b MEUR"
6297;20127617;"INS3.1b MEUR"
6297;20131339;"MTP5 BROU"
6297;20131338;"MTP5 BROU"
6299;20129047;"INS3.1a NL"
6300;20129138;"INS3.1a NL.LEI"
6301;20128564;"BIO ORDO c"
6302;20120545;"BIO HAYD1 e"
6303;20122459;"BIO HAYD1 e"
6304;20125179;"TOP NL 5"
6305;20128059;"TOP NL 5"
6306;20128034;"BIO BRUE c"
6307;20121264;"BIO REMB a"
6307;20121263;"BIO REMB a"
6308;20121132;INS4.4b
6310;20123205;"TOP NL 5"
6311;20127128;"BIO WEEL d"
6312;20123284;"MTP2 BROW"
6314;20127999;"TOP IT.FLO 4"
6315;20130062;"MTP 2 BROW"
6315;20129370;"MTP 2 BROW"
6316;20122644;"BIB3 BROW"
6317;20122052;"VIS BROW"
6318;20123627;"INS7.3d BROW"
6319;20126886;"TOP DE.ERF"
6320;20120369;"BIO BEND e"
6321;20122183;"INS3.1b BRUD"
6322;20128548;"SCO VIVA"
6323;20120011;"INS3.1d DE"
6324;20128513;"TOP NL 3"
6325;20123790;"TOP NL.UTR 5"
6326;20123396;"TOP NL 3"
6326;20123395;"TOP NL 3"
6329;20121009;"BIO HAYD1 e"
6330;20125022;"BIB4 IT.PER"
6331;20121662;"SCO MISC ATTA"
6332;20121659;
6333;20125406;"INS1b FR.PAR"
6334;20122511;"BIB4 MT"
6335;20129158;"SCO MISC BRUN"
6336;20125508;"BIO MARI e"
6337;20127513;"INS3.1b US.PEN"
6338;20125160;"INS3.2d BRUN"
6339;20123132;"BIO COUP d"
6340;20130333;"INS 3.1a DE"
6341;20120295;"LIT a BRUS"
6342;20128818;"INS3.1b BRUS"
6343;20122205;"LIT BRUY a"
6344;20123716;
6345;20126664;"BIO VANH3 d"
6345;20131521;"BIO VANH3 d"
6346;20121323;"INS3.1a PL.ZAR"
6347;20125396;"INS3.1a PL"
6348;20127776;"TOP IT.URB 4"
6349;20121074;"BIO BUCH a"
6350;20122001;"BIO BUCH a"
6351;20120001;"INS 3.1 a DE.SAX"
6352;20129400;INS1a
6353;20121506;INS1a
6354;20121088;"BIO HOLB a"
6355;20122228;"LIT BUDD a"
6356;20123095;"TRE HEIN"
6357;20120448;"TOP NL 5"
6358;20128968;"BIO ALPH d"
6359;20129177;"BIB4 NL 5"
6360;20129176;"BIB4 NL 6"
6361;20129368;"BIB4 NL 5"
6362;20123463;"TOP NL 5"
6363;20121186;"BIB4 NL 6"
6364;20122999;"BIB4 NL 5"
6365;20120808;"BIO WOLF3 d"
6366;20122551;"BIB4 NL 7"
6367;20122057;"BIB1 BUIJ"
6368;20127447;"TOP NL 5"
6369;20127462;"BIB4 BE 6"
6371;20121209;"BIO TROO e"
6372;20130072;"TOP NL 5"
6372;20127805;"TOP NL 5"
6373;20127362;"TOP NL.SCH6"
6374;20120819;"TOP BE.FLA 4"
6375;20120397;"BIB1 AART"
6376;20123444;GHM5
6377;20122022;"GHM 3"
6378;20122889;"BIO BULO a"
6378;20122888;"BIO BULO a"
6380;20120033;INS3.1b
6381;20128359;"INS3.1d GB"
6382;20123571;"TOP DE 5"
6383;20120311;"LIT BUON a"
6384;20128217;"INS3.2b BE.ANT"
6385;20130265;"TOP IT 4"
6385;20130266;"TOP IT 4"
6387;20120572;"BIO GALU e"
6388;20123400;"BIO PURC1 c"
6389;20121993;"BIB2 BURG"
6390;20120144;"KTS1 C1.21"
6391;20126673;"INS5.1a NL"
6392;20127509;
6392;20127508;
6393;20126897;"INS3.1e NL.BOL"
6394;20121266;"TOP NL 0"
6395;20127606;"BIB4 BE ALAM"
6396;20128331;"INS3a FINC"
6398;20123438;"GHM0 (glass cupboard)"
6398;20123437;"GHM0 (glass cupboard)"
6399;20122887;"TOP FR 5"
6400;20127433;"BIO BURN  a"
6401;20127323;"BIO BURN e"
6402;20130059;"TOP FR 5"
6403;20121046;"BIO BURN2 a"
6403;20121045;"BIO BURN2 a"
6405;20122844;"BIO HAND b"
6406;20128877;"BIO HAND c"
6407;20125921;"BIO HAND e"
6408;20122798;"BIO BACH2 e"
6408;20122797;"BIO BACH2 e"
6411;20125491;"BIO POSS d"
6412;20121362;INS3.1a
6413;20123115;"BIO EULE e"
6414;20128822;"LIT BUSC a"
6415;20122498;"BIB4 IT.PIA"
6416;20120993;"BIO BACH1 e"
6420;20125248;"VIS BUTT"
6421;20125245;"VIS BUTT"
6422;20120138;"BIO POTT e"
6423;20121243;"BIO MIER d"
6424;20122771;"VIS BUVE"
6425;20127132;"TOP FR.LEM 3"
6426;20121547;
6427;20121685;
6428;20121574;
6429;20121573;
6430;20121572;
6431;20121571;
6432;20121645;
6433;20121646;
6434;20124235;
6435;20124234;
6436;20124233;
6437;20124240;
6438;20124241;
6439;20124239;
6440;20124238;
6441;20124237;
6442;20124310;"SCO BUXT"
6443;20124296;"SCO BUXT"
6444;20124291;
6445;20124281;
6446;20124280;
6447;20123404;"BIO FEIT c"
6448;20127956;"TOP FR.PAR 5"
6449;20121040;
6451;20121793;"SCO S BYRD"
6451;20121792;"SCO S BYRD"
6455;;
6456;20121797;"SCO S BYRD"
6459;20125055;"TOP IT.LEG"
6460;20125925;"BIO RAME e"
6461;20129272;"BIO BEET d"
6462;20125452;"TOP IT.VEN1 3"
6463;20123227;"INS1b IT.ROM1"
6464;20120697;"LIT a CAHU"
6465;20121465;"TOP ES"
6465;20125436;"TOP ES"
6465;20125435;"TOP ES"
6466;20121799;
6467;20121818;
6468;20121815;
6469;20124073;"SCO CALD"
6470;20124072;"SCO CALD"
6471;20128403;"INS3a GB"
6472;20128515;"MTP 2 CALD"
6473;20121080;"TOP NL.ROT"
6474;20125720;"BIO ROSS e"
6474;20125719;"BIO ROSS e"
6476;20122779;"BIO ROSS c"
6476;20122778;"BIO ROSS c"
6478;20125371;"TOP IT.VEN1 5"
6479;20127716;"BIO MANT d"
6480;20121288;"TRE TINC"
6481;20127496;"BIB1 CAMP"
6482;20123121;"BIO DOLM d"
6483;20122873;"BIO CAMP d"
6484;20121884;
6485;20129392;"VIS CANE"
6486;20123146;"BIO MATT d"
6487;20128791;"INS3.1 a FR"
6488;20121002;"BIO BACH1 d"
6489;20120788;"BIO BUXT d"
6490;20126796;"BIO BACH1 e"
6490;20126795;"BIO BACH1 e"
6492;20126785;"HUM CANT"
6493;20123117;"BIO DIRA d"
6494;20120934;"BIO SOLE e"
6495;20125880;"BIO FARI d"
6496;20121286;REF1
6497;20122537;"BIO MERU e"
6498;"TOP IT.GEN";20144523
6499;20125792;"INS 3.1a ES.CIU"
6500;20120590;"MTP 2 CARC"
6501;20122859;"BIO GEMI d"
6502;20129458;"TOP IT 5"
6503;20127717;"INS3.1e IT.ANG"
6504;20124222;"SCO MISC SNIZ"
6505;20121743;
6506;20121742;
6507;20127392;"BIO BONP d"
6508;20126984;"BIO GENT d"
6509;20128529;"LIT RABE b COOK"
6510;20125349;"BIO LOCA f"
6511;20123672;"BIO BACH1 e"
6512;20120366;"INS6.2b CARR"
6513;20124277;
6514;20128145;"TOP IT.NAP 4"
6514;20128144;"TOP IT.NAP 4"
6516;20128766;"INS3.1a DE.KAS"
6517;20123649;"BIB1 CART"
6518;20120577;"INS7d CART"
6519;20125494;"BIO SCAR1 e"
6520;20122031;"HUM CASS"
6524;20121131;INS7.3a
6525;20123074;"INS3.1b SERA"
6526;20127158;"TOP FR 5"
6527;20128836;"LIT CAST a"
6528;20122364;"LIT a CAST"
6529;20121909;
6530;20121157;"BIO MERU d"
6531;20123133;"BIO COUP c"
6532;20120402;"TOP IT.NAP"
6533;20125587;"INS3.1b CAVA"
6534;20122997;"INS3.1b CAVA"
6536;20121405;"MTP2 CAVA"
6537;20120431;"INS1b IT.TUR1"
6538;20124045;"SCO MISC SCHN6"
6539;20121505;INS3.3a
6540;20121876;
6541;20121875;
6542;20120206;"BIO CECI d"
6543;20121122;INS3.1a
6544;20120127;"BIO CELL a"
6545;20124230;
6546;20124229;
6547;20127481;"BIO URSI d"
6548;20124037;
6549;20129349;"TOP NL.HAA 0"
6550;20125174;"BIO MATT b"
6551;20128876;"BIO JACQ d"
6552;20123137;"BIO CHAR1 d"
6553;20120834;"BIO DANI c"
6554;20120778;"BIO CLER d"
6555;20120407;"INS10.3b IT.VER"
6556;20124061;
6557;20124288;
6558;20127183;INS4.6a
6559;20127641;"INS3.1e NL.PUR"
6560;20127711;"BIO BIBE e"
6561;20123460;"BIO BACH1 e"
6562;20126660;"MTP1 CHAI"
6563;20125787;"BIO NORT c--&gt;TRE NORT"
6564;20125392;"TOP PL 0"
6565;20123717;"BIO BEET e"
6566;20120034;"BIO VANC a"
6567;20128187;"BIO STEE d"
6568;20125067;"INS10.9a CH.NEU"
6569;20125007;"BIB4 NL.HAG 5"
6570;20125006;"BIB4 NL.HAG 4"
6571;20120724;"BIB4 DE.BER"
6572;20128035;"BIO GABR1 c"
6573;20123139;"BIO COPR c"
6574;20122510;
6575;20126502;"LIT a CHAR"
6576;20127801;"TOP NL 4"
6577;20129373;"BIO MARE e"
6577;20129372;"BIO MARE e"
6579;20120353;"LIT CHAU a"
6580;20120352;"LIT CHAU a"
6581;20120351;"LIT CHAU a"
6582;20125705;"TOP FR.SOU"
6583;20120276;"HUM CHAU"
6584;20120074;"BIB4 NL.HAG"
6585;20121910;
6586;20129060;"INS3.3d CHIA"
6587;20121119;"TOP IT.FLO"
6588;20121509;"TOP GB 4"
6589;20128451;"BIO CIMA2 d"
6590;20125569;"BIO ROMA a"
6591;20122482;"BIO GALU e"
6592;20126601;"LIT LACL a"
6593;20126518;"LIT TROY a"
6593;20126517;"LIT TROY a"
6593;20126516;"LIT TROY a"
6596;20128360;"MTP2 CHRI"
6598;20125163;"TOP FR 5"
6599;20123298;"MTP 2 CHYB"
6600;20125332;"TOP CZ.CES 5"
6601;20121761;
6602;20121475;"BIO ABBA b"
6603;20121693;
6604;20122528;"BIO GORG d"
6605;20123575;"TOP IT.MAN 5"
6606;20121997;"TOP IT.COL 4"
6607;20122829;"BIO COUP d"
6608;20130352;"BIO BART e"
6609;20120408;"TOP IT.SIE 3"
6610;20125678;"BIO SCHU5 d"
6611;20125442;"TOP NL 7"
6612;20121398;GEN2
6613;20123856;
6614;20125075;"BIO BACH2 b"
6615;20123651;"BIO NAUD d"
6616;20122688;"BIO BACH1 e"
6617;20122822;"BIO HAND e"
6618;20126993;"INS5.3d CLEA"
6619;20122619;"BIO GABR d"
6620;20128940;"BIO BACH1 e"
6621;20120735;"BIO BACH1 e"
6622;20123659;"BIO BACH1 e"
6623;20121460;"TOP IT.GUB 4"
6624;20124322;"SCO CLER"
6625;;
6630;20126471;"BIB4 ES.VAL1"
6631;20128375;INS3.3a
6632;20125417;"INS1a BE"
6633;20120652;"VIS CLOU"
6634;20122729;"INS3.1a GB"
6635;20126709;"BIO ENDL e"
6636;20122978;"INS3a COBB"
6637;20129003;"INS3.1a FR.BRE"
6638;20122599;"INS5.1d COEL"
6639;20125908;"VIS COGN"
6640;20127936;"TOP FR.PAR 5"
6641;20123321;"TOP FR.PAR 5"
6642;;932/.01
6642;;932/.01
6642;;932/.01
6643;20127568;"INS4.5a ORLA"
6644;20126528;"LIT COIN a"
6645;20122094;"MTP 2 COK"
6646;20128309;"BIO HAND e"
6647;20129115;"INS3.1e GB.WEL"
6648;20129231;"BIO BUON d"
6649;20128218;
6650;20122805;"BIO VICT d"
6651;20128261;INS7.1a
6652;20125124;"TOP GB 5"
6653;20120741;"INS3a DE"
6654;20129405;"TOP IT 4"
6655;20125268;"INS3.2c COLO"
6656;20124302;
6657;20130323;"INS3a COLT"
6658;20128325;"TOP GB.OXF"
6659;20128095;"TOP IT.VEN1 5"
6660;20128921;"BIO PATT d"
6661;20121755;
6662;20145829;"SCO MISC RASC"
6663;20127675;"BIB4 IT.CES"
6664;20122467;"BIO MART4 c"
6665;20127821;"BIO BUXT d"
6666;20125550;"TOP BE.FLA 4"
6667;20123403;"BIB3 COOV"
6668;20122065;"BIB2 COPP"
6669;20122577;"TOP NL 3"
6669;20122576;"TOP NL 3"
6671;20122575;"TOP NL 5"
6672;20121570;
6673;20121569;
6674;20130033;"BIO DENT d"
6675;20125913;"BIO ROSS2 e"
6676;20129235;"BIB4 BE.BRU1"
6677;20127206;"TOP BE.CHI 4"
6678;20127074;"TOP BE.FLA"
6679;20120204;"BIO CASA b"
6680;20120915;"BIO CASA b"
6681;20125319;"INS6.2c CORR"
6682;20122657;"BIB4 FR CORT"
6683;20120620;"BIO RAVN e"
6684;20122242;"LIT COST a"
6685;20124283;
6686;20122256;"LIT COUP a"
6687;20127155;"LIT COUP a"
6687;20127154;"LIT COUP a"
6689;20127153;"LIT COUP a"
6690;20120818;"BIB4 NL 5"
6691;20120742;"BIB4 BE COUS"
6692;20122693;"BIB4 NL 5"
6693;20126667;"BIO DIDE c"
6694;20126874;"BIO LULL d"
6695;20120860;"BIO BACH1 e"
6696;20120497;"INS3.1a GB"
6696;20120496;"INS3.1a GB"
6698;20125095;"TOP GB 0"
6699;20122839;"BIO HAND e"
6700;20128124;"INS3.1d GB"
6701;20128987;"TOP NL 5"
6702;20126456;"BIB4 NL.AMS"
6703;20121763;
6704;20121762;
6705;20121753;
6706;20121752;
6707;20123140;"BIO COCL d"
6708;20123405;"BIB4 NL 5"
6709;20122942;"BIO HAYD2 d"
6710;20129989;REF1
6711;20123607;"TOP IT.MOD 5"
6712;20122217;"LIT HEIJ a"
6713;20127630;"BIO CRUS a"
6714;20128418;"BIO BACH1 e"
6715;20125381;"BIO LAPO e"
6716;20128911;"TOP IT 5"
6717;20128682;"BIO HAND e"
6718;20128681;"TOP FR 5"
6719;20128118;"TOP GB 5"
6720;20126710;"TOP GB 5"
6721;20127537;"TOP IT.ROM 5"
6722;20127475;"BIO TREG d"
6723;20121472;"BIO SCHU1 e"
6725;20122890;"BIO BULL e"
6726;20120886;"BIO SWEE1 e"
6727;20127994;"TOP FR 5"
6729;20129336;"BIO CACC d"
6730;20121161;"BIO MAXI d"
6731;20145764;"INS3.1b SILB"
6732;20121419;
6733;20130283;"LIT DAAL a"
6734;20122249;"LIT DAAL a"
6735;20120120;"TOP FR.PAR"
6736;20123492;"SCO BACH1"
6737;20123048;"BIO BACH1 e"
6738;20123030;"BIO BACH1 e"
6739;20122435;"BIB4 GB 5"
6740;20125948;"INS3.1e DE.SAX"
6741;20123092;"INS3.1b HILD"
6742;20123070;"INS3.1b SILB"
6743;20128872;"INS3.2b TSCH"
6744;20128046;"VIS XL DALY"
6745;20128152;"TOP NL 0"
6746;20122735;"TOP NL.DEL 5"
6747;20125374;"TOP DE 5"
6748;20130277;"LIT DAMS a"
6749;20127702;"BIO BACH1 e"
6750;20124323;
6751;20123731;"INS1a AT"
6752;20122561;"BIB4 DE.POM"
6752;20122563;"BIB4 DE.POM"
6752;20122562;"BIB4 DE.POM"
6753;20128133;"TOP GB 4"
6753;20128132;"TOP GB 4"
6755;20127662;"BIO BACH1 e"
6756;20120317;"LIT DANT a"
6757;20120316;"LIT DANT a"
6758;20120309;"LIT DANT a"
6759;20120308;"LIT DANT a"
6760;20127227;"LIT DANT a"
6761;20124307;"SCO MISC RAMI"
6762;20125791;"INS3.1E FR.TOU"
6763;20121463;"INS5.1d DART"
6764;20123287;"MTP2 DART"
6764;20129974;"TRE DART"
6766;20122780;INS1a
6767;20122309;"TOP FR 3"
6768;20122973;"BIO BACH1 b"
6769;20122972;"BIO BACH1 b"
6770;20123045;"BIO BACH1 c"
6771;20122616;"TOP NL 5"
6772;20123064;"BIO SUTT d"
6773;20122743;"BIB4 SE.UPP"
6774;20120811;"BIB4 SE 5"
6775;20120810;"BIB4 SE 5"
6776;20120569;"BIB4 DK 5"
6777;20120567;"BIB3 DAVI"
6778;20120589;"BIO WECK e"
6778;20120588;"BIO WECK e"
6779;20128581;"BIO GREC a"
6780;20122509;"TOP NL 5"
6781;20120807;"BIO NIVE e"
6782;20121403;"TOP ID"
6783;20125769;"TOP GB 6"
6784;20127130;"BIB4 GB 5"
6785;20124181;
6786;20121989;"BIO GROT c"
6787;20120904;"BIB4 BE.ANT"
6788;20121042;"BIO HAND c"
6789;20122842;"BIO HAND e"
6790;20122836;"BIO HAND e"
6791;20122835;"BIO HAND e"
6792;20127421;GEN16
6793;20127575;"BIO HAND e"
6794;20120224;"LIT ULEN b DEBA"
6795;20122113;"BIO MERU c"
6796;20125509;"BIO RAME b"
6797;20121072;"TRE DEBU"
6798;20121979;"BIO MONT4 d"
6799;20129357;"TOP DE 5"
6800;20122608;"BIO BUXT e"
6801;20120355;"LIT DEFO a"
6802;20127313;"VIS DEGE"
6803;20120046;INS3.1a
6804;20120999;"BIO BACH1 e"
6805;20122142;"BIO HOCH d"
6806;20120574;"TOP NL 5"
6807;20123789;"BIO BABU d"
6808;20121686;
6809;20122580;"TOP BE.FLA"
6810;20123012;"BIB4 NL"
6811;20121265;"INS3.1a MX.OXA"
6812;20122678;"INS3.1e MX.MEX"
6813;20127043;"TOP BE.BRU2 0"
6815;20129384;"BIO RUBE e"
6816;20126824;"BIB4 BE.LEU"
6817;20120277;"HUM DELU"
6818;20120879;"BIO TROM d"
6819;20120081;"TOP FR 4"
6820;20128903;"INS3.2c DENI"
6821;20129404;"VIS DENI"
6822;20129153;"BIO REIC2 e"
6823;20128506;"BIO HUMF c"
6824;20123336;"TRE DENT"
6825;20127674;"VIS DENT"
6826;20120389;"BIO BACH1 e"
6827;20121981;INS3.2a
6828;20122378;"PHI DESC a"
6829;20120235;"TOP EG"
6830;20128080;"TOP DE.FLE"
6831;20122390;"TOP NL 5"
6832;20122389;"TOP NL 5"
6833;20122388;"TOP NL 5"
6834;20122685;"TOP NL 4"
6835;20120474;"TOP NL 4"
6836;20121136;"BIO MOZA1 b"
6837;20126760;"BIO HAND d"
6838;20127597;"BIB3 DEUT"
6839;20125043;"TOP BE.BRU2 0"
6840;20125042;"TOP BE.BRU2 0"
6841;20120671;"BIB4 FR.PAR 5"
6842;20127881;"BIB4 FR.PAR 5"
6844;20120222;"LIT DEYS a"
6845;20122567;"BIO VAND1 d"
6846;20120614;"BIO PICC d"
6847;20128011;"SCO MISC DIAM"
6847;20128012;"SCO MISC DIAM"
6847;20127988;"SCO MISC DIAM"
6850;20127533;"INS3a DK.COP1"
6850;20127532;"INS3a DK.COP1"
6852;20120923;"TOP CH 5"
6853;20122377;"LIT DIDE a"
6854;20122203;"LIT DIDE a"
6855;20126602;"LIT DIDE a"
6856;20122278;"LIT DIDE a"
6857;20122200;"LIT DIDE a"
6858;20122198;"LIT DIDE a"
6859;20122197;"LIT DIDE a"
6860;20126537;"LIT RABE b DIEG"
6861;20125642;"BIO DIEP a"
6861;20125641;"BIO DIEP a"
6861;20125640;"BIO DIEP a"
6861;20125639;"BIO DIEP a"
6861;20125638;"BIO DIEP a"
6861;20125637;"BIO DIEP a"
6861;20125636;"BIO DIEP a"
6861;20125635;"BIO DIEP a"
6861;20125634;"BIO DIEP a"
6861;20125633;"BIO DIEP a"
6861;20125632;"BIO DIEP a"
6871;20124044;
6872;20124292;
6873;20122572;"TOP BE 6"
6874;20125892;"BIO HAYD1 b"
6875;20121170;"BIO GOZZ d"
6876;20123556;"BIO BOSC d"
6877;20121200;"TOP NL.HER 3"
6878;20122936;"TOP NL.HER 4"
6879;20120261;"BIO DIJC d"
6880;20125535;"INS3.2d DIJC"
6880;20117415;"INS3.2d NL"
6881;20125668;"TOP NL 5"
6882;20128693;"INS3.1a FR.ALS"
6885;20126634;"INS3.1e NL.BER"
6886;20126615;"INS3.1a FR.ALS"
6887;20127289;"INS3.1a NL.UTR"
6888;20126951;"INS3.1a IT"
6889;20129092;"INS3.1e NL.ALK"
6890;20121233;"INS3.1b FLEN"
6891;20121823;
6892;20121251;"VIS DIJK"
6893;20126613;"INS3.1e NL.DOR"
6894;20123011;"VIS DILL"
6895;20126599;"INS3.1e NL.DEN"
6896;20127040;"TOP NL"
6897;20122172;"TOP NL 5"
6898;20128198;"BIO SWEE1 e"
6899;20123574;"BIO BACH1 e"
6900;20123399;"BIO SWEE1 e"
6901;20120782;"BIO SCHE1 e"
6902;20127780;"VIS DISE"
6903;20123744;"INS3.1e DE.LUB"
6904;;
6905;20124053;
6906;20124052;
6907;20124051;
6908;20124050;
6909;20122312;"BIO DITT a"
6910;20121817;
6911;20122827;"BIO DITT a"
6912;20127041;"TOP NL 0"
6913;20120951;"REF4 HUCK"
6914;20127451;"INS3.1b AHRE"
6915;20128579;"VIS SEIP"
6917;20120523;"VIS BRUM"
6918;20120469;"REF4 DAHL"
6920;20129956;"INS3.2b RUCK"
6920;20128398;"INS3.2b RUCK"
6921;20129990;INS3a
6922;20121712;
6923;20121707;"SCO MISC QUER"
6924;20121705;"SCO MISC RASC"
6925;20121701;"SCO MISC RASC"
6926;20121679;"SCO MISC CHOM"
6927;20121650;"SCO MISC SNIZ"
6928;20121636;"SCO MISC LINC"
6929;20124088;"SCO MISC STEV3"
6930;20121626;"SCO MISC SPIN"
6931;20124025;"SCO MISC WOLF5"
6932;20124024;"SCO MISC PLAT"
6933;20121813;
6934;20121798;
6935;20121807;
6936;20121822;
6937;20121760;"SCO MISC SMIT"
6938;20124069;
6939;20124070;
6940;20121844;
6941;20121777;
6942;20121776;
6943;20121775;
6944;20121774;
6945;20121773;"SCO MISC HAUS"
6946;20121772;"SCO MISC WOLF6"
6947;20121771;"SCO MISC WOLF6"
6948;20121770;"SCO MISC WOLF6"
6949;20121769;"SCO MISC WOLF6"
6950;20121768;
6951;20121767;
6952;20124306;"SCO MISC TELL"
6953;20121843;"SCO MISC KEMP"
6954;20121849;"SCO MISC KEMP"
6955;20121915;"SCO MISC LION"
6956;20121914;"SCO MISC BALE"
6957;20121899;"BIO MISC QUER"
6958;20121898;"SCO MISC QUER"
6959;20121886;"SCO MISC DAVI"
6960;20121882;
6961;20121881;
6962;20124182;
6963;20122871;"BIO CARI d"
6964;20127511;"TOP IT.ROM 5"
6964;20127510;"TOP IT.ROM 5"
6966;20126473;"MTP2 DOBE"
6967;20127216;"TOP DE.GOT1 5"
6968;20128414;"INS3.2a PT"
6969;20128696;"INS3.1a PT"
6970;20127336;"INS3a PT"
6971;20123616;"BIO CAMP d"
6972;20126732;"BIO RINC d"
6973;20128867;"TOP NL 6"
6974;20127003;"INS 3.1d DE"
6975;20130271;"HUM DOLL"
6976;20125080;"BIO NICH d"
6978;20123289;"TRE DOLM"
6978;20123288;"TRE DOLM"
6978;20129976;"TRE DOLM"
6978;20130066;"TRE DOLM"
6981;20126736;"TOP ES 4"
6982;20126852;GEN17
6983;20130037;"BIO DOLM a"
6984;20125418;"INS4.5a DOLM"
6985;20130030;"BIO BACH1 e"
6986;20120824;"VIS DOMM"
6987;20123671;"BIB4 IT.MIL"
6988;20125185;"BIO OCHT d"
6989;20129174;"INS3.1a IT.ARE"
6990;20123623;"INS3.1a NL.AMS"
6991;20125677;"TOP NL.AMS 5"
6992;20123313;"MTP2 DONI1"
6993;20123301;"MTP2 DONI1"
6994;20123693;"BIO BACH1 e"
6995;20129192;"LIT DONN a"
6996;20130261;"LIT DONN a"
6997;20120354;"LIT DONN a"
6998;20127237;"TOP OM 5"
6999;20121118;"TOP NL.LEI"
7000;20120028;"INS 3.1 a DE.WUP"
7001;20123348;"REF4 SCHM"
7002;20125551;"TOP IT.VEN1"
7003;20122726;"INS3.1a NL.BOL"
7004;20122952;"INS3.1b HINS"
7005;20125893;"BIO GOTT e"
7006;20122171;"BIO AUMA c"
7007;20122118;"TOP NL.LEI"
7008;20120441;"BIO RATH e"
7009;20130047;"BIO GORD d"
7010;20128817;"INS3.1 a FR"
7011;20125495;"BIO GRIM e"
7012;20128209;"BIO DOWL a"
7013;20123617;"INS7d CART"
7014;20124294;
7015;20125210;"TOP DE.ERF 3"
7016;20128895;INS1a
7018;20123638;INS3.1d
7019;20120575;"BIB4 SE 5"
7020;20125098;"BIO KITT d"
7021;20121036;"TOP DE.HAM 5"
7022;20128642;REF1
7023;20120989;"BIO BACH1 e"
7024;20130043;"BIO LEON d"
7025;20120345;"PHI BACO b BOWE"
7026;20123689;"BIO BACH1 e"
7027;20120361;"LIT DROM a"
7028;20126543;"TOP NL.ALM 5"
7029;20126585;"INS1a DE.BER"
7030;20123428;"TOP DE 5"
7031;20121911;
7032;20125424;"TOP IT"
7033;20126679;"BIO SEVI d"
7034;20125469;
7035;20123217;"BIB3 DUCK"
7036;20120192;"BIB1 DUDB"
7037;20120822;"MTP2 DUDL"
7038;20122542;"MTP1 DUFF"
7039;20125618;"BIO BOES d"
7040;20128718;"INS3.1 a FR"
7041;20128735;"INS3.1b JOYE"
7042;20128815;"INS3.1a FR"
7043;20128814;"INS3.1a FR"
7044;20123413;"INS3.1a FR"
7044;20123412;"INS3.1a FR"
7046;20123087;"BIO LEBE d"
7047;20120024;INS3.2a
7048;20123708;"TOP FR 5"
7049;20121179;"LIT DUIJ a"
7050;20120935;"BIB1 DUIJ"
7051;20128025;"LIT ELEG a"
7052;20123762;"BIO BACH1 e"
7053;20120436;"TOP DE.DRES 4"
7054;20122018;"BIO DULL a"
7055;20128247;"BIB4 NL WITV"
7056;20125746;"BIO SCHM2 d"
7057;20123084;"BIO LOCA d"
7057;20123083;"BIO LOCA d"
7059;20122750;"BIO FABR d"
7060;20123118;"BIO DUPR a"
7061;20124036;
7062;20129096;"TOP IT.FER 4"
7063;;
7064;20123102;"BIO FRES e"
7065;20120804;"BIB4 IT.PAD"
7066;20120303;"BIO DÜRE a"
7067;20120302;"BIO DÜRE a"
7068;20127960;"TOP FR.VER 5"
7069;20128361;"TOP FR 4"
7070;20125592;"BIO BACH1 c"
7071;20128965;"BIO BACH1 e"
7072;20125906;"BIO BACH1 e"
7073;20129282;"BIO BACH1 e"
7074;20123548;"SCO BACH1"
7075;20123540;"SCO BACH1"
7076;20123537;"SCO BACH1"
7077;20123534;"SCO BACH1"
7078;20123533;"SCO BACH1"
7079;20123529;"SCO BACH1"
7081;20123520;"SCO BACH1"
7082;20123510;"SCO BACH1"
7083;20123541;"SCO BACH1"
7084;20123503;"SCO BACH1"
7085;20123490;"SCO BACH1"
7086;20121059;"BIO BACH1 e"
7086;20117406;Reserve
7086;20117492;Reserve
7087;20121060;"BIO BACH1 e"
7087;20121058;"BIO BACH1 e"
7089;20121054;"BIO BACH1 e"
7090;20123049;"BIO BACH1 e"
7091;20127696;"BIO BACH1 e"
7092;20123752;"BIO SUSS e"
7093;20124214;
7094;20124215;
7095;20121127;"BIO KUPE c"
7096;20128419;"TOP PL.WRO"
7097;20125063;"TOP GB 3"
7098;20125415;"VIS EATO"
7099;20121480;"TOP DE.BER 5"
7099;20120828;"TOP DE.BER 5"
7100;20121523;"TOP NL.UTR 5"
7101;20125570;"VIS EBER"
7102;20122737;"BIO NICO d"
7103;20129287;"INS3.1b ADEM"
7104;20121360;"INS3.1a NL.GRO"
7105;20121017;"BIO FLEM c"
7106;20122341;"TOP FR.PAR 4"
7107;20128160;"BIB4 FR.PAR ROST"
7108;20123600;"BIO FORK d"
7109;20127875;"INS 3.1 a DE"
7110;20122445;"BIO FUX e"
7111;20122103;"INS3.1b SCHN"
7112;20125757;"INS3.1b SCHN"
7113;20129010;"INS3.1e DK.ROS"
7114;20126636;"INS3.1e DK.ROS"
7115;20123779;"INS3.1b SCHN"
7116;20123795;"INS3.1e DE.HAM"
7117;20123793;"INS3.1e NL.AMS"
7118;20120082;"BIO LAWE e"
7119;20121446;"TOP NL.AMS 5"
7120;20121199;"BIB4 NL.AMS 5"
7120;20121198;"BIB4 NL.AMS 5"
7120;20121197;"BIB4 NL.AMS 5"
7120;20121196;"BIB4 NL.AMS 5"
7120;20121195;"BIB4 NL.AMS 5"
7120;20121194;"BIB4 NL.AMS 5"
7126;20127316;"HUM EEGH"
7127;20128745;"INS3.1e NL.DOR"
7129;20122220;"LIT EFFE a"
7130;20126592;"BIO EGER a"
7131;20129009;INS3.1d
7132;20129197;"BIO ROCH d"
7133;20123389;"BIO BACH1 e"
7134;20123352;"TRE EHMA"
7135;20130063;"TOP GB 5"
7136;20129462;"REF4 WITZ"
7137;20129468;"BIO HAND e"
7138;20129469;GHM0
7139;20121141;"BIO MOZA1 d"
7140;20121135;"BIO MOZA1 b"
7141;20120586;"BIO GABR1 e"
7142;20127688;"BIO ROSE e"
7143;20121354;"INS3.1a CH.BER"
7145;20125359;"TRE EINS"
7146;20128225;"INS4.5d EINS"
7149;20121450;"TOP IT 4"
7149;20121449;"TOP IT 4"
7149;20121448;"TOP IT 4"
7150;20122856;"BIO GLUC d"
7151;20123254;"BIO MOZA1 b"
7152;20122843;"BIO HAND e"
7153;20126754;"BIO BACH1 e"
7154;20120748;"TOP DE.BRA1 5"
7155;20121294;"BIB3 EITN"
7156;20121210;"BIO REGT d"
7157;20121533;"TOP NL 5"
7158;20129224;"BIB4 NL.HAG 3"
7159;20128117;INS2c
7160;20120230;"LIT a ELDE"
7161;20121459;"BIO SCHU9 d"
7162;20123665;"INS3.1a DE.HAM"
7164;20121330;INS3.1a
7165;20120813;
7166;20122539;"TOP DE. LUB"
7167;20123327;"MTP1 ELLI"
7168;20125207;"BIB1 ELLI"
7169;20123741;"BIO AUBI b"
7170;20120531;"TOP AT 0"
7171;20128323;"BIO ELSK a"
7172;20121037;"KTS1 C3.35 G1-035"
7173;20128647;"BIO BACH1 e"
7174;20120367;"BIO LAND b"
7175;20123253;"INS3.1b BISH"
7176;20122629;"INS3.1b FORS"
7177;20128844;"LIT ELWE a"
7178;20125101;"BIO LEGR e"
7179;20128692;"BIO BACH1 c"
7180;20123539;"SCO BACH1"
7181;20123538;"SCO BACH1"
7182;20123530;"SCO BACH1"
7183;20122055;"BIB1 AKTB"
7184;20121531;"TOP NL 4"
7185;20128493;
7187;20120701;"MTP2 DEMER"
7188;20120991;"BIO BACH1 e"
7188;20129998;"BIO BACH1 e"
7189;20122925;"TOP IT 5"
7190;20122169;"TOP NL.NIJ"
7191;20122168;"TOP NL.NIJ 1"
7192;20128907;"KTS1 C2.26 H4-070"
7193;20122677;"BIB1 ENEN"
7194;20127267;"TOP DE.THU 0"
7195;20125407;"TOP DE.KAS 5"
7196;20129459;"TOP IT.ROM 5"
7197;20129463;"TOP IT"
7198;20129464;"BIO KIRC e"
7199;20126590;"BIO KIRN e"
7200;20127596;"TOP DE.GOT2 4"
7201;20122066;"BIB4 NL.FRA 4"
7202;20123415;"BIO NAUM e"
7203;20122831;"BIO HAVI e"
7204;20125341;"PHI EPIC a"
7205;20125809;"INS3.1e DE.OTT"
7206;20123187;"BIO LULL e"
7207;20120986;"BIO BACH1 e"
7208;20120507;"BIO BACH1 e"
7209;20128378;INS2a
7210;20130294;"PHI ERAS a"
7211;20123859;
7212;20123823;"TOP DE. SCH4"
7213;20123467;"BIO HAND e"
7214;20120047;"INS3.1a SE"
7215;20121564;"SCO ERLE"
7216;20123625;"INS3.1a AT"
7217;20120985;"BIO BACH1 e"
7218;20123038;"BIO BACH1 e"
7219;20127159;"BIO AUTR e"
7220;20126457;"INS1b GE.NUR"
7221;20127782;"TOP PT.EVO"
7222;20123318;"INS3a ES"
7223;20120203;"INS3.1b ESTE"
7225;20122302;"TOP FR 3"
7226;20128835;"BIO EVEL a"
7226;20128834;"BIO EVEL a"
7229;20121479;"BIB4 DE.TRI"
7230;20120048;"INS3.1b SENF"
7231;20121696;"SCO EYCK"
7231;20121695;"SCO EYCK"
7231;20121694;"SCO EYCK"
7234;20125242;"BIO HUYG1 c"
7235;20127622;"INS10.3d VANE"
7235;20131402;"MTP5 VANE"
7236;20126731;"BIO BACH1 e"
7237;20127298;"BIO BACH1 e"
7238;20128426;"BIO SCAR1 e"
7239;20121145;"BIO MONT2 d"
7240;20126790;"TRE CORA"
7241;20121359;INS3.1a
7242;20122917;"BIO BACH1 e"
7243;20122529;"BIO PROV e"
7244;20120583;"BIO FALC d"
7245;20122047;"TOP IT.FER 4"
7246;20130281;"BIO PETR a"
7247;20125335;"TRE FAGE"
7248;20122155;"BIB4 BE.KOR"
7249;20126861;"TOP FR.PAR 5"
7250;20122910;"BIO BACH12 d"
7251;20122015;"INS1a DK"
7252;20120632;"BIO FALK a"
7253;20121498;"BIB4 FR.CAD"
7254;20120126;"TOP IT.BOL1"
7255;20126892;INS3.1a
7256;20122387;"LIT FARN a"
7257;20122946;"BIO FASC1 a"
7258;20129045;"INS3.1a BE"
7258;20129043;"INS3.1a BE"
7260;20129316;"INS3.1a BE"
7261;20121391;"BIB4 DE.BER VOSS"
7262;20130195;"BIO LAFA a"
7263;20126504;"LIT RABE b FEBV"
7264;20127279;"TOP DE.DRES 5"
7265;20120506;"TRE BENE"
7266;20127655;"MTP1 FEDE"
7267;20120706;"TRE FEDE"
7268;20126447;"TRE FEDE--&gt;MTP1 FEDE"
7270;20121987;"BIO PHIL1 d"
7271;20130332;"TOP BG.MAD 3"
7272;20120585;"TOP CH.WIN 5"
7273;20120919;"TOP DE.MAN 5"
7274;20126659;"BIB4 NL FEIT"
7275;20120300;"AES FEIT"
7276;20127127;"TOP DE.SIL 3"
7277;20120871;"INS3.1b GRAI"
7277;20120870;"INS3.1b GRAI"
7279;20126618;"INS3.1a BE"
7280;20126617;"INS3.1a BE.LIE"
7281;20122958;"BIO BACH1 d"
7282;20123039;"BIO BACH1 e"
7283;20127684;"BIO PALE f"
7284;20128071;"TOP DE.RHI"
7284;20121378;"TOP DE.RHI"
7285;20125655;"BIO MOZA1 e"
7286;20129271;"INS3.1a DE"
7287;20123423;"BIO PALE d"
7289;20127843;"TOP GB 4"
7290;20122858;"BIO GIBB e"
7291;20130045;"BIO FELL a"
7292;20123374;"TOP IT.MAN 4"
7293;20122141;"TOP IT 4"
7294;20122799;"BIO BACH1 e"
7295;20123296;"MTP 2 FERR"
7296;20128212;INS3a
7297;20129991;"INS3.2d FERG"
7298;20121272;INS1a
7299;20128977;"LIT FERN a"
7300;20122804;"BIO BUXT d"
7301;20128803;"INS3.1b CALL"
7302;20125848;"BIO BACH1 d"
7303;20128690;"INS3.1a BE"
7304;20129029;"INS3.1a BE"
7305;20128928;"BIB4 IT.TRE2"
7306;20126479;INS1a
7307;20128575;"TOP IT.SAR 4"
7308;20123157;
7309;20121906;
7310;20121896;
7311;20121893;
7311;20121895;
7311;20121894;
7312;20121892;
7313;20121891;
7314;20121890;
7316;20121889;
7317;20121888;"SCO FESC"
7318;20121887;
7320;20127203;"SCO MISC GOLL"
7321;20122790;"SCO S ROCH"
7322;20121426;"INS3.1e IT.ORT"
7323;20123706;"BIO BACH1 e"
7324;20126977;"TOP DE.MUN1 4"
7325;20128639;INS3.1a
7331;20122718;"BIO JENK e"
7333;20128888;"BIO MONT2 e"
7334;20121442;"MTP1 DAHL"
7335;20126672;"BIO COMP d"
7336;20123811;"BIO HAYD1 d"
7337;20120876;"BIO STEI0 d"
7339;20128228;INS3c
7340;20127521;"BIB4 CH.BER"
7341;20126553;"BIO BACH10 d"
7342;20125234;"TOP NL 5"
7343;20120691;"BIO LOGT d"
7344;20123387;"BIO TELE b"
7345;20122781;"BIO BACH1 e"
7346;20128819;"INS3.1b FISK"
7346;20128820;"INS3.1b FISK"
7348;20127860;"TOP GB 5"
7349;20122040;"BIB4 FR LAVE"
7350;20122143;"BIO BROW e"
7351;20126591;"INS4.5a FLAS"
7352;20120191;"BIB4 GB JOHN"
7353;20122898;"BIO BIND d"
7354;20129381;GHM0
7355;20122424;"BIO TELE d"
7356;20130040;"BIO FLEM e--&gt;d"
7357;20120713;"LIT FLEM a"
7358;20120714;"LIT FLEM a"
7359;20120715;"LIT FLEM a"
7360;20120716;"LIT FLEM a"
7361;20120717;"LIT FLEM a"
7362;20121189;"TOP DK.HEL 4"
7363;20122943;"BIO HAND d"
7364;20122749;"TOP DE.LUB"
7365;20120140;"KTS1 C3.53 G1-039_01"
7365;20120139;"KTS1 C3.53 G1-039_02"
7367;20127911;"BIO GILS e--
7368;20121143;"BIO MOZA1 f"
7369;20121142;"BIO MOZA1 f"
7370;20120764;"BIO MOZA1 e"
7372;20128501;"INS5.1d FLOT"
7373;20122869;"BIO FUX e"
7374;20120598;"TOP AT 0"
7374;20120597;"TOP AT 0"
7374;20120596;"TOP AT 0"
7374;20120595;"TOP AT 0"
7374;20120594;"TOP AT 0"
7379;20123780;"GEN 5"
7380;20125258;"TOP DE 5"
7381;20121473;"BIO ZARL d"
7382;20129221;"BIO WILH e"
7383;20125434;"BIO BACH1 e"
7384;20128569;"INS3.1b SCHN"
7385;20126485;"LIT FOER a"
7386;20125110;"BIO LEGR d"
7387;20127676;"BIO BAMB1 c"
7388;20125412;"MTP1 FOKK"
7389;20125411;"MTP1 FOKK"
7390;20127940;"BIB3 FOLT"
7391;20120565;"BIB2 FONT"
7392;20120564;"BIB2 FONT"
7393;20127133;"BIB1 FONT"
7394;20122204;"LIT LAFO a"
7395;20122046;"TOP CH.MOU"
7396;20123401;"BIO PRAE e"
7397;20130056;"TOP GB 0"
7398;20125827;"INS3.1a AT"
7399;20125310;INS4.3a
7400;20128586;"BIO VALV e"
7401;20125575;"BIO SANT2 d"
7402;20125781;"INS3.1e IT.VER"
7403;20122903;"BIO BERN d"
7404;20120414;"REF4 DEAN"
7405;20121703;"SCO MISC RASC"
7406;20125205;"BIO CHAT a"
7407;20122570;"TOP NL.DEL 5"
7408;20125203;"BIO BOSC e"
7410;20127721;"BIB3 FRAE"
7410;20130008;"BIB3 FRAE"
7411;20127869;"BIB4 IT.TUR"
7412;20129354;"LIT RABE b FRAM"
7413;20124032;
7414;20125706;"VIS FRAN"
7415;20120947;"LIT FRAN a"
7416;20129038;"VIS FRAN"
7417;20129979;"INS3.1e GB.LUD"
7418;20120777;"BIO FRAN e"
7419;20126568;"BIO BACH1 e"
7420;20122506;"SCO FRAN"
7421;20121555;
7422;20124041;
7423;20127191;"TOP IT.FLO"
7424;20122739;"TOP NL 5"
7425;20127213;"TOP FR 3"
7426;20126527;"LIT FRAN a"
7427;20121076;"TOP NL.ZWO"
7428;20122969;"BIO BACH1 e"
7429;20134251;"BIO BACH1 e"
7430;20125560;"TOP IT.VEN1"
7431;20122331;"TOP GB.BIR"
7433;20121745;
7434;20121710;
7435;20121709;
7436;20123069;"INS3.1b SCHM"
7437;20122675;"TOP AT.KRE"
7438;20122448;"BIB4 CZ.KUK"
7439;20120705;"TOP IT 5"
7439;20120704;"TOP IT 5"
7441;20121977;"BIO MELA d"
7442;20121656;
7443;20121655;
7444;20121654;
7445;20121652;
7446;20121653;
7447;20124326;
7448;20124293;
7449;20125478;"BIO BACH1 e"
7450;20121000;"BIO BACH0 d"
7451;20120938;"TOP PL.SZC 5"
7452;20128755;"INS3.1e AT.SCH"
7453;20129180;"TOP AT 0"
7454;20121306;"INS3.1e AT.SCH"
7455;20123206;"INS3.1a AT"
7456;20128773;"TOP AT.UNG"
7457;20125910;"TOP BE.FLA 3"
7458;20122596;"BIO FRIE a"
7459;20120108;"BIO FRIE a"
7459;20120107;"BIO FRIE a"
7461;20125743;"BIO KREB d"
7462;20128790;"INS3.1b TROS"
7463;20129117;"INS3.1 a DE.THU"
7464;20129106;"INS3.1 e DE.ALT"
7465;20123196;
7466;20130201;"INS3.1e DE.NAU"
7467;20128831;"BIO BACH0 d"
7468;20128763;"INS3.1b FROB"
7469;20128770;"INS3.1e DK.HEL"
7470;20123391;"BIO BUXT e"
7471;20123235;"BIO BUXT d"
7472;20123230;"INS3.1a DK"
7473;20120737;"TOP DK"
7474;20120725;"TOP DK.COP"
7475;20122782;"TOP NL 5"
7476;20127595;"BIO WILL6 d"
7477;20123614;"TOP NL.HAR4 5"
7478;20122701;"BIO GIOR e"
7479;20120009;"INS3.1b FROB"
7480;20123514;"SCO BACH1"
7481;20123513;"SCO BACH1"
7482;20120587;"BIO BACH13 b"
7483;20122823;"BIO GRET a"
7484;20126503;"LIT FROI a"
7485;20127505;"BIO MARP e"
7485;20127506;"BIO MARP e"
7487;20128741;INS3.1a
7487;20128740;INS3.1a
7490;20121331;"INS3.1 a DE"
7491;20130268;"HUM FRUI"
7492;20120078;"TOP NL 4"
7493;20128157;
7494;20127873;"LIT FULD a"
7495;20126579;"BIB4 GB.CAM"
7496;20128410;"INS10.9d FULL"
7497;20123648;"BIO AGRI d"
7498;20125505;"GEN 12"
7499;20128215;"TOP DE.DRE 5"
7500;20129302;"INS3.1b GIES"
7501;20121612;
7502;20121611;
7503;20121610;
7504;20121609;
7505;20121620;
7506;20121619;
7507;20121803;
7508;20121811;
7509;20122368;"BIO HALS f"
7510;20127677;"VIS GABE"
7511;20122654;"BIB4 US.IOW"
7512;20129951;"INS1b HU.BUD1"
7513;20125300;"INS1b HU.BUD1"
7514;20129366;"GHM 5"
7515;20134491;"BIO GAGL e"
7516;20124231;
7517;20129202;"MTP2 GALK"
7518;20122038;"LIT GALL a"
7518;20122037;"LIT GALL a"
7518;20122036;"LIT GALL a"
7521;20120754;"TOP CA 5"
7522;20126865;"TRE BONI"
7523;20121669;"SCO S GALL"
7524;20127572;"INS1b IT.MIL1"
7525;20129949;"INS1a GB"
7526;20125675;INS1a
7527;20121744;
7528;20130044;"BIO GALW a"
7529;20127808;"TOP IT.BOL1 0"
7530;20128427;"TOP IT 3"
7531;20120897;"TOP IT.FOR"
7532;20125281;"INS6.1c GANA"
7532;20137633;"INS6.1c GANA"
7533;20127021;"TOP IT.PAR 5"
7534;20121114;"BIB4 DE.HEL"
7534;20121113;"BIB4 DE.HEL"
7536;20127687;"TOP ES.BAR 5"
7537;20128761;"INS3.1d ES"
7538;20121417;"INS3.1d ES"
7539;20127692;"INS 3.1a ES"
7540;20127691;"INS 3.1a ES"
7541;20127690;"INS 3.1a ES"
7542;20127353;
7543;20122875;"BIO CABA d"
7544;20123698;"BIO BACH1 d"
7545;20125500;"BIB4 FR.PAR"
7546;20125517;"KTS C1.26 H4-072"
7547;20121073;"TRE GASP"
7548;20124319;
7549;20121903;"SCO SCAR1"
7550;20129223;"BIB4 AT.SAL"
7551;20126923;"BIO RATH d"
7552;20122035;"MTP 2 GAST"
7553;20127963;"TOP FR 5"
7554;20127286;"BIO MATT d"
7555;20121271;"BIO WATT a"
7556;20120391;"BIB4 DE 5"
7557;20120219;"LIT LIND a"
7558;20123252;"BIO SOPH d"
7559;20122891;"BIO BRUH d"
7560;20122882;"BIO BUXT e"
7561;20123050;"BIO BACH1 e"
7562;20126745;"BIO BACH1 d"
7563;20125353;"HUM GEEL"
7565;20120249;"REF2 GEEL"
7565;20120250;"REF2 GEEL"
7566;20127574;"BIO GEEL a"
7567;20127583;"KTS1 C2.26 H4-075"
7568;20120908;"BIO POOT d"
7569;20128582;"TOP ZA.CAP 5"
7570;20120982;"BIO BACH0 d"
7571;20129959;INS1a
7572;20120642;"VIS GEIS"
7573;20121005;"BIO MOZA1 e"
7574;20122306;"TOP NL 4"
7575;20122291;"TOP NL.HAG"
7576;20123408;"INS3.1e NL.HEE"
7577;20129315;"INS3.1a BE"
7578;20125383;"GEN 2"
7579;20127297;"TOP IT.ROM 6"
7580;20125236;"TOP NL 4"
7581;20120189;"BIO GALU e"
7582;20127162;"TOP IT 5"
7583;20127445;"AES GENN"
7584;20126928;"BIO GENT a"
7585;20125344;"MTP2 GEOF"
7586;20122394;"TOP GR 2"
7587;20127659;"BIO GERA a"
7588;20128136;"GEN 5"
7589;20129314;"INS3.1a SK"
7590;20120066;"BIO MUSS d"
7591;20122028;"TOP AT.VIE 5"
7592;20129205;"BIB4 NL GERI"
7593;20128540;"INS3.1b WEID"
7594;20126942;"BIO BUXT e"
7595;20121483;"TOP NL 5"
7596;20122582;"TOP NL 4"
7597;20122581;"TOP NL 5"
7598;20121684;
7599;20121683;
7600;20121682;
7601;20125103;"BIO SCHE2 e"
7603;20128452;"TOP NL 4"
7604;20128576;"TOP NL.TWE"
7606;20120464;"TOP NL.OOT"
7607;20129460;"TOP IT.VEN1 5"
7607;20129461;"TOP IT.VEN1 5"
7609;20120274;"TOP NL 0"
7609;20120273;"TOP NL 0"
7609;20120272;"TOP NL 0"
7612;20123822;"BIO SURI d"
7613;20124325;
7614;20126954;"BIO BRUH c--&gt;e"
7615;20128663;"BIO ROSS d"
7616;20123419;"BIO PAIS e"
7617;20128645;"BIO CORE e"
7618;20125058;"TOP IT.URB"
7619;20128154;"BIB4 IT.BOL1"
7620;20127909;"BIO STRA2 d"
7621;20121639;
7622;20128424;"TOP IT.GEN 0"
7623;20123016;"BIO PELL a"
7624;20124997;"TOP GB.SHE 3"
7625;20125100;"REF3 GIEG"
7626;20125099;"REF3 GIEG"
7627;20125654;"BIO TORE e"
7628;20122681;"BIB4 NL 5"
7629;20125115;"INS3.1b HEUR"
7631;20121237;"INS3.1e NL.DEN"
7632;20125119;INS2a
7633;20121739;
7634;20121738;
7635;20127228;"INS6.2d GILL"
7636;20127461;"TOP IT.VEN1 5"
7637;20120084;"PHI ROSE b GILL"
7638;20128945;"VIS HOLT"
7639;20127042;"BIO REMB e"
7640;20122240;"VIS GIMP"
7641;20121427;"BIO TART d"
7642;20128175;"TOP IT.VEN1 5"
7643;20127436;INS6.2a
7644;20125772;"BIO RAME d"
7645;20125400;"TOP DE 5"
7645;20125399;"TOP DE 5"
7647;20129189;GHM5
7648;20122154;"GEN 3"
7649;20122153;"GEN 3"
7650;20125230;"BIO GLAR b"
7651;20123081;"BIO LÖHL d"
7652;20120292;"GHM 0"
7652;20120291;"GHM 0"
7652;20120290;"GHM 0"
7652;20120289;"GHM 0"
7652;20120288;"GHM 0"
7652;20120287;"GHM 0"
7658;20127200;INS3.2d
7658;20127199;INS3.2d
7660;20125526;"BIB4 NL.HAG"
7661;20121134;"BIO MOZA1 e"
7662;20123721;"BIO FUX e"
7663;20123683;"BIB4 DE.LEI"
7664;20123521;"SCO BACH1"
7665;20123057;"BIO BACH1 b"
7666;20123143;"BIO CAVA d"
7667;20120454;"BIO GLUC d"
7668;20121728;
7669;20121681;
7670;20121644;
7671;20121880;
7672;20121879;
7673;20120453;"TOP AT.VIE 5"
7674;20126464;"INS4.1d GLUX"
7675;20123136;"BIO CHIT e"
7676;20120104;"BIO RAFF e"
7677;20127417;"VIS GOCK"
7678;20126714;REF1
7679;20125208;"BIO OSTA a"
7680;20120053;GHM2
7681;20122104;"INS3.3b STRE"
7682;20126953;"BIB2 GOED"
7683;20122008;"BIO GOET a"
7684;20120306;"TRE GOET"
7684;20120305;"TRE GOET"
7686;20120334;"LIT GOET a"
7687;20120333;"LIT GOET a"
7688;20120332;"LIT GOET a"
7688;20120331;"LIT GOET a"
7690;20122640;"BIB3 GOHL"
7691;20120525;"BIB3 GOHL"
7692;20129200;"BIB2 GOIN"
7694;20130341;"BIB4 DE.BAV"
7695;20120383;"VIS GOLD"
7696;20127695;"INS10.9a AT"
7697;20120953;"BIO SPIE2 d"
7698;20123144;"BIO GOLD a"
7699;20122855;"BIO GOLD a"
7702;20127933;"TOP IT 5"
7702;20127934;"TOP IT 5"
7702;20128107;"TOP IT 5"
7703;20128109;"AES GOLD"
7704;20123632;INS2c
7705;20127660;INS2b
7706;20120508;"BIB4 DE.COL LEIB"
7707;20125582;"BIO GREE d"
7708;20127563;"BIB3 DE.MUN1"
7709;20121026;"BIO BACH1 e"
7710;20128508;"INS3.1e DE.STA"
7711;20128920;"TOP.DE BRE 5"
7712;20121356;"INS 3.1 a DE.STA"
7713;20122908;"BIO BAKF1 d"
7714;20120275;"VIS GOMB"
7715;20120864;"INS 3.1e ES.ZAR"
7716;20128174;"BIO LORE b"
7717;20123263;"TOP GB 5"
7718;20129333;"TOP FR 5"
7719;20127719;"VIS GOOL"
7720;20123568;"BIO LULL e"
7721;20124209;"SCO GORC"
7722;20120609;"HUM HAAG"
7723;20122257;"LIT GORT a"
7724;20127157;"LIT GORT a"
7725;20123013;"SCO MISC GOST"
7726;20120195;"BIO BECKF1 d"
7727;20120914;
7728;20123726;"INS 3.1a DE"
7729;20121228;"BIB4 DE.STU"
7729;20127519;"BIB4 DE.STU"
7730;20121227;"BIB4 DE.STU"
7732;20127400;"BIB4 DE.MUN1"
7733;20127398;"BIB4 DE.ULM"
7734;20121226;"BIB4 DE.FRE1"
7734;20127520;"BIB4 DE.FRE1"
7736;20127502;"BIB4 DE.STU"
7737;20120702;"BIB4 NL.GOU"
7738;20126913;"BIB4 FR BALL"
7739;20129218;"INS5.1d SOUR"
7739;20129216;"INS5.1d SOUR"
7739;20129215;"INS5.1d SOUR"
7739;20129217;"INS5.1d SOUR"
7740;20121634;
7741;20120521;"TOP IT.OSI 4"
7742;20122813;"BIO STAM1 d"
7742;20122812;"BIO STAM1 d"
7744;20120049;"TOP IL"
7745;20126766;"TOP SE.LUN"
7746;20120113;"VIS GRAN"
7747;20121244;"BIB4 FR.PAR"
7748;20128870;"BIO GRAN a"
7749;20122323;"BIO GRAN a"
7749;20122322;"BIO GRAN a"
7749;20122321;"BIO GRAN a"
7752;20120148;"REF4 GRAS"
7753;20122039;"BIB4 AT.VIE"
7754;20120902;INS6.4a
7755;20127997;"TRE GRAS"
7756;20120256;"TOP NL 4"
7757;20120823;"TOP GB 4"
7758;20120961;"TOP DE 3"
7759;20124327;
7760;20121562;
7761;20128207;"BIO SCHE4 d"
7762;20122496;"BIO VOGL2 e"
7763;20122247;"BIO SCHE5 d"
7764;20121920;
7765;20122808;"BIO TELE d"
7766;20127356;"BIO GREE b"
7767;20125257;"KTS1 C1.21 16D31"
7768;20125255;"TOP BE.FLA 5"
7770;20127790;"TOP IT.BRE 4"
7771;20122246;"BIO SCHE5 e"
7772;20122793;"INS3.1a DE.MEC"
7773;20128189;INS4d
7774;20125254;"TOP DE.BRA1"
7775;20123727;"TOP DE.BRA1 4"
7776;20127858;GEN16
7777;20121527;"BIO COCK a"
7778;20126681;"BIO FABR a"
7779;20121261;"TOP IT.NAP"
7780;20127967;"TOP NL 5"
7781;20122428;"BIO STEE e"
7782;20129356;"BIO VOPE e"
7783;20122185;"LIT GRIM a"
7784;20122338;"TOP NO 0"
7785;20127504;"INS3.1b MÜLL"
7786;20120916;"TOP NL.ROT 5"
7787;20125571;"TOP NL 4"
7788;20128713;"INS3.1e NL.AMS"
7789;20123151;"TOP NL 4"
7790;20120884;"INS3.1a NL"
7791;20123611;"BIO VEEN e"
7792;20123240;"BIO LEON d"
7793;20121269;"BIO GELD c"
7795;20127249;"MTP2 GROO"
7796;20120757;"BIO TORR2 e"
7797;20122006;"TOP NL 5"
7798;20126968;"BIO CROM b"
7800;20128292;"BIO MEND e"
7801;20128674;"BIO SCAR1 e"
7802;20123794;"TOP AT.VIE 5"
7803;20120528;"TOP AT 0"
7804;20122708;"BIO CLAR e"
7805;20127820;"TOP DE.WOL 5"
7806;20122877;"BIO BUXT c"
7808;;
7808;20120362;"BIB4 SE DUBE"
7809;20120320;"LIT GUAR a"
7810;20120319;"LIT GUAR a"
7811;20123722;"INS3.1a LT"
7812;20122733;"BIO TUND e"
7813;20127531;"INS3.1a FR.LYO"
7814;20120542;"INS3.1e FR.DOL"
7815;20127550;"INS3.1a FR.ISE"
7816;20127549;"INS3.1a FR.LYO"
7817;20125782;"BIO GUER a"
7818;20120201;"BIO GUIG a"
7819;20120200;"BIO GUIG a"
7820;20120199;"BIO GUIG a"
7821;20120163;"BIB4 NL.LEI"
7822;20127663;GHM3
7823;20135642;"MTP1 GULL"
7824;20128537;"TRE ZABE"
7825;20128446;"BIB4 DE.BAD 5"
7826;20129188;"BIO SELL e"
7827;20128633;"InS 3.1 a DE"
7828;20125777;"BIO PRAE d"
7829;20125471;"INS3.2a FR"
7830;20121293;"INS3.2a FR"
7830;20121292;"INS3.2a FR"
7830;20121291;"INS3.2 FR"
7833;20125206;"BIO HUME c"
7835;20120863;"BIO GYRO d"
7836;20127718;INS3a
7837;20128721;"INS3.1a DE"
7838;20125943;INS3.1a
7839;20123076;"BIO SCHU5 d"
7840;20120007;"INS3.1 b DE.SCH4"
7841;20128592;"TOP NL 5"
7842;20122056;"BIB1 HAAN"
7843;20127425;"BIB4 NL.HAG"
7844;20125927;"TOP NL.LEI 5"
7845;20122992;"TOP NL"
7846;20125718;"TOP NL 5"
7847;20128457;"BIO MART3 e"
7848;20129255;"BIB4 GB.LON HAAS"
7849;20120145;"BIB4 GB.LON HAAS"
7850;20130346;"BIO BACH1 b"
7852;20129187;GHM5
7853;20127399;"BIB4 AT.VIE"
7855;20122895;"BIO BRAN d"
7856;20126611;"INS3a DE:BER1"
7856;20129997;"INS3a DE.BER1"
7857;20123093;"BIO HELL d"
7858;20123418;INS10.9b
7859;20129157;"BIB4 DE.PAS"
7860;20121089;"BIB4 DE.OTT"
7861;20122415;"BIB4 DE.REG"
7862;20122412;"BIB4 DE.HAR"
7863;20127526;"BIB4 DE.REG"
7863;20127525;"BIB4 DE.REG"
7863;20127524;"BIB4 DE.REG"
7867;20128062;INS2a
7867;20128061;INS2a
7868;20122930;"BIO FARI1 b"
7869;20120002;"INS3.1 b DE.SAX"
7870;20120743;"TOP DE.DRE 5"
7871;20120226;"LIT HADE a"
7872;20127474;"BIO STAM1 e"
7873;20128313;"BIO BACH1 e"
7874;20128202;"BIO MOLT d"
7875;20127448;"VIS HAGE"
7876;20122796;"BIO BUXT d"
7876;20136439i;"KTS1 C2.60 Map.024i"
7877;20125898;"TOP DE.MUN1"
7878;20124087;
7879;20124086;
7880;20122351;"BIO BACH1 e"
7881;20122742;"TOP AT.SEI 5"
7882;20120058;"BIB4 BE MARI"
7883;20123550;"INS4.1d HAJD"
7884;20127937;
7885;20128102;"MTP 2 HAKK"
7886;20120072;"TOP NL 5"
7887;20128458;
7888;20125852;"VIS HALL"
7889;20125363;"LIT HALL a"
7890;20122044;"BIO HALS a"
7891;20122787;GHM0
7892;20123233;"INS3.1b MARC"
7893;20126783;"TOP BE.MEC 0"
7894;20129213;"INS1b DK.COP1"
7895;20122588;"TOP DK 4"
7896;20121702;"SCO MISC RASC"
7897;20121870;
7898;20122002;"VIS HAMM"
7899;20127703;"TOP DE.FRE1"
7900;20128271;"BIO COST e"
7901;20122870;"BIO FRES d"
7902;20126594;"BIO FRES d"
7903;20130036;"BIO HAMM a"
7904;20125148;INS6a
7905;20125200;"TOP NL 4"
7906;20130004;
7907;20130005;
7909;20122821;"BIO HAND d"
7910;20120756;"BIO HAND e"
7916;20123850;"SCO S HAND"
7917;20123849;"SCO S HAND"
7937;20123889;"SCO S HAND"
7938;20123888;"SCO S HAND"
7938;20123887;"SCO S HAND"
7938;20123886;"SCO S HAND"
7941;20123885;"SCO S HAND"
7941;20123884;"SCO S HAND"
7941;20123883;"SCO S HAND"
7963;20121600;
7964;20121599;
7965;20124007;
7966;20124009;
7967;20124008;
7968;20124006;
7969;20124013;
7970;20124012;"SCO HAND"
7971;20124015;
7972;20124014;
7973;;
7974;20124011;"SCO HAND"
7975;20124010;"SCO HAND"
7976;20124016;
7977;20121864;
7978;20121863;
7979;20121862;
7980;20121861;
7981;20121869;
7982;20121868;
7983;20121867;
7984;20121866;
7985;20121865;
7986;20121860;
7987;20121859;
7988;20121858;
7989;20121857;
7990;20124021;
7991;20123872;
7992;20124279;"SCO HAND"
7994;20125467;"TOP NL"
7995;20125176;"TOP DE.LEI"
7996;20120644;"INS3.2d HANK"
7997;20122571;"BIO TERB1 e"
7998;20122687;"TOP NL 5"
7999;20125515;"TOP IT.VEN1 5"
7999;20122832;"BIO HASS2 e"
8000;20122833;"BIO HASS2 e"
8002;20126765;"BIO BACH1 e"
8003;20121421;"BIO LATO a"
8004;20123300;"SCI HARD"
8005;20123082;"BIO LOCK1 c"
8006;20129021;"INS3.1a CH"
8007;20123234;"INS3.1e FR.PAR"
8008;20122231;"LIT HARD a"
8009;20123126;"BIO DELL d"
8011;20128408;"INS3.2d HARI"
8012;20122834;"BIO HARI b"
8013;20122049;"TOP JP"
8013;20146286;"TOP JP"
8014;20127219;"TOP JP 7"
8015;20129957;"INS3.2d HARI"
8015;20128113;"INS3.2d HARI"
8016;20125885;"BIO BYRD d"
8017;20122446;"BIO GIBB d"
8018;20128938;"BIB4 GB.DUR"
8019;20122970;"BIO BACH1 e"
8020;20126668;"TOP DE.BRE"
8021;20120616;"TRE HARM"
8022;20128099;"TRE HARN"
8023;20123642;"BIO HARN a"
8024;20129063;"BIO ROSS1 d"
8025;20125376;"TOP DE.NUR"
8026;20128179;"VIS HARR"
8027;20122694;"BIO HAYD1 e"
8028;20125486;GHM5
8029;20120825;"BIB4 GB.WIN"
8031;20128789;"INS3.1e NL.GEM"
8032;20129002;"INS3.1e NL.HER"
8033;20125340;"BIO BACH1 e"
8034;20122358;"LIT HART a"
8035;20120297;"LIT HART a"
8036;20123697;"BIO BACH1 d"
8037;20125600;"BIO BACH1 d"
8038;20124998;"VIS HART"
8039;20120166;"LIT HART a"
8040;20125723;"LIT HART a"
8041;20120647;"BIB4 NL.OVE"
8042;20127189;GHM3
8043;20121526;"TOP BE.FLA 5"
8044;20122906;"BIO BASS d"
8045;20128756;"INS3.1a AT"
8046;20125041;"TOP IT 5"
8047;20123293;"MTP2 HASK"
8048;20125311;"INS10.9a HASP"
8049;20128358;"INS10.9a HASP"
8050;20122940;"GEN 3"
8051;20122939;"GEN 3"
8052;20120881;"BIO NÄGE e"
8053;20121041;"BIO HASS2 e"
8053;20122820;"BIO HASS2 e"
8055;20121758;"SCO HASS"
8056;20121759;
8057;20124062;
8058;;
8059;20124289;
8060;20121553;"SCO DDT"
8061;20124060;
8062;20129321;"TOP NL 4"
8063;20123757;"BIO FOUR e"
8064;20130262;"LIT HAUF a"
8065;20126589;"BIO HAUN a"
8066;20123725;"TOP DE 5"
8067;20120156;"BIO SUSS d"
8069;20128478;"BIO MOZA1 e"
8070;20123489;"SCO BACH1"
8071;20126595;"BIO HEIN e"
8072;20129284;"KTS1 C2.26 H4-080"
8073;20126687;"BIO SWEE1 d"
8074;20122116;"TOP NL.AMS 5"
8075;20127803;"TOP NL.DEL2"
8076;20123655;"BIO DENT d"
8077;20128436;"TOP GB.LON 5"
8079;20123101;"BIO HAYD1 a"
8080;20121715;"SCO HAYD"
8080;20121714;"SCO HAYD"
8082;20121643;
8083;20123910;
8084;20123909;
8085;20123908;
8086;20123907;
8087;20123917;
8088;20123916;
8089;20123915;
8090;20123914;
8091;20123913;
8092;20123912;
8093;20123911;
8094;20123906;
8095;20123905;
8096;20123929;
8097;20123928;
8098;20123920;
8099;20123927;
8100;20123926;
8101;20123925;
8102;20123924;
8103;20123923;
8105;20123921;"SCO HAYD"
8105;20123922;"SCO HAYD"
8106;20123919;
8107;20123918;
8108;20124063;
8109;20124314;
8110;20121812;
8111;20125157;"BIO BACH1 e"
8113;20128343;"MTP2 HAYN"
8113;20128342;"MTP2 HAYN"
8115;20128341;"MTP 2 HAYN"
8116;20128658;"MTP 2 HAYN"
8119;20127081;"TOP GB.LON 5"
8120;20126465;"BIO HEAR d"
8121;20125622;"BIB4 FR ATTA"
8123;20122878;"BIO BUXT e"
8124;20120326;"LIT HEDE a"
8125;20125018;"INS3.1a FR.CAL"
8126;20121123;"TOP NL 5"
8127;20128624;"GHM 5"
8128;20121278;"VIS HEID"
8129;20128878;"BIO MATT f"
8130;20128268;"GEN 11"
8131;20129245;"BIB4 NL.AMS"
8132;20122768;"BIB4 DE.LIN"
8133;20130315;"BIO MOZA1 e"
8134;20125660;"BIO PASQ e"
8135;20127905;"BIO PALE d"
8136;20122436;INS3a
8137;20122059;"BIO LISZ e"
8138;20121519;"INS3.1a AT"
8139;20127322;"BIO HEIN a"
8140;20126883;"BIO BACH1 c"
8141;20127302;"TOP DE.DRE"
8142;20127598;"BIO ROMA c"
8143;20122177;"BIB4 CH.EIN"
8144;20122158;"BIB4 CH.EIN"
8145;20121164;"TOP IT.NAP 5"
8146;20126657;"BIB4 DE.MUN1"
8147;20123808;"TOP NL.AMS 4"
8148;20120556;"TOP DE.MEC"
8149;20128554;"BIO VIVA e"
8150;20124324;
8151;20129210;"BIO CHAR1 e"
8152;20129068;"LIT REYN a"
8153;20122770;"BIB2 HELL"
8154;20122826;"BIO GOSS d"
8155;20120936;"BIO CATE d"
8156;20120110;"INS5b TIEL"
8157;20123018;"INS5b TIEL"
8158;20121697;"SCO MISC RASC"
8159;20127979;"TOP BE 5"
8160;20123516;"SCO BACH1"
8161;20123545;"SCO BACH1"
8162;20125143;"MTP2 HELS"
8163;20120063;"TOP AT 7"
8164;20127931;"INS3.2a DE.LEI"
8165;20127929;"INS3.2b DE.LEI"
8166;20127352;"INS1b DE.MUN"
8167;20129947;"VIS HENK"
8168;20128828;"BIO CRÜG c"
8169;20123004;"BIO STOL2 e"
8170;20127720;"VIS HENN"
8172;20122620;"TOP DE.LUB"
8172;20122621;"TOP DE.LUB"
8175;20120445;"KTS1 C2.20 08B24"
8176;20120444;"KTS1 C2.20 08B25"
8177;20122178;"INS7.3d HENS"
8178;20120600;"BIO GRAU0 c"
8178;20120599;"BIO GRAU0 c"
8181;20123797;"BIO EBER e"
8182;20126909;"GEN 11"
8183;20120304;"PHI HERD a"
8184;20127902;INS2a
8185;20121333;"INS3.1a GB"
8186;20122719;"BIB4 FR.VER"
8187;20123447;"BIB4 NL.ZWO 3"
8188;20121275;"BIB4 NL.LEE 3"
8189;20121019;"BIB4 NL.ZWO 4"
8190;20128213;"TOP NL 4"
8191;20127192;"TOP ES.GRA"
8192;20130289;"LIT HERO a"
8193;20120229;"LIT HERO a"
8194;20126693;"HUM HERR"
8195;20123319;"MTP1 HERR"
8196;20126658;"BIB4 DE.MUN1"
8197;20125712;"BIO EYBL d"
8198;20127564;"BIO HERT a"
8199;20121317;"INS3.1e NL.LEI"
8200;20120416;"BIB4 NL HERT"
8201;20123267;"SCO MOZA1"
8201;20123268;"SCO MOZA1"
8202;20121700;"SCO MISC RASC"
8203;20122967;"BIO BACH1 b"
8204;20123008;"BIO STRA2 e"
8205;20126045;INS3c
8206;20128843;"INS3.1b NL"
8207;20128722;"INS3.1c HESS"
8209;20128813;"INS3.1b NL"
8209;20123715;"INS3.1b NL"
8210;20122548;"BIO HAYD2 e"
8211;20122547;"BIO HAYD2 e"
8213;20120299;"LIT HESS a"
8213;20120298;"LIT HESS a"
8214;20120970;INS3.2d
8215;20125499;"BIB4 DE 4"
8216;20126675;"BIO MONT2 e"
8217;20120052;"BIO HEUW a"
8218;20125024;"INS1b DE.HAL1"
8219;20127932;"INS6.2a DE.LEI"
8220;20127930;"INS7.2a DE.LEI"
8221;20127928;"INS7a DE.LEI"
8222;20128205;"INS1b DE.FRA1"
8223;20122487;"INS1b DE.EIS1"
8224;20121214;
8225;20128204;"INS6.1d LASO"
8226;20123511;"SCO BACH1"
8227;20122238;"LIT HILD a"
8228;20123660;"INS3.1a NL.LOO"
8229;20121648;
8230;20121647;
8231;20128482;"BIO MOZA1 d"
8232;20128593;"TOP NL 5"
8233;20126752;"TOP NL 0"
8234;20128734;INS3.1a
8235;20128558;"BIO VERA d"
8236;20121110;"BIO BACH1 e"
8236;20121109;"BIO BACH1 e"
8238;20128231;"TOP NL.ZWO 6"
8239;20123091;"BIO HILL a"
8240;20120686;"TOP JP 5"
8241;20125855;"BIO BACH1 d"
8242;20121388;"BIO BACH1 e"
8243;20125562;"TOP DE.BAD 5"
8244;20129070;"TOP DE.BAD"
8245;20123714;"BIO BACH1 d"
8246;20123386;"INS3.1e AT.SAL"
8247;20128156;"TOP DE.THU"
8249;20128588;"BIO TELE e"
8249;20122994;"BIO TELE e"
8250;20123342;"REF4 JEPP"
8251;20122458;"BIB3 HOBE"
8252;20126764;"TOP AT.HAL"
8253;20130042;"BIO HARN e"
8254;20127646;"BIO BACH1 e"
8256;20128149;"BIO JOMM e"
8256;20128148;"BIO JOMM e"
8257;20130029;"BIO HAND e"
8258;20121101;"TOP NL.ZWO 0"
8259;20120005;INS3.1b
8260;20126854;"TOP NL 7"
8261;20120747;"BIO BELL d"
8262;20120263;"TOP TR.IST"
8263;20123477;INS6.4a
8264;20122897;"BIO BLEY d"
8265;20127210;"BIO TROY d"
8266;20128146;INS3a
8267;20121821;
8268;20123291;"MTP 2 HOFF"
8269;20125853;"BIO FINC d"
8270;20123003;"BIO STOL1 d"
8271;20123019;"BIO TELE e"
8273;20127220;"INS10.9a HOFF"
8274;20125924;"TRE HOFF"
8275;20125354;"BIO BACH1 e"
8276;20123622;"REF4 SCHN"
8277;20126704;"BIO CRÜG d"
8278;20122391;"VIS HOFF"
8279;20122365;"VIS HOFF"
8280;20129293;"INS3.1b HOLZ"
8281;20121978;"TOP NL.AMS 6"
8282;20127645;"BIO HUYG1 d"
8283;20123130;"BIO COUP e"
8284;20123527;"SCO BACH1"
8285;20120960;"BIO BACH1 e"
8286;20130300;"BIB4 NL.LEI"
8287;20127528;"BIB4 NL THYS"
8288;20125607;"BIB4 NL AA"
8289;20121389;"BIB4 NL 5"
8290;20123189;"BIB4 NL.LEI"
8291;20120711;"LIT HOGH a"
8292;20123302;GHM5
8293;20122838;"BIO HAND d"
8294;20122725;"BIO HAYD1 e"
8294;20132379;"REC 12 HOGW 1980"
8295;20130058;GEN12
8296;20127085;"VIS HOHN"
8297;20123015;"BIO VECC e"
8298;20125680;"BIO VECC e"
8299;20125784;"TRE HOL"
8299;20125785;"TRE HOL"
8301;20125601;"INS3.3c HOL"
8302;20120330;"LIT HOLD a"
8302;20120329;"LIT HOLD a"
8304;20120376;"TOP NL.LIS"
8305;20122896;"BIO BONO1 e"
8306;20129239;"TOP DE.NIE2 4"
8307;20122105;"BIO ROMA c"
8308;20125089;"BIO PURC1 d"
8309;20127806;"INS4.1d HOLM"
8310;20127798;"VIS HOLM"
8311;20129581;"BIO GOLD d"
8312;20121150;"BIO MONT2 e"
8313;20123168;"VIS HOLS"
8314;20140454;"INS3.1b OECK"
8315;20124049;
8316;20124227;
8317;20120635;REF1
8317;20120636;REF1
8317;20120637;REF1
8317;20120638;REF1
8317;20120639;REF1
8317;20120640;REF1
8317;20120641;REF1
8324;20120634;REF1
8325;20120241;"LIT HOME a"
8326;20120237;"LIT HOME a"
8327;20120231;"LIT HOME a"
8328;20127194;"BIO SAEN a"
8329;20126831;"BIO BILD d"
8330;20128955;"BIO SCHI2 d"
8331;20123219;"BIO HOOF a"
8332;20128476;"BIO HOOF a"
8332;20128475;"BIO HOOF a"
8332;20128507;"BIO HOOF a"
8335;20129059;"LIT HOOF a"
8336;20120227;"LIT HOOF a"
8337;20122235;"LIT HOOF a"
8338;20125147;"TOP NL.MID1"
8339;20128990;"TOP NL 4"
8340;20123394;"BIO OBRE d"
8341;20122983;"TOP DE.MAR3"
8342;20121418;"BIO ESZT d"
8343;20128037;"BIO ZELE c"
8343;20128036;"BIO ZELE c"
8345;20125453;"TOP DE.DRE 5"
8346;20137416;"BIO ARRA b"
8347;20120684;"TOP NL 4"
8348;20127518;"BIO BACH1 e"
8349;20120752;"BIB4 DE.KIE1"
8350;20123358;GHM4
8351;20120502;"VIS HORT"
8352;20129445;"BIO GLUC e"
8353;20120649;"VIS HORV"
8354;20121008;"BIO HAYD1 e"
8355;20128405;"TOP DE 5"
8356;20125002;"BIB4 BE.BRU1"
8358;20126788;"TOP NL.AMS"
8359;20128644;"BIO BACH1 e"
8360;20122968;"BIO BACH1 e"
8361;20120582;"BIO BACH1 e"
8362;20122013;"BIO BACH1 e"
8363;20122012;"BIO BACH1 e"
8364;20126450;"TOP NL 4"
8365;20127320;"TOP NL 5"
8368;20126921;"INS3.1a NL"
8369;20120533;"BIB4 NL 4"
8370;20127087;"BIO MUHL a"
8371;20122666;"BIO WOLF3 b"
8372;20120301;"KTS1 C2.02 X3D25"
8373;20125250;"TOP GB.BAR"
8374;20128115;INS3.2b
8374;20129965;INS3.2b
8376;20126682;"TOP DE.BAB 4"
8377;20128855;"INS1b DE.NUR1"
8378;20125946;"TOP DE.FRE2"
8379;20120898;"BIO BACH4 b"
8380;20120707;"BIO BACH1 e"
8382;20126472;"HUM HUCH"
8383;20129435;"TOP IT"
8384;20123512;"SCO BACH1"
8385;20122841;"BIO HAND e"
8386;20126850;"GEN 15"
8387;20126924;"MTP1 HUDS"
8388;20121485;GEN15
8389;20121985;"BIB4 GB.CAM"
8390;20126989;"BIO BACH1 e"
8391;20121256;"TOP NL.AMS 5"
8392;20126580;"SCI HUIZ--&gt;REF1"
8393;20120155;"TOP NL 5"
8394;20127296;"HUM HUIZ"
8395;20127588;"BIO HUIZ a"
8395;20127587;"BIO HUIZ a"
8395;20127586;"BIO HUIZ a"
8398;20127656;"PHI HUIZ a"
8399;20125856;"BIO ROUS1 d"
8400;20121982;"BIB4 NL.ENS"
8401;20121625;
8401;20121624;
8403;20127701;"INS3.2b RING"
8404;20124311;
8405;20123466;"BIO MOZA0 d"
8406;20121137;"BIO MOZA3 a"
8407;20123369;"TOP NL.AMS 5"
8408;20127489;"BIB4 NL 4"
8409;20129211;"BIB4 GB"
8410;20127846;INS6.1a
8412;20121013;"BIO PAIS e"
8413;;
8414;20125602;"HUM HUPP"
8415;20123603;"MTP2 HURA"
8416;20126564;"TOP DE.COL"
8417;20123433;GEN13
8418;20128029;"TOP DE.LEI"
8419;20127045;"BIO POUR d"
8420;20120339;"LIT HUXL a"
8421;20125484;"INS3.1b CAVA"
8422;20127408;"BIB4 BE.FLA"
8424;20123181;"INS3.1a NL"
8425;20123152;"LIT HUYG a"
8426;20122716;"BIO HUYG1 a"
8428;20122715;"BIO HUYG1 a"
8428;20122714;"BIO HUYG1 a"
8429;20120839;"LIT HUYG a"
8429;20120838;"LIT HUYG a"
8429;20120837;"LIT HUYG a"
8432;20120422;"BIO HUYG1 a"
8432;20120421;"BIO HUYG1 a"
8434;20120218;"LIT HUYG a"
8435;20122221;"LIT HUYG a"
8436;20125009;"BIB4 BE.BRU1"
8437;20125422;"INS4.1d HUYS"
8439;20122660;"BIB4 BE.BRU1"
8439;20122661;"BIB4 BE.BRU1"
8440;20122656;"BIB4 BE.BRU1"
8442;20122840;"BIO HAND a"
8443;20122767;"BIB4 GB.LON RIMB"
8444;20122683;"GEN 12"
8445;20122157;"BIB4 GB"
8446;20128163;"TOP NL 5"
8446;20128162;"TOP NL 5"
8448;20120257;"TOP NL 7"
8449;20127391;"BIO PLAT c"
8450;20121010;"TOP ES.SAN2 3"
8451;20128541;"BIO WECK d"
8452;20124054;
8453;20121913;
8454;20122622;"TOP NL.LEI"
8455;20126827;"TOP DE 5"
8456;20127547;"TOP SW 5"
8457;20123237;"BIB4 NL.UTR"
8458;20128863;"BIO TOMK e"
8459;20127435;"HUM ISRA"
8460;20123612;"GHM 0"
8461;20127631;"BIO GOMA d"
8462;20120607;"BIB4 ES.TAR"
8463;20120789;"BIO BUXT e"
8464;20129269;"TOP DE.HAM 5"
8465;20124219;
8466;20127038;"TOP GB 0"
8467;20125479;
8468;20129032;INS3.1a
8469;20129031;INS3.1a
8470;20121160;"BIO MEND d"
8471;20127334;"BIO MERL d"
8472;20122814;"BIO STAM2 e"
8473;20125770;"TOP GB 6"
8474;;
8474;;
8474;;
8475;20123812;"BIB4 CH.ZUR"
8476;20128077;"GHM 4"
8477;20121486;"INS 3.1 a DE.MEC"
8478;20120613;"BIO TELE c"
8479;20127073;"VIS JAFF"
8480;20121422;"VIS WOUD"
8481;20130347;"BIO CORR e"
8482;20120426;"BIO SWIF e"
8483;20120772;"BIO CRAN a"
8484;20128412;INS3.1a
8485;20128259;INS3.1a
8486;20125481;"INS3.1d CH.ZUR"
8486;20125480;"INS3.1d CH.ZUR"
8488;20125595;INS3.1a
8489;20128447;INS3.1a
8490;20128719;INS3.1a
8491;20128694;"INS3.1e CH.CHU"
8492;20128752;"INS3.1e AT.KLO"
8493;20128799;INS3.1a
8494;20129058;"INS3.1e DE.KIE2"
8495;20128996;"INS3.1b KUHN"
8496;20128993;INS3.1a
8497;20129116;INS3.1a
8498;20129108;INS3.1a
8499;20125825;"INS3.1e DE.WEI1"
8500;20121301;INS3.1b
8501;20122764;"INS3.1e CH.SIO"
8502;20120906;"INS3.1b KUHN"
8503;20123729;"INS3.1 e CH.BER"
8504;20122899;"BIO BIBE e"
8505;20120284;"PHI PYTH b JAMB"
8507;20120043;"INS 3.1a ES"
8507;20120042;"INS 3.1a ES"
8508;20121111;"BIO MARI e"
8509;20120015;INS3a
8510;20120103;"MTP 2 JANI"
8511;20128316;"TOP NL 0"
8512;20128031;"TOP NL"
8513;20121259;"BIO SWEE2 d"
8514;20120038;"INS3.1e DE.MAR"
8515;20122785;"TOP NL 0"
8516;20127442;"LIT JANS a"
8517;20122730;GEN2
8518;20122176;"TOP NL 4"
8519;20122612;"BIB2 JANS"
8520;20126855;"BIO HILH a"
8521;20125239;"TOP NL.HAA 4"
8522;20122310;"VIS JANT"
8523;20121415;INS4.2a
8524;20129136;"INS 3.1a ES.SEV"
8525;20121853;
8526;20121851;
8527;20121852;
8529;;
8530;;
8531;;
8532;20120090;"BIB4 NL.LEI"
8533;20125590;"BIB4 NL.LEI"
8533;20125589;"BIB4 NL.LEI"
8535;20122993;"BIB4 NL.HAA 4"
8536;20126563;"BIB4 NL.HAA 4"
8537;20122016;"BIB4 NL.HAA 4"
8538;20126683;"INS3.2d JEAN"
8539;20126535;"PHI MONT b JEAN"
8540;20125475;"TOP DE.LUN 5"
8541;20124270;
8542;20121878;
8543;20125735;"BIO SAMM c"
8544;20129353;GHM5
8545;20125565;"PHI ERAS a"
8546;20125949;"INS3.1d IT"
8547;20126718;"TOP IT 4"
8549;20126716;"TOP IT 4"
8550;20122125;"INS3.1b ZEEM"
8551;20128497;"INS3.1b VOLLE"
8552;20128702;"INS3.1a NL.BRA"
8553;20128805;"INS3.1a NL.BRA"
8554;20125931;"INS3.1b PERE"
8555;20123183;"INS3.1b HIRT"
8556;20123664;"INS3.1b ZEEM"
8557;20122335;"TOP NL 5"
8558;20122301;"SCI JETT"
8559;20128971;"TOP NL 5"
8560;20120889;
8561;20127411;"BIB4 PT.VIL"
8562;20127407;"BIB4 NL HUMM"
8562;20127406;"BIB4 NL HUMM"
8562;20127405;"BIB4 NL HUMM"
8565;20128912;"BIO HOMI d"
8566;20127037;"TOP GB 0"
8567;20120619;"BIO RAVN e"
8568;20124318;
8569;20124299;"SCO JOMM"
8570;20121904;"SCO JOMM"
8571;20127740;"BIO CARI e"
8571;20127739;"BIO CARI e"
8571;20127738;"BIO CARI e"
8571;20127737;"BIO CARI e"
8575;20123493;"SCO BACH1"
8576;20120865;"TOP NL.AMS"
8577;20125851;"BIO SCAR2 d"
8578;20125212;"VIS JONG"
8579;20127449;"BIO THYS e"
8580;20126628;"INS3.1e NL.LEI"
8581;20123479;"INS10.9a JONG"
8582;20120244;"LIT JONG a"
8583;20127935;"INS3.1e NL.ALK"
8585;20129040;"INS3.1b GRUI"
8586;20129141;"INS3.1a NL.FRI"
8587;20129114;"INS3,1e NL.MAR"
8588;20129107;"INS3.1e NL.SIN"
8589;20129101;"INS3.1e NL.BAA"
8590;20122773;"INS3.1a NL.FRI"
8593;20122353;"INS3.1e NL.ENK"
8594;20120041;"INS3.1a NL.FRI"
8595;20123636;"INS3.1b FLEN"
8596;20128186;"TOP NL 4"
8597;20128595;"VIS DEJO"
8598;20123448;"TOP NL 4"
8599;20127480;"TOP NL 5"
8600;20125603;"TOP NL 4"
8601;20121171;"BIO HAUS d"
8602;20123020;"BIO TAVE d"
8603;20125567;"TOP FR 3"
8604;20127230;"TOP CN 2"
8605;20120340;"LIT JOYC a"
8606;20128504;"BIO INDI e"
8607;20125079;INS3a
8608;20121810;
8609;20123829;"BIO HONT e"
8610;20120014;INS3.1d
8611;20127241;"BIB4 DE.THU 5"
8612;20120323;"LIT JUNG a"
8613;20129367;"BIO TELE e"
8614;20126853;"TOP DE.BRA1 7"
8615;20122521;"TOP FR 5"
8616;20121453;"REF4 KRUM"
8617;20127689;"INS10.2a DE.WAL3"
8618;20121001;"BIO BACH1 e"
8619;20126884;"TOP DE 5"
8620;20123256;"BIB4 DE.COL"
8621;20122784;"TOP DE 5"
8622;20122026;"BIB4 DE.COL"
8624;20123317;"MTP1 KAIM"
8624;20123316;"MTP1 KAIM"
8625;20127517;"MTP 2 KAIS"
8626;20125046;"BIO RATG c"
8627;20120193;"BIB4 DE 5"
8628;20128123;"TOP NL 3"
8629;20120880;"BIB1 KALL"
8630;20125365;"TOP CA 0"
8631;20122133;"TOP NL 0"
8632;20125611;"TOP NL.KRI 5"
8633;20129442;"TOP IT 4"
8634;20123180;"BIO HUYG1 a"
8635;20125513;"TOP IT.FER 4"
8636;20121420;"TOP DE.BER"
8637;20127608;"INS3.2a DE.NUR"
8638;20121462;"BIO DECK d"
8639;20129580;"BIO BUXT e"
8640;20127348;"BIB4 DE.LUB"
8641;20123292;"BIO CHAR e"
8642;20128014;"BIB4 DE.AUG"
8643;20123047;"BIO BACH1 b"
8644;;"TOP IT"
8645;20123767;GEN15
8646;20125218;"INS3a PT"
8647;20125420;"INS3a ES"
8648;20128873;"INS3a ES"
8649;20120845;"TOP NL 0"
8650;20123422;"BIO PALE d"
8651;20121478;"BIO BERN d"
8652;20122665;"BIO VICE d"
8653;20128783;"INS 3.1 a DE.OST"
8654;20129048;"INS3.1a DE.OLD"
8655;20129423;GHM0
8656;20126549;"BIB4 US.BER"
8657;20122464;"BIO GHIR d"
8659;20122544;"TOP NL.AMS 5"
8660;20129378;"BIB4 NL 6"
8661;20125364;"BIO KEIS1 e"
8662;20123854;
8663;20121387;"BIO BACH1 d"
8664;20127812;"BIO BACH1 e"
8665;20128182;"BIO BACH1 e"
8666;20123266;"BIO MOZA1 e"
8667;20126882;"TOP DE 5"
8668;20128788;"INS 3.1 a DE"
8669;20121052;"BIO BACH1 e"
8670;20126793;"MTP1 KELL"
8671;20126792;"MTP1 KELL"
8672;20127841;"TOP AT.KRE"
8673;20125177;"MTP1 KELL"
8674;20128369;INS3.2d
8675;20127859;"BIO KELL a"
8676;20121238;"BIO MÜTH d"
8677;20129242;"BIO BACH1 e"
8678;20121270;"BIO VAND5 e"
8679;20120105;"BIO VANE1 d"
8680;20123324;"LIT KEMP a"
8681;20128496;"BIO VIVA d"
8682;20128495;"TOP IT.VEN1"
8683;20123465;"TOP IT.MIL 4"
8684;20121071;BIB1
8685;20120604;"BIO GABR1 d"
8686;20122276;"BIO KEPL b"
8687;20124064;"SCO S KERL"
8688;20123169;"BIO BUTT e"
8689;20127283;"KTS1 C3.53 G1-037"
8690;20126843;"BIO BIJN e"
8691;20120085;"TOP NL 5"
8692;20123817;"TOP DE.LEI 5"
8693;20120111;"BIO REMB e"
8694;20122130;"BIB4 NL MULL"
8695;20129732;"TOP VN 7"
8696;20128661;"BIO KIES d"
8697;20125652;"BIO MOZA1 e"
8698;20121213;INS6.6a
8699;20123535;"SCO BACH1"
8699;20123536;"SCO BACH1"
8701;20123496;"SCO BACH1"
8702;20123495;"SCO BACH1"
8703;20123494;"SCO BACH1"
8704;20127560;"BIO JARD c"
8705;20126548;"TOP JP 5"
8729;;
8730;20128406;INS3a
8731;20122216;"LIT KINK a"
8732;20121235;"VIS KINS"
8733;20122655;"BIB4 DE.COL HEYE"
8734;20122649;"BIB4 DE.COL HEYE"
8735;20127281;"BIO BACH1 e"
8736;20128664;"BIO SCHU5 e"
8737;20130297;"BIO CALD d"
8738;20122099;"TOP IT.FLO 4"
8739;20126873;"TRE KIRK"
8740;20127661;"BIO KIRK a"
8741;20125750;"BIO SCAR2 d"
8742;;
8742;;
8742;;
8743;20127609;"INS6a DE.NUR"
8744;20127340;"KTS1 C1.21"
8745;20129375;"TOP DE 5"
8745;20129374;"TOP DE 5"
8747;20121412;"INS3.1b NL"
8747;20121413;"INS3.1b NL"
8748;20125191;"TOP NL.AMS 4"
8749;20128580;"TOP NL 5"
8750;20120544;"BIO BACH1 e"
8751;20126746;"MTP2 KITE"
8752;20127775;"BIO CARA c"
8753;20129024;"INS3.1e DK.SON"
8754;20125608;"BIO LUYK c"
8755;20123791;"TOP DE.DAR 5"
8756;20127804;"TOP IT 3"
8757;20129294;"INS3.1e NL.KAM"
8758;20121430;"INS3.1a NL.KAM"
8759;20120430;"BIO TELE e"
8760;20128894;"TOP NL.AMS 6"
8761;20125745;"BIO KLEI a"
8762;20121165;"BIO BONO1 d"
8763;20127989;"TOP NL.HAA 0"
8764;20127295;"BIO TELE d"
8765;20129094;"BIO RAME e"
8766;20123304;"TOP NL 7"
8766;20130067;"TOP NL 7"
8768;20123454;"BIO GOET e"
8768;20123453;"BIO GOET e"
8770;20127755;"TOP NL.AMS"
8771;20125194;"TOP NL 4"
8771;20125193;"TOP NL 4"
8772;20127415;"BIO CANN e"
8773;20120254;"TOP NL"
8774;20125425;INS3.3a
8775;20129746;"TOP NL.AMS"
8776;20123499;"SCO BACH1"
8777;20123498;"SCO BACH1"
8778;20127704;"BIO BACH1 e"
8779;20122628;"BIO BYRD e"
8780;20128796;"INS3.1a NL.ZEE2"
8780;20128795;"INS3.1a NL.ZEE2"
8780;20128794;"INS3.1a NL.ZEE2"
8783;20123619;"BIO WILM d"
8784;20126950;"INS3.1a NL.HOO"
8785;20128240;"BIO ABEL d"
8786;20122589;"TOP IT.SOU 0"
8787;20129229;"TOP AT.VIE 5"
8787;20129228;"TOP AT.VIE 5"
8787;20129227;"TOP AT.VIE 5"
8790;20127832;"TOP DE.LEI"
8791;20123210;"BIO ANSL d"
8792;20122783;"BIO BACH1 b"
8793;20121380;"INS3.1a NL"
8794;20125033;"BIO TROO d"
8795;20121188;"BIO BOER e"
8796;20121212;"BIO GALU e"
8797;20121559;
8798;20129247;"TOP AT.VIE"
8799;20123531;"SCO BACH1"
8800;20120359;"BIO BACH1 e"
8801;20121282;"BIO CHOP b"
8802;20122348;"BIB4 NL.DEV"
8803;20125299;REF1
8804;20128616;"INS6d KOCH"
8807;20121392;"BIO KEIS1 d"
8808;20123551;"BIO GRUS e"
8809;20125692;"BIO SCHE2 c"
8810;20122818;"BIO HASS2 e"
8810;20122817;"BIO HASS2 e"
8812;20127845;"TOP AT.VIE 4"
8813;20145712;"BIO KODA a"
8814;20123245;"BIO CRAN a"
8814;20123244;"BIO CRAN a"
8816;20123171;"BIO GALE e"
8817;20125721;"TOP NL.AMS"
8818;20122293;"TOP NL.AMS 5"
8819;20123673;"BIO FLIN d"
8820;20125628;"TOP NL.OVE"
8821;20130310;"VIS KALE 2004"
8822;20130311;"VIS KALE 2005"
8823;20130312;"VIS KALE 2006"
8824;20130308;"VIS KALE 2007"
8825;20130295;"VIS KALE 2009"
8826;20127170;"VIS KALE 2013"
8827;20126649;"VIS KALE 2003"
8828;20126648;"VIS KALE 2002"
8829;20127491;"VIS KALE 2015"
8830;20127541;"VIS KALE 2014"
8831;20127002;"VIS KALE 2016"
8832;20123756;"VIS KALE 2017"
8833;20129362;"VIS KALE 2011"
8834;20130258;"VIS KALE 2008"
8835;20122014;INS3a
8836;20120956;"BIO SPIE1 d"
8837;20127789;"TOP NL.HER 3"
8837;20127788;"TOP NL.HER 3"
8839;20120062;"TOP NL.OIR"
8840;20120216;"BIO KOLL d--&gt;a"
8841;20120798;"BIO HARR d"
8842;20128527;"BIO VIVA e"
8845;20121064;"BIO BACH1 e"
8845;20121063;"BIO BACH1 e"
8845;20121062;"BIO BACH1 e"
8845;20121061;"BIO BACH1 e"
8847;20122060;"INS3.1a NO"
8848;20120023;"INS3.1a NO"
8849;20122892;"BIO BRUH d"
8850;20128453;"TOP CZ"
8851;20134013;"LIT KOMR a"
8852;20126809;"TOP NL.FRI 0"
8853;20125428;"MTP 2 KOND"
8854;20128007;"TOP DK 4"
8855;;
8856;20121332;"INS 3.1 a DE"
8857;20123380;"TOP NL 5"
8858;20127135;"TOP NL 4"
8859;20127341;"TOP NL.MID1"
8860;20123086;"BIO LOCA d"
8861;20126784;"BIO TOUR e"
8862;20123635;"AES KOOP"
8863;20129329;"TRE KOOP"
8864;20123285;"TRE KOOP"
8866;20122483;"TRE KOOP"
8866;20134857;"TRE KOOP"
8867;20126944;"BIO BACH1 e"
8868;20123748;"BIO BACH1 e"
8869;20121660;
8870;20122402;"TOP NL 5"
8871;20122255;"TOP NL.MUI"
8872;20130350;"TOP NL.AMS"
8873;20127234;"MTP 2 KOPP"
8874;20127714;"VIS KORF"
8876;20127669;"INS1a HR"
8877;20121075;"VIS KOSC"
8878;20127484;"TOP DE.GER 5"
8879;20120213;"BIO ERDM a"
8880;20127579;"BIB4 NL.HAG"
8882;20122699;"BIO ROSE e"
8882;20122700;"BIO ROSE e"
8883;20122935;"INS3a US.BOS"
8884;20129739;INS3.2a
8885;20129993;INS3a
8886;20121366;"VIS KOUZ"
8887;20127697;"INS10.9d KOWA"
8888;20123628;"BIO ALBE d"
8889;20126470;"BIO STEU d"
8890;20120099;"BIO BACH1 e"
8891;20120700;"TOP DE 5"
8892;20127668;"TOP DE.UPP3"
8893;20121826;
8894;20122816;"BIO SCHU5 d"
8895;20122815;"BIO SCHU5 d"
8896;20128656;"BIO KLEI d"
8897;20123031;"BIO BACH1 c"
8898;20123406;"BIO LEON e"
8899;20122741;"TOP NL 0"
8900;20128699;"INS3.1e AT.INN"
8901;20128698;"INS3.1e AT.INN"
8902;20122032;"BIB4 DE.HEI2"
8903;20121443;"TOP NL.MAA1"
8904;20124995;"TOP US.CAL"
8905;20125485;"BIO GERS e"
8906;20120435;"TOP DE 5"
8907;20125224;"TRE KRET"
8908;20122284;"TOP AT.VIE 5"
8909;20121390;"TOP DE 5"
8910;20127250;"INS1a DE"
8911;20123751;"INS7a DE.BER"
8912;20122705;"BIB2 KRIE"
8913;20121561;
8914;20121476;"BIO KRIE a"
8915;20128751;"INS3.1a NL"
8916;20122763;"TOP DE 5"
8917;20129164;"VIS KROE"
8918;;
8919;20126734;"TOP DE.BON 5"
8920;20127561;"TOP DE.HAM 5"
8921;20123434;"TOP DE 5"
8922;20129061;"MTP 2 KRUI"
8923;20128750;"INS3.1a NL"
8924;20127649;"TOP NL.AMS"
8925;20127945;INS3.1a
8926;20127566;"GEN 2"
8927;20127835;"TOP DE 5"
8928;20128260;"BIO BACH1 e"
8929;20123259;"GEN 3"
8930;20122053;"TOP DE 0"
8931;20129972;"BIB4 GB 4"
8932;20129975;"BIB3 KRUM"
8933;20127867;"BIB3 KRUM"
8934;20123703;"BIB3 KRUM"
8935;20126896;"BIO BACH1 e"
8936;20130286;"LIT KRUY a"
8937;20128421;"TOP ES 4"
8938;20127187;"TOP DE 5"
8939;20122520;"MTP2 KUHN"
8940;20121551;
8941;20121308;INS3.1a
8943;20125742;"INS3.1b KUIJ"
8944;20125630;"TOP NL.OVE"
8945;20122406;"TOP NL.ALM"
8946;20128042;"TOP NL 5"
8947;20128747;INS3.1b
8948;20127682;"TOP PT 0"
8949;20122934;"BIB4 DE.BER BOKE"
8950;20122123;"TOP BE.ANT 5"
8951;20128560;"TOP ID"
8951;20128559;"TOP ID"
8953;20123624;"BIO FASC1 e"
8954;20123759;"TOP DE.FRE1"
8955;20122864;"BIO GABR1 e"
8955;20122863;"BIO GABR1 e"
8957;20127207;GEN14
8958;20128623;
8959;20125664;"REF4 DAMM"
8961;20123738;"TOP DE 4"
8962;20126467;"LIT KUST a"
8963;20125432;"TOP NL.GEL"
8964;20128943;"BIO SCHU2 e"
8965;20121067;"TOP NL 5"
8966;20122196;"LIT LACL a"
8967;20123765;"TOP ES 3"
8968;20125821;INS3.1b
8969;20126507;"TOP FR 4"
8969;20126506;"TOP FR 5"
8969;20126505;"TOP FR 5"
8972;20127293;REF1
8973;20122262;"LIT LAGE a"
8974;20128015;"TOP IT.AOS 4"
8975;20128088;"HUM LAHN"
8976;20125448;"TOP NL.HIL1 7"
8977;20123014;"TOP US.MAS"
8978;20120019;"INS3.1e NL.SCH"
8979;20122393;"TOP NL.LEE 5"
8980;20128670;"INS3.1b BE.ANT"
8981;20120548;"BIB DE.HEI1 4"
8981;20120547;"BIB DE.HEI1 4"
8983;20128404;"INS3.2b BE.ANT"
8984;20128683;"INS3.2b RUCK"
8985;20128672;"INS3.2b RUCK"
8986;20128671;"INS3.2b RUCK"
8987;20129961;"INS3.2 b BE.ANT"
8988;20122161;"BIO UYLE d"
8989;20121493;"BIO SPIR e"
8990;20128223;"INS5.1d LAND"
8991;20124317;
8993;20123310;"TRE LAND"
8994;20121908;
8995;20126825;"KTS1 C1.21 16D29"
8996;20127813;"BIB4 NL 4"
8997;20125911;"BIB4 NL 5"
8998;20120728;"TOP NL 4"
8999;20120651;"BIO HOOG e"
9000;20122324;"BIB4 DE 4"
9001;20120202;"BIB2 LAND"
9002;20121988;"BIB4 DE.BUR"
9003;20123430;GHM0
9004;20120109;"TOP DK.COP 5"
9005;20120774;"BIO CARA d"
9006;20127611;"BIO JORD c"
9007;20120000;INS3.1b
9009;20121455;"TOP NL.BUS"
9010;20130282;"LIT LANG a"
9011;20122215;"LIT HEIJ a"
9012;20125795;INS3.1a
9013;20128517;"BIO BUCH d"
9014;20122919;"BIO ARNE d"
9015;20127910;INS6.6a
9016;20125283;INS6b
9017;20120185;"BIB4 NL LEER"
9018;20128326;"INS3.1b BERG"
9019;20129306;"INS3.1a BE"
9020;20122941;"BIO HAYD1 a"
9020;20126361;"BIO HAYD1 a"
9021;20123097;"BIO HAYD1 e"
9022;20120918;"BIO HAND e"
9023;20126666;"INS6.2d LASO"
9024;20126978;"INS6d LASO"
9025;20130046;"BIO HESS b"
9026;20124228;
9027;20125525;"LIT LATE a"
9028;20125445;"TOP IT 3"
9029;20126829;"INS7.3d LAUB"
9031;20123561;INS3.1c
9031;20123555;INS3.1c
9032;20120037;"INS3.1e DK.FRE"
9033;20128385;"TOP FR 0"
9034;20128470;"BIB4 FR.PAR"
9035;20123185;"BIO LULL d"
9036;20127174;"BIO PLOO c"
9037;20127164;"VIS LAUR"
9038;20129175;"VIS LAUR"
9039;20122929;"BIO REMB a"
9040;20121429;"HUM LAVE"
9041;20127626;"VIS LAVI"
9042;20121631;
9043;20121615;
9044;20122803;"BIO MOZA2 e"
9045;20122736;INS6.2a
9046;20130007;
9047;20120650;"BIO BACH1 e"
9048;20127276;"BIO BACH1 b"
9049;20125599;"MTP2 LEBR"
9050;20122395;"MTP2 LEBR"
9051;20127946;"TOP FR 5"
9052;20125536;"TOP NL.HAA 4"
9053;20129237;"BIO GROL d"
9054;20127410;"BIO NICH c"
9055;20121124;"BIO GOLT a"
9056;20127441;"BIO ALCI e"
9057;20120541;"TOP NL 5"
9058;20121187;"BIO VOND d"
9059;20120866;"KTS1 C2.26 H4-081"
9060;20121990;"BIO HOOF c"
9061;20121066;"BIO BACH1 e"
9062;20126715;GEN2
9063;20123705;"BIO BACH1 e"
9064;20126780;"VIS LEEU"
9065;20125729;"TOP NL.AMS 6"
9066;20127914;"MTP2 LEEU"
9067;20122345;"BIO STAL e"
9068;20128578;"VIS LEEU"
9069;20127292;"BIO KOER d"
9070;20121499;"TOP FR 3"
9071;20127329;"BIO LAWE d"
9072;20121514;"TOP GB.LON 5"
9073;20130269;"HUM LEFR"
9074;20126702;"LIT RABE b LEFR"
9075;20128771;"INS3.1e GB.ADL"
9076;20128167;"TOP DE.COL 3"
9077;20122471;"TOP LU 3"
9077;20122470;"TOP LU 3"
9077;20122469;"TOP LU 3"
9080;20120709;"BIO BACH0 b"
9081;20126449;"VIS LEHM"
9082;20127034;"TOP BE.GHE 0"
9083;20125421;"INS10.3a NL"
9084;20125516;INS10.3b
9085;20128869;"INS10.9a LEHR"
9086;20123544;"SCO BACH1"
9087;20121079;"BIO BACH1 b"
9088;20125489;"BIO BACH1 c"
9089;20127242;"BIO BACH1 e"
9090;20120693;"BIO MOZA1 b"
9091;20120086;"BIO VANH2 d"
9092;20125252;"TOP NL 7"
9093;20122853;"INS3.1b GRAI"
9094;20125284;"TOP BE 4"
9095;20123633;"TOP NL 4"
9096;20125923;"REF4 LENN"
9097;20122029;"GHM 0"
9098;20127244;"BIO GRET a"
9099;20128609;"BIB4 DE.MAR2"
9100;20125860;"BIB4 DE.MAR2"
9100;20125859;"BIB4 DE.MAR2"
9102;20128364;INS3.3a
9103;20123224;"BIO BUCH e"
9104;20127498;"BIO BACH1 e"
9105;20128970;"TOP NL.AMS 5"
9106;20120984;"BIO BACH1 e"
9107;20128533;"BIO MONT2 e"
9109;20120162;"BIO LAND e"
9109;20120161;"BIO LAND e"
9110;20126646;GEN16
9111;20129454;"TOP IT 5"
9111;20129455;"TOP IT 5"
9113;20123724;"BIO DEBU d"
9114;20123309;"TRE LEPP"
9115;20130048;"TRE LEPP"
9117;20121467;"TOP BE.FLA 5"
9117;20121466;"TOP BE.FLA 5"
9118;20128512;"BIO TITS d"
9119;20126982;"VIS LERO"
9120;20127529;"VIS LERO"
9121;20129582;
9123;20122192;"LIT LESA a"
9123;20122191;"LIT LESA a"
9124;20123247;"VIS LESB"
9125;20122122;"BIO RUBE d"
9126;20127722;"VIS LESU"
9127;20125162;"TOP FR 5"
9128;20128003;"BIB4 NL.AMS 5"
9129;20128610;"BIB4 FR 4"
9130;20122337;"TOP FR 5"
9131;20128335;"TOP NL.AMS 7"
9132;20125235;"BIB4 NL.AMS 4"
9133;20125026;"MTP 2 LEVA"
9134;20121451;"BIO BEST b"
9135;20128455;"BIO EEDE a"
9136;20129257;"BIO LEYS d"
9137;20127221;"BIO MOZA1 d"
9138;20126947;"BIO BACH1 d"
9139;20125391;"TRE LIBA"
9140;20128800;"INS3.1a IT.VIT"
9141;20127724;"INS3a US.NEW1"
9142;20125858;"TRE LICH"
9143;20130309;"INS3.1e DE.LUB"
9148;20128127;"TOP IT 5"
9149;20123631;"TOP NL.FRI 5"
9150;20129212;"TOP NL.HAG 5"
9151;20128498;"BIO VOGL1 d"
9152;20127944;"BIO MOZA0 e"
9153;20122635;"INS1b NL.HAG1"
9154;20120974;"INS1b NL.HAG1"
9155;20122149;"BIO BACH1 e"
9156;20125588;"MTP2 LIND"
9157;20129325;"BIB4 NL 4"
9158;20123566;"BIB4 NL 4"
9159;20120387;INS3c
9160;20120114;INS3.2d
9161;20127402;"BIB4 AT.SAN"
9162;20129222;"TOP NL 3"
9163;20129436;"TOP IT"
9164;20129437;"TOP IT"
9165;20129438;"TOP IT"
9166;20129440;"BIO MAZZ a"
9167;20129439;"TOP IT"
9168;20129444;"TOP IT"
9169;20129446;"TOP IT"
9170;20129447;"TOP IT"
9171;20129443;"TOP IT"
9172;20129448;"BIO MOZA1 e"
9173;20129449;"TOP IT"
9174;20129451;"TOP IT"
9175;20129452;"TOP IT"
9176;20129456;"TOP IT"
9176;20129457;"TOP IT"
9178;20129450;"TOP IT 5"
9179;20123661;"INS3.1b JAHN"
9180;20122126;"BIO VIOT d"
9181;20123194;"BIO LISZ a"
9182;20124284;"SCO LLI"
9183;20129359;"INS3.1e NL.AMS"
9184;20129144;"BIO FILS e"
9185;20127018;"TOP IT.4"
9186;20121512;"BIO GEOR d"
9187;20129986;"MTP1 LLOY"
9188;20121766;"SCO LOCA"
9189;20121765;
9190;20121764;"SCO LOCA"
9191;20121618;"SCO LOCK1"
9192;20121628;
9193;20121627;
9194;20121622;
9195;20121623;"SCO LOCK1"
9196;20125291;"TOP FR 6"
9198;20120676;"TOP NL"
9199;20120247;"LIT LODE a"
9200;20120246;"LIT LODE a"
9201;20125685;"BIO KLEB e"
9202;20128121;GEN12
9202;20128120;GEN12
9204;20129396;"TOP IT"
9204;20129395;"TOP IT"
9206;20128365;INS3a
9207;20123017;"TOP ES.MAD 5"
9208;20127195;"BIB4 IT.FLO"
9209;20120018;"INS3.1e IT.FLO"
9210;20120439;"BIB4 SE.STO"
9211;20120438;"BIB4 SE.STO"
9212;20120240;"LIT LONG a"
9214;20121488;"BIB4 IT VERO"
9214;20121487;"BIB4 IT VERO"
9215;20120468;"INS10.3a NL"
9216;20126919;"BIO MAKE d"
9217;20127177;"TOP NL.AMS 0"
9218;20120413;"LIT LOPE a"
9219;20127552;"TOP NL"
9220;20126799;"BIO ALFO c"
9221;20120476;"BIB ES.SEG"
9222;20120463;"TOP ES.BUR"
9222;20120462;"TOP ES.BUR"
9222;20120461;"TOP ES.BUR"
9222;20120460;"TOP ES.BUR"
9226;20125012;"BIB4 ES.GRA"
9226;20125011;"BIB4 ES.GRA"
9228;20124285;
9229;20126547;"GHM 0"
9230;20129145;"BIO BEND d"
9231;20129397;"VIS LORG"
9232;20128188;"TOP FR 5"
9233;20122340;INS3b
9234;20127876;"TRE LOUL"
9235;20125619;"BIO SCHA0 e"
9237;20125121;GHM4
9237;20125120;GHM4
9238;20130274;"TOP US.CAL"
9239;20130267;"HUM LUCA"
9240;20127766;"TOP IT.BEL 5"
9241;20125035;"TOP IT.VAL"
9242;20125540;"BIO BACH1 e"
9243;20122974;"BIO BACH1 e"
9243;20120978;"BIO BACH1 e"
9243;20120977;"BIO BACH1 e"
9243;20120976;"BIO BACH1 e"
9244;20120626;"TOP IT 5"
9245;20121159;"BIO MERS e"
9246;20123036;"BIO BACH1 e"
9247;20128214;"VIS LUIK"
9248;20125362;"BIO LULL a"
9249;20120159;"LIT LULO a"
9250;20128006;"INS3.1b BARC"
9251;20128857;"TOP IT.TRE1 4"
9251;20128856;"TOP IT.TRE1 4"
9253;20127420;"INS3.1a IT.VEN2"
9254;20125150;INS3.1a
9255;20123242;"VIS LUNS"
9256;20128994;"INS3.1a NL"
9257;20126671;"KTS1 C1.21 16D27_01"
9257;20126670;"KTS1 C1.21 16D27_02"
9259;20121303;"INS3.1e NL.GRO"
9260;20127634;"TOP NL 4"
9260;20127633;"TOP NL 4"
9262;20128232;"BIO DRES d"
9263;20127290;"BIO BACH1 b"
9264;20130292;"TOP DE.BER 5"
9265;20130291;"BIO WOLF1 e"
9266;20122174;"BIB3 LUTT"
9267;20129139;INS3.1b
9268;20127938;"TOP DE.LIM"
9269;20127923;"TOP RU"
9270;20123764;"TOP NL 0"
9271;20126598;INS3.1b
9272;20128137;GEN5
9273;20125266;"INS3.2d MAAS"
9274;20122227;"BIO VILL d"
9275;20127318;"GEN 5"
9276;20120896;"TOP GB 5"
9277;20120779;"BIO LEGR e"
9278;20128010;"TRE MACE"
9278;20128009;"TRE MACE"
9280;20121155;"BIO MOND d"
9281;20120313;"PHI MACH a"
9282;20120312;"LIT MACH a"
9283;20125225;"BIB4 PL.STA"
9284;20127464;INS3a
9285;20128612;"INS1a GB.LON"
9286;20122092;"TOP BE.FLA"
9287;20128591;"BIO TELE e"
9288;20121274;"BIO PIER d"
9289;20128641;"BIB4 IT.ROM"
9290;20123682;"TOP IT.MOL 5"
9291;20123676;"TOP IT.MOL"
9292;20123675;"TOP IT.MOL"
9293;20122645;"BIB4 IT.LUC"
9294;20121108;"TOP DE.FRE2"
9295;20120437;"TOP DE.DRE 4"
9296;20120924;"BIO FROB2 b"
9297;20129286;"INS3.1b MÜLL"
9298;20123223;"BIO BACH1 e"
9299;20123749;"TRE MAHR"
9300;20121034;"INS3.1a FR.MOS"
9301;20122703;"INS10.9a MAIN"
9302;20120410;"BIB4 FR.PAR"
9303;20121043;"BIO HAND a"
9304;20123700;"BIO SIX d"
9305;20125514;"TRE MAK"
9306;20121086;"TOP NL 4"
9308;20120198;"BIO MALH a"
9309;20128853;"BIO RAME c"
9310;20128534;"BIO ZIEL d"
9311;20120854;"TOP NL 5"
9312;20126654;"INS3.1a IT.SIE"
9313;20128091;INS1a
9314;20129198;"REF1 MAND (glass gupboard)"
9315;20121984;"TOP IT 4"
9316;20127346;"BIO HEIN e"
9317;20120688;"LIT MANN a"
9318;20129390;"TOP NL"
9319;20125056;"VIS MANS"
9320;20120874;"BIO SEWA d"
9321;20123629;"BIO AFFL d"
9322;20129039;"TOP IT.SON"
9323;20122120;"KTS1 C3.53 G1-040_01"
9323;20122119;"KTS1 C3.53 G1-040_02"
9325;20125057;"TOP IT.MIL"
9326;20125106;"BIB4 ES.MAD"
9327;20127514;"BIO STIB d"
9328;20123476;INS1a
9329;20125279;"TOP BE. BRU2 5"
9330;20126789;"VIS MARI"
9331;20127553;"VIS MARI"
9332;20122926;"BIO DORI a"
9333;20120404;"BIO FARI2 a"
9334;20121273;"BIO PISA d"
9335;20126870;"BIO VERO2 d"
9336;20127131;"INS1b IT.ASS1"
9337;20127452;"INS3.1b MEER"
9338;20128319;"TOP PL.KRA"
9339;20120349;"LIT MARL a"
9340;20120342;"LIT MARL a"
9341;20120341;"LIT MARL a"
9342;20123720;"BIO PICA e"
9343;20127160;"INS 3.1e ES.VAL"
9344;20125325;"TOP DE.BAD"
9346;20123528;"SCO BACH1"
9348;20122957;"BIO BACH1 e"
9348;20122956;"BIO BACH1 e"
9349;20125029;"VIS MARS"
9350;20129380;"TOP WM 1"
9351;20120386;"BIO MART2 e"
9352;20121502;"INS3.2b GB"
9352;20121501;"INS3.2b GB"
9355;20129303;"INS3.1a FR.LIM"
9356;20122753;"BIO GALL d"
9357;20127224;"TOP ES.GRA"
9359;20125368;"TOP ES.ZAR 4"
9359;20125367;"TOP ES.ZAR 4"
9361;20128628;INS3.1b
9361;20125944;INS3.1a
9362;20122591;"INS3.1 e FR.TRO"
9363;20130031;"BIO LAND d"
9364;20123320;"BIO MOZA1 e"
9365;20122484;"BIB4 DE.BON"
9366;20123138;"BIO CORE c"
9367;20122850;"BIO HAND e"
9368;20122706;"TOP DE.HAM 5"
9370;20127278;"BIO HAND d"
9370;20127277;"BIO HAND d"
9371;20127261;"BIO MATT d"
9372;20130305;"TOP IT.CAS2"
9373;20121788;
9374;20121787;
9375;20121786;
9376;20121785;
9377;20121784;
9378;20121783;
9379;20121782;
9380;20121781;
9381;20121780;
9382;20121779;
9383;20121778;
9384;20122139;"GHM 6"
9386;20120736;"BIO LAMB d"
9387;20126684;"BIO LALA e"
9388;20126581;"TOP FR.ROU"
9389;20125850;INS1b
9390;20126762;"LIT MATH a"
9391;20126761;"BIO MOZA1 d"
9392;20126914;"TOP NL.ROT 7"
9393;20129412;"BIO STRO a"
9394;20125511;"INS3.1e CH.WIN"
9395;20127981;"BIO NOMS d"
9397;20125318;"TRE MATT"
9398;20127430;"TRE MATT"
9399;20121704;"SCO MISC RASC"
9400;20121457;"BIO BACH1 e"
9401;20120971;"BIO MAUG d"
9403;20129183;"TOP DE.LEI 5"
9403;20129182;"TOP DE.LEI 5"
9404;20122513;"BIO BACH1 e"
9405;20127260;"TOP DE.LEI"
9406;20121537;"TOP DE.LEI"
9407;20123455;"INS3a AT.VIE1"
9408;20122512;GEN13
9409;20122777;"VIS MAYE"
9410;20128443;INS3.1a
9411;20121094;"INS3.1b GABL"
9412;20121239;"BIO MAYR d"
9413;20123414;"BIB4 NL.ROT 6"
9414;20121756;
9415;20127429;"TOP US 6"
9416;20127966;"TOP FR 4"
9417;20127601;"BIO TERB1 e"
9417;20127600;"BIO TERB1 e"
9419;20120901;"TOP GB.LON 5"
9420;20127010;"TOP PT 0"
9421;20128603;"BIO COSI b"
9422;20122652;"INS1b IT.VER1"
9423;20122632;"INS1b DE.NUR1"
9424;20125259;INS3.2a
9425;20122933;"BIO FUX e"
9425;20122867;"BIO FUX e"
9425;20122866;"BIO FUX e"
9425;20122865;"BIO FUX e"
9429;20127610;"INS1b DE.NUR1"
9430;20121495;"INS3.2a DE.BER"
9431;20121477;"BIO BUSK d"
9432;20121208;"TOP NL.ZEE2 4"
9433;20121424;"VIS MEES"
9434;20120869;"BIO RENE a"
9435;20127569;INS3.1b
9436;20120008;"INS3.1e DE.HAM"
9437;20121912;
9438;20125220;"INS4.4d MEIE"
9439;20123662;"TOP DE.BRA1"
9440;20121184;"BIO ASSE e"
9441;20128590;"BIO SWEE1 d"
9442;20127175;REF1
9443;20128386;"INS10.3a NL.DEL"
9444;20126961;"KTS1 C2.26 H4-071"
9445;20125039;"TOP NL"
9446;20129364;"BIB1 MEIN"
9449;20127458;"TOP NL"
9449;20127457;"TOP NL"
9449;20127456;"TOP NL"
9449;20127455;"TOP NL"
9451;20127795;"TOP NL.DEV"
9452;20125437;"BIO BACH1 e"
9453;20120998;"BIO BACH1 c"
9454;20128248;
9455;20127275;"BIO BACH1 e"
9456;20126943;"BIO HASS2 d"
9457;20126926;"BIO HASS2 d"
9458;20126822;"BIO OUDA d"
9459;20130049;"TOP US 7"
9460;20125360;"MTP1 MEND"
9461;20124048;
9462;20124297;
9463;20124274;
9464;20124313;
9465;20124312;
9466;20129262;"BIO RIST d"
9467;20128731;INS3.1a
9468;20143996;"BIB4 DE.LUB"
9469;20122921;"BIO TELE b"
9470;20122819;"BIO HASS2 e"
9471;20123066;"BIO STAL d"
9472;20128103;"INS3d XL"
9473;20123149;"BIO GRES d"
9474;20128772;"INS3.1 d"
9475;20123226;"TOP DE 5"
9476;20120158;"BIO PETY a"
9477;20120183;"BIO MERS a"
9477;20120182;"BIO MERS a"
9477;20120181;"BIO MERS a"
9477;20120180;"BIO MERS a"
9477;20120175;"BIO MERS a"
9477;20120179;"BIO MERS a"
9477;20120178;"BIO MERS a"
9477;20120177;"BIO MERS a"
9477;20120176;"BIO MERS a"
9477;20120174;"BIO MERS a"
9477;20120173;"BIO MERS a"
9477;20120172;"BIO MERS a"
9477;20120171;"BIO MERS a"
9477;20120170;"BIO MERS a"
9491;20125542;"TOP DE.THU"
9492;20121698;"SCO MISC RASC"
9493;20121751;
9494;20121750;
9495;20121749;
9496;20121747;
9497;20121748;
9499;20121746;
9501;20124220;"SCO MERU"
9502;20129000;"INS3.1e FR.PAR"
9503;20129948;INS4a
9504;20121099;"TOP NL 5"
9505;20126819;"TOP NL.AMS 7"
9506;20127534;INS3.3a
9507;20120322;"LIT MEUR a"
9508;20121310;"INS3.1a FR.ALS"
9509;20121907;
9510;20128122;"TOP GB 0"
9511;20121452;"TOP DE.HAL1 5"
9512;20120208;"TOP DE.LUB"
9513;20123626;INS2a
9514;20125188;"TOP NL 4"
9515;20120141;"BIB4 DE.BER"
9516;20121003;"BIO BACH1 e"
9520;20122111;"TOP NL.UTR 5"
9522;20121845;
9523;20127409;"GEN 3"
9524;20125389;"TOP PL 0"
9525;20128195;"INS5.3a MICH"
9526;20123165;"TOP BE.FLA 4"
9527;20126561;"BIO CALZ e"
9528;20128352;"TOP IT.FLO"
9529;20128500;"BIO WAGE c"
9530;20125839;"BIO BACH1 e"
9531;20124272;"SCO MICH"
9532;20124271;
9533;20124212;
9535;20121675;
9536;20121651;
9537;20121850;
9538;20121641;
9539;20124071;
9540;20128614;GEN4
9540;20128613;GEN4
9542;20126711;"GEN 15"
9543;20123695;"BIO BACH1 e"
9543;20123694;"BIO BACH1 e"
9545;20122915;"BIO BACH2 d"
9546;20120814;"TOP NL.AMS 0"
9547;20122347;"TOP DK.HEL"
9548;20125568;"TOP FR.CHA"
9549;20128229;"INS4.3a FR"
9550;20123630;"BIO MARA d"
9551;20128601;"VIS MILM"
9552;20120350;"LIT MILT a"
9553;20129322;"TOP DE.OTT 6"
9554;20122086;"INS3.1a DE.OTT"
9554;20122087;"INS3.1a DE.OTT"
9556;20122084;"INS3.1a DE.OTT"
9556;20122085;"INS3.1a DE.OTT"
9558;20122639;"BIB4 PT.LIS"
9559;20127246;"TOP FR. TRO 3"
9560;20123473;"TOP IT 5"
9561;20129352;"VIS MIRI"
9562;20123601;
9563;20128749;"INS3.1e IT.PIA"
9564;20128806;"INS3.1e IT.FEL"
9565;20129310;"INS3.1a CH"
9566;20126616;"INS 3.1 a IT.TUR"
9567;20126972;"BIB4 IT 4"
9568;20126929;"BIO BANC1 d"
9569;20120136;"BIB1  MISC"
9570;20121414;"BIO ENCI b"
9571;20122744;"BIB4 SE.UPP"
9572;20122545;"BIB4 AT.VOR"
9573;20122361;"LIT SEVI a"
9575;20120447;"INS4.1d MOEN"
9576;;
9577;20125451;"KTS1 C2.26 H4-068"
9577;20125450;"KTS1 C2.26 H4-069"
9579;20121395;"VIS MOGI"
9580;20128778;"INS3.1e DE.HAM"
9581;20128070;"TOP DE.FRA1"
9582;20125377;"TOP DE.FUR"
9583;20122637;"BIB4 DE.REG"
9584;20127233;"LIT MOHR a"
9585;20126495;"LIT MOHR a"
9586;20127186;"INS3.2b GB"
9586;20127185;"INS3.2b GB"
9586;20127184;"INS3.2b GB"
9589;20125190;"TOP NL.LEI 4"
9590;20128415;"INS3.1e NL.ULR"
9591;20128798;"INS3.1e NL.FAR"
9592;20123618;"INS3.1e NL.UIT"
9593;20122148;"INS3.1e NL.MEN"
9594;20128839;"TRE MOLE"
9595;20128172;"VIS MOLE"
9596;20120255;"TOP NL 5"
9597;20125843;"BIO PRAE e"
9598;20120761;"BIO HAND e"
9599;20128662;"BIO INDI e"
9600;20120840;"TOP FR.PER2 3"
9601;20125165;"BIB4 FR 5"
9602;20122791;"GEN 2"
9603;20121809;
9604;20129416;"TOP NL 0"
9605;20128848;"GHM 0"
9606;20122538;"BIO GERV d"
9607;20125497;"BIO PHIL3 d"
9608;20125295;INS1a
9609;20125294;INS1a
9610;20121253;"TOP GB 3"
9611;20122112;"BIO LEBR e"
9612;20125337;"BIO MONT3 a"
9613;20122187;"PHI SEBO b MONT"
9614;20126496;"PHI MONT b DRES"
9615;20122190;"PHI MONT a"
9615;20122189;"PHI MONT a"
9615;20122188;"PHI MONT a"
9618;20126606;"PHI MONT a"
9619;20125465;"INS3.3c MONT"
9620;20121877;
9621;20128270;"TOP NL 5"
9622;20120294;"LIT MONT a"
9623;20128233;"BIO MONT2 e"
9624;20128532;"BIO MONT2 a"
9625;20121149;"BIO MONT2 a"
9626;20124082;"SCO MONT2"
9627;20123723;INS3a
9628;20121085;"LIT MOOR a"
9629;20122374;"LIT MOOR a"
9630;20129162;"TOP IT.VEN 5"
9630;20129163;"TOP IT.VEN 5"
9631;20125774;"BIO PURC1 e"
9632;20128812;"INS3.1a BE"
9632;20144579;"INS3.1a BE"
9633;20125136;"TOP RU 5"
9634;20124276;"SCO MISC BARR"
9635;20125382;"BIB4 ES.SAN"
9635;20125686;"BIB4 ES.SAN"
9637;20121279;"TOP DE 0"
9638;20125395;"TOP PL 3"
9639;20125394;"TOP PL 3"
9640;20123532;"SCO BACH1"
9641;20129453;"TOP IT.ROM 4"
9642;20128551;"TOP IT 5"
9643;20127750;"BIB4 IT.ROM"
9644;20127460;"INS6.6d MORE"
9645;20128100;"TOP ES 5"
9646;20124023;"SCO MISC SHAD"
9647;20125228;"TOP BE.ANT 5"
9648;20121069;"BIO MOZA1 e--&gt;LIT MORI a"
9649;20121153;"TRE MORL"
9650;20126624;"INS3.1e US.BER1"
9651;20121640;
9652;20123023;"INS4b IT.CRE"
9653;20122603;"INS4.1d MOSE"
9654;20127769;"TOP DE.QUE 4"
9655;20127627;"TOP DE.QUE"
9656;20128786;INS3.1a
9657;20123207;"BIO HOFH d"
9658;20122879;"BIO BUXT d"
9659;20126551;"AES MOSE"
9660;20127706;"TOP DE 0"
9661;20124076;"SCO MISC MOSE"
9661;20124075;"SCO MISC MOSE"
9663;20120167;"LIT MOSM a"
9664;20123758;"INS3.2b KIRK"
9665;20124269;
9666;20121092;"BIO MOZA0 a"
9667;20121133;"BIO MOZA2 a"
9668;20121598;
9669;20128886;"BIO MOZA3 a"
9670;20128489;"BIO MOZA1 a"
9670;20128488;"BIO MOZA1 a"
9670;20128487;"BIO MOZA1 a"
9670;20128486;"BIO MOZA1 a"
9670;20128485;"BIO MOZA1 a"
9670;20128484;"BIO MOZA1 a"
9670;20128483;"BIO MOZA1 a"
9677;20121138;
9678;20123278;
9679;20123277;
9680;20123275;
9681;20123274;
9682;20123271;
9683;20123279;
9684;20123272;
9685;20123276;
9686;20123270;
9687;20123269;
9688;20127681;"BIO MOZA1 c"
9689;20121708;
9690;20121567;
9691;20121568;
9692;20121566;
9693;20121565;
9694;20121579;
9695;20121578;
9696;20121577;
9697;20121581;
9698;20121576;
9699;20121575;
9700;20121587;
9701;20121586;
9702;20121585;
9703;20121584;
9704;20121583;
9705;20121582;
9706;20121580;
9707;20121594;
9708;20121593;
9709;20121592;
9710;20121591;
9711;20121590;
9712;20121601;
9713;20121589;
9714;20121588;
9715;20121602;
9716;20121597;
9717;20121596;
9718;20121595;
9719;20124080;
9720;20124057;
9721;20124056;
9722;20124030;
9723;20128274;"BIO MOZA1 c"
9724;20125133;
9725;20123855;"SCO MUFF"
9727;20121820;"SCO MUFF"
9728;20121816;"SCO MUFF"
9729;20121806;"SCO MISC DTO"
9729;20124022;"SCO MISC DTO"
9730;20126871;"TRE ALIA"
9731;20127644;"BIO MUIR a"
9732;20121367;"VIS MULD"
9733;20128622;"AES MULD"
9734;20128253;"TOP JP.HIR"
9735;20127621;"INS3.1a ES MAL"
9736;20122419;"TOP DE.HAL1 5"
9737;20120552;"TOP DE 0"
9738;20126448;"BIO BRAH d"
9739;20125699;"BIO BOHM e"
9740;20122489;"BIO MING e"
9741;20120796;"KTS1 C2.26 H4-073"
9742;20129258;"TOP DE.CEL 0"
9743;20125246;"VIS MULL"
9744;20125441;"BIO EGMO d"
9745;20128678;
9746;20120621;"TOP BE.FLA 5"
9747;20127482;"TOP DE 4"
9748;20123831;"BIO MÜLL2 a"
9748;20123830;"BIO MÜLL2 a"
9750;20129328;"BIO KRUM d"
9751;20120419;"BIO SCHU5 e"
9752;20130293;"INS5.3a MULLE"
9753;20123072;"INS3.1b SILB"
9754;20123071;"INS3.1b SILB"
9755;20126828;"BIO HASS2 e"
9756;20126676;"BIO PHIL2 d"
9757;20123681;"LIT MUNB a"
9758;20127024;INS2a
9759;20128689;"INS3.1a CH"
9760;20125151;INS1a
9761;20127772;"BIB4 DE.BAV"
9762;20120375;"BIO CLEM e"
9763;20122416;"INS3.1e NL.WAG"
9764;20123375;"BIB4 SK.BAR"
9765;20125477;"INS5.2c MURC"
9766;20123326;"MTP1 MURR"
9767;20122466;"BIO FRAN a"
9768;20123108;"BIO FEST e"
9769;20126510;"LIT MUSE a"
9770;20128947;"MTP1 MUSI"
9771;20128454;"BIO GORT d"
9772;20120820;"BIO BACH1 e"
9773;20120928;"BIO HAND e"
9774;20124223;
9775;20128434;"BIO WOLF3 d"
9776;20123650;"BIO MENA d"
9777;20120455;INS10.9b
9778;20126542;"BIO GRAU e"
9779;20122404;"BIO CIBB d"
9780;20125845;"BIO WILL1 a"
9781;20128746;"INS3.1a PL"
9782;20123420;"BIO PFLE d"
9783;20130057;"TOP GB 5"
9784;20121905;
9785;20126692;"BIO BACH1 e"
9786;20126857;"BIO BACH1 e"
9787;20120939;"BIO NEEF a"
9788;20125097;"TOP CH 5"
9789;20125008;"BIB4 IT.VER"
9790;20127211;"BIO PERI1 e"
9791;20120092;"BIO BYRD e"
9792;20121454;"VIS NEII"
9793;20122261;"TOP EG 6"
9794;20125275;"TOP PT 5"
9795;20123610;"TOP PT 0"
9796;20129332;"TOP GB 0"
9797;20122904;"BIO CASA d"
9798;20129355;"BIO TELE e"
9799;20120732;"BIO SELL e"
9800;20122698;"BIO NEUF d"
9802;20125172;"MTP2 NEUM"
9802;20130071;"BIO BACH1 e"
9803;20137401;"MTP1 NEUM"
9804;20123526;"SCO BACH1"
9805;20123509;"SCO BACH1"
9806;20123508;"SCO BACH1"
9807;20123967;"SCO BACH1"
9807;20123507;"SCO BACH1"
9808;20123506;"SCO BACH1"
9809;20123546;"SCO BACH1"
9810;20123505;"SCO BCH1"
9811;20123543;"SCO BACH1"
9812;20123225;"BIO BACH1 e"
9813;20123061;"BIO BACH1 b"
9814;20123060;"BIO BACH1 b"
9815;20123059;"BIO BACH1 b"
9816;20126645;"BIO BACH1 d"
9817;20123805;INS6.9a
9818;20129980;INS3.2a
9819;20129981;"INS3.2d NEUP"
9820;20128194;"INS5.1a GB"
9821;20121885;"SCO S BARL"
9822;20125555;"TOP JP 5"
9823;20128570;"BIO ROSS1 c"
9825;20128368;"INS3a RUSS"
9825;20129983;"INS3a RUSS"
9826;20125627;"TOP FR.VIL 7"
9827;20122017;"BIO POPE b"
9828;20125215;"INS6b DE.NUR"
9829;20125015;"BIB4 DE.HAL1"
9830;20125841;"TRE NICO"
9831;20128170;"TOP GB 0"
9832;20123658;"BIO KREB e"
9833;20128332;"MTP2 NIEL"
9834;20126650;"BIB4 NL 3"
9835;20125501;"TOP DE.COL 5"
9836;20128956;"TOP DE 4"
9837;20122507;"BIO SCHA1 e"
9838;20126940;"BIO WOLL e"
9839;20125749;"BIO ROSI d"
9840;20121871;
9841;20125543;"TOP NL.UTR 6"
9842;20127443;"TOP NL 5"
9843;20128748;"INS3.1e NL.HAA"
9844;20120494;"INS3.1a NL"
9844;20120492;"INS3.1a NL"
9844;20120491;"INS3.1a NL"
9844;20120490;"INS3.1a NL"
9844;20120489;"INS3.1a NL"
9844;20120488;"INS3.1a NL"
9844;20120487;"INS3.1a NL"
9844;20120486;"INS3.1a NL"
9844;20120485;"INS3.1a NL"
9844;20120484;"INS3.1a NL"
9844;20120483;"INS3.1a NL"
9844;20120482;"INS3.1a NL"
9844;20120481;"INS3.1a NL"
9844;20120480;"INS3.1a NL"
9846;20126481;"LIT NIJH a"
9847;20120826;"BIO BELL d"
9847;20120827;"BIO BELL d"
9849;20123690;"KTS1 C2.26 H4-082"
9850;20125549;"TOP NL.HAR3"
9851;20129005;"INS3.1e GB.LON"
9851;20130413;"INS3.1e GB.LON"
9852;20122901;"BIO BESO b"
9853;20122945;"BIO FARI3 d"
9854;20128073;"TOP DE.DAR 0"
9855;20122894;"BIO BRIE d"
9856;20123257;"BIO GRAU e"
9857;20120390;INS4.1a
9858;20123345;INS3.2b
9859;20127214;"TOP FR.SAI7"
9860;20128953;"BIO MENG d"
9861;20130287;"TOP IT 4"
9862;20120248;"TOP US.TEX"
9863;20123456;"TOP ES.MAD 4"
9864;20125533;"TRE--&gt;LIT NOOT a"
9865;20128344;"MTP2 NORD"
9866;20121098;INS5.9a
9867;20126980;"INS3a SE.STO1"
9868;20127800;"VIS NORM"
9869;20128334;INS5.1a
9870;20127842;"TRE NORT"
9871;20128381;"BIO NORT c"
9872;20128380;"BIO NORT c--&gt;TRE NORT"
9873;20125788;"BIO NORT e"
9874;20125726;"TRE NORT"
9875;20129583;"GEN 6"
9877;20127306;"TOP NL 5"
9877;20127305;"TOP NL 5"
9878;20125343;"BIO SWEE1 e"
9879;20128348;"TOP DE.MUN1"
9880;20127257;"BIO BEET e"
9881;20125783;"BIO MOZA1 b"
9882;20127304;"BIO MOZA1 b"
9883;20122947;"BIO ERAS e"
9884;20127478;"TOP FR 5"
9885;20129967;INS3.2d
9886;20122450;"MTP2 NUTI"
9887;20128572;"INS3.2b RUCK"
9888;20122173;"INS4.5d  OLOG"
9889;20121536;"TOP GB 6"
9890;20124078;
9891;20124077;
9892;20124320;
9893;20129093;"BIO BACH8 b"
9894;20122518;"TOP DE.EIS"
9895;20127301;"BIO TELE e"
9896;20121299;"INS3.1b TESC"
9897;20128810;"INS 3.1 a DE.SAX"
9897;20128809;"INS 3.1 a DE.SAX"
9897;20128808;"INS 3.1 a DE.SAX"
9897;20128807;"INS 3.1 a DE.SAX"
9901;20128249;"TOP NL.AMS 5"
9902;20120927;"INS1a GB.SUS"
9903;20129023;"INS3.1e DK.AAR"
9904;20122260;"LIT a GLOR"
9906;20130061;"LIT OLOF a"
9907;20120751;"BIB4 DE.THU 5"
9908;20128776;"INS3.1e IT.SAN2"
9909;20120415;"BIO LOSS d"
9910;20123378;"BIO SCAR2 e"
9911;20126774;"LIT OORT a"
9912;20120948;"BIO BACH1 e"
9913;20122923;"INS3.1c OORT"
9914;20122909;"INS3.1b BÄTZ"
9915;20120672;"INS3.1b BÄTZ"
9916;20127638;"BIO HORS d"
9917;20127599;INS3.1b
9918;20129159;"TOP NL 3"
9919;20120372;"TOP BE 3"
9920;20120051;"TOP NL 3"
9921;20120964;"BIB4 NL.LEI"
9922;20125610;"BIO LANN d"
9923;20126573;"TOP NL.HAA"
9924;20125105;INS3b
9925;20129142;INS10.2a
9926;20123160;"BIO HAYD1 e"
9927;20122449;"TOP FR 4"
9928;20124026;"SCO MISC BROW"
9929;20125328;"BIO GOET e"
9930;20124040;"BIO SCHU1 e"
9931;20122088;"INS 3.1d DE"
9932;20128959;INS2a
9933;20120396;"BIO CAFF d"
9934;20128203;"TOP NL"
9935;20127556;"TOP NL 4"
9937;20120872;"INS3.1a NL.GEL"
9938;20128536;"BIO ZELE e"
9939;20129644;"BIO BERI e"
9940;20122033;"TOP DE.LEI"
9941;20129283;"BIO KRIE e"
9942;20123523;"SCO BACH1"
9943;20121146;"BIO MONT2 e"
9944;20125547;"TOP PL.KRA"
9945;20125737;GHM0
9946;20126955;"GHM 0"
9948;20130064;"BIO OTTE a"
9949;20121176;"HUM OTTE"
9950;20123588;"TOP DE.BER 5"
9951;20121049;"BIO BACH2 d"
9952;20122392;"TOP DE.BER 5"
9953;20125545;"BIO VING d"
9954;20121441;"BIO CAMP d"
9955;20129403;INS1a
9956;20128638;"BIB4 CZ.KRO"
9957;20130279;"TOP EG 0"
9958;20120973;"INS1b DE.BER1"
9960;20125559;"TOP NL.ROT 0"
9961;20122329;"TOP IT.VEN1 5"
9962;20122696;"BIO OVER a"
9963;20122264;"LIT OVID a"
9964;20122263;"LIT OVID a"
9965;20130038;"BIO WILL3 b"
9966;20128963;"GHM 4"
9967;20122584;"VIS OZIN--&gt;TOP NL 3"
9968;20122583;"VIS OZIN--&gt;TOP NL 3"
9969;20121070;"TOP NL.UTR 6"
9970;20134058;REF1
9970;20134059;REF1
9972;20121991;"BIO PAAP a"
9973;20128830;"BIO POST d"
9974;20128245;"BIO MART3 d"
9975;20123228;"INS3.1a GB.OXF"
9976;20121727;
9977;20121726;
9978;20121804;
9979;20123904;
9980;20123895;
9981;20123894;
9982;20123903;
9983;20123902;
9984;20123901;
9985;20123900;
9986;20123899;
9987;20123898;
9988;20123897;
9989;20123896;
9990;20125847;"TOP IT.BER 5"
9991;20125308;INS1a
9992;20128904;"TOP FR 3"
9993;20121320;"INS 3.1a ES.CAS"
9994;20121084;"INS3.1b DE.HIL"
9995;20121083;"INS3.1a DE.HIL"
9996;20121082;"INS3.1e DE.HIL"
9997;20127422;"BIO HOES e"
9998;20127807;"TOP IT.FLO 4"
9999;20129193;GHM4
10000;20123286;GHM5
10001;20129391;"BIO VERO2 c"
10002;20122734;"INS3.2a US"
10003;20130280;"HUM PALM"
10004;20128383;INS4.6a
10005;20122011;"BIB4 IT.VEN1"
10006;20126539;"BIO HASS1 b"
10007;20126696;"BIO KIRC e"
10008;;
10009;20120661;"INS3.1e NL.ANL"
10010;20126560;"GEN 15"
10012;20129573;"TOP BE.FLA 3"
10012;20129574;"TOP BE.FLA 3"
10013;20122311;"VIS PANO"
10014;20120731;"TOP NL.NIJ"
10015;20120027;"INS3.1a US"
10016;20128340;"INS3.1b VATE"
10017;20129291;"INS3.1 a DE"
10018;20123554;"INS 3.1a DE.CEL"
10019;20120032;"INS3.1 e DE.CAL"
10020;20127007;"INS 3.1 a DE.BRA"
10021;20122275;"BIO PARA b"
10023;20125673;"VIS PARI"
10024;20122152;"TOP IT.MAN 4"
10025;20126685;"TOP NL 4"
10026;20126821;"BIO HAND d--&gt;c"
10027;20123255;"BIB4 IT.VER"
10028;20122305;"HUM PARR"
10029;20121614;"SCO MISC BRET"
10030;20122195;"PHI PASC b BEGU"
10030;20133879;"PHI PASC b BEGU"
10031;20129146;"INS5.3a PASE"
10032;20130003;"TRE PASQ"
10032;20124887;"TRE PASQ"
10033;20120692;"BIO MART1 d"
10034;20123569;"BIO TART e"
10035;20121456;"BIB4 IT.VEN1"
10036;20128898;"BIO LEGR e"
10037;20121169;"BIB4 IT.ADR"
10038;20127390;"BIO ABAC"
10039;20127389;"BIO TORE c"
10040;20127369;"BIO LOMB c"
10041;20123782;"TOP IT.VEN1 5"
10042;20125044;"VIS PASS"
10043;20128199;"INS3.1a FR.NIC"
10044;20126483;"LIT PATH a"
10045;20128680;"BIO GAST e"
10046;20129968;INS3.2b
10047;20126910;"TOP CH.ENG 0"
10048;20120143;"BIO BUXT e"
10049;20126484;"LIT PAUP a"
10050;20125229;"BIO COCK d"
10051;20128611;"BIO PERG c"
10052;20123416;"BIO PERG c"
10053;20120423;"BIO VOLT d"
10054;20121316;"INS3.1e DE.STR"
10055;20120190;"BIO TELE e"
10056;20128823;"INS1a SP"
10057;20123085;"BIO HILL d"
10058;;
10059;20121848;
10060;20121847;
10061;20126862;"TOP ES 4"
10062;20128961;INS3.3a
10063;20122938;"TOP IT.CAL"
10064;20127861;"BIO PEPY a"
10065;20122382;"BIO PEPY a"
10065;20122381;"BIO PEPYa"
10065;20122380;"BIO PEPY a"
10068;20126652;"BIB4 PT 5"
10070;20122626;"TOP ES 4"
10071;20121741;"SCO PERG"
10072;20123282;"BIO PERI2 e"
10073;20123281;"BIO PERI2 e"
10074;20120648;"BIO BOUT d"
10075;20126500;"LIT PERI a"
10076;20127080;"BIO MAXI b"
10077;20125897;"BIO FOUQ d"
10078;20121511;"TOP FR 0"
10079;20126609;"TOP FR 6"
10080;20125930;INS3.1a
10081;20121399;"BIO PERS e"
10082;20125427;"INS3.1a BE.ANT"
10083;20128602;"BIO MOZA1 e"
10084;20128092;INS6.1a
10085;20126576;"TOP NL.HAA"
10086;20126574;"TOP NL.HAA"
10087;20126572;"TOP NL.HAA"
10088;20129234;"BIO ZIEG d"
10089;20128255;"TRE VITR"
10090;;"INS3.1d FR.STR"
10091;20120418;"TOP DK 5"
10092;20120315;"LIT PETR a"
10093;20120310;"LIT PETR a"
10094;20128646;"BIO CORE e"
10095;20125894;"BIO TART b"
10096;20120950;"BIO TART e"
10098;20122423;"BIO BACH1 d"
10098;20122422;"BIO BACH1 d"
10099;;
10100;20130343;"BIO BACH1 e"
10101;20123046;"BIO BACH1 e"
10102;20128574;"BIO SCHU5 b"
10103;20129253;"BIO KEIS1 e"
10104;20120875;"BIO TELE d"
10105;20122303;"VIS PEVS"
10106;20124207;"SCO PEZ"
10107;20128276;"BIO FASC1 c"
10108;20123112;"BIO FASC1 d"
10109;20129467;"TOP IT.6"
10110;20127063;"TOP DE.BAV"
10111;20122317;"BIB1 PHIL"
10113;20123043;"BIO BACH1 e"
10114;20124996;"TOP IT.VER 3"
10115;20129393;"BIB4 IT.VER"
10117;20122560;"BIO STEF1 d"
10117;20122559;"BIO STEF1 d"
10118;20123615;"TOP FR.LYO 4"
10119;20127272;"TOP FR.PAR 5"
10120;20126983;"INS3.1b TESC"
10121;20128824;"BIB4 DE.LUB"
10122;20121129;"TOP IT.VER 4"
10123;20130340;"TOP DE.HEI1 4"
10124;20122325;"BIO LONG e--&gt;a"
10125;20125594;"INS6d LASO"
10126;20124035;"SCO HAYD1"
10127;20127078;"VIS PIJZ"
10128;20122920;"TOP NL 5"
10129;20122401;"TOP GB 4"
10130;20126949;"TOP FR 5"
10131;20120187;"BIO CORE d"
10132;20126759;"TOP GB 4"
10133;20125276;"TOP PT.COI"
10134;20122089;"BIO RUBE a"
10135;20132934;"PHI DESC b PIRR"
10136;20128640;"TOP IT.ROM 5"
10137;20121144;"TOP IT 4"
10138;20126607;"BIO PISC a"
10139;20121100;"VIS PITA"
10140;20123816;"TOP IT"
10141;20124180;"TRE PITO"
10142;20127240;"BIO LITE d"
10143;20125074;"INS3.3a FR.PAR"
10144;20128173;"BIO DIET a"
10145;20125907;"HUM KERS"
10146;20125122;"BIO BIBE c"
10147;20128502;"INS4.4d PLAN"
10148;20129155;"BIO HEIL d"
10149;20123504;"SCO BACH1"
10150;20123491;"SCO BACH1"
10151;20122274;"PHI PLAT a"
10152;20130275;"PHI PLAT a"
10153;20122265;"PHI PLAT a"
10154;20125408;"PHI PLAT a"
10155;20122273;"PHI PLAT a"
10155;20122272;"PHI PLAT a"
10155;20122271;"PHI PLAT a"
10155;20122270;"PHI PLAT a"
10155;20122269;"PHI PLAT a"
10155;20122268;"PHI PLAT a"
10161;20124042;"SCO PLAT"
10162;20120238;"LIT PLAU a"
10163;20144154;"SCO MISC PLAY"
10166;20128420;"BIB4 BE.BRU1"
10167;20120065;"TOP NL 4"
10168;20127762;"INS7a NL.HAG"
10169;20122533;"BIB4 CZ.PRA"
10169;20122532;"BIB4 CZ.PRA"
10171;20128868;"BIO PLOO d"
10172;;"LIT ASIM a"
10173;20126787;"TOP NL 4"
10174;20126786;"TOP NL 5"
10175;20144526;"TOP NL 0"
10176;20128801;"INS3.1a IT.SAL"
10177;20120026;"INS3.1e NL.HAR"
10178;20120540;"LIT LIED a"
10178;20120539;"LIT LIED a"
10180;20125879;"TOP DE.AAC"
10181;20130336;"INS3.1 e DE.ANS"
10182;20122618;"BIB3 POHL"
10183;20128354;"VIS POKO"
10184;20125891;"TOP NL.AMS 6"
10185;20128466;"TOP DE 3"
10186;20125854;"BIO BUCH d"
10187;20128854;"INS3.2b RUCK"
10188;20126586;"LIT POPE a"
10189;20127679;INS3.2a
10190;20128597;"BIB4 FR 3"
10191;20130264;"LIT RABE b"
10192;20128767;"INS3.1e US.OBE"
10193;20125597;"TOP GB.LON 0"
10194;20138971;"TOP AT.VIE 6"
10196;20128862;INS3.2d
10198;20123393;"MTP1 POT"
10199;20120293;"LIT POTG a"
10200;20129046;"INS3.1e BE"
10201;20123111;"BIO FAVA2 d"
10202;20122998;"BIO JELY d"
10203;20126878;"BIO PHIL4 d"
10205;20122971;"TRE BACH1"
10206;20128596;INS5.1a
10207;20123120;"BIO DOWL d"
10208;20130002;"BIO LISZ d"
10209;;
10210;20128094;"TOP IT.VIC 4"
10211;20125466;"BIO GILL d"
10211;20122857;"BIO GILL d"
10213;20124267;
10214;20124266;
10215;20124265;
10216;;
10217;;
10218;20124263;
10219;;
10220;20124264;
10221;;
10222;;
10223;;
10224;;
10225;;
10226;20124262;
10227;20124257;
10228;20124261;
10229;20124260;
10230;;
10231;20124259;
10232;20124258;
10233;20120767;"BIO BACH1 e"
10234;20144520;"BIB4 IT.TUR"
10235;;
10236;20120160;"BIB2 PRESS"
10237;20120260;"TOP NL 7"
10237;20120259;"TOP NL 7"
10239;20125274;"BIO UFFE a"
10240;20126555;"TOP DE 5"
10241;20120214;"TOP FR 5"
10242;20122623;"TOP GB 4"
10243;20126917;INS3.1a
10244;20122107;"BIO DEYS d"
10245;20122106;"BIO DEYS d"
10246;20123696;"BIO BACH1 e"
10248;20126575;"TOP NL.HAA"
10249;20127143;"LIT PRIN a"
10250;20120817;"LIT PRIN a"
10251;20123474;"BIO BACH1 e"
10252;20123704;"BIO BACH1 e"
10253;20121757;
10254;20120958;"BIO GLUC d"
10255;20120957;"TRE PROD"
10256;20121140;"BIO MOZA1 e"
10257;20123583;
10258;20123344;"REF 4 HAYD"
10259;20125241;"BIO SCHE3 d"
10260;20128665;"BIO SCHE3 e"
10261;20125758;"BIO SCHE3 d"
10262;20128942;"TOP DE.LEI"
10263;20128097;"TOP FR 5"
10264;20125301;"BIO LULL d"
10266;20124273;"SCO PURC"
10266;20124208;"SCO PURC"
10266;;"SCO PURC"
10267;20121902;
10269;20122019;"BIO DULL d"
10270;20127337;"TOP NL.ZWO"
10271;20127694;"HUM PYE"
10272;20125653;"TOP NL.MAA1"
10273;20128717;"INS3.1a NL.MAA1"
10274;20129740;
10275;20123024;"TRE QUIN"
10278;20127810;"BIO MONT4 d"
10279;20128688;"INS3.1a AT"
10280;20128687;"INS3.1a AT"
10281;20128759;INS3.1a
10282;20128739;INS3.1a
10283;20130303;"TOP DE.HAL1"
10284;20128275;"MTP5 RAAS"
10285;20122209;"LIT RABE a"
10286;20122208;"LIT RABE a"
10287;20122207;"LIT RABE a"
10288;20122206;"LIT RABE a"
10289;20126603;"LIT RABE a"
10290;20128379;INS3.2a
10291;20122949;"BIO HAND d"
10292;20130027;"BIO DENT d"
10293;20125604;"BIO VOSS1 d"
10294;20125862;"BIO VOSS1 d"
10295;20125609;"BIO RADE2 e"
10296;20120039;"INS3.1a HR.IST"
10297;20124309;
10298;20124304;
10299;20124303;
10300;20124301;
10301;20129225;"BIB4 IT.PIS"
10302;20126769;"TOP IT 5"
10302;20126768;"TOP IT 5"
10304;20129312;"INS 3.1a ES"
10306;20121706;
10307;20124058;
10308;20124059;
10309;20124028;
10310;20121901;
10311;20121900;
10312;20120809;INS3.1a
10313;20125016;"TOP DE.MER"
10315;20120472;"TOP ES.GRA 5"
10315;20120473;"TOP ES.GRA 5"
10316;20121397;"BIO BACH1 e"
10317;20126872;"BIO BACH2 b"
10318;20126959;"INS3a DE"
10319;20126934;"MTP 2 RAMP"
10320;20123821;"BIO TELE d"
10321;20120538;"BIO BACH1 e"
10322;20128129;"TOP DE.ROS 4"
10323;20121287;INS2c
10324;20122102;"TOP FR 5"
10325;20123009;"BIO MÜTH e"
10326;20127752;"TOP JP 6"
10327;20128320;"TOP JP 6"
10329;20125233;"TOP BE 5"
10329;20125232;"TOP BE 5"
10330;20123820;"AES RASC"
10331;20129602;GHM5
10332;20129383;GHM0
10334;20127947;"BIO TAGL f"
10335;20128134;"TOP DE.OST2 5"
10336;20128632;INS3a
10337;20129363;"BIO SELL d"
10338;20128723;INS3.1a
10339;20121468;"TOP PL.GDA"
10340;20120790;"TOP IT 4"
10341;20121242;"BIO TRAV e"
10342;20123312;"TOP IT 4"
10343;20126526;"LIT a RAYN"
10344;20125492;"BIO AGAZ e"
10345;;
10346;20127975;"TOP NL 5"
10347;20121384;"BIO VISE c"
10348;20127006;"VIS RECH"
10349;20127288;"BIO BACH1 e"
10350;20120498;"BIO SCHE3 e"
10351;20122212;"LIT MAUP a"
10352;20125141;"MTP1 REE"
10353;20125158;INS3.2d
10354;20123446;"GHM 3"
10355;20123445;"GHM 4"
10357;20123363;"TOP NL 6"
10358;20122801;"BIO ECKA d"
10359;20129386;"TOP FR 5"
10359;20129385;"TOP FR 5"
10361;20120942;"HUM REES"
10362;20123166;"BIO CHRI e"
10363;20127245;"BIB3 REIC"
10364;20125753;"BIO SCHU7 d"
10365;20122379;"TRE REIC"
10366;20126463;"BIO GOTT d"
10366;20126462;"BIO GOTT d"
10368;20126461;"BIO WIDM d"
10369;20123349;INS3.1d
10370;20125810;"INS3.1a IT.BOL2"
10371;20123128;"BIO DAVI d"
10372;20128957;
10373;20125773;"BIO QUAN e"
10374;20120618;"TOP DE 4"
10375;20145728;"BIO MOZA1 f"
10376;20122344;"BIO MOZA3 d"
10377;20127291;INS2a
10378;20130318;"TOP NL.BUN"
10379;20123785;"BIB4 NL 4"
10380;20129190;"INS3.1e DE.HAM"
10381;20125251;"BIO TELE e"
10382;20128269;"BIO GRIM d"
10383;20120151;"TOP NL.ZEE2 5"
10384;20122314;INS1a
10385;20123621;"BIO GALI1 e"
10386;20123517;"SCO BACH1"
10387;20123515;"SCO BACH1"
10388;20123500;"SCO BACH1"
10389;20125947;"INS3.1d DE"
10390;20120465;"BIO LOPE d"
10391;20123129;"BIO CROT d"
10392;20120044;"INS3.1e FR.SAI3"
10393;20126610;INS8c
10394;20129266;"BIO RERE a"
10395;20129256;"BIO RERE a"
10396;20126841;"VIS RESC"
10397;20126904;"INS3.3b CRIS"
10398;20120286;"BIO RETZ a"
10398;20120285;"BIO RETZ a"
10400;20126605;"BIO RETZ a"
10401;20127070;"BIB4 BE.BRU1"
10402;20128804;"INS3.1a DE.BOR"
10403;;
10404;20125950;"INS 3.1 a DE.WES"
10405;20122232;"LIT REVI a"
10406;20126582;"TOP FR.TOU"
10407;20129066;"GEN 17"
10408;20128161;"BIO REYN d"
10409;20120212;"BIB4 DE.AUG 5"
10410;20122051;"LIT APOL a"
10411;20120045;"INS3.1e FR.BOU"
10412;20127707;"TOP IT.SER"
10413;20120128;"BIB4 GB"
10414;20123478;INS6.4a
10415;20123810;"BIO RAUZ d"
10416;20128315;"TOP FR.AMI"
10417;20122076;"BIO BACH2 b"
10418;20122075;"BIO BACH2 b"
10419;20125606;"BIO RICH3 a"
10420;20128620;"BIO SCHE2 e"
10421;20128906;"BIO HAND f"
10422;20126477;"BIO HARM d"
10423;20123742;"BIB4 DE ZELT"
10424;20128631;"BIO VAND1 e"
10425;;
10426;20128402;"INS3a DE"
10427;20129268;"TOP AT 0"
10429;20122664;"BIB4 AT.GOT"
10429;20122667;"BIB4 AT.GOT"
10430;20122638;"BIB4 AT.VIE"
10431;20127698;"TOP AT.GOT"
10432;20126571;"TOP DE 0"
10433;20125287;"BIO DITT e"
10434;20120773;"BIO TRAE e"
10435;20127163;INS3.1d
10436;20126753;"LIT RIEG a"
10437;20127051;
10438;20129638;"BIO BEET e"
10438;20129639;"BIO BEET e"
10438;20129640;"BIO BEET e"
10441;20125217;GEN16
10442;20126794;"TOP DE.MAG"
10443;20126902;"BIO BODE e"
10444;20127419;"BIO BASS d"
10445;20127993;"KTS1 C2.26 H4-078"
10446;20122455;"TOP IT.BOL1 5"
10447;20126452;"BIO HAND e"
10448;20121393;"INS3.1a DE"
10449;20121185;"BIB4 NL 5"
10450;20127149;"PHI ROSE b RIJC"
10450;20127148;"PHI ROSE b RIJC"
10452;20127147;"PHI ROSE b RIJC"
10454;20125793;"INS3.1a NL"
10455;20127438;"BIO HAND e"
10456;20127864;"TOP GB.LON 4"
10457;20123134;"BIO CORE d"
10458;20123763;"SCO MISC RINC"
10459;20125169;"INS3a CH"
10460;20129954;INS3a
10460;20128098;INS3a
10461;20127826;INS1b
10462;20122451;"TOP RU 5"
10463;20128897;"BIO LIPP e"
10464;20123359;GHM5
10465;20123249;"BIO MOZA1 e"
10466;20128845;"GHM 4"
10467;20130055;
10468;20123799;"TOP DE 5"
10469;20124282;
10470;20121091;"TOP ES.GRA 5"
10470;20121090;"TOP ES.GRA 5"
10472;20125077;"TOP GB 6"
10473;20128135;"TOP IT 5"
10474;20121401;"BIO MONT2 e"
10475;20121147;"BIO MONT2 d"
10476;20126466;"LIT RODE a"
10477;20120514;GHM5
10478;20120513;GHM5
10479;20120917;INS3.2d
10480;20121215;"INS3.1a IT"
10481;20130319;"BIB4 DE.EMD"
10482;20121126;"TOP NL.BOX"
10483;20127047;"TOP DE.BRU"
10484;20123221;"MTP 2 ROEL"
10485;20128063;"BIO BACH1 e"
10486;20120559;"TOP NL.HER"
10487;20122239;"LIT ROEM a"
10488;20122234;"LIT THEO b ROEM"
10489;20126690;"LIT TESS a"
10490;;
10491;20122359;"TOP NL.AMS 5"
10492;20128013;"BIB4 GB.OXF"
10493;20126894;"BIO HAND e"
10494;20125296;"TOP IT.VER 4 XL"
10495;20126509;"LIT ROI a"
10496;20128929;INS3.1a
10497;20120267;"LIT SCHA a"
10498;20134031;"LIT SCHA a"
10499;20134025;"LIT SCHA a"
10500;20128244;"TOP MT 5"
10501;20120098;"BIO SODI d"
10502;20123357;GHM5
10503;20120967;GHM5
10504;20123339;"BIO BACH1 e"
10505;20121827;
10506;20121824;
10507;20125537;"TOP IT.VEN"
10508;20120411;"TOP IT.VEN1"
10509;20127013;INS10.3a
10510;20120270;"TOP NL 0"
10511;20120269;"TOP NL 0"
10512;20120446;"BIB4 NL.AME"
10513;20120722;"LIT ROMM a"
10514;20120721;"LIT ROMM a"
10515;20120720;"LIT ROMM a"
10517;20120719;"LIT ROMM a"
10517;20120718;"LIT ROMM a"
10518;20120712;"LIT ROMM a"
10519;20128568;"BIO VANM1 c"
10520;20128900;"TOP IT.MOD"
10521;20122277;"LIT RONS a"
10522;20122193;"BIO RONS a"
10523;20125302;"AES ROOI"
10524;20125708;"GEN 18"
10525;20128460;"BIO VOND e"
10526;20125347;"BIO HAYD1 f"
10527;20125345;"BIO BACH1 e"
10528;20123736;"BIO LUTH d"
10529;20121737;
10530;20122067;INS3.1a
10531;20122334;"TOP IT.VEN1 5"
10533;20127678;INS3.3a
10534;20121201;"TOP NL 5"
10535;20120557;"TOP FR 5"
10536;20130339;"BIO NAUM f"
10537;20120627;"TOP DE.DRES 5"
10538;20121554;
10539;20128510;"TRE ROSE"
10540;20120153;"TOP DE 5"
10541;20126662;"BIO SCHU5 e"
10542;20123306;"BIB3 ROSN"
10543;20123692;INS4.1a
10544;20127396;"BIO ALBI c"
10544;20127395;"BIO ALBI c"
10546;20127393;"BIO GALU c"
10547;20122684;"BIO CIMA2 d"
10548;20125748;"BIO ROSS2 a"
10549;20122541;"BIO ROSS2 a"
10549;20124287;
10549;20124286;
10550;20121692;
10551;20121691;
10552;20124084;
10555;20127639;"BIO GRON e"
10556;20120925;"LIT ROST a"
10557;20120962;"BIO BACH1 e"
10558;20121250;"BIO GHEZ a"
10560;20122024;"BIB4 IT.ROM"
10560;20122023;"BIB4 IT.ROM"
10561;20120710;"KTS1 C3.53 G1-036"
10562;20122494;"MTP2 ROTS"
10563;20121404;"BIO BOCC d"
10564;20122281;"BIO ROUS1 a"
10564;20122280;"BIO ROUS1 a"
10566;20122327;"VIS ROUS"
10567;20128539;"BIO WESL0 d"
10568;20125532;"TOP GB.LON"
10569;20120071;"TOP GB 4"
10570;20120251;"TOP FR.MON 3"
10571;20120245;"TOP FR.MON 3"
10572;20127046;"BIO THUL d"
10573;20123379;GHM3
10574;20121711;
10575;20128411;"INS3.1a DE.KAM"
10576;20129011;"INS3.1e DE.ROT2"
10577;20125942;"INS3.1e FR.BAS"
10578;20122611;"BIO RUBE a"
10579;20123068;"BIO SOLE c"
10580;20122630;"BIB4 SE 5"
10581;20128785;"INS3.1c RUDO"
10582;20128196;INS1a
10583;20125679;
10584;20127190;"INS3.1e IT.GRO"
10585;20129160;"BIB4 IT.PIA"
10586;20127196;"VIS RUHL"
10587;20125372;"TOP DE 4"
10590;20120563;"BIB4 IT.TRE1"
10590;20120562;"BIB4 IT.TRE1"
10591;20123232;"INS10.3a DK"
10592;20120025;INS3.1b
10593;20128310;"TOP IT 4"
10594;20129982;"INS3a FENT"
10595;20125292;"INS1b GB.LON1"
10595;20129994;"INS3a VICT"
10595;20125293;"INS3a VICT"
10596;20125036;"BIB3 CROS"
10597;20121986;"TOP US.CAL"
10599;20125313;"INS3a VICT"
10600;20128116;INS3.2a
10601;20128520;"INS3a FLET"
10602;20129195;"GEN 17"
10603;20126520;"LIT RUTE a"
10604;20123475;INS1a
10605;20121241;"TOP NL.EDA"
10606;20127060;"TOP PL.TOR"
10607;20128552;"BIO VIVA e"
10608;20122440;"BIB4 JP.TOK"
10609;20130301;"BIB4 NL WINK"
10610;20122421;"BIB4 NL VERS"
10611;20123807;"TOP ES.VAL1"
10613;20125059;"TOP BE.FLA 0"
10614;20125128;"BIO BACH1 e"
10615;20125073;"BIO GALU e"
10617;20127924;"TOP RO"
10618;20127906;INS3.1d
10619;20127899;"REF4 DURR"
10620;20127879;"REF4 KOMM"
10621;20127874;GEN16
10622;20127871;"REF4 SZAB"
10623;20127866;INS3.2d
10624;20127836;"TOP DE 0"
10625;20128002;INS1a
10626;20127996;GHM5
10627;20127973;"BIO HOUE e"
10628;20128089;INS6.1a
10629;20125464;"BIB4 GB.LON BURN"
10630;20125561;"BIO ZURB a"
10631;20128859;"TOP FR.BLO"
10632;20128832;"BIO BACH1 e"
10633;20128605;"INS3.1b NEUP"
10634;20128991;"INS3.1e GB.SHE"
10635;20129089;"INS3.1a ES"
10636;20129082;"BIO BACH1 e"
10637;20129081;"BIO BACH1 e"
10638;20125819;"INS3.1a FR"
10639;20125817;"INS3.1a BE"
10640;20125816;"INS3.1a BE"
10641;20125815;"INS3.1a BE"
10642;20125814;"INS3.1b VERS"
10643;20125813;"INS3.1b VERS"
10644;20129171;INS3a
10645;20121440;"INS3.1a BE"
10645;20121439;"INS3.1a BE"
10645;10121438;"INS3.1a BE.NAM"
10645;20121437;"INS3.1a BE"
10645;20121435;"INS3.1a BE.LIE"
10645;20121434;"INS3.1a BE"
10645;20121433;"INS3.1a BE.VER"
10645;20121432;"INS3.1a BE"
10645;20121431;"INS3.1a BE"
10645;20121436;"INS3.1a BE.NIV"
10655;20123560;"INS3.1a IT.BOL"
10656;20123559;"INS3.1a IT.FRI"
10657;20121365;"VIS NAUM"
10658;20121252;"VIS KOOP"
10659;20123377;"BIO BACH1 e"
10660;20123362;"REF3 MAHL"
10661;20121105;"TOP NL.DEL 3"
10662;20121104;"TOP NL.DEL 4"
10663;20121103;"TOP NL.DEL 5"
10664;20123246;"VIS WALT"
10665;20122963;"BIO BACH0 b"
10666;20122810;"BIO SWEE1 b"
10666;20122809;"BIO SWEE1 b"
10666;20122811;"BIO SWEE1 b"
10669;20120844;"INS3.1a GB"
10669;20120843;"INS3.1a GB"
10669;20120842;"INS3.1a GB"
10672;20120841;"BIB4 DE.BAV"
10673;20120835;"BIO REMB e"
10674;20120833;"BIB4 IT.ROM"
10675;20120831;"LIT REME a"
10677;20120821;"INS1b NL.HAG"
10678;20130306;"GHM 0"
10679;20122369;"INS1b BE.ANT1"
10680;20130273;"TOP US.CAL"
10681;20120205;"VIS FAST"
10682;20130257;"VIS KALE 2012"
10683;20130197;"BIB4 NL FRAE"
10684;20126782;"TOP IT.RAV"
10685;20126775;
10686;20127527;"BIB4 PT.LIS"
10687;20126986;"INS3.1e FR.PAR"
10688;20130349;"INS3.1e DE.MOL"
10689;20123818;"BIO PITO e"
10690;20130050;"BIO MOZA1 e"
10691;20132179;"TOP NL 7"
10692;20129645;"BIO DENY d"
10693;20121841;
10695;20121839;
10697;20121837;
10698;20121856;
10698;20121842;
10698;20121840;
10698;20121838;
10698;20121836;
10699;20121835;
10701;20122710;"BIO BUXT e"
10701;20122713;"BIO BUXT e"
10703;20126807;"BIO BUXT e"
10704;20121038;"TOP NL.UTR 6"
10705;20123188;"BIO LUST d"
10706;20120358;"LIT a CERV"
10707;20120357;"LIT a CERV"
10708;20128974;"BIB4 BE.ANT"
10709;20122673;"BIO HEYN d"
10710;20127226;"TOP BE.FLA 5"
10711;20128737;"INS3.1e IT.VIC"
10712;20122320;"TOP DE.MEM 5"
10712;20122319;"TOP DE.MEM 5"
10714;20125357;"TOP DE.BER"
10715;20128389;INS1a
10716;20128846;GEN17
10717;20127616;INS1a
10718;20123737;"TOP DE.BER2 4"
10719;20128112;"TOP DE.LEI"
10720;20123565;"BIO BACH1 e"
10721;20120424;"BIO BACH1 e"
10722;20130028;"BIO HAND e"
10723;20127546;"BIO KUPE d"
10724;20128716;"INS3.1a IT.FEL"
10725;20120134;"TOP DE.LUB 4"
10726;20122128;"BIO WATT e"
10727;20120945;"BIO GRUS e"
10728;20130288;"LIT SAIN a"
10729;20126545;"TOP FR.VER 5"
10730;20120929;"KTS1 C1.70 33E61"
10731;20121379;"BIB4 IT.BRE"
10732;20121674;"SCO S SALA"
10733;20123590;"TRE SALI"
10734;20128377;"INS3.1 a AT"
10735;20128416;INS3.1a
10736;20128395;"INS4.4d SALM"
10737;20127829;"TOP AT 5"
10738;20127824;"TOP DE.WES2"
10739;20125410;"TOP DE 3"
10740;20128349;"TOP DE.SCH3 0"
10741;20128847;"VIS SALM"
10742;20128901;GHM3
10744;20129420;GHM0
10745;20129418;GHM0
10746;20129417;GHM0
10748;20122650;"TOP AT 4"
10749;20125759;"BIO REIC2 d"
10749;20126812;"BIO REIC2 d"
10750;20122731;"BIO GRUS e"
10751;20126492;"TOP FR 3"
10752;20130051;"TOP NL 7"
10753;20124027;"SCO MISC CHUR"
10754;20128397;"INS3.2b FR.PAR"
10755;20126653;"BIB4 PT 5"
10756;20127343;"BIO IRIB e"
10757;20128927;"BIB4 IT.VEN1"
10758;20129065;"TRE SAND"
10759;20125669;"BIO BACH1 d"
10760;20122707;"BIO BRAH e"
10761;20126939;"TOP CH.ZUR 6"
10762;20123719;"BIO HAYD1 e"
10763;20125211;"TOP NL"
10764;20127628;"BIO PFEI2 d"
10765;20129252;"TOP NL 5"
10766;20121539;"TOP FR 5"
10767;20127266;"MTP2 SANG"
10767;20139443;"MTP2 SANG"
10768;20122372;"TOP IT.MIL"
10769;20128373;"INS3.2c SANT"
10770;20127767;"BIO RAFF d"
10771;20128423;"TOP IT.FLO"
10772;20125112;"BIO ZIPO e"
10773;20121125;"TOP IT.PAL"
10774;20125713;"BIO BOMT c"
10775;20121290;"BIB4 IT"
10776;20122658;"BIB4 IT.MIL"
10777;20120744;"BIB4 IT 4"
10777;20120745;"BIB4 IT 4"
10779;20127264;"BIB4 IT.OST"
10780;20127254;"BIB4 IT.ASS"
10781;20128518;"TRE SATI"
10782;20129035;"INS3.1e AT.VIE"
10783;20123200;"TOP FR.CHA 3"
10784;20122631;"BIB4 FR.PAR 5"
10785;20123591;"GEN 17"
10786;20125554;"BIO TURC d"
10787;20121638;
10788;20124316;
10789;20124295;
10790;20121507;"VIS SCAR"
10791;20129095;"VIS SCAV"
10792;20130199;"INS3.1a NL.AMS"
10793;20125651;"BIB4 DE.AUG"
10794;20129233;"BIO KERL e"
10795;20122653;"BIB4 DE.ANS"
10796;20127181;"VIS SCHA"
10797;20126460;"BIO FUCH d--&gt;BIB"
10798;20127577;"BIO FUCH a"
10799;20127576;"BIO FUCH a"
10800;20129341;"TOP NL 5"
10801;20120780;"BIO TELE e"
10801;20136771;"BIO TELE e"
10802;20122595;"BIB4 DE.FRA1 5"
10802;20122594;"BIB4 DE.FRA1 5"
10804;20127771;"INS3.1b2 SILB"
10805;20120797;"BIO REMB a"
10806;20129741;"HUM SCHA"
10807;20120674;INS3.1a
10808;20125776;"TRE POUN"
10809;20121305;"INS3.1e DE.KEM"
10810;20121180;"BIO HUYD e"
10811;20123390;"BIO DIEP b"
10812;20128155;"SCO MISC VANS"
10813;20123385;"BIO DEBU e"
10814;20120271;"TOP NL 5"
10815;20125725;"BIO GLET e"
10816;20125182;"TOP NL 5"
10817;20123135;"BIO CHRY d"
10818;20125751;"BIO KIRC d"
10819;20127907;"BIO STER d"
10820;20125709;"BIO SCHA2 a"
10820;20144557;"BIO SCHA2 a"
10821;20128044;"TOP NL 5"
10822;20127248;INS6.2a
10823;20127590;"BIO LEON e"
10823;20127589;"BIO LEON e"
10825;20125238;"TOP NL 4"
10826;20123145;"BIO DANG e"
10827;20124236;
10828;20124248;
10829;20124256;
10830;20124255;
10831;20124254;
10832;20124253;
10833;20124252;
10834;20124251;
10835;20124247;
10836;20124246;
10837;20124245;
10838;20124244;
10839;20124243;
10840;20124242;
10841;20124250;
10842;20124249;
10843;20123605;"TOP DE.BRE"
10844;20127379;"BIB4 DE.KAS"
10844;20127378;"BIB4 DE.KAS"
10844;20127377;"BIB4 DE.KAS"
10844;20127376;"BIB4 DE.KAS"
10844;20127375;"BIB4 DE.KAS"
10844;20127374;"BIB4 DE.KAS"
10844;20127373;"BIB4 DE.KAS"
10844;20127372;"BIB4 DE.KAS"
10844;20127371;"BIB4 DE.KAS"
10844;20127370;"BIB4 DE.KAS"
10844;20127387;"BIB4 DE.KAS"
10844;20127368;"BIB4 DE.KAS"
10844;20127367;"BIB4 DE.KAS"
10844;20127366;"BIB4 DE.KAS"
10844;20127365;"BIB4 DE.KAS"
10844;20127364;"BIB4 DE.KAS"
10844;20127386;"BIB4 DE.KAS"
10844;20127385;"BIB4 DE.KAS"
10844;20127384;"BIB4 DE.KAS"
10844;20127383;"BIB4 DE.KAS"
10844;20127382;"BIB4 DE.KAS"
10844;20127381;"BIB4 DE.KAS"
10844;20127380;"BIB4 DE.KAS"
10844;20127388;"BIB4 DE.KAS"
10845;20122346;"TOP NL.OVE"
10846;20120475;"LIT SCHE a"
10847;20126701;"KTS1 C1.70"
10848;20129579;"TOP IT 4"
10849;20122140;"BIO SCHE6 a"
10850;20128892;"BIO BACH1 e"
10851;20120217;"LIT SCHE a"
10852;20122248;"LIT SCHE a"
10853;20122245;"LIT SCHE a"
10854;20122244;"PHI SCHE a"
10855;20122243;"LIT SCHE a"
10856;20121035;"TOP NL 0"
10857;20121207;"TOP NL 5"
10858;20127650;"BIO CAMP e"
10859;20123170;"TOP NL 5"
10860;20120532;"TOP NL.ZEE2"
10861;20127840;"BIO BACH1 e"
10862;20127834;"TOP DE.LEI 5"
10864;20123431;GEN13
10865;20121053;"BIO BACH1 e"
10866;20123042;"BIO BACH1 e"
10867;20123032;"BIO BACH1 e"
10868;20126565;GEN7
10869;20122625;"TOP DE.LUB 5"
10870;20125219;"TOP PT.LIS"
10871;20127977;"KTS1 C2.26 H4-079"
10873;20128521;"INS3.2b NL.HAG"
10874;20122461;"TOP DK 4"
10874;20122460;"TOP DK 4"
10876;20125034;"TOP IT.VIC 4"
10877;20122977;INS5.4a
10877;20122976;INS5.4a
10879;20126608;"TOP DE.BAV"
10880;20121494;"BIO EWSU d"
10881;20128400;"INS3a DE"
10882;20129743;"BIO HAND f"
10883;20126918;"BIO DÜBE e"
10884;20120321;"LIT SCHI a"
10885;20128621;"BIO SPIT d"
10886;20121363;"VIS SCHI"
10887;20125909;"TOP NL 5"
10888;20122598;"BIO SCHI3 a"
10889;20127652;"TOP DE 6"
10890;20130205;"TOP AT.VIE 6"
10891;20126566;"BIB4 BE.LEU"
10892;20122138;"BIO PAST d"
10893;20128479;"BIO MOZA1 c"
10894;20129206;"INS3.1b DE.SAX"
10895;20121314;"INS3.1 e DE.CAP"
10896;20123584;"BIO BACH1 e"
10897;20127657;"BIO BACH1 e"
10898;20120612;"BIB4 DE.SCH1"
10899;20127300;"GHM 0"
10900;20140448;"INS3.1b LADE"
10901;20121678;
10902;20121833;
10903;20127833;"TOP DE.SWA 4"
10904;20128742;"INS3.1 a DE.AMO"
10905;20122914;"BIO BACH2 f"
10906;20121240;"BIO MAYR d"
10907;20121383;"BIB4 AT.SAL"
10908;20129150;"TOP CZ 5"
10909;20126656;"TOP DE.AUG 4"
10910;20120812;"BIO GOMB d"
10911;20123007;"BIO STOL2 e"
10912;20126596;"BIO HOTH e"
10913;20128001;"TOP DE.ANS"
10914;20120801;"BIO SCHU6 e"
10914;20120800;"BIO SCHU6 e"
10916;20129240;INS3.1b
10917;20130296;"VIS SCHM"
10918;20121311;"INS3.1a DE.HIOX"
10919;20129273;"TOP DE 5"
10920;20121525;"TOP.DE COL 5"
10921;20125398;"GEN 10"
10921;20120154;"GEN 10"
10922;20121068;"BIO HEIN e"
10923;20120400;"BIO DITT a"
10925;20125170;"MTP2 SCHM"
10926;20128625;"REF4 SCHM"
10927;20123488;"SCO BACH1"
10928;20123116;"BIO ENGR e"
10929;20125334;"TOP AT.SAL 0"
10930;20123080;"BIO LULL e"
10931;20120450;"BIO MORS d"
10932;20127522;"BIB4 DE BOSS"
10933;20128372;"InS 3.1 a DE"
10934;20120013;"INS3.1e DE.GRE"
10935;20123449;"TOP CH.BAS 3"
10936;20127050;"VIS SCHN"
10937;20121130;"VIS SCHN"
10938;20127255;"BIB4 CH.ZUR"
10939;20123587;"MTP2 SCHNE"
10940;20122465;"BIO WATT a"
10941;20123597;"LIT SCHN a"
10942;20129028;INS3.1a
10943;20120223;"LIT SCHN a"
10944;20127536;"BIO SWEE1 e"
10944;20127535;"BIO SWEE1 e"
10946;20120395;"BIO MART1 c"
10947;20122515;"BIO STAH d"
10948;20129733;"INS6.1c SCHO"
10949;20127828;"TOP GB 6"
10949;20127827;"TOP GB 6"
10951;20123297;"TOP GB 5"
10952;20122886;"BIO BURN d"
10952;20122885;"BIO BURN d"
10954;20122830;"BIO HAWK d"
10955;20128499;"BIO WAGE d"
10956;20120524;
10957;20122610;"MTP 2 SCHO"
10958;20125896;"VIS SCHO"
10959;20121699;"SCO MISC RASC"
10960;20126743;"TOP NL 5"
10961;20123315;"INS3.2d SCOT"
10962;20123677;"INS3.2d SCHO"
10963;20120040;"INS3.1a NL"
10964;20128825;"MTP 2 SCHO"
10965;20126570;"MTP 2 SCHO"
10966;20122981;"MTP 2 SCHO"
10967;20123827;"BIO VEEN b"
10968;20125078;GHM3
10969;20121461;"BIO MAZZ d"
10970;20128429;"TOP DE 5"
10971;20122054;"GEN 2"
10972;20125663;"BIO BACH1 e"
10973;20128584;"TOP BE.FLA 5"
10973;20128583;"TOP BE.FLA 5"
10975;20122590;"TOP BE.FLA 0"
10976;20130253;"BIO DEVE d"
10976;20130254;"BIO DEVE d"
10978;20120922;"VIS SCHR"
10979;20120477;"BIB2 SCHR"
10980;20121999;"TOP DE.HAM 5"
10981;20130194;"BIO HAND d"
10982;20125754;"BIO RESI e"
10983;20127854;"TOP DE.DOR"
10985;20122375;"AES SCHU"
10986;20121687;
10987;20124079;
10988;20124034;
10989;20124033;
10990;20126971;"MTP2 SCHU"
10991;20129334;"BIO ELSS c"
10992;20120994;"BIO BACH1 e"
10992;20120996;"BIO BACH1 e"
10992;20120995;"BIO BACH1 e"
10993;20127265;"BIO BACH12 c"
10994;20122285;"TOP IT 4"
10995;20122686;"BIO ROEM e"
10996;20129735;"LIT a SCHU"
10997;20128908;"BIO GABR2 d"
10998;20126797;"BIO ALST e"
10999;20125877;"INS 3.1a DE.BER"
11000;20125752;"BIO SCHU7 a"
11001;20122000;"BIB4 DE 6"
11002;20122447;"BIB4 DE.LEI"
11003;20127811;"TOP DE.LEI 5"
11004;20125327;"BIO BACH1 e"
11005;20125326;"BIO BACH1 e"
11006;20128442;"BIO BACH1 d"
11007;20123058;"BIO BACH1 b"
11008;20123053;"BIO BACH1 e"
11009;20123044;"BIO BACH1 c"
11010;20123029;"BIO BACH1 c"
11010;20123027;"BIO BACH1 c"
11010;20123026;"BIO BACH1 c"
11011;20123028;"BIO BACH1 c"
11014;20127515;"TOP DE.HAM 5"
11015;20121464;"INS3.1b DE.SCH3"
11016;20125305;"BIO SCHU2 a"
11017;20124043;
11018;20124290;
11019;20128084;"MTP2 SCHU"
11020;20122996;"BIO ZELT e"
11021;20123739;"TOP DE.BER 5"
11022;20126908;"TOP DE.ULM"
11023;20128444;"TOP NL.BOX 5"
11024;20121469;"INS3.1b AT.VIE"
11025;20128462;"INS3.1c SCHÜ"
11026;20123684;"BIO CARA a"
11027;20128725;INS3.1b
11028;20122328;"BIO FABR d"
11029;20124065;
11030;20124066;
11031;20120194;"BIO VOND c"
11032;20130276;"LIT SCHW a"
11033;20129419;GHM0
11034;20120926;"BIO KUNZ d"
11035;20122027;"TOP DE 5"
11036;20127770;"BIO SAEN a"
11037;20120678;"BIO REMB a"
11038;20120654;"BIO REMB d"
11039;20128065;"INS 3.1a DE.BER"
11039;20128064;"INS 3.1a DE.BER"
11041;20127904;"TOP DE.POM 0"
11042;20121382;"TOP DE.ANS"
11043;20129036;"INS3.1e DE.FRE2"
11044;20130316;"INS3.1e DE.LIN"
11046;20122508;"TOP DE.EIC 4"
11047;20128535;"TRE SCHW"
11049;20120852;"BIB1 SCHW"
11049;20120853;"BIB1 SCHW"
11050;20120851;"BIB1 SCHW"
11051;20120850;"BIB1 SCHW"
11052;20120849;"BIB1 SCHW"
11053;20120848;"BIB1 SCHW"
11054;20120847;"BIB1 SCHW"
11055;20120630;"BIB4 DE.BER THUL"
11056;20127503;"TOP FR 5"
11057;20126554;"LIT SCUD a"
11058;20121544;
11059;20126728;"BIO RAME e"
11060;20127325;"BIB4 DE.WEI1"
11061;20120088;"LIT SEGG a"
11062;20128736;"INS3.1a DE.LOW"
11063;20121340;"INS3.1 a DE.LOW"
11064;20121339;"INS3.1 a DE.LOW"
11065;20121338;"INS3.1 a DE.SCH3"
11067;20120060;"INS 3.1a CZ"
11067;20120059;"INS 3.1 a CZ"
11068;20126842;"TOP CZ.OLO 5"
11069;20123094;
11070;20128793;INS3.1a
11071;20125060;"TOP DE.ULM"
11072;;"TOP BG"
11073;20128370;INS3a
11074;20123471;"BIO KRIE c"
11075;20125240;"INS3.1e NL.TER"
11076;20128827;"INS3.1a NL.VEL"
11077;20128782;"INS3.1a NL.OVE"
11078;20120891;"INS3.1a NL"
11079;20126557;"INS3.1d NL"
11079;20126556;"INS3.1d NL"
11081;20125544;"VIS SEIP"
11082;20122182;"INS1b US.OBE"
11083;20121204;"TOP NL"
11084;20125118;"TOP IT.VEN1 4"
11085;20125083;"TOP IT.VEN1 4"
11086;20127888;"TOP IT.VEN1 5"
11087;20125613;"BIO MARC c"
11088;20128256;"BIB4 NL 5"
11089;20122609;"BIB2 SELM"
11090;20127624;"TOP GB 4"
11091;;
11091;;
11091;;
11092;20128526;"TOP DE.HAL1"
11092;20128525;"TOP DE.HAL1"
11092;20128524;"TOP DE.HAL1"
11092;20128523;"TOP DE.HAL1"
11092;20128522;"TOP DE.HAL1"
11097;20127648;"TOP ES 0"
11098;20130342;
11099;20126629;INS3.1a
11100;20126979;"BIO AHLE d"
11101;20120912;"REF4 TAGL"
11103;20125127;"BIO LONG e"
11104;20124999;"BIO TIEP1 e"
11105;20129249;"LIT SHAK a"
11106;20120348;"LIT SHAK a"
11107;20120347;"LIT SHAK a"
11108;20120346;"LIT SHAK a"
11109;20125037;"VIS SHAP"
11110;20120382;"BIO SHAT a"
11111;20123388;"INS3.1a GB"
11112;20120760;"BIO HAND e"
11113;20125779;"BIO PONT a"
11114;20122633;"REF3 SHER"
11115;20122824;"BIO GRAZ d"
11116;20129181;"AES SHIL"
11117;20121996;GHM0
11118;20125178;"TOP JP 0"
11119;20127868;"BIB3 CASS"
11120;20128473;"BIO SCHU10 d"
11121;20120152;"BIO FROB2 e"
11122;20127218;"BIO FROB2 d"
11123;20121044;"BIO HAND d"
11124;20128303;INS3.2d
11125;20125778;"BIO PURC1 d"
11126;20122569;"VIS SIEV"
11127;20125125;"TOP DE.HAN 0"
11128;20128858;GHM0
11129;20125493;"MTP1 SCHI"
11130;20122982;"VIS HEIL"
11131;20129037;"TOP IT.MAN 5"
11132;20123022;"BIO SWEE1 e"
11133;20123021;"BIO SWEE1 e"
11134;20128366;"INS3a IT"
11135;20123103;"BIO FRES e"
11136;20127270;INS3a
11137;20120535;"TOP NL 5"
11138;20121312;"INS3.1a IT.LUC"
11139;20120050;"INS1b IT.ROM1"
11140;20120740;"BIB4 IT.ROM"
11141;20128409;"INS10.9a SIMO"
11142;20122600;"BIO MOZA1 d"
11143;20125688;"BIO EEDE d"
11144;20120457;"BIO GROS c"
11145;20121521;"INS1b US.NEW2"
11146;20128494;"INS3.1b VATE"
11147;20120633;"???--&gt;REF1 SLAG"
11148;20128975;"TOP NL.ROT 5"
11149;20127428;"VIS SLIM"
11150;20129199;INS3a
11151;20127671;"BIB4 NL"
11152;20125184;"TOP NL.LEI 5"
11153;20121992;"BIO HEMS a"
11154;20126895;"BIB4 NL.FRA 5"
11155;20122721;"TOP GB.LON"
11156;20120076;"TOP BE.MAZ 4"
11157;20122432;"TOP NL 4"
11158;20122030;"TOP NL 6"
11159;20127700;"BIO BACH1 e"
11160;20123701;"BIO BACH1 e"
11161;20127961;"TOP NL 5"
11163;20130322;"BIO HAMA d"
11164;20125828;INS3.1b
11165;20123073;"INS3.1b STRA"
11166;20121508;"TOP BE.LEU 0"
11167;20125694;"BIO LUYT e"
11168;20123329;"TOP AT.VIE 4"
11169;20122690;"TOP NL.HER 3"
11170;20127321;"BIO HASP d"
11171;20125144;"MTP2 SMIT"
11172;20130284;"LIT SMIT a"
11173;20123089;"BIO HUYG1 d"
11174;20129319;"BIB4 NL 5"
11175;20123567;"BIO LANG d"
11176;20127225;"MTP 2 SMIT"
11177;20125414;"TOP GB 5"
11178;20122788;"INS3.1a GB.HUL"
11179;20123106;"BIO FRAN e"
11180;20125482;"BIB4 GB WALS"
11181;20122837;"BIO HAND d"
11182;20128924;"GEN 7"
11183;20128922;"GEN 7"
11184;20128104;INS7.3a
11185;20123570;"AES SMIT1"
11187;20125315;GHM3
11188;20128636;GHM3
11189;20129421;GHM0
11190;20126708;"MTP1 SMIT"
11191;20123553;"BIO VISS d"
11192;20120443;"BIO COST e"
11193;20126445;"TOP NL 4"
11194;20128896;"BIO SMOL a"
11195;20122147;"TOP NL 4"
11196;20123647;"INS3.1e NL.IJS"
11197;20122634;"BIO BACH1 e"
11198;20122883;"BIO BUXT d"
11199;20120787;"BIO BUXT d"
11200;20122343;"LIT SODM a"
11201;20125342;"BIO BACH1 e"
11202;20127327;"TOP DE.MUN1"
11203;20127949;GEN
11204;20126848;"TOP DE 7"
11205;20127488;"GEN 2"
11206;20128082;"TOP IT 5"
11207;20125339;"TRE SOLE"
11208;20122163;"TOP IT.FLO 5"
11209;20120795;"VIS SOME"
11209;20120794;"VIS SOME"
11209;20120793;"VIS SOME"
11212;20128027;"BIO HAYD1 b"
11213;20123549;"TOP US 5"
11214;20121284;"BIB4 US.WAS SONN"
11214;20121283;"BIB4 US.WAS SONN"
11216;20120242;"LIT SOPH a"
11217;20126604;"LIT SORE a"
11218;20129265;"BIB4 BE.ANT"
11219;20127314;"TOP NL"
11220;20127957;"TOP FR 5"
11220;20127166;"TOP FR 5"
11222;20121916;"SCO SOUS"
11222;20121917;"SCO SOUS"
11224;20129988;"BIO AVIS d"
11225;20128258;"BIO BACH1 e"
11226;20123154;"BIB4 NL.ARN 5"
11227;20125895;"TOP DE.UPP"
11228;20126958;"TOP FR 3"
11228;20126957;"TOP FR 3"
11230;20121364;"BIB4 IT.UDI"
11231;20128992;"BIO CARA c"
11232;20126700;"BIO SPEC e"
11233;20126858;"BIO BOCC e"
11235;20130314;"GEN 2"
11236;20132876;"PHI SPEN a"
11236;20132875;"PHI SPEN a"
11238;20120344;"LIT SPEN a"
11239;20128760;"INS3.1e AT.SAL"
11240;20127839;"LIT SPIE a"
11241;20127562;"TOP BE.FLA 0"
11243;20128147;"BIO ADRI d"
11243;20121444;"BIO ADRI d"
11244;20126723;"BIO BACH1 e"
11245;20127129;"TOP GB 5"
11246;20127423;"TOP GB 5"
11247;;
11248;20125358;"TRE SPIT"
11249;20123784;"BIO BACH1 d"
11250;20123783;"BIO BACH1 d"
11251;20129667;"BIO BACH1 d"
11252;20129668;"BIO BACH1 d"
11253;20129669;"BIO BACH1 d"
11254;20129338;"GEN 14"
11255;20125727;"TOP NL.AMS"
11256;20127485;"TOP DK 4"
11257;20121490;"TOP DE.ZER 5"
11257;20121489;"TOP DE.ZER 5"
11259;20122624;GHM3
11260;20129410;"VIS XL SANT"
11261;20121854;
11262;20126558;"BIO ZACH2 e"
11263;20125267;"INS3.1e DE.LUB"
11264;20121325;"INS3.1e DE.LUB"
11265;20122884;"BIO TUND e"
11266;20122880;"TOP DE.LUB"
11266;20127432;"TOP DE.LUB"
11267;20122500;"BIB4 DE.LUB"
11268;20122499;"BIB4 DE.LUB"
11269;20126541;"BIO BUXT d"
11271;20127831;"TOP DE.WUR2 5"
11272;20127629;"BIO CRUS c"
11273;20121249;"BIB1 STAI"
11273;20121248;"BIB1 STAI"
11273;20121247;"BIB1 STAI"
11273;20121246;"BIB1 STAI"
11273;20121245;"BIB1 STAI"
11279;20120859;
11279;20120858;
11280;20122050;
11281;20129103;"INS3.1e NL.AMS"
11282;20120887;"BIO SWEE1 d"
11283;20125556;"TOP IT.SOU 0"
11284;20123010;"BIO MUFF e"
11285;20130000;INS2a
11286;20126536;"PHI MONT b STAR"
11287;20120505;"LIT STAR a"
11287;20120504;"LIT STAR a"
11289;20120374;"TOP DE.STA 4"
11290;20121471;"BIO BACH1 e"
11291;20123041;"BIO BACH1 e"
11292;20123040;"BIO BACH1 e"
11293;20120262;"BIO VAND4 d"
11294;20128219;INS2a
11295;20126830;"TOP NL.BOL"
11296;20122648;"BIB4 CZ.PRA"
11296;20122643;"BIB4 CZ.PRA"
11298;20124038;
11299;20127680;"BIO NIEU e"
11300;20121474;"BIO STOL2 e"
11301;20126698;"BIO RUDO e"
11302;20126644;"BIO BACH1 d"
11303;20126705;"TOP DE.HEI1 4"
11304;20125786;"BIO SCHU5 e"
11309;20122068;REF1
11310;20123100;"BIO HAYD1 e"
11311;20120959;"BIO STEI1 a"
11312;20127201;"KTS1 C1.21 16D26"
11313;20122905;"INS3.1b BEDO"
11314;20128811;"INS3.1b STEI"
11315;20128691;"INS3.1e IT.VAL"
11316;20122524;"BIO WIKM e"
11317;20122932;"BIO FIOC d"
11319;20128781;"INS3a BE.ANT1"
11321;20127311;"BIB4 BE.ANT"
11322;20123424;"BIB4 BE.ANT"
11322;20127640;"KTS1 C1.21 16D32"
11323;20123077;"BIO HAYD1 d"
11324;20122194;"BIO STEN a"
11325;20121106;"BIO BOSC e"
11326;20126818;"TOP NL 4"
11327;20122702;"BIO STER a"
11328;20127877;"TOP DE 4"
11329;20128336;"BIB4 DE.DRE"
11330;20121148;"BIO MONT2 a"
11331;20120878;"BIO TOMK d"
11332;20130065;"MTP3 STEV"
11333;20120909;"LIT SHAK b HART"
11334;20122048;"BIO STEV1 a"
11335;20120806;"TOP ES.SEV 4"
11336;20126720;"TOP ES 4"
11337;20123573;"INS3.1a GB.SCO"
11338;20122760;
11338;20122759;
11340;20122516;"INS3.1e NL.UTR"
11341;20122985;"BIO BACH13 c"
11342;20127312;"TOP DE.LUB"
11343;20127992;"INS4.5d STIG"
11344;20125926;"BIO BACH1 e"
11345;20128589;"INS3.1b STIN"
11346;20125796;"INS3.1b STIN"
11347;20123754;"BIO NORT a"
11348;20123753;"BIO NORT a"
11349;20121334;"BIO BACH1 e"
11350;20123265;"BIO BACH1 e"
11351;20126756;"BIO CLEM e"
11352;20139964;"INS3.1e NL.SCH2"
11353;20127605;"VIS STOR"
11354;20123740;"BIB2 STOR"
11355;20120057;"BIB4 NL.HAG"
11356;20123747;"TOP NL"
11357;20125861;"TOP GB 5"
11358;20127064;"TOP NL 4"
11359;20123857;"SCO HAND"
11360;20121740;"SCO STRA2"
11361;20121754;"SCO STRA2"
11362;20120096;"TOP BE"
11362;20120095;"TOP BE"
11362;20120094;"TOP BE"
11362;20120093;"TOP BE"
11366;20127705;"TOP NL 5"
11367;20129007;"INS3.1e NL.ZUT"
11368;20120907;"BIO STRA4 a"
11369;20126905;"BIO STRA1 a"
11370;20126501;"LIT STRE a"
11371;20128201;"BIO HUYG1 e"
11372;20120783;"BIO BERNH d"
11373;20120699;"TOP GB 4"
11374;20128864;"TOP NL.ZWO 5"
11375;20128516;"TOP NL.ZWO 5"
11376;20128966;"TOP NL.ZWO 5"
11377;20120972;"BIO REVI e"
11378;20120150;"BIB4 US.SOU"
11379;20122438;"TOP NL 5"
11380;20121177;"TOP NL 5"
11381;20122041;"BIO HUYG e"
11383;20126758;"TOP IT 5"
11384;20127745;"TOP GB 4"
11385;20120802;"TOP NL 5"
11386;20123461;"INS4.5d STRU"
11387;20128967;GHM0
11387;20130765;
11388;20125739;"GHM 0"
11389;20125738;"GHM 0"
11390;20125724;"TOP NL 6"
11391;20123709;"BIO RATH d"
11392;20126903;"TOP DE.HOF 0"
11393;20128111;"BIO BRED d"
11394;20122114;"LIT STUI a"
11395;20125863;"TOP AT 4"
11396;20125260;"TOP NL"
11397;20125771;"BIO RAME e"
11398;20129201;"TOP ES 5"
11400;20129347;"BIO IRIA e"
11400;20129346;"BIO IRIA e"
11401;20123261;"TOP ES 5"
11402;20120681;"BIO TIEP1 d"
11403;20121163;"BIO BACH2 b"
11404;20129209;"TOP BE.ANT 5"
11405;20128004;"TOP NL 0"
11406;20128733;"INS3.1 a DE.BAD"
11407;20123409;"INS3.1b WIEG"
11408;20129731;"TOP FR.PAR 5"
11409;20126638;INS3.1b
11410;20127908;"BIO BACH1 e"
11411;20127394;"TOP AT.STE"
11412;20128700;
11413;20124074;
11414;20130013;"BIO MATH b"
11415;20127077;"TOP NL"
11416;20120283;"LIT SWAE a"
11416;20120282;"LIT SWAE a"
11416;20120281;"LIT SWAE a"
11416;20120280;"LIT SWAE a"
11416;20120279;"LIT SWAE a"
11416;20120278;"LIT SWAE a"
11422;20124019;
11423;20124017;
11424;20124020;
11425;20124018;
11426;20121607;
11427;20121606;
11428;20121605;
11429;20121604;
11430;20121603;
11431;20121608;
11432;20120913;"BIB2 WIDM"
11433;20123609;"BIO CAMP d"
11434;20122308;"VIS SWIL"
11434;20122307;"VIS SWIL"
11436;20127523;"INS3.1b BINV"
11437;20128032;"TOP PL.KRA 4"
11438;20122568;"TOP PL.KRA 4"
11439;20121688;
11440;20121642;
11441;20125558;"TOP NL 3"
11442;20127079;"TOP PL 5"
11443;20122854;"BIO GORC c"
11444;20127964;"TRE ARBE"
11446;20128227;"INS3.2a IT.BOL"
11447;20122490;"TOP IT.MAN 4"
11448;20122304;"TOP RS 3"
11449;20125076;"BIO ALBI d"
11450;20121402;"BIO VINA d"
11451;20123264;"BIO VIVA c"
11452;20127251;GHM5
11453;20127357;"TOP IT.VEN1 5"
11454;20128787;"INS3.1e NL.ZAA"
11455;20123328;"MTP1 TALS"
11456;20128706;"INS3.1a NL"
11456;20128707;"INS3.1a NL"
11456;20128709;"INS3.1a NL"
11456;20128708;"INS3.1a NL"
11457;20123335;"TOP HU 5"
11458;20127672;"BIO GESU d"
11459;20120089;"MTP 2 TARL"
11460;20126639;"INS6d TARR"
11461;20129042;"INS3.1e IT.LIG"
11462;20123311;"TRE TART"
11464;20120670;"BIO WINT e"
11464;20120470;"BIO WINT e"
11465;20120371;"BIO BACH1 e"
11466;20125135;"GEN 17"
11467;20127594;"KTS1 C2.27 H4-090"
11468;20122948;"BIO CLAR c"
11469;20121832;
11470;20126839;"TOP DE.SAX1 0"
11471;20128376;
11472;20122202;"LIT TELD a"
11473;20125426;
11474;20122807;"BIO TELE a"
11475;20122806;"BIO TELE a"
11476;20121657;
11477;20126941;INS3.1b
11478;20126577;"TOP NL.HAA"
11479;20126476;"BIO MOZA1 d"
11480;20125068;"TOP NL.AMS"
11481;20120232;"LIT TERE a"
11482;20120624;"TOP DK 5"
11483;20122937;"TRE RAMO"
11484;20128753;"INS3.1e FR.ALB"
11485;20121093;"BIO BACH0 d"
11486;20121004;"BIO BACH1 e"
11487;20125429;"TOP AT 0"
11488;20120471;"BIB4 NL 5"
11489;20123127;"BIO DELA d"
11490;20123497;"SCO BACH1"
11491;20122874;"BIO CALD e"
11493;20120239;"LIT THEO a"
11494;20125126;"INS1a FR"
11495;20127027;"VIS VANT"
11496;;"BIO TÜRK d"
11497;20126706;"BIO MOZA1 e"
11498;20130325;"INS6.1d THIE"
11499;20128067;"TOP NL.AMS"
11500;20126781;"HUM THIE"
11501;20126674;"TOP SE 4"
11502;20122738;"BIO MAND e"
11503;20125586;"BIO BOER e"
11504;20127971;"TOP NL 0"
11505;20127229;"BIO GRON d"
11506;20120805;"TOP NL 5"
11507;20120955;"BIO BEUR e"
11507;20120954;"BIO BEUR e"
11509;20128505;"BIO HOTT d"
11510;20126490;"LIT THOM a"
11511;20126469;"BIO ZACH2 d"
11512;20123229;"BIO COUP d"
11513;20126567;"BIB4 NL.HAG"
11514;20122769;"BIO PURC1 d"
11515;20129267;"BIO RUSS2 d"
11516;20125244;"VIS THOM"
11517;20129973;INS1b
11518;20120236;"HUM THOR"
11519;20123640;"TOP DK.COP 5"
11520;20125538;"BIO BOUR c"
11521;20128384;"TRE LANF"
11522;20123384;"BIO MOLI e"
11523;20128999;"INS3.1b SCHN"
11524;20125820;"INS3.1b FREY"
11525;20122124;"BIO RUBE e"
11526;20122097;"BIO RUBE e"
11527;20123678;"INS3.1e NL.GRO"
11528;20125818;"INS3.1e NL.ZWO"
11529;20125307;"INS10.3a NL"
11530;20122585;"TOP NL 3"
11531;20120786;"BIO STEF2 d"
11532;20121518;"INS4.3a NL"
11532;20121517;"INS4.3a NL"
11532;20121516;"INS4.3a NL"
11532;20121515;"INS4.3a NL"
11536;20121289;REF1
11537;20129647;"BIO TINE b"
11538;20125352;"TOP FR 5"
11539;20122849;"BIO HAND b"
11540;20124067;
11541;20130260;"LIT TOER a"
11542;20126987;"TOP FR 0"
11543;20128246;INS4.1a
11544;20120338;"LIT TOLK a"
11544;20120337;"LIT TOLK a"
11544;20120336;"LIT TOLK a"
11547;20125201;"BIO BOSC c"
11548;20120356;"LIT TOLS a"
11549;20121513;"VIS TOMA"
11550;20120603;"TOP AT.ZWE"
11551;20128626;"INS3.1a IT.POR"
11552;20121232;"BIO BACH1 e"
11552;20121231;"BIO BACH1 e"
11554;20124046;
11555;20128445;"BIO GOSS d"
11556;20129300;"INS3.1b WITT"
11556;20129299;"INS3.1b WITT"
11561;20120012;INS3.1b
11562;20121983;"HUM TORN"
11563;20128565;"BIO PLAT e"
11564;20129191;"TRE TORR"
11565;20126889;"TOP ES.BAR"
11566;20130053;INS2c
11567;20128096;INS2c
11568;20127359;"TOP IT.NAP 5"
11569;20123119;"INS3.2b BE.BRU"
11570;20126552;"BIO FRAN d"
11571;20128973;"HUM TOUS"
11572;20127326;"BIO BACH1 e"
11573;20126688;"TOP IT.VEN1 5"
11574;20123815;"BIO PFEI1 a"
11575;20123814;"BIO PFEI1 a"
11576;20123813;"BIO TRAE a"
11577;20125531;"BIO BACH1 c"
11578;20128962;"TOP IT.ROM 5"
11579;20123557;"BIO BACH1 e"
11580;20123425;"BIO PISE e"
11581;20128222;INS1a
11582;20127454;"INS3.1b FELS"
11583;20128463;"BIO DEME d"
11584;20127591;"BIO LODE e"
11585;20129992;"INS3.2d TROE"
11586;20128166;"TOP NL"
11587;20125631;"TOP NL.SOE"
11588;20123606;"BIO VISC b"
11589;20120325;"LIT TROY a"
11590;20126487;"LIT TROY a"
11591;20126499;"LIT TROY a"
11592;20126488;"LIT TROY a"
11593;20128407;INS3.1d
11594;20130259;"LIT TSJE a"
11595;20139963;"INS3.1e NL.ZEE"
11596;20128321;"BIO LAST e"
11597;20121552;
11598;20125864;"TOP FR 5"
11599;20121377;"TOP GB 4"
11600;20125849;"TOP GB 0"
11601;20123462;"BIO TURN a"
11602;20125887;"BIB4 IT.VER"
11603;20122647;"BIB4 IT.VER"
11604;20128265;"BIO SWEE1 e"
11606;20128417;
11607;20120022;
11608;20125755;"BIO RIEP e"
11609;20120689;"BIB3 TWYM"
11610;20128615;INS5.2a
11611;20126811;"TOP NL.AMS 6"
11612;20126810;"TOP NL.AMS 6"
11613;20128428;"INS3.3d DE.BER"
11614;20125736;
11615;20125409;"GHM 5"
11616;20123258;"BIO HEIN e"
11617;20125667;"BIO PRAE e"
11618;20127844;"TOP DE.MITT 0"
11619;20125616;"BIO DITT d"
11620;20125615;"BIO DITT d"
11621;20123090;"BIO HOFF a"
11622;20123858;
11623;20126651;"GEN 2"
11624;20127440;"TOP ES 4"
11627;20125459;"BIO TINT  e"
11628;20129415;"BIO LONG b--&gt;a of d"
11629;20129365;"INS3.1a PT"
11630;20123212;"BIO BEET d"
11631;20122802;"BIO ZABU d"
11632;20126938;"BIO MOZA0 d"
11633;20126976;"TOP MX.MEX 5"
11634;20121661;"SCO VALE"
11635;20128768;"INS3.1a NL"
11636;20122127;"TOP FR.LYO 5"
11637;20123231;"TOP ES.OVI 4"
11638;20129738;"INS3.1a FR"
11639;20122241;"LIT VALO a"
11640;20129952;INS3b
11641;20123110;"BIO FESC d"
11641;20115767;Reserve
11642;20129999;GHM5
11643;20134024;"LIT SCHE a"
11644;20120658;"TOP NL.BRE 7"
11645;20120221;"LIT SUCH a"
11646;20120220;"LIT SUCH a"
11647;20120867;GHM3
11648;20126952;"BIO ASMA d"
11650;20122546;"BIB4 NL DOOR"
11651;20120631;
11652;20120529;"TOP IT.BOL1 5"
11653;20126719;"TOP NL 0"
11655;20126546;"BIB4 DE.WOL"
11656;20121336;"REF4 ZEHN"
11658;20122607;"BIB1 DELS"
11659;20126475;"BIO HAND e"
11660;20122117;"HUM RAAT"
11661;20129012;"INS3.1e IT.SAV"
11662;20120499;"BIB4 NL.MID1"
11663;20126956;"TRE KOOP"
11664;20123792;"BIO WILH e"
11665;20123787;"TOP DE.UPP2"
11666;20122604;"VIS PONT"
11667;20127193;"VIS POLL"
11668;20127349;"TOP IT 4"
11669;20127729;"BIB4 GB.LON CHRI"
11670;20127727;"BIB4 GB.LON CHRI"
11671;20127758;"INS3.1a NL"
11672;20120610;"BIB4 NL 5"
11673;20127299;"PER DB2"
11673;20123801;"PER DB2"
11675;20128972;"INS3.1b HINS"
11676;20121372;"INS3.1a NL.GRO"
11676;20121371;"INS3.1a NL.GRO"
11676;20121370;"INS3.1a NL.GRO"
11676;20121369;"INS3.1a NL.GRO"
11676;20121368;"INS3.1a NL.GRO"
11681;20125085;"REF4 ELDE"
11682;20128263;"BIB4 NL.HAG"
11683;20127271;"BIO BEER1 f"
11684;20122025;"TOP FR 0"
11688;20128440;"BIO HAND e"
11689;20120534;"INS3.2b RUCK"
11690;20125084;"BIO BACH2 b"
11691;20122911;"BIO BACH2 b"
11692;20120526;"TOP PL.GDA"
11693;20125386;"REF3 MUSI"
11703;20125223;"PER JP1"
11704;20121057;"BIO BACH1 e"
11705;20121056;"BIO BACH1 e"
11706;20122493;"BIO META e"
11707;20120536;"TOP DE.HAM"
11708;20125102;INS3.1d
11709;20123147;"BIO CORE e"
11710;20120579;"TOP IT 5"
11711;20126879;"TOP IT.NAP 5"
11712;20128438;"AES BASE"
11713;20126890;"TOP DE 5"
11714;20129371;"BIB4 DE.LUB"
11715;20122709;"BIO TELE e"
11716;20120133;"BIO TELE e"
11717;20121309;INS3.1a
11718;20121307;INS3.1a
11719;20123745;"TOP BE.FLA"
11720;20120969;"BIO PETR c"
11721;20129230;"TRE KOOP"
11722;20123195;"LIT DEKK a"
11723;20127571;"BIO FISC e"
11724;20129149;"INS3.1a AT"
11725;20125496;"TOP DE 5"
11726;20125490;"BIO BACH1 e"
11727;20120762;"BIO BACH1 e"
11728;20126893;"INS5.1d LUTE"
11728;20128192;"INS5.1d LUTE"
11729;20129326;"BIO MOZA1 e"
11730;20129168;INS1a
11733;20128151;"TOP FR.PAR 7"
11734;20125593;"GEN 16"
11735;20127345;"TOP DE.EMD"
11736;20127198;"INS1a DE"
11737;20123728;"TOP DE.HUS"
11738;20120365;"BIO TELE e"
11739;20120440;"TOP DE.DRE 0"
11740;20123663;"BIB4 SE DUBE"
11741;20129337;"INS3.1e NL.UTR"
11742;20126808;"BIO TELE e"
11743;20127044;"BIO REMB e"
11744;;"INS10.3a NL"
11745;20127022;"INS1b BE.BRU1"
11746;20127020;"BIO WATT a"
11747;20127019;"TOP CN 5"
11748;20127017;"INS1b IT.FLO1"
11749;20127016;"BIO BONV d"
11750;20127015;"BIO TITI d"
11751;20127453;"INS3.1 a BE.TIE"
11752;20127450;"INS3.1b SILB"
11753;20127768;"BIO CHAR1 b"
11754;20127765;"BIO ANGE c"
11755;20127763;"TOP AT.KRE"
11755;20127794;"TOP AT.KRE"
11757;20127759;"TOP NL.AMS"
11758;20127756;"TOP GB.GLA"
11759;20127751;"TOP BE.NIN 0"
11760;20127747;"TOP CZ 5"
11761;20127746;"BIO CERU d"
11762;20127712;"INS1a FR"
11763;20127726;"GHM 5"
11764;20127733;"BIB4 GB.LON SOTH"
11765;20127732;
11766;20127731;"BIB4 GB.LON SOTH"
11767;20127730;
11768;20127728;"INS1b GB.LON"
11769;20127710;"BIO MOZA1 e"
11770;20127709;"PER JP1"
11771;20125004;"BIB4 FR.PAR"
11772;20125000;"TOP IT.CRE 7"
11773;20127083;"TOP IT.VER 5"
11774;20127082;"VIS KAPO"
11775;20127075;"TOP IT.FEL"
11776;20127072;"TOP BE.GHE 0"
11777;20127069;"TOP IT 5"
11778;20127068;"BIB4 IT REMO"
11779;20127067;"BIO TIEP e"
11780;20127065;"VIS MODE"
11781;20127062;"TOP DE.LUB 7"
11783;20127055;"TOP IT.NAP 5"
11783;20127056;"TOP IT.NAP 5"
11784;20127054;"INS1a DE"
11785;20127053;"INS1a IT"
11786;20127052;"TOP IT.VEN1"
11787;20125072;"TOP AT.MEL"
11788;20125071;"VIS LIPP"
11789;20125070;"VIS LIMB"
11790;20125066;"VIS VERE"
11791;20125065;"TOP IT 3"
11792;20125064;"TOP AT.INN"
11793;20125062;"VIS HERD"
11794;20125052;"VIS BERE"
11795;20125051;"VIS FOCA"
11796;20125050;"TOP NL.HER"
11797;20125049;"VIS GLER"
11798;20125045;"BIO TERB2 f"
11799;20125040;"TOP BE.FLA 5"
11800;20125032;"VIS MUNH"
11801;20125031;"TOP DE.REG"
11802;;
11803;20127797;"BIO VELA d"
11804;20127796;"TOP IT.VER 5"
11805;20127793;"TOP BE.GHE 5"
11806;20127792;"REF4 REGT"
11807;20127791;"VIS ESRI"
11808;20127783;"VIS DEBR"
11809;20127779;"TOP ES.MAD"
11810;20127774;REF1
11811;20125149;"TOP FR 5"
11812;20125146;"MTP2 VELL"
11813;20125145;"MTP2 VELL"
11814;20125137;"TOP MX 4"
11814;20125138;"TOP MX 0"
11814;20125140;"TOP MX 2"
11814;20125139;"TOP MX 4"
11815;20125123;INS1a
11816;20125116;"BIO CERE e"
11817;20125109;GEN16
11818;20125108;"TOP DE.DUS"
11819;20125104;"BIO LULL e"
11820;20125096;"REF4 SMIT"
11821;20125082;"TOP DE.DUI"
11822;20125081;"TOP DE.ESS"
11823;20127901;"BIO PERG a"
11824;20127872;"BIO INGE e"
11825;20127863;"TOP GB 5"
11826;20127862;"TOP GB.BAT"
11827;20127857;"TOP NL.VEE 3"
11828;20125289;"TOP NL 0"
11829;20125286;GHM0
11830;20125285;"TOP NL.MAA1"
11831;20125269;"BIO VOS2 a"
11832;20125265;"TOP NL 4"
11833;20125261;"BIO BACH3 d"
11834;20125256;"BIO BEER1 d"
11835;20125253;"TOP JP 7"
11836;20125249;"BIO SOLE d"
11837;20125226;"MTP3 VERB"
11838;20125214;"TOP NL 4"
11839;20125202;"BIO HALS d"
11840;20125199;"BIO GHEY a"
11841;20125198;"TOP NL 5"
11842;20125196;"TOP NL 4"
11844;20125187;"BIO TERB1 c"
11845;20125186;"VIS LAUR"
11846;20125180;"BIO BECC1 c"
11847;20125181;
11848;20128060;"MTP1 VARI"
11849;20128048;GHM0
11850;20128058;"TOP NL 4"
11851;20128050;"TOP NL 5"
11852;20128045;"VIS THIE"
11853;20128041;"VIS HANN"
11854;20128040;"VIS BOYM"
11855;20128039;"TOP NL 4"
11856;20128038;"BIO RUBE c"
11857;20128030;"TOP IT.FLO 4"
11858;20128028;"INS3.2b RUCK"
11859;20128024;"BIO TASI f"
11860;20128023;"BIO CARA e"
11861;20127976;"TOP NL 5"
11862;20128101;"VIS KALE 1992"
11864;20128093;"INS6.2d SIMP"
11865;20128090;"INS6a NL.HAG"
11866;20128072;"TOP DE.RHI"
11867;20125329;"INS1b JP.TOK1"
11868;20125321;"TOP SK 0"
11869;20125333;"BIO HARS b"
11870;20125331;"TOP BE.ANT 4"
11871;20125355;"TOP FR 5"
11872;20125346;"HUM GELD"
11873;20125378;"TOP DE.BAV"
11874;20125375;"TOP IT.NAP 0"
11875;20125373;"TOP FR 0"
11876;20125361;GEN17
11877;20125405;"REF4 SALM"
11880;20125401;"REF4 ALBR"
11881;20125393;"TOP PL 5"
11882;20125387;"REF3 LISS"
11883;20128141;"REF3 HONE"
11883;20128140;"REF3 HONE"
11885;20128119;GEN12
11886;20128114;"REF4 KIRK"
11887;20128185;"BIO CATH d"
11888;20128184;"VIS FRAN"
11889;20128183;"BIO BRAM d"
11890;20128181;"TOP NL.EPE"
11891;20128169;"BIO GROO d"
11892;20128159;"TOP NL 5"
11893;20128158;"TOP NL 5"
11894;20128153;"TOP PT 0"
11898;20128330;"TOP US.NEW1"
11899;20128328;"PER CO2"
11899;20125001;"PER CO2"
11899;20125003;"PER CO2"
11900;20128324;"BIO BACH1 e"
11901;20128322;"BIO REMB e"
11902;20128318;"TOP JP 5"
11903;20128317;"BIO VERO2 e"
11904;20128314;"TOP IT.PAR"
11905;20128312;"REF4 MOEC"
11906;20128311;"BIO MAYR d"
11908;20128307;"BIO ALBR e"
11908;20128306;"BIO ALBR e"
11910;20128357;"HUM BERG"
11911;20128356;
11912;20128355;"TOP DE.BER 5"
11913;20128353;
11914;20128351;"TOP AT.VIE 4"
11915;20128399;"INS3.2b BE.ANT"
11917;20128190;INS4.5a
11918;20128211;"BIO BACH1 e"
11919;20128208;"REF4 UNVE"
11920;20128206;"BIO NÄGE a"
11921;20128200;"VIS KYRO"
11922;20128197;"REF3 CHRY"
11923;20128242;"BIB2 CROI"
11924;20128241;"TOP DE 5"
11925;20128239;"BIO TELE e"
11927;20128235;"BIO TELE e"
11927;20128234;"BIO TELE e"
11929;20128300;"INS3.1e NL.ZUT"
11930;20128299;"REF3 GERS"
11931;20128298;"INS3.2b DE"
11932;20128297;"GEN 2"
11933;20128296;"BIO MOZA1 e"
11933;20128295;"BIO MOZA1 e"
11935;20128294;"BIO BACH1 e"
11936;20128289;"BIO TELE e"
11936;20128288;"BIO TELE e"
11938;20128287;"BIO TELE e"
11939;20128286;"BIO TELE e"
11939;20128285;"BIO TELE e"
11941;20128284;"BIO TELE e"
11941;20128283;"BIO TELE e"
11941;20128282;"BIO TELE e"
11944;20128281;"BIO TELE e"
11946;20128278;"BIO TELE e"
11947;20128277;"TOP IT.ROM 5"
11949;20128266;"INS3.1e DE.NAU"
11950;20128257;"BIO NOLT b"
11952;20128250;"BIB2 LIND"
11953;20125416;INS3.1d
11954;20125468;"REF4 LIEB"
11955;20125449;"TOP NL 5"
11956;20125443;"BIO PALE e"
11957;20125439;"TOP AT.SAL"
11958;20125438;"TOP AT.SAL"
11959;20125433;"TOP DE.KIE2"
11960;20125431;"TOP IT.CAS1"
11961;20125430;"TOP NL"
11962;20125507;GHM0
11963;20125504;"REF 4 FORC"
11964;20125502;"TOP AT.VIE 5"
11965;20125476;"REF4 SCHE"
11966;20125470;"LIT SCHE a"
11967;20125534;"REF3 ALBR"
11968;20125530;GEN16
11969;20125529;"BIO BACH1 e"
11970;20125527;"BIO BACH1 e"
11971;20125524;"BIO VEST f"
11972;20125523;"BIO PURC1 e"
11973;20125521;"VIS MOLL"
11974;20125520;"BIB4 NL.MAA1"
11975;20125512;INS1a
11976;20125553;"BIO CHAR1 d"
11977;20125552;"BIO MARO e"
11978;20125548;"BIO XUAN d"
11979;20125541;"INS3.1a BE.LIE"
11980;20125629;
11981;20125624;"BIO ASMA b"
11983;20125620;"BIO FRES d"
11984;20125598;"BIO WERT d"
11985;20125591;"TOP DE.ARN2"
11986;20125585;"BIO BACH1 e"
11987;20125649;"HUM RODI"
11988;20125666;"INS10.9a AT.VIE"
11990;20125662;"PER BM2"
11990;20125661;"PER BM2"
11992;20125656;INS10.3a
11993;20125717;"BIO REIC2 e"
11994;20125716;"REF 4 BUEL"
11995;20125714;"BIO SCHE2 d"
11996;20125704;"TOP DE.HUS"
11998;20125696;INS3.2b
11998;20125697;INS3.2b
11998;20125695;INS3.2b
11998;20128347;INS3.2b
12000;20125690b;"BIO MOZA1 f"
12001;20125689;INS4a
12004;20125684;"LIT SALL b AHLH"
12004;20125683;"LIT SALL b AHLH"
12004;20125682;"LIT SALL a"
12005;20125681;"TOP NL.FRA 4"
12006;20125676;INS3.1d
12007;20125674;"BIO TELE b"
12008;20125671;"BIO BACH1 e"
12009;20128472;"BIO MATT e"
12010;20128467;"BIO MEND e"
12011;20128465;"TOP IT.VER 4"
12012;20128464;"BIO BACH1 e"
12013;20128461;GEN16
12014;20128459;"SCI ZAND"
12015;20128449;"BIO MUYS a"
12016;20128448;"BIO ZUYL f"
12017;20128441;"MTP 2 SCHU"
12018;20128433;"TOP AT.MUL"
12019;20128432;"TOP BE.FLA 5"
12021;20128430;"REF 4 GERS"
12022;20129575;"TOP IT.FLO 4"
12023;20129576;"TOP IT.FLO 4"
12024;20129577;"TOP IT.FLO 4"
12025;20129578;"TOP IT.FLO 4"
12027;20128891;"INS5.3d SCHA"
12028;20128890;INS4a
12029;20128875;"REF 4 CROL"
12030;20128874;"TOP NL"
12031;;
12032;20128837;"LIT MOLE a"
12032;20128838;"LIT MOLE a"
12034;20128829;"INS3.1e DE.LUB"
12035;20128481;"BIO MOZA1 f"
12036;20128480;"BIO MOZA1 e"
12037;20128477;"BIO MOZA1 e"
12038;20128557;"BIO SCHU1 e"
12039;20128556;"BIO VIVA e"
12040;20128555;"TOP IT.VEN1 4"
12041;20128553;"BIO VIVA e"
12042;20128547;"BIO VIVA e"
12043;20128546;"BIO VIVA e"
12044;20128543;"BIO WASS e"
12045;20128528;"BIO SCHE2 d"
12046;20128509;"GHM 7"
12047;20128571;"INS3.2b RUCK"
12048;20128594;"BIO RICH2 d"
12049;20128600;"BIB4 NL.HAG"
12050;20128599;"TOP DE.HAM"
12051;20128618;"BIO LAWE e"
12052;20128617;"TOP DE 5"
12053;20128607;"MTP2 WOLF"
12053;20134492;"MTP2 WOLF"
12054;20128648;"REF4 LAUR"
12055;20128643;"BIO HAYD1 e"
12056;20128637;"REF4 PLAM"
12057;20128635;"REF4 RUHN"
12058;20128634;"REF4 SENN"
12059;20128630;"REF4 ADLE"
12060;20128936;"BIO GASP1 e"
12061;20128934;"BIO BACH2 b"
12062;20128932;"REF4 ALDE"
12063;20128925;INS3a
12064;20128909;"TOP BE.FLA 3"
12065;20128885;"REF4 VIDE"
12066;20128899;
12067;20126459;"BIO RAME e"
12067;20128677;"BIO RAME e"
12068;20128676;"BIO SCAR0 b"
12069;20128673;"BIO SART e"
12070;20128669;"BIO SCHU1 e"
12071;20128668;"BIO SCHU1 b"
12072;20128659;"BIO JOHN d"
12073;20128655;"BIO KIRC b"
12074;20128654;"INS3.1d DE.DRE"
12075;20128650;"BIO BACH1 e"
12076;20125761;"BIO SCAR2 e"
12077;20125756;"INS3.1b SCHN"
12078;20125747;"BIO JOSQ c"
12079;20125741;"INS3.1e NL.HAR"
12080;20125722;"BIO TELE e"
12081;20128720;"INS3.1a FR"
12082;20128711;"INS3.1a NL.HAA"
12083;20128704;"INS3.1e DE.KEM"
12084;20128695;"INS3.1e FR.SAI1"
12086;20145900;"INS3.1a NL.BRA"
12086;20145901;"INS3.1a NL.BRA"
12087;20128758;"INS3.1e IT.MEZ"
12088;20128743;INS3.1a
12089;20128802;INS3.1a
12090;20128780;"INS3.1e NL.AMS"
12091;20128777;"INS3.1e DE.ROT"
12091;20130801;"INS3.1e DE.ROT"
12092;20128774;"INS3.1e FR.BEA"
12093;20129044;"INS3.1b MAND"
12094;20129056;INS3.1d
12095;20129041;"INS3.1e DE.WAL2"
12096;20129027;"INS3.1a NL.HAA"
12097;20129026;"INS3.1a NL.HAA"
12098;20129022;"INS3.1e IT.TRE2"
12099;20129013;"INS3.1e DE.GOS"
12100;20129008;"INS3.1e DE.GOR"
12101;20129006;INS3.1a
12102;20129004;"INS3.1a IT.PAV"
12103;20129001;"INS3.1e NL.CUI"
12103;20129953;"INS3.1e NL.CUI"
12104;20128998;
12105;20128995;"INS3.1b FELS"
12106;20128988;"TOP NL.OVE 5"
12107;20128979;"TOP NL 0"
12113;20129104;"INS3.1e FR.BOR"
12114;20129091;"TOP DE 0"
12114;;"TOP DE 0"
12116;20129071;"BIB4 BE.ANT"
12117;20125945;"TOP DE.HAM"
12118;20125941;"INS3.1e FR.BEL"
12119;20125933;"INS3.1 e DE-BAR"
12120;20125932;"INS3.1e NL.LEI"
12121;20125928;"BIO ZELE e"
12122;20125922;"TOP IT 5"
12123;20125918;"TOP DE 3"
12123;20125917;"TOP DE 3"
12123;20125916;"TOP DE 3"
12123;20125915;"TOP DE 3"
12127;20125914;"INS3.1e FR.DIE"
12128;;
12129;20125889;"INS 3.1e ES.PAN"
12130;20125886;"INS1a ES"
12131;20125882;
12133;20127658;"BIO HAND f"
12133;20125876;"BIO HAND f"
12133;20125875;"BIO HAND f"
12133;20125874;"BIO HAND f"
12133;20125873;"BIO HAND f"
12133;20125872;"BIO HAND f"
12133;20125865;"BIO HAND f"
12139;20125840;"INS3.1a BE"
12140;20125838;"INS3.1a NL"
12141;20125829;"INS3.1e DE.OTT"
12142;20125824;"INS3.1e IT.COM"
12143;20125823;"INS3.1a FR.POI"
12144;20125822;"INS3.1e FR.MET"
12145;20125812;"TOP NL.AMS"
12146;20125811;"INS3.1e IT.VIL"
12147;20125808;"INS3.1e US.POR"
12148;20125807;"INS3.1e IT.SAN2"
12149;20125805;"INS3.1e FR.VIC"
12150;20125804;"TOP NL.AMS"
12151;20125789;"INS3.1e IT.MIL"
12152;20129313;"INS3.1e FR.SAI2"
12153;20129305;INS3.1a
12154;20129301;"INS3.1 e DE.BER"
12155;20129298;"INS3.1a NL"
12156;20129167;"BIO CHRI e"
12157;20129161;"TOP NL.ROT 5"
12158;20129148;"BIO BUXT e"
12159;20129179;"BIO SCHU5 e"
12160;20129173;"TOP IT 5"
12161;20129186;"TOP IT.VEN 4"
12162;20129185;GHM8
12163;20129184;"REF4 STRU"
12164;20129214;"REF4 LEUC"
12165;20129208;"REF4 BLUM"
12166;20129207;GHM0
12166;20130666;GHM0
12166;20130665;GHM0
12166;20130663;GHM0
12166;20130669;GHM0
12166;20130668;GHM0
12166;20130664;GHM0
12167;20129204;"TOP GB 5"
12168;20129203;"TOP GB 5"
12169;20129194;"BIO BACH1 e"
12170;20129254;"REF4 KRUI"
12171;20129251;"BIO WIER d"
12172;20129250;"INS3.1b SCHU"
12173;20129248;"BIB1 JANS"
12174;20129236;"INS3.1e DE.VOR"
12175;20129226;"BIO HAYD1 e"
12176;20129219;"BIO HEMS e"
12177;20129259;"BIO FUX e"
12178;20129279;"BIB4 DE.HAL1"
12179;20129274;"TOP DE 0"
12180;20129270;"REF4 VALE"
12181;20129324;"SCO MISC THYS"
12181;20134602;"SCO MISC THYS"
12181;20134601;"SCO MISC THYS"
12181;20134600;"SCO MISC THYS"
12181;20144247;"SCO MISC THYS"
12181;20144248;"SCO MISC THYS"
12181;20144249;"SCO MISC THYS"
12182;20129320;"TOP IT 3"
12183;20129340;"REF4 WALT"
12184;20129345;"TOP DE. MAI"
12185;20129348;"TOP DE.LUB"
12186;20129358;"INS3.1e DE.CUX"
12187;20129369;"BIO PISE d"
12188;20129379;"BIO BACH1 e"
12189;20129377;"TOP PL .GDA 5"
12190;20129376;"BIB4 GB.LON"
12191;20129394;"TOP IT.VER 0"
12192;20129389;"BIO RAFF d"
12193;20137417;"KTS1 C1.40 27D28"
12194;20129407;"INS3.1a NL"
12194;20144181;"INS3.1a NL"
12195;20129406;"VIS KINS"
12196;20129399;"BIO HOOG c"
12197;20121458;"BIO HOOF e"
12198;20121447;"TOP DE.MAN 5"
12199;20121445;"TOP DE.WUR"
12200;20123608;"TOP BE 0"
12201;20123604;"BIB1 GENT"
12202;20123593;"INS3.1e DE.LUB"
12203;20123585;"TOP IE"
12204;20123563;"INS1b BE.BRU1"
12205;20130344;INS6a
12206;20121373;"BIO BACH1 e"
12212;20121385;INS3.1a
12216;20123457;"MTP2 BENT"
12217;20123452;"BIO VOND e"
12218;20121358;"INS 3.1a DE.UPP"
12219;20121357;"INS3.1e NL.UTR"
12220;20121352;"INS3.1e IN.MAN"
12220;20127494;"INS3.1e IN.MAN"
12225;20121346;"REF 4 AHRE"
12226;20121329;"INS3.1e DE.STR"
12227;20121328;"INS3.1e DE.FRE2"
12228;20121327;"INS3.1a IT.TUR"
12229;20121326;"INS3.1e NL.UIT"
12230;20121324;"INS3.1e AT.HAR"
12231;20140129;"INS3.1e SE.STO"
12232;20121315;"INS3.1e DE.RUC"
12233;20121313;"INS3.1e DE.COL"
12234;20130337;"INS3.1e DE.POM"
12235;20130338;"INS3.1e DE.BER"
12236;20121304;"INS3.1e DE.KEM"
12237;20121281;"BIO BACH1 d"
12238;20121277;INS3.1a
12239;20121267;"BIO BOSC c"
12240;20121262;"VIS TOMA"
12241;20121258;"TOP NL.DEL 5"
12242;20121254;"INS3.2a AU"
12243;20123373;"TOP NL.HAG 6"
12245;20123370;"REF4 PALI"
12247;20121234;"TOP BE.ANT 4"
12248;20121229;"VIS CLAI"
12249;20121217;"TOP DE.BRA1 5"
12250;20121211;"TOP IT.VEN2 4"
12251;20121206;REF4MEEU
12252;20121203;"BIO WOLF3 b"
12253;20121202;"TOP NL.LEI 4"
12254;20121192;"BIB4 NL 4"
12255;20121191;"BIB4 NL.LEI"
12256;20121182;"BIB1 ISRA"
12257;20121178;"TOP NL 5"
12258;20123368;"MTP2 BERK"
12258;20123367;"MTP2 BERK"
12260;20123366;"REF3 DAHL"
12262;20123360;"REF3 SMIJ"
12263;20123356;"GHM 4"
12264;20123354;"REF4 MAAS"
12265;20123353;"REF4 PLAT"
12266;20123350;"REF4 LARS"
12267;20123347;INS3.1d
12267;20123346;INS3.1d
12269;20123343;"REF4 FEDE"
12270;20123341;"REF4 KINK"
12271;20123340;
12272;20123338;"REF4 WARD"
12273;20123337;"TOP DE.DRE"
12274;20123334;"MTP 2 NICE"
12275;20135551;"MTP 2 NICE"
12276;20123303;"MTP2 KENY"
12277;20123283;"MTP 2 BROW"
12278;20121168;"REF3 EBER"
12279;20121167;"REF3 EBER"
12280;;
12281;20121154;"TOP DE.KAR 5"
12282;20121151;"BIO META e"
12283;20130330;"BIO MONT2 e"
12284;20121139;"BIO MOZA1 e"
12285;20121107;"BIO HARN f"
12286;20121097;"TOP NL 0"
12287;20123248;"BIO MOZA1 f"
12289;20121087;"BIO BACH1 e"
12290;20121065;"BIO BACH1 e"
12291;20123220;"TOP DE 5"
12292;20143962;
12293;;
12294;20123211;"BIB1 GROO"
12295;20123209;"INS3.1e DE.NIE"
12296;20123204;"BIB4 NL.GRO 3"
12297;20123202;"TOP DE.LUB 5"
12298;20123201;"BIB4 NL.LEI"
12299;20123198;"REF3 GLAH"
12300;20123197;"REF3 GLAH"
12301;20123190;"BIB3 FEDO"
12302;20130326;"BIO LUTH b"
12303;20123186;"BIO LULL c"
12304;20123175;"TOP NL 4"
12304;20123174;"TOP NL 4"
12304;20123173;"TOP NL 4"
12307;20123164;"BIO SCHU1 e"
12308;20123163;"BIO MOZA1 e"
12309;20123159;"REF4 BRAU"
12310;20123158;"TOP IT 5"
12311;20123156;"BIO UCCE d"
12312;20123153;"TOP IT 5"
12313;20123150;"REF4 FELL"
12314;20123148;"BIO CALD e"
12315;20121030;"INS3.1a FR.AQU"
12315;20121029;"INS3.1a FR.AQU"
12317;20121028;"INS3.1a FR.OCC"
12318;20121027;"TOP NL 4"
12319;20121025;"BIO CARA c"
12320;20121022;"BIO CORR c"
12321;20121020;
12322;20121016;"BIO HAYD1 e"
12323;20121015;"INS10.9a NL.UTR"
12324;20121014;"INS10.9a NL.UTR"
12325;20121012;"INS3.1a IT.GAV"
12326;20121011;"TOP IT.FLO"
12327;;"BIO BACH1 f"
12328;20120997;"BIO BACH1 e"
12329;20120992;"BIO BACH1 e"
12333;20122966;"BIO BACH1 b"
12335;20122964;"BIO BACH1 e"
12336;20122962;"BIO BACH3 c"
12337;20122961;"BIO BACH1 e"
12338;20122960;"BIO BACH1 d"
12339;20122955;"BIO BACH2 b"
12340;20122951;"BIO HUYG1 c"
12341;20122950;"BIO HAND c"
12342;;"SCI WODE"
12343;20122944;"BIO HAND d"
12344;20122931;"BIO FESC e"
12345;20122928;"BIO TRAV e"
12346;20122927;"BIO TRAV e"
12347;20122922;"BIB3  CUYL"
12348;20122912;"BIO BACH2 b"
12349;20122900;"TOP AT.SAL 5"
12350;20122881;"BIO BUXT e"
12351;20123123;"BIO DIDE e"
12352;20122860;"BIO GALU b"
12353;20122845;"BIO HAND e"
12354;20123099;"BIO HAYD1 e"
12355;20123079;"BIO MAFF e"
12356;20123067;"INS4.1b STAI"
12357;20122828;"BIO DITT e"
12358;20122825;"BIO GRAU e"
12359;20122800;"TOP NL 0"
12360;20122792;
12361;20122786;INS1a
12362;20123052;"BIO BACH1 c"
12363;20123051;"BIO BACH1 e"
12364;20123035;"BIO BACH1 e"
12367;20122775;"TOP NL.AMS 4"
12367;20122774;"TOP NL.AMS 6"
12367;20122776;"TOP NL.AMS 3"
12368;20122766;"TOP ES.CAS"
12369;20122765;"TOP NL.OLD"
12370;20122762;"TOP RU.NOV"
12371;20122758;"BIO BUXT e"
12372;20122757;"BIO BUXT e"
12373;20122756;"BIO BUXT e"
12374;20122755;"BIO VIVA e"
12375;20122754;"BIB2 GUTE"
12376;20122752;"VIS BINI"
12377;20122751;"TOP DE.BAV"
12378;20123002;"REF4 MASS"
12378;20123001;"REF4 MASS"
12380;20123000;"REF4 GRUS"
12381;20130313;"BIB4 DE FREY"
12382;20122991;"REF 4 HENL"
12383;20122989;"BIO ROSE1 c"
12384;20122988;"TOP NL 0"
12385;20122987;"BIO HAYD1 e"
12386;20122747;"REF3 CVET"
12387;20145742;"BIO SWEE1 f"
12388;20122746;"REF3 DAHL"
12390;20122728;"REF4 VELL"
12391;20122727;"INS3.1 e DE.ALT2"
12392;20122722;"REF3 BREN"
12393;20122720;"REF 4 GECK"
12394;20122717;"BIB2 BIJV"
12395;20122986;"TOP DE.LUB"
12396;20122984;"INS3.1e DK.HEL"
12397;20122979;"BIO STAM0 c"
12398;20122975;"TOP DE 0"
12399;20120968;"VIS GOLD"
12400;20120952;"BIO BACH1 e"
12401;20120946;"TOP NL.UTR 6"
12402;20120944;"LIT VRIE a"
12403;20120943;"BIB4 DE.LUB"
12404;20120933;
12405;20120921;INS3.1a
12406;20120911;"BIB4 NL.GRO 7"
12407;20120903;"BIO HAYD1 e"
12409;20120900;INS3.1a
12410;20120894;"BIB1  SIMO"
12411;20120893;"VIS HECK"
12412;20120890;"TOP DE.BOD"
12413;20120888;
12414;20120885;"TOP AT.BRU"
12415;20120883;"KTS1 C2.26 H4.076"
12416;20122697;"BIB4 NL.HAG"
12417;20122689;"BIO BRUN e"
12418;20122691;"TOP ES 0"
12419;20122682;"TOP NL 4"
12420;20122680;GEN16
12420;20130240;"BIO HAND e"
12421;20122663;"BIO MOZA0 e"
12422;20122646;"BIO BACH1 e"
12423;20122627;"REF4 MUSC"
12424;20122617;GHM0
12425;20122579;"TOP NL"
12426;20122578;"TOP BE.FLA"
12427;20122566;"TOP IT.VER 0"
12428;20122565;"REF 4 BESS"
12429;20120868;"INS3.1e NL.AMS"
12430;20120862;"TOP.DE.BER 5"
12431;20120861;"TOP DE.BER 5"
12432;20120857;"BIO HAND e"
12433;20120855;"INS3.3a IT"
12434;20120846;"TOP CH.SAN 3"
12435;20120836;"INS3.1a DE.OST"
12436;20122556;"BIO BACH1 e"
12437;20122555;"BIO BACH1 e"
12438;20130304;"BIO BACH1 e"
12439;20122554;"BIO BACH1 e"
12440;20122553;"BIO BACH1 e"
12441;20122543;"AES PRIN"
12442;20122536;"BIB3 KING"
12443;20122531;"TOP DE.BAV"
12443;20122530;"TOP DE.BAV"
12445;20122526;"BIO STRU e"
12446;20122525;"REF4 STÄB"
12449;20122519;"TOP NL.AME 5"
12450;20120785;"BIO CEST d"
12451;20120784;"BIO FUX e"
12452;20120776;"BIO INDI e"
12453;20120758;"BIO MUFF e"
12454;20120768;"BIO BACH1 e"
12455;20120766;"BIO PURC1 e"
12456;20120771;"BIO MOZA1 e"
12457;20120770;"BIO MOZA1 e"
12458;20120755;"GHM 5"
12459;20120753;"REF3 GREE"
12460;20120729;"BIO ZACA e"
12461;20120733;"BIB1 MYER"
12462;20120698;"REF4 LILI"
12463;20122505;"TOP DE.SAX1 4"
12464;20122504;"REF4 FLOT"
12465;;REF4
12466;20122502;"REF4 SORE"
12467;20122501;"REF4 ALBR"
12468;20122497;"REF4 BRAU"
12469;20122495;"REF4 SCHL"
12470;20122492;"REF4 PAGA"
12471;20122486;
12472;20122485;"REF4 RIEM"
12473;20122478;"BIO HUYG1 c"
12474;20120690;"BIB4 BE.BRU1"
12475;20120683;"BIO STRI d"
12476;20120682;"TOP IT 5"
12477;20120680;"TOP NL 4"
12478;20120679;"TOP LV 0"
12479;20120677;"TOP NL 5"
12480;20122477;"PER OK2"
12480;20122476;"PER OK2"
12480;20122475;"PER OK2"
12480;20122474;"PER OK2"
12480;20122473;"PER OK2"
12480;20122472;"PER OK2"
12486;20122468;"BIO MANT e"
12487;20120673;"INS3.1e NL.DOR"
12488;20120669;"BIO BUXT e"
12496;20120655;"BIO GRUN e"
12497;20120653;"TOP NL 4"
12498;20120646;"REF4 MEYE"
12499;20120629;"REF4 HABE"
12500;20120628;"BIO LULL e"
12501;20120622;"BIO BACH2 b"
12502;20120606;"BIO BACH1 e"
12502;20120605;"BIO BACH1 e"
12504;20120601;"TOP NL 4"
12505;20120584;"REF4 JUST"
12506;20120581;"BIO BACH1 e"
12507;20120573;"TOP NL 5"
12508;20120571;"VIS KEMP"
12509;20120570;"TOP DE.WUP"
12510;20120568;"REF4 KROY"
12511;20120566;
12512;20120561;"TOP IT.LOD"
12513;20120553;"REF4 WEST"
12514;20120550;"BIO WOLF3 d"
12515;20120546;"INS7d SUPP"
12516;20120543;"INS 3a ES"
12517;20120537;"TOP PL.SWI"
12518;20122457;"TOP NL 5"
12519;20122456;"BIO LULL e"
12520;20122454;"BIO SCAR1 e"
12521;20122453;"TOP DE 0"
12522;20122452;"BIO ZELE e"
12523;20120522;"TOP NL 3"
12524;20120520;"VIS KMSK"
12524;20120519;"TOP BE.ANT 7"
12524;20120518;"TOP BE.ANT 7"
12524;20120517;"TOP BE.ANT 7"
12524;20120516;"TOP BE.ANT 7"
12529;20120512;GHM5
12530;20120510;"BIO HAYD1 d"
12531;20120509;"BIO HOOF e"
12532;20120503;
12533;20122444;"BIO HASS2 e"
12534;20128078;"PER SM"
12534;20125369;"PER SM"
12534;20125460;"PER SM"
12534;20128456;"PER SM"
12534;20128339;"PER SM"
12534;20128338;"PER SM"
12534;20128337;"PER SM"
12534;20128893;"PER SM"
12534;20123470;"PER SM"
12534;20123469;"PER SM"
12534;20123468;"PER SM"
12534;20130320;"PER SM"
12534;20122523;"PER SM"
12534;20122522;"PER SM"
12534;20122443;"PER SM"
12534;20127333;"PER SM"
12534;;"PER SM"
12534;20127472;"PER SM"
12534;20127471;"PER SM"
12535;20122442;"BIO CORE e"
12536;20122441;"TOP IT.APU 5"
12537;20122439;"INS6.2d LASO"
12538;20122437;"TOP DE 0"
12539;20122433;"BIO FUX e"
12540;20122427;"BIO CORE e"
12541;20122426;"REF4 SEIF"
12542;20122420;"TOP DE.DRE"
12543;20122418;"BIO BACH12 d"
12544;20122417;"INS6.4d AHRE"
12545;20122414;"BIO SUSA d"
12546;20122413;"BIB4 NL ELZE"
12547;20122411;"TOP DE 5"
12547;20122410;"TOP DE 5"
12549;20120456;"BIB1 BRUM"
12550;20120420;"TOP BE.FLA"
12551;20120409;"TOP IT"
12552;20120406;"TOP IT.FLO 4"
12553;20120405;"TOP IT.VER 4"
12554;20122407;"TOP NL.ZWO 3"
12555;20122400;"VIS SIDE"
12556;20122398;"BIO BACH1 e"
12557;20122396;"VIS PICK"
12558;20122386;"TOP GB 5"
12558;20122385;"TOP GB 5"
12558;20122384;"TOP GB 5"
12558;20122383;"TOP GB 5"
12562;20122373;"PHI ZEHN a"
12563;20122371;"LIT OEST a"
12565;20122366;"INS3.2b DE"
12566;20120401;"BIO SCAR2 e"
12567;20120384;"VIS CHON"
12568;20120381;"BIB4 NL.FRA 5"
12569;20120373;"BIB1 KOOP"
12570;20120360;"MTP2 AHRE"
12571;20122356;"BIO BACH1 e"
12572;20122355;"BIO BACH1 e"
12573;20122352;"BIO BACH1 e"
12574;20122315;"INS4.5a AHRE"
12575;20122313;GHM5
12576;20122333;"BIO BACH1 e"
12577;20122332;"BIO BACH1 e"
12578;20122330;"TOP DE 5"
12579;20122342;"TOP DE.LUB 4"
12580;20122339;"REF 4 BOET"
12581;20122300;"LIT VRIE a"
12582;20122289;"TOP DE 5"
12583;20122288;
12584;20122287;"TOP DE.BER 7"
12585;20122286;"TOP PE 4"
12586;20122283;"TOP PS"
12587;20122282;"TOP ES 7"
12588;20120268;"TOP NL 0"
12589;20120253;"TOP NL 5"
12590;20120252;"BIO RUUS b"
12591;20122267;"LIT BAKK a"
12592;20122266;"LIT WIRT a"
12593;20130278;"PHI KOST a"
12594;20120234;"LIT MORI a"
12595;20120233;"LIT LANG a"
12596;20120228;"LIT DORM a"
12597;20122259;"LIT VRIE a"
12598;20122258;"LIT VRIE a"
12599;20122254;"TOP BE.FLA 3"
12600;20122253;"BIO JEAN e"
12601;20122252;"TOP FR 5"
12602;20122251;"LIT LEEF a"
12603;20122250;"LIT VOER a"
12604;20130285;"LIT VAND a"
12605;20122226;"LIT HEIJ a"
12606;20122225;"LIT HEIJ a"
12607;20122224;"LIT HEIJ a"
12608;20122223;"LIT MARA a"
12609;20122222;"LIT MARA a"
12610;20130290;"LIT REIJ a"
12611;20122219;"LIT HEIJ a"
12612;20122218;"LIT HEIJ a"
12613;20122213;"LIT MOOR--&gt;MUID a"
12614;20120211;"PHI GENN a"
12615;20120210;"BIO LACH a"
12616;20120207;"BIB1 HELL"
12617;20120197;"INS3.1b SILB"
12618;20120196;"BIB1 FONT"
12619;20120188;"TOP NL 6"
12620;20120186;"BIO KRAU e"
12621;20122181;"BIO MOZA1 b"
12622;20122180;"BIO SADE a"
12623;20122175;"BIB1 BLOE"
12624;20122170;"TOP DE.TUB 4"
12625;20130202;"INS3.1a NL.GRO"
12626;20122166;"BIB1 COCK"
12626;20122165;"BIB1 COCK"
12626;20122164;"BIB1 COCK"
12629;20122162;"TOP BE.ANT 0"
12630;20120165;"TOP AT 0"
12631;20120157;"BIO BACH1 e"
12632;20120147;"INS3.1e DE.MUN1"
12633;20120137;"AES DORS"
12634;20120135;"TOP GB 5"
12635;20122110;"INS3.1a NL.OVE"
12636;20122109;"INS3.1a NL.GEL"
12637;20122101;"TOP NL.DEL 5"
12638;20122098;"BIB4 BE.LIE"
12639;20122090;"TOP NL 5"
12640;20120123;"BIB4 DE.AUG"
12641;20120121;"TOP IT.VEN2 4"
12642;20130255;INS3.2d
12643;20120119;"BIO VERK d"
12644;20120118;"TOP DE.HAM 5"
12645;20120112;"VIS PETR"
12646;20130256;"BIB4 FR MEYE"
12647;20120101;"BIO COSS e"
12647;20120102;"BIO COSS e"
12649;20120100;"TOP DE.LEI"
12650;20122150;INS3.1d
12651;20122115;"BIO CHAR1 e"
12652;20120087;"REF4 WIOR"
12653;20120083;"BIB4 FR"
12654;20120073;"TOP ES 5"
12655;20122064;"TOP FR 5"
12656;20122063;"TOP IT 5"
12657;20122062;"BIO NEEF e"
12658;20122061;"BIO BUXT e"
12659;20120067;"BIO BRED f"
12660;20120064;"BIO GRAU e"
12661;20120055;"BIB4 DE.COL"
12662;20122034;"TOP DE 0"
12663;20122021;"BIO SCHU1 e"
12664;20122009;"TOP DE.LEI"
12665;20122007;"REF4 DAVI"
12666;20122005;"PHI LEIB b WILK"
12667;20122003;"TOP DE.WEI1 5"
12668;20121998;"REF4 FEDE"
12669;20121995;"VIS KLOO"
12671;20120036;INS3.1a
12672;20120029;"INS3.1a DE.WES2"
12673;20120020;"INS3.1e HU.BUD"
12674;20120006;"INS3.1e DE.ESS"
12675;20127280;"TOP CH.BAS 7"
12676;20127268;"REF4 MEND"
12677;20127258;"BIO BESS d"
12678;20127256;"BIO BACH1 d"
12679;20127253;"BIO SENF e"
12680;20127252;"BIB1 BOS"
12681;20127247;"TOP IT.VIC 7"
12682;20127239;"REF4 SCHL"
12683;20127238;GHM4
12684;20127236;"TOP BE.LEU 4"
12685;20127235;"REF4 SCHM"
12686;20127232;"TOP AT 5"
12687;20127231;"TOP NL 4"
12688;20127222;"TOP NL 5"
12689;20127204;"TOP IT.MIL 0"
12690;20127197;"TOP IT 5"
12691;20127188;"VIS FLIE"
12692;20127176;"BIO CATS c"
12693;20127173;"TOP NL 4"
12694;20127161;"VIS CALV"
12695;20126497;"LIT CHEV a"
12696;20127152;GEN2
12697;20127146;"BIB1 LEEU"
12698;20127136;"VIS STOL"
12699;20126474;"VIS NESI"
12700;20126468;"REF 4 ENGE"
12701;20126454;INS3a
12702;20126444;"TOP NL.FRI"
12703;20126791;"TOP DE.GEL"
12704;20126779;"TOP DE.SCH2"
12705;20126778;"TOP FR.POI2 3"
12706;20126767;"BIO HAND e"
12707;20126763;"BIO HAND e"
12708;20126757;"TOP DE.RHE 5"
12709;20126755;"REF 4 GEER"
12710;20126749;"TOP ES"
12710;20126748;"TOP ES"
12712;20126735;"TOP DE.HAM"
12713;20126733;"BIO RINC e"
12714;20126729;"BIB4 NL 7"
12715;20126726;"REF 4 EPPS"
12716;20126725;"REF4 ADLE"
12717;20126722;"REF4 SÖNG"
12718;20126713;"TOP RU.SAI 6"
12719;20126712;"REF4 TAGL"
12720;20126691;"TOP AT.VIE 5"
12721;20126686;"TOP NL 5"
12722;20126680;INS1a
12723;20126678;"REF4 OREL"
12724;20126677;"REF4 NEF"
12725;20126669;"TOP NL.AMS 7"
12726;20126663;"TOP NL.LAR"
12727;20126655;"BIO WILL2 e"
12728;20126637;"INS3.1 a CH"
12729;20126633;"BIO VOGL2 d"
12730;20126632;"INS3.1e DE.HAM"
12731;20126631;INS3.1a
12732;20126630;"INS3.1a AT.VIE"
12733;20126626;"INS3.1e DE.LEN"
12735;20126612;"BIO CAGE e"
12736;20126600;"TOP DE.RAS 6"
12737;20126840;"BIO BACH1 e"
12739;20126833;"REF4 MAHL"
12739;20126832;"REF4 MAHL"
12740;20126826;"TOP BE.FLA 3"
12741;20126820;"INS3.1a NL.HAA"
12742;20126880;"BIO HAND e"
12743;20126877;"REF4 ROSE"
12744;20126876;"TOP DE 5"
12745;20126851;"TOP BE.FLA 5"
12746;20126847;"BIB3 HERL"
12747;20127437;"BIB4 GB.CAM"
12748;20127431;"BIO MATT e"
12749;20127427;"BIO FASC1 e"
12750;20127424;"BIB4 HU.BUD"
12751;20127418;"INS6d AHRE"
12752;20127363;"BIO SANT1 e"
12753;20127361;
12753;20127360;
12755;20127358;"REF4 MULL"
12756;20127355;"TOP DE 4"
12757;20127354;
12758;20127344;"BIO ZEIL e"
12759;20127335;"SCI BREE"
12761;20127331;"BIO MOZA1 e"
12762;20127330;"BIO MOZA1 e"
12763;20127328;"KTS1 C2.20 08B27"
12764;20127317;"TOP NL 7"
12765;20127310;"BIO TART e"
12766;20127285;"REF4 FELL"
12767;20127282;"BIO BACH2 d"
12768;20127487;"REF4 SCHN"
12769;20127483;"TOP IT 5"
12770;20127477;"TOP IT.ROM 5"
12771;20127473;"BIO DESM e"
12773;20127467;"REF4 HOGW"
12774;20127466;"BIO LASS e"
12775;20127463;"TOP IT.NAP 0"
12776;20127459;"REF4  APEL"
12777;20127501;"HUM BRUI"
12778;20127500;"INS3.1e IT.CAT"
12779;20127499;
12780;20127495;"TOP FR 5"
12782;20127493;"HUM GOET"
12783;20127490;"INS5.9d ROBI"
12784;20127559;"BIO VELA e"
12785;20127558;"TOP FR 5"
12786;20127555;"BIO VAND5 c"
12787;20127554;"INS3.1e FR.BOR"
12788;20127551;"INS1a DE"
12789;20127539;"TOP BE.BRU1 5"
12790;20127538;"TOP FR.PIC 4"
12791;20127593;"BIO SCHI4 c"
12792;20127585;"REF4 WAGN"
12794;20127581;"MTP2 WATK"
12795;20127580;"MTP2 REID"
12796;20127578;"REF4 MERT"
12797;20127573;"BIO STEU c"
12798;20127570;"BIO TELE e"
12799;20127623;"TOP PT.LIS 7"
12800;20127620;"BIO KARO b"
12801;20127619;"BIO KARO e"
12802;20127613;"TOP IT.FLO 4"
12802;20127612;"TOP IT.FLO 4"
12804;20127604;"TOP PT.LIS 4"
12805;20127602;"VIS KMSK"
12806;20127651;"BIO CORR e"
12807;20127647;"BIO BACH1 e"
12808;20127642;"BIO HENR e"
12809;20127637;"REF 4 HÜSC"
12810;20127635;"HUM COOL"
12811;20127632;"REF4 DADE"
12812;20127693;"INS5.3d ROSE"
12813;20127686;"REF4 OLMS"
12814;20127685;"REF4 LEHR"
12815;20127683;"TOP DE.THU 7"
12816;20127667;"TOP IT.MIL 6"
12817;20127666;INS3a
12818;20127665;"BIO BACH1 e"
12819;20126967;"BIO BACH1 e"
12820;20126960;"BIO BACH1 e"
12821;20126948;"GHM 4"
12822;20126945;"BIO MOZA1 f"
12823;20126936;"BIO BACH e"
12823;20126935;"BIO BACH e"
12825;20126925;"TOP AT.SAL 5"
12826;20126916;"HUM WOUD"
12827;20126915;"BIO MOZA1 e"
12828;20126912;"TOP ES.MAD"
12829;20126911;"INS7d POLK"
12830;20126907;"TOP AT.SAL"
12831;20126906;INS3a
12831;20110426;INS3a
12832;20126891;"INS3.1e AT.INN"
12833;20126888;"INS3.3d BÖSE"
12834;20126881;INS3.1d
12835;20127011;"TOP IT.VEN 5"
12836;20127009;"TOP IT 4"
12837;20126974;"BIB4 IT.ROM"
12838;20126992;
12839;20126988;"TOP DE.BRA2"
12840;20126985;"TOP DK 4"
12842;20126981;"TOP NL.HAA2 7"
12843;20123761;"TOP PL 4"
12844;20123755;"REF 4 BORR"
12845;20121510;"BIO VERD2 e"
12846;20121497;"INS3.3a DE"
12847;20121496;"TOP DE.BER2 4"
12848;20121484;"TOP IT 4"
12849;20121482;"BIO MORI d"
12850;20121481;"BIO FRED c"
12851;20123746;"REF3 BAUM"
12852;20123734;"TOP DE.BAD"
12852;20127582;"TOP DE.BAD"
12853;20123732;INS3.1a
12854;20123730;"BIO PASQ e"
12855;20123710;"BIO LUTH e"
12856;20123691;"BIO CAMP e"
12857;20123688;"BIO BRAH e"
12858;20123687;"BIO BACH1 d"
12859;20123674;"REF3 REIC"
12860;20123670;"REF3 LARU"
12861;20123669;"REF3 LARU"
12862;20123668;"TOP DE.HAM"
12863;20123666;"TOP AT 0"
12865;20123656;"TOP ES.BAR"
12866;20123654;"GEN 2"
12867;20123646;"BIO BACH2 e"
12868;20123643;"REF4 SCHE"
12869;20123641;"TOP DE 0"
12870;20123634;"BIO BACH1 e"
12871;20123832;"TOP IT.VER 4"
12872;20123828;"BIO FASC1 e"
12873;20123806;"BIO VULP d"
12874;20123802;"MTP3 FEDE"
12875;20123788;"INS5d COEL"
12876;20123819;"BIO HAND e"
12877;20123809;INS3.1a
12878;20121542;"INS 3.1a DE.JORK"
12879;20121541;"TOP IT 5"
12880;20121538;"BIO BACH1 e"
12881;20121534;"INS3.2b GB"
12882;20121532;"REF 4 EKKA"
12883;20121530;"VIS BAIS"
12884;20121528;"BIO ZURB c"
12885;20121524;"TOP BE.ANT 5"
12886;20129426;"PER AE1"
12888;20129428;"INS PER3.1 AO1"
12889;20129430;
12890;20129431;"TOP NL.PER"
12892;20129542;"PER AM5"
12893;20129519;"INS PER3.1 AO2"
12896;20129470;"BIO BACH1 f"
12896;20129472;"BIO BACH1 f"
12897;20129736;"TOP NL 5"
12898;20127076;"BIO MARI c"
12899;20120318;"VIS VASA"
12900;20129309;"INS3.1a PT"
12901;20127673;"TOP IT.BEL"
12902;20127324;"BIB4 NL.AMS"
12903;20121529;"BIO BACK1 c"
12904;20128264;"TOP NL 4"
12905;20124216;
12906;20124217;
12907;20129244;"BIB4 NL 5"
12908;20122233;"LIT VELD a"
12909;20120296;"LIT VELD a"
12910;20126540;"HUM VELD"
12911;20127137;"TOP NL 5"
12912;20120530;"TOP NL.AMS 5"
12913;20130070;"LIT VELD a"
12914;201302324;
12915;20125197;"BIO HEEM e"
12916;20127303;"AES VELL"
12917;20129178;"TOP NL 5"
12918;20123105;"BIO FRAN f"
12919;20120258;"TOP NL 7"
12920;20128866;"INS3.1a NL"
12921;20128685;"INS3.1e NL.UTR"
12922;20128684;"INS3.1e NL.ZWO"
12923;20128762;"INS3.1a NL.UTR"
12924;20128754;"INS3.1 a NL.BRA"
12925;20128738;"INS3.1a NL"
12927;20120949;"INS3.1b VERM"
12928;20126619;"INS3.1a NL"
12928;20129124;"INS3.1a NL"
12929;20127287;"INS3.1a NL.ALK"
12930;20125605;"BIO VERB a"
12931;20127416;"LIT VERB a"
12932;20126622;"INS3.1b VERH"
12933;20124268;
12934;20120882;"BIO NOOR d"
12935;20126625;"INS3.1a NL"
12936;20127479;"BIO BLAN d"
12937;20125576;"TOP NL 7"
12938;20127636;"TOP NL.ROT"
12939;20122145;"TOP NL 5"
12940;20120091;"TOP NL.HAA 5"
12941;20120495;"BIO SMAL d"
12942;20129064;INS3.2a
12943;20123025;"BIO GUAR e"
12944;20120549;"BIB1 VERM"
12945;20122058;"BIB4 NL.HAG"
12946;20120625;INS3.2a
12947;20126817;"BIO BACH1 e"
12948;20125461;"MTP2 VERS"
12949;20120799;"TOP NL 0"
12950;20122093;"BIB2 VERV"
12951;20121361;"INS3.1e NL.HAA"
12952;20120966;"BIB4 NL.DEL1"
12953;20123680;"TOP IT.MOL 4"
12954;20123679;"TOP IT.MOL 6"
12955;20129034;"TOP DE.GRE1"
12956;20125658;"TRE VEST"
12957;20125657;"TRE VEST"
12958;20125659;"TRE VEST"
12959;20129080;"TRE VEST"
12960;20125243;"INS6.2d VEST"
12961;20122403;"BIO RABU d"
12962;20123594;"BIO BACH1 e"
12963;20123364;"REF4 SCHN"
12964;20124055;
12965;20120215;"GHM 5"
12966;20120122;"BIO JUVA d"
12967;20121121;"TOP IT.TUR"
12968;20127761;"BIB4 ES.AVI"
12969;20126738;"BIO BACH1 e"
12970;20126593;"BIO TAG e"
12971;;"BIO HAYD1 e"
12972;20128649;"VIS VIGN"
12973;20121268;"BIO REMB a"
12974;20122593;"TOP DE.MUN1 5"
12975;20120097;"TOP BE 4"
12977;20127274;"VIS VIGN"
12977;20127273;"VIS VIGN"
12978;20121520;"BIO HOEF e"
12980;20129388;"BIO GIOT e"
12981;20125061;"BIO LEON d"
12982;20127307;"INS3.2c VILL"
12983;20128327;"INS3.1a FR.LAN"
12984;20126920;"INS3.1b CLIC"
12985;20125304;"TOP FR 5"
12986;20123005;"BIB4 BE.BRU1"
12987;20127980;"BIO VINN a"
12988;;
12990;20122602;"GHM0 (glass cupboard)"
12990;20122601;"GHM0 (glass cupboard)"
12992;20122674;"BIO KINK e"
12993;20127955;"BIO BOUR e"
12994;20120403;"TOP IT.VEN1 4"
12995;20129067;"BIB4 NL.LEI 4"
12996;20129978;"INS3.1e NL.AMS"
12997;20125290;"TOP NL 0"
12998;20121033;"TOP IT.NAP 5"
12999;20123994;
13000;20123993;
13001;20123992;
13002;20123991;
13003;20123990;
13004;20123989;
13005;20123988;
13006;20123987;
13007;20123986;
13008;20123985;
13009;20123984;
13010;20123983;
13011;20124004;"SCO VIVA"
13012;20123982;
13013;20124003;
13014;20123981;
13015;20123980;
13016;20123979;
13017;20123978;
13018;20123977;
13019;20123976;
13020;20123975;
13021;20123974;
13022;20124002;
13023;20123973;
13024;20123972;
13025;20124001;
13026;20124000;
13027;20123999;
13028;20123998;
13029;20123997;
13030;20123996;
13031;20123995;
13032;20124184;"SCO XL VIVA"
13033;20127764;"TOP GB.WIN"
13034;20128964;"BIO BACH1 e"
13035;20129113;"INS3.1a NL"
13036;20120003;"INS3.1e NL.FRI"
13037;20120905;"BIB4 BE.FLA"
13038;20121193;"BIO LUZA d"
13039;20127243;"BIO BACH1 e"
13040;20120479;"BIB4 BE.ANT"
13040;20120478;"BIB4 BE.ANT"
13042;20128106;"BIB4 IT 4"
13042;20128105;"BIB4 IT 4"
13044;20122861;"BIO GAGL d"
13045;20128308;"INS 3.1 a DE"
13046;20120511;"BIO SCHL3 a"
13047;20120324;"LIT VOGE a"
13048;20127209;"LIT VOGE a"
13049;20123033;"BIO BACH1 b"
13050;20126801;"VIS VOLB"
13051;20127799;"TOP CZ 0"
13052;20122004;"BIO CAND c"
13053;20126703;"BIO MERU e"
13054;20122564;"INS3.1a DE.WUR"
13055;20120370;"BIO FRID d"
13059;20125155;"BIB4 FR 5"
13059;20125154;"BIB4 FR 5"
13059;20125153;"BIB4 FR 5"
13059;20125152;"BIB4 FR 5"
13060;20128514;"BIO VOLL1 a"
13061;20126721;"TOP IT.VEN2 5"
13062;20122326;"BIO VOLT a"
13063;20122211;"LIT VOLT a"
13064;20122199;"PHI VOLT a"
13065;20122363;"TOP FR 5"
13065;20122362;"TOP FR 5"
13067;20127156;"LIT VOND a"
13068;20128865;"TOP JP 5"
13069;20130302;"BIB4 NL.HAG"
13070;20127309;GHM8
13071;20120554;"BIO VOS1 a"
13072;20129742;"BIO HAND f"
13073;20125351;"BIO SWEE1 d"
13074;20121128;"BIO LEYD d"
13075;20120703;"BIB4 DE BARE"
13076;20122550;"TOP NL 4"
13077;20122299;"TOP NL.NAA"
13078;20120467;"TOP NL 5"
13079;20120558;"TOP NL 4"
13080;20120466;"TOP IT.FLO 4"
13081;20122795;"VIS OLOF"
13082;20123480;"INS6.3a VRIE"
13083;20129232;"BIB4 NL.LEI"
13084;20127777;"LIT VRIE a"
13085;20125564;"TOP--&gt;LIT VRIE a"
13086;20127178;"TOP NL.AMS"
13087;20126885;"BIO HAYD1 e"
13089;20120434;"TOP NL.ZWO"
13089;20120433;"TOP NL.ZWO"
13091;20123184;"TOP DE 7"
13093;20127008;"BIB4 NL WARN 5"
13094;20126823;"TOP NL 4"
13095;20125183;"VIS WAAL"
13096;20126665;"TOP NL 5"
13097;20121302;"INS3.1b LOOS"
13098;20121381;"INS1b DE.MUN"
13099;20123182;"BIO HAYD1 e"
13099;2013247;
13100;20127603;"BIB4 DE.MUN1"
13101;20120378;"LIT REYN a"
13102;20123645;"BIO BACH2 e"
13103;20123238;GEN2
13104;20125842;"TOP NL 3"
13105;20129323;"SCI WAGE"
13106;20127144;"GEN 2"
13107;20123192;"BIO BACH2 e"
13108;20128935;INS3.2b
13109;20128604;"BIO STAD1 e"
13110;20123653;"BIO LOUI a"
13111;20120017;"INS3.1a SE.LUN"
13112;20129304;"BIO OUDE d"
13113;20120734;"LIT WAL a"
13114;20120829;"INS3.1e HU.BUD"
13115;20127476;"BIO KIRC e"
13116;20123191;"GHM 4"
13117;20128164;"VIS WALK"
13118;20129996;"TOP GB 7"
13119;20120791;"TOP--&gt;KTS C"
13120;20125472;"TOP DE.LUN"
13121;20127822;"BIO BACH1 e"
13122;20121976;"BIO FISC d"
13123;20128511;"BIO BUSN e"
13125;20125272;"TRE WALT"
13126;20128544;"BIO WALT2 a"
13127;20125278;"TOP BE.BRU1 5"
13128;20121629;
13129;20128193;"INS5.1a GB"
13130;20122405;"BIB1 WARN"
13131;20128087;"INS6d WARN"
13132;20127974;"INS4.1d WASI"
13133;20126946;"INS3.1e NL.HUI"
13134;20121883;
13135;20120592;INS6b
13136;20127223;"BIB4 GB.LON"
13137;20122431;"BIB4 GB 4"
13138;20125370;"TOP IT.FLO 5"
13139;20123262;"BIB4 BE.ANT"
13140;20128267;"TOP DE 5"
13141;20128542;"BIO  WEBE1 a"
13142;20121300;
13143;20120343;"LIT WEBS a"
13144;20129411;"BIO ZOFF a"
13146;20121549;
13147;20121613;
13148;20123250;"TOP NL 5"
13149;20126777;"TOP NL.AMS 7"
13150;20122761;"REF4 VETT"
13151;20125878;"BIO OBRE d"
13152;20121018;"VIS WEGM"
13153;20129382;"TOP GR 2"
13154;20125390;"TOP PL.WRO"
13155;20121829;
13156;20121831;
13157;20123107;"BIO FÖRT d"
13158;20123260;"BIO CONT d"
13159;20125446;"VIS WEIG--&gt;TOP FR"
13160;20127066;"TOP AT.WIL"
13161;20120164;"BIO SCHU1 d"
13162;20129402;"INS10.9a WEIS"
13163;20122132;"BIB2 WEIS"
13164;20129964;INS6.1a
13165;20145741;"BIO SCHM3 e"
13166;20125580;"TOP GB"
13167;20127856;"INS1b GB.LON1"
13168;20125114;"BIB4 DE.LUN"
13169;20121096;"BIO PACH d"
13169;20121095;"BIO PACH d"
13171;20123162;INS3.1a
13172;20129963;INS3.3a
13173;20125088;"BIO GRAU0 e"
13174;20123524;"SCO BACH1"
13175;20123525;"SCO BACH1"
13176;20123519;"SCO BACH1"
13177;20123518;"SCO BACH1"
13178;20121423;"TOP NL.HAG 6"
13179;20128413;"INS3.1e NL.GRO"
13180;20125023;"BIO HAND e"
13181;20128450;"BIO BANC1 e"
13182;20129151;"GHM 5"
13183;20124221;
13184;20123037;"BIO BACH1 e"
13185;20120910;"BIO WESL1 a"
13186;20125113;"BIO COLI d"
13187;20123596;"GHM 0"
13188;20129033;"INS3.1a GB"
13189;20123236;"INS3.1c WEST"
13190;20127205;"TOP NL 5"
13191;20128705;"INS3.1e NL.GRO"
13192;20120660;"BIO WEST a"
13193;20121205;"BIO TEDI e"
13194;20125614;"TOP DE.HAN 7"
13195;20123713;"BIO OXEN d"
13195;20123712;"BIO OXEN d"
13197;20128435;"INS3.1b SILB"
13198;20128653;"BIO SYBE d"
13198;20128652;"BIO SYBE d"
13200;20125596;"LIT WHAR a"
13201;20120427;"BIO MONT2 e"
13202;20121411;"VIS WHIS"
13203;20123062;"BIO VIOT c"
13204;20127351;"BIO VIVA b"
13205;20127654;"KTS1 C2.26 H4-083"
13205;20127653;"KTS1 C2.26 H4-084"
13207;20123586;"VIS WHIT"
13208;20130041;"BIO WHIT a"
13209;20128538;"BIO WHYT a"
13210;20123294;INS2c
13211;20129140;"INS 3.1 b DE.WES"
13212;20129057;"INS3.1b GREE"
13213;20128561;"BIO GRAU e"
13214;20127023;"LIT WICK b"
13215;20125519;"BIO ERLE d"
13216;20125506;"GEN 10"
13217;20122144;"TOP NL 4"
13218;20125262;INS10.2a
13219;20128083;"TOP IT.VEN1 5"
13220;20129360;"INS 3.1 e DE.FRI"
13221;20127319;"BIO BACH1 e"
13222;20123685;"BIO BACH1 e"
13223;20128933;"BIO PEZE c"
13224;20128125;"TOP DE 5"
13225;20121396;"BIO BACH2 d"
13225;20146305;"BIO BACH2 d"
13226;20127004;"VIS WIER"
13227;20120500;"BIO BUXT d"
13228;20126694;"BIO HASS2 e"
13229;20123826;"BIO GALU e"
13230;20126800;"HUM GOOL"
13231;20123251;"BIO HAVI d"
13232;20120428;"BIB4 NL CLER"
13233;20125744;"BIO KRUL d"
13234;20130198;"TOP MX 0"
13235;20121341;"INS3.1e NL.HAA"
13236;20120364;"BIO HOEF e"
13236;20120363;"BIO HOEF e"
13238;20122907;"BIO BANC1 e"
13239;20126689;"BIB4 NL.ROT"
13240;20123804;INS3.1a
13241;20127014;"HUM WILL"
13242;20127142;"KTS1 C2.20 08B28"
13243;20121296;"BIB4 NL ELZE"
13244;20122236;"LIT WILLE a"
13245;20120080;"BIO GRAU0 e"
13246;20122659;"BIB3 GB.LON"
13247;20123088;"BIO LAWE b"
13248;20122671;"BIO ANER e"
13249;20128346;"MTP 2 WILL"
13249;20129970;"MTP 2 WILL"
13250;20128345;"MTP 2 WILL"
13250;20129971;"MTP 2 WILL"
13251;20120981;"BIO BACH1 e"
13251;20120980;"BIO BACH1 e"
13251;20120979;"BIO BACH1 e"
13254;20120031;INS3.1a
13255;20120004;INS3.1a
13258;20130035;"BIO BACH1 d"
13259;20120069;"BIO WILL5 a"
13260;20126498;"TOP FR 3"
13262;20129955;"INS3.1a GB"
13262;20129137;"INS3.1a GB"
13263;20125444;"BIO BACH1 e"
13264;20126864;"INS6.1d WIND"
13265;20126863;"INS6.1d WIND"
13266;20126730;"TOP DE 5"
13267;20126699;"BIO HAND e"
13268;20127753;"TOP BE.NIN 3"
13269;20122868;"BIO FUX e"
13270;20120941;"BIO BRUN d"
13271;20120035;"INS3.1e DE.FRE1"
13272;20126806;"BIO GIOV d"
13273;20120696;"GEN 2"
13273;20120695;"GEN 2"
13275;20120694;"GEN 2"
13276;20127713;"BIO LEON e"
13277;20127898;INS1a
13278;20125314;"INS3a US.NEW1"
13279;20127001;INS1a
13280;20122740;"BIO HAYD1 e--&gt;SCO HAYD1"
13281;20120792;"LIT WIRT a"
13282;20127180;"BIO BACH1 e"
13283;20125397;"TOP PL.KRA 4"
13284;20122586;"TOP NL 3"
13285;20120815;"TOP NL  4"
13286;20127071;"BIB4 BE.BRU1"
13287;20129166;"TOP NL 5"
13288;20129441;"TOP IT"
13290;20129465;"TOP IT.ROM 5"
13290;20129466;"TOP IT.ROM 5"
13291;20129361;"INS3.1e DE.VIE"
13292;20122672;"BIO WOLF3 d"
13293;20128889;"BIO BACH7 d"
13294;20129285;"INS3.1b BADE"
13295;20123065;"BIO STAM1 e"
13296;20123436;"MTP1 WOLF"
13296;20123435;"MTP1 WOLF"
13298;20120368;"BIO HOMI d"
13299;20128730;"INS3.1a DE.LUB"
13300;20123760;"INS3.1e DE.LUB"
13301;20128210;"BIO BACH0 d"
13302;20120932;"LIT WOLF a"
13303;20122605;"BIO BACH1 e"
13304;20127741;"BIO BACH1 e"
13305;20129246;
13306;20123589;"BIO BACH1 d"
13307;20123542;"SCO BACH1"
13308;20121335;"BIO BACH1 c"
13309;20123280;"BIO BACH1 d"
13310;20120983;"BIO BACH0 d"
13312;20127315;"BIO BACH1 e"
13313;20123733;"BIO MOZA1 e"
13314;20123699;"BIO BACH1 c"
13315;20130032;"BIO BACH1 d"
13316;20121172;"BIO MOZA1 e"
13317;20128946;GEN16
13318;20129278;"TOP IT.VEN1 5"
13319;20129422;GHM0
13320;20122918;"BIO BACH1 e"
13320;20123056;"BIO BACH1 e"
13320;20123055;"BIO BACH1 e"
13320;20123054;"BIO BACH1 e"
13323;20127404;"BIO BACH12 c"
13324;20123786;"TOP DE 5"
13325;20125419;"INS4.5a  WOOD"
13326;20120184;"TOP GB 4"
13327;20127347;"TOP GB 5"
13328;20122091;"BIO RUBE e"
13329;20128937;"TOP NL.AMS 4"
13331;20125650;"TOP DE 7"
13332;20129290;"INS3.1b MÖLL"
13332;20129289;"INS3.1b MÖLL"
13334;20128986;"INS3.1e DE.HAM"
13335;20127049;"BIO PALL d"
13336;20123218;"BIO BALA1 d"
13337;20128074;"TOP DE.MAN 5"
13338;20123104;"BIO FRÄN d"
13339;20122160;"BIB4 NL.UTR 3"
13340;20122159;"BIB4 NL.HAA 3"
13341;20127263;"BIO BACH1 b"
13342;20129962;INS3a
13343;20125216;"TOP NL 4"
13344;20122336;"GHM 5"
13347;20128926;"GHM 5"
13348;20121400;"INS6a AT.LIN"
13349;20127725;INS1a
13350;20126597;INS6a
13351;20126559;"GEN 15"
13352;20120727;"LIT PETR b YPES"
13353;20121166;"INS3.1a IT.SIC"
13354;20122479;"BIO BACH1 e"
13354;;"PER MK1"
13355;20121558;
13356;20127941;"TOP DE.HAM 6"
13357;20129387;"BIO CRIV a"
13358;20128816;"INS3.1e IT.TRE2"
13359;20120765;"BIO MOZA1 e"
13360;20121492;"TOP NL 0"
13361;20122557;"TOP NL.AMS"
13362;20125929;"TOP FR 5"
13363;20123273;"BIO MOZA1 e"
13364;20125626;"TOP PL 3"
13365;20121337;"TOP NL.HER 3"
13366;20120527;"BIO BACH1 e"
13367;20129261;"BIO BACH1 e"
13367;20129260;"BIO BACH1 e"
13369;20124225;
13370;20124213;
13371;20128660;"BIO KEIS1 e"
13372;20123735;"BIO ZELT a"
13373;20122724;"TRE ZENC"
13374;20125324;"BIO REIC2 c"
13375;20128784;INS10.2a
13376;20128724;INS10.2a
13377;20128715;INS10.2a
13378;20125715;"BIO CAME d"
13379;20121024;"BIB4 DE.SCH5"
13379;20121023;"BIB4 DE.SCH5"
13381;20120990;"BIO BACH1 e"
13382;20120615;"TOP NL.ROT 5"
13383;20125458;"BIO SCHU2 e"
13385;20125456;"BIO VIVA e"
13386;20125455;"BIO BACH1 e"
13387;20125454;"BIO HAYD1 e"
13388;20125670;"BIO ZILK e"
13389;20124029;
13390;20129097;"BIO BACH1 e"
13391;20125775;"BIO PURC1 e"
13392;20127403;"BIO PURC1 c"
13393;20120449;"TOP DE.LUB 6"
13394;20128503;"BIO HUMM0 c"
13395;20128216;"INS5.3a ZING"
13396;20123796;"INS5.3a ZING"
13397;20126751;INS4.3d
13398;20124315;
13399;20124328;
13402;20128697;"INS 3.1 d"
13403;20120739;"BIB4 NL NOSK"
13404;20129099;"VIS ZOES"
13405;20123199;"BIB2 ZOET"
13407;20120830;"INS3.1e BE.BON"
13408;20120708;"BIB4 NL.VLA"
13409;20120115;"INS3.1a FR"
13410;20122354;"VIS ZUCK"
13411;20129969;INS3.2b
13412;20122732;"TOP CH.BER 4"
13413;20130270;"TOP NL 5"
13413;20144527;"TOP NL 5"
13415;20127212;"TOP FR 3"
13416;20122137;"LIT HUYG1 a"
13417;20120075;"TOP NL 5"
13418;20125221;"BIB4 NL.HAG"
13419;20128764;"INS3.1e NL.MAA2"
13420;20128138;"BIO KÖNI e"
13421;20127165;"TOP IT.VEN1"
13422;20120116;"BIO BACH1 e"
13423;20125573;"TOP PL 0"
13424;20129737;
13425;20125054;"AES WEND"
13426;20125053;"TOP NL 4"
13427;20120576;"TOP ES.CAT"
13428;20125539;"BIO BOUR f"
13429;20127048;"TOP NL 5"
13430;20127035;"INS1b PT.LIS1"
13431;20127026;"INS6a JP.HAM"
13432;20127025;"INS1b JP.HAM1"
13433;20127000;"INS3a HAMA"
13434;20127760;"BIB4 NL.LEE 5"
13435;20127757;"TOP CH.SIO"
13436;20127754;"TOP IT.ASO"
13437;20127749;"TOP BE.FLA"
13438;20127715;"TOP BE.BEV"
13439;20127736;INS1b
13440;20127735;INS1b
13441;20127734;INS1b
13442;20127744;"BIO BACH1 e"
13443;20127743;"BIO BACH1 e"
13444;20127742;"BIO BACH1 e"
13447;20127061;"TOP AT.KRE"
13448;20127058;"TOP DE.BAD 5"
13448;20127057;"TOP DE.BAD 5"
13449;20125047;"INS3.2b BE.ANT"
13450;20125021;"VIS LAUR"
13451;20125017;"TOP IT.AOS"
13452;20125020;"TOP IT.AOS"
13453;20125014;"BIB4 FR CORT"
13454;20125005;
13455;20127773;"BIO MOZA1 e"
13456;20125131;
13457;20125130;"BIO BACH1 e"
13458;20125129;"BIO BACH1 e"
13459;20125117;"BIB4 GB.TUN"
13460;20125094;"TOP DE 7"
13460;20125093;"TOP DE 7"
13460;20125092;"TOP DE 7"
13460;20125091;"TOP DE 7"
13460;20125090;"TOP DE 7"
13464;20127922;"REF3 SZWA"
13464;20127921;"REF3 SZWA"
13465;20127847;"TOP DE.LUB"
13466;20127830;"BIO HAND e"
13467;20125263;"BIO BACH1 e"
13468;20125227;"TOP FR 5"
13469;20128033;"VIS XL MENS"
13470;20128026;"TOP JP.TOK"
13471;20128008;"TOP ES.MAL"
13472;20127998;"MTP2 ECHO"
13473;20125388;"TOP PL 6"
13474;20128108;"BIB4 FR PINC"
13475;20128329;"BIO MONT2 f"
13476;20129745;INS3.2a
13477;20128367;INS3.2b
13478;20128387;INS10.3a
13480;20128224;"INS5.1d GRIJ"
13481;20128221;"BIB3 HECK"
13482;20125447;"TOP IT.VEN1"
13483;20125488;"TOP CH.WIN 6"
13484;20125487;"TOP CH.WIN 6"
13485;20125522;"TOP GB.ADL"
13486;20125518;"TOP GB MAL"
13487;20125546;"BIO LEON a"
13488;20125581;"BIO ZUYL f"
13489;20125579;"TOP BE.BRU1 0"
13490;20125578;"TOP SP"
13491;20125574;"BIO LEON e"
13492;20125623;"TOP FR.PAR 5"
13493;20125711;"TOP JP.IKA"
13494;20125703;"TOP AT.SAL 7"
13495;20125698;"BIO EEDE d"
13496;20128468;"INS10.9a NL.EIN"
13497;20128425;"TOP JP.NAR"
13498;20129571;"TOP NL 5"
13499;20129572;"BIB4 AT.VIE"
13500;20128871;
13501;20128860;"BIO MOZA1 e"
13502;20128550;"GHM 5"
13503;20128549;"TOP IT.VEN1 5"
13504;20128585;"INS3.1b OBER"
13505;20128563;"INS3.1a FR.DOR"
13506;20128627;"BIB4 CH.ZUR"
13507;20128941;"INS3.2b MAEN"
13508;20128939;"TOP NL.AMS"
13509;20128960;"TOP DE.RHE 7"
13510;20128923;"GEN 7"
13511;20128919;"TOP ES"
13513;20129105;"INS3.1e NL.HOO"
13514;20129307;"INS3.1e JP.KOB"
13515;20129295;"KTS1 C1.41 24G61"
13516;20129281;"BIB4 FR CHAM"
13517;20129280;"BIB4 FR CHAM"
13518;20129335;"BIB4 GB.CAM"
13519;20129330;"LIT BIBL a"
13520;20129344;"BIO CALL a"
13520;20129343;"BIO CALL a"
13523;20129350;"BIO DURE a"
13523;20129351;"BIO DURE a"
13524;20129409;"LIT BIBL a"
13524;20129408;"LIT BIBL a"
13525;20121376;"TOP BE.FLA"
13526;20121374;"VIS FUNF"
13527;20130345;"TOP NL.HAA"
13528;20123458;"KTS1 C1.21"
13529;20130335;"INS3.1e DE.TRI"
13530;20121345;"INS 3.1a ES.CAS"
13531;20121344;"INS 3.1a ES.CAS"
13532;20121343;"INS 3.1a ES.CAS"
13533;20121322;"INS 3.1a ES.CAS"
13534;20121321;"INS 3.1a ES.CAS"
13535;20121260;"TOP IT.VEN1"
13536;20121255;"INS3.1a MX"
13537;20130334;"BIO BACH1 e"
13538;20121181;"KTS1 C1.21"
13539;20121115;"INS3.1e DE.DRE"
13540;20130331;"TOP GB.PEN"
13541;20123243;"VIS HOET"
13542;20123214;"VIS SCHI"
13543;20121007;"BIO NOOR e"
13544;20121006;"TOP ES.VAL1"
13545;20122959;"BIO BACH1 e"
13546;20123006;"BIO BOSC c"
13547;20120940;"BIO BACH1 e"
13548;20122692;"INS3a ES"
13549;20122606;"TOP NL 7"
13550;20122592;"BIO BACH1 e"
13551;20122587;"KTS1 C3.43  11E29"
13552;20122558;"VIS MEIJ"
13553;20122662;"KTS1 H.11.map.001"
13553;20143773;"KTS1 H.11.map.002/a-f"
13554;20120816;"BIO VANH2 d"
13555;20122540;"BIO BACH1 e"
13556;20122517;"TOP DE.ANS"
13557;20120659;"BIB4 FR MONG"
13559;20122430;"BIB4 FR WECK"
13560;20122429;"BIO BACH1 e"
13561;20120398;"BIB4 NL SIX"
13562;20122237;"TOP NL.AMS 5"
13563;20122095;"BIO GAIN f"
13564;20122136;"LIT BIBL a"
13565;20122131;"BIB4 NL LÜTG"
13566;20120068;"LIT BIBL a"
13567;20122045;"BIB1 BOOK"
13568;20122043;"KTS1 C1.21"
13569;20122010;"BIB4 GB.ABE"
13570;20130200;"INS3.1 e DE.ASS"
13571;20120016;"INS3.1e NL.LOC"
13572;20120010;"INS3.1e DE.HAN"
13573;20126458;"KTS1 C1.21 16D30"
13574;20126647;"BIO LEON b"
13574;20127512;"BIO LEON b"
13575;20126623;"INS3a HOGW"
13576;20126578;"BIO BUXT b"
13577;20126569;"BIO BUXT e"
13579;20127548;"INS3.1a FR.EUR"
13580;20127615;"INS3a FINS"
13580;20127614;"INS3a FINS"
13582;20126969;"TOP FR.VER 5"
13583;20123778;"BIB4 DE.CEL"
13584;20123777;"VIS BAUD"
13585;20123776;"VIS BAUD"
13586;20123775;"VIS BAUD"
13587;20123774;"VIS BAUD"
13588;20123773;"VIS BAUD"
13589;20123772;"VIS BAUD"
13590;20123771;"VIS BAUD"
13591;20123770;"VIS BAUD"
13592;20123769;INS10.3a
13593;20123768;"BIB4 FR BERG"
13594;20123766;"VIS BELL"
13595;20121504;"VIS LAIR"
13596;20121503;"VIS BELL"
13597;20123639;"INS3.1b VERS"
13598;;
13599;20130604;"INS1b BE.BRU1"
13600;20130605;"INS1b BE.BRU1"
13601;20130606;"INS1b BE.BRU1"
13602;20130607;"INS1b BE.BRU1"
13603;20130608;"INS1b BE.BRU1"
13604;20130610;GHM7
13605;20130677;"BIO WAGN1 d"
13606;20130678;"BIO YSAY d"
13607;20130685;
13607;20130686;
13607;20130687;
13614;;
13615;20129427;
13617;;"PER AM2"
13619;20129432;"TOP NL.PER"
13621;20129537;
13622;20129471;"INS PER3.1 AO2"
13623;20128272;"INS 3.1a"
13623;20128273;"INS 3.1a"
13626;20123576;"INS PER3.1 OK1"
13626;20125474;"INS PER3.1 OK1"
13626;20125473;"INS PER3.1 OK1"
13626;20129130;"INS PER3.1 OK1"
13626;20129129;"INS PER3.1 OK1"
13626;20129128;"INS PER3.1 OK1"
13626;20129127;"INS PER3.1 OK1"
13626;20129126;"INS PER3.1 OK1"
13626;20129125;"INS PER3.1 OK1"
13626;20129135;"INS PER3.1 OK1"
13626;20129134;"INS PER3.1 OK1"
13626;20129133;"INS PER3.1 OK1"
13626;20129132;"INS PER3.1 OK1"
13626;20129131;"INS PER3.1 OK1"
13627;20125951;"BIO BACH1 f"
13629;20129424;"PER BJ"
13630;20129473;"BIO BACH1 f"
13631;20122070;"BIB1 BEIT"
13631;20122073;"BIB1 BEIT"
13631;20122072;"BIB1 BEIT"
13631;20122071;"BIB1 BEIT"
13631;20122074;"BIB1 BEIT"
13632;"20125662; 20125661";
13633;20129474;"BIB PER BO1"
13634;20129480;"PER CO1"
13635;"20127299; 20123801";
13635;;
13636;20129475;"PER RB1"
13637;20129477;
13638;20143908;"INS PER3.2 CL1"
13639;20145789;"INS PER3.2 CL2"
13640;20129481;"BIO BACH1 f"
13641;20129482;"INS PER3 EK1"
13642;20129483;"INS PER3 EK2"
13643;20129484;"PER EM1"
13643;20129484v1n1;"PER EM1"
13643;20129484v1n2;"PER EM1"
13643;20129484v1n3;"PER EM1"
13643;20129484v1n4;"PER EM1"
13643;20129484v2n1;"PER EM1"
13643;20129484v2n2;"PER EM1"
13643;20129484v2n3;"PER EM1"
13643;20129484v2n4;"PER EM1"
13643;20129484v3n1;"PER EM1"
13643;20129484v3n2;"PER EM1"
13643;20129484v3n3;"PER EM1"
13643;20129484v3n4;"PER EM1"
13643;20129484v4n1;"PER EM1"
13643;20129484v4n2;"PER EM1"
13643;20129484v4n3;"PER EM1"
13643;20129484v4n4;"PER EM1"
13643;20129484v5n1;"PER EM1"
13643;20129484v5n2;"PER EM1"
13643;20129484v5n3;"PER EM1"
13643;20129484v5n4;"PER EM1"
13643;20129484v6n1;"PER EM1"
13643;20129484v6n2;"PER EM1"
13643;20129484v6n3;"PER EM1"
13643;20129484v6n4;"PER EM1"
13643;20129484v7n1;"PER EM1"
13643;20129484v7n2;"PER EM1"
13643;20129484v7n3;"PER EM1"
13643;20129484v7n4;"PER EM1"
13643;20129484v8n1;"PER EM1"
13643;20129484v8n2;"PER EM1"
13643;20129484v8n3;"PER EM1"
13643;20129484v8n4;"PER EM1"
13643;20129484v9n1;"PER EM1"
13643;20129484v9n2;"PER EM1"
13643;20129484v9n3;"PER EM1"
13643;20129484v9n4;"PER EM1"
13643;20129484v10n1;"PER EM1"
13643;20129484v10n2;"PER EM1"
13643;20129484v10n3;"PER EM1"
13643;20129484v10n4;"PER EM1"
13643;20129484v11n1;"PER EM1"
13643;20129484v11n2;"PER EM1"
13643;20129484v11n3;"PER EM1"
13643;20129484v11n4;"PER EM1"
13643;20129484v12n1;"PER EM1"
13643;20129484v12n2;"PER EM1"
13643;20129484v12n3;"PER EM1"
13643;20129484v12n4;"PER EM1"
13643;20129484v13n1;"PER EM1"
13643;20129484v13n2;"PER EM1"
13643;20129484v13n3;"PER EM1"
13643;20129484v13n4;"PER EM1"
13643;20129484v14n1;"PER EM1"
13643;20129484v14n2;"PER EM1"
13643;20129484v14n3;"PER EM1"
13643;20129484v14n4;"PER EM1"
13643;20129484v15n1;"PER EM1"
13643;20129484v15n2;"PER EM1"
13643;20129484v15n3;"PER EM1"
13643;20129484v15n4;"PER EM1"
13643;20129484v16n1;"PER EM1"
13643;20129484v16n2;"PER EM1"
13643;20129484v16n3;"PER EM1"
13643;20129484v16n4;"PER EM1"
13643;20129484v17n1;"PER EM1"
13643;20129484v17n2;"PER EM1"
13643;20129484v17n3;"PER EM1"
13643;20129484v17n4;"PER EM1"
13643;20129484v18n1;"PER EM1"
13643;20129484v18n2;"PER EM1"
13643;20129484v18n3;"PER EM1"
13643;20129484v18n4;"PER EM1"
13643;20129484v19n1;"PER EM1"
13643;20129484v19n2;"PER EM1"
13643;20129484v19n3;"PER EM1"
13643;20129484v19n4;"PER EM1"
13643;20129484v20n1;"PER EM1"
13643;20129484v20n2;"PER EM1"
13643;20129484v20n3;"PER EM1"
13643;20129484v20n4;"PER EM1"
13643;20129484v21n1;"PER EM1"
13643;20129484v21n2;"PER EM1"
13643;20129484v21n3;"PER EM1"
13643;20129484v21n4;"PER EM1"
13643;20129484v22n1;"PER EM1"
13643;20129484v22n2;"PER EM1"
13643;20129484v22n3;"PER EM1"
13643;20129484v22n4;"PER EM1"
13643;20129484v23n1;"PER EM1"
13643;20129484v23n2;"PER EM1"
13643;20129484v23n3;"PER EM1"
13643;20129484v23n4;"PER EM1"
13643;20129484v24n1;"PER EM1"
13643;20129484v24n2;"PER EM1"
13643;20129484v24n3;"PER EM1"
13643;20129484v24n4;"PER EM1"
13643;20129484v25n1;"PER EM1"
13643;20129484v25n2;"PER EM1"
13643;20129484v25n3;"PER EM1"
13643;20129484v25n4;"PER EM1"
13643;20129484v26n1;"PER EM1"
13643;20129484v26n2;"PER EM1"
13643;20129484v26n3;"PER EM1"
13643;20129484v26n4;"PER EM1"
13643;20129484v27n1;"PER EM1"
13643;20129484v27n2;"PER EM1"
13643;20129484v27n3;"PER EM1"
13643;20129484v27n4;"PER EM1"
13643;20129484v28n1;"PER EM1"
13643;20129484v28n2;"PER EM1"
13643;20129484v28n3;"PER EM1"
13643;20129484v28n4;"PER EM1"
13643;20129484v29n1;"PER EM1"
13643;20129484v29n2;"PER EM1"
13643;20129484v29n3;"PER EM1"
13643;20129484v29n4;"PER EM1"
13643;20129484v30n1;"PER EM1"
13643;20129484v30n2;"PER EM1"
13643;20129484v30n3;"PER EM1"
13643;20129484v30n4;"PER EM1"
13643;20129484v31n1;"PER EM1"
13643;20129484v31n2;"PER EM1"
13643;20129484v31n3;"PER EM1"
13643;20129484v31n4;"PER EM1"
13643;20129484v32n1;"PER EM1"
13643;20129484v32n2;"PER EM1"
13643;20129484v32n3;"PER EM1"
13643;20129484v32n4;"PER EM1"
13643;20129484v33n1;"PER EM1"
13643;20129484v33n2;"PER EM1"
13643;20129484v33n3;"PER EM1"
13643;20129484v33n4;"PER EM1"
13643;20129484v34n1;"PER EM1"
13643;20129484v34n2;"PER EM1"
13643;20129484v34n3;"PER EM1"
13643;20129484v34n4;"PER EM1"
13643;20129484v35n1;"PER EM1"
13643;20129484v35n2;"PER EM1"
13643;20129484v35n3;"PER EM1"
13643;20129484v35n4;"PER EM1"
13643;20129484v36n1;"PER EM1"
13643;20129484v36n2;"PER EM1"
13643;20129484v36n3;"PER EM1"
13643;20129484v36n4;"PER EM1"
13643;20129484v37n1;"PER EM1"
13643;20129484v37n2;"PER EM1"
13643;20129484v37n3;"PER EM1"
13643;20129484v37n4;"PER EM1"
13643;20129484v38n1;"PER EM1"
13643;20129484v38n2;"PER EM1"
13643;20129484v38n3;"PER EM1"
13643;20129484v38n4;"PER EM1"
13643;20129484v39n1;"PER EM1"
13643;20129484v39n2;"PER EM1"
13643;20129484v39n3;"PER EM1"
13643;20129484v39n4;"PER EM1"
13643;20129484v40n1;"PER EM1"
13643;20129484v40n2;"PER EM1"
13643;20129484v40n3;"PER EM1"
13643;20129484v40n4;"PER EM1"
13643;20129484v41n1;"PER EM1"
13643;20129484v41n2;"PER EM1"
13643;20129484v41n3;"PER EM1"
13643;20129484v41n4;"PER EM1"
13643;20129484v42n1;"PER EM1"
13643;20129484v42n2;"PER EM1"
13643;20129484v42n3;"PER EM1"
13643;20129484v42n4;"PER EM1"
13643;20129484v43n1;"PER EM1"
13643;20129484v43n2;"PER EM1"
13643;20129484v43n3;"PER EM1"
13643;20129484v43n4;"PER EM1"
13643;20129484v44n1;"PER EM1"
13643;20129484v44n2;"PER EM1"
13643;20129484v44n3;"PER EM1"
13643;20129484v44n4;"PER EM1"
13643;20129484v45n1;"PER EM1"
13643;20129484v45n2;"PER EM1"
13643;20129484v45n3;"PER EM1"
13643;20129484v45n4;"PER EM1"
13643;20129484v46n1;"PER EM1"
13643;20129484v46n2;"PER EM1"
13643;20129484v46n3;"PER EM1"
13643;20129484v46n4;"PER EM1"
13645;20129485;"INS PER3.1 FO1"
13646;20129486;"PER FD1"
13647;20137768;"INS5.3d CUNN"
13648;;"INS PER1 GS2"
13648;;"INS PER1 GS2"
13649;20129488;
13650;20129489;"INS PER1 GL1"
13651;20144582;"BIB PER GP1"
13652;20129491;"BIO HAND f"
13653;20129492;"BIO HAYD1 f"
13654;20129493;"BIO HAYD1 f"
13655;20129494;"INS PER7 HB1"
13656;20129495;"PER HU1"
13657;20129525;"PER IM1"
13658;20129526;"INS PER3.1 IO1"
13659;20129527;"BIO VIVA f"
13660;20129528;"BIB PER JB1"
13661;20129529;"BIB PER JB2"
13662;20129530;
13663;20129531;"PER JA1"
13664;20129532;"INS PER3.1 JB1"
13665;20129533;"INS PER3 KP"
13666;20129534;
13667;20129535;"INS5.1d KIRA"
13667;20137760;"INS5.1d KIRA"
13667;20137758;"INS5.1d KIRA"
13667;20137759;"INS5.1d KIRA"
13667;20137761;"INS5.1d KIRA"
13669;20129507;
13670;20129536;"PER MM (Glass Cupboard)"
13671;;
13672;;"BIO GRAU f"
13673;20129511;"INS PER3.1 MI1"
13674;20129512;
13675;;
13676;20129520;"PER ML1"
13677;20128431;"TOP BE.FLA 0"
13678;;
13679;20129522;
13680;20129523;"PER MQ1"
13681;20129521;
13682;;"PER MU2"
13683;20129518;
13684;;
13685;20129515;"INS PER3.1 OY1"
13686;;
13687;;
13688;20129500;"INS PER3.1 OR2"
13689;20129501;"INS PER3.1 OR3"
13691;20129503;
13692;20129504;
13693;;
13694;20129506;"TOP FR 5"
13694;20144214;"TOP FR 5"
13694;20144215;"TOP FR 5"
13694;20144216;"TOP FR 5"
13694;20144217;"TOP FR 5"
13694;20144218;"TOP FR 5"
13694;20144219;"TOP FR 5"
13694;20144220;"TOP FR 5"
13694;20144221;"TOP FR 5"
13694;20144222;"TOP FR 5"
13694;20144223;"TOP FR 5"
13694;20144224;"TOP FR 5"
13694;20144225;"TOP FR 5"
13694;20144226;"TOP FR 5"
13694;20144227;"TOP FR 5"
13694;20144228;"TOP FR 5"
13694;20144229;"TOP FR 5"
13694;20144230;"TOP FR 5"
13694;20144231;"TOP FR 5"
13694;20144232;"TOP FR 5"
13694;20144233;"TOP FR 5"
13694;20144234;"TOP FR 5"
13694;20144235;"TOP FR 5"
13694;20144236;"TOP FR 5"
13694;20144237;"TOP FR 5"
13694;20144238;"TOP FR 5"
13694;20144239;"TOP FR 5"
13694;20144240;"TOP FR 5"
13694;20144241;"TOP FR 5"
13694;20144242;"TOP FR 5"
13694;2014443;"TOP FR 5"
13695;;
13696;20129509;
13697;20129508;
13699;20129510;"PER PR1"
13700;;
13701;20125952;
13702;20125954;
13704;;
13705;20125958;"BIO SCHU5 f"
13706;;
13707;20144528;"TOP NL.PER"
13708;20125959;
13709;20125960;
13710;20125961;
13711;20125962;"PER TV1"
13712;"20125963; 20125964";
13713;20125965;"PER TO1"
13714;;
13715;20146509;"KTS1 H.02.057"
13717;20125978;INS4.5a
13717;20137953;INS4.5a
13717;20137952;INS4.5a
13717;20137951;INS4.5a
13718;20125976;INS4.5a
13718;20137945;INS4.5a
13718;20137944;INS4.5a
13718;20137948;INS4.5a
13718;20137947;INS4.5a
13718;20137946;INS4.5a
13718;20137949;INS4.5a
13718;20137950;INS4.5a
13719;20125977;"PER AE1"
13720;;
13721;20129497;"PER ZE1"
13722;20134036;"LIT LILJ a"
13723;20117152;
13724;20146595;"KTS1 H.04.002"
13725;20130909;"TOP DE.COL 6"
13726;20146529;"KTS1 H.03.017"
13727;20129554;"TOP DE 7"
13728;20112385;
13729;20113997;
13730;20131333;"MTP5 BILL"
13731;20143609;"KTS1 H.06.052"
13732;20134315;"REF3 BARO"
13733;2013155;
13734;20134592;"SCO BEET"
13734;20134593;"SCO BEET"
13735;20130426;"TOP NL.HAA 5"
13737;;
13737;2013142;
13738;20143715;"KTS1 H.XX.XX"
13739;20111392;
13739;20111393;
13740;20131013;"TOP DE.LEI"
13741;20129914;"BIO HAUE e"
13742;20134314;"REF3 ADES"
13743;20130373;"INS3.1b MORE"
13744;20129609;"BIO COPL d"
13745;20133060;"PHI TWEE a"
13746;20117133;
13747;20131216;"REF2 BORC"
13748;20133190;"PHI RUSS a"
13749;20146545;"KTS1 H.03.026"
13751;20132939;"PHI DESC a"
13751;20132936;"PHI DESC a"
13752;20133593;"PHI BERK a"
13753;20138948;"TRE DESC"
13754;20135066;"AES CHUA"
13755;20115728;
13756;20137599;"AES WORR"
13757;20134761;"REF4 SCHN"
13758;20133284;"PHI HAN a"
13759;20135512;"SCI CLAR"
13760;20133266;"PHI EVER a"
13761;20135700;"MTP1 APPE"
13762;20129747;"BIO COPP c"
13763;20117547;
13764;20131051;"TOP BE.FLA"
13765;20135420;"SCI JONE"
13766;20113499;
13767;20135379;GEN21
13794;20133891;"PHI PEIJ a"
13795;20133502;"PHI NOE a"
13796;20117579;
13796;20117570;
13797;20135326;"AES KOES"
13798;20135782;"TRE STAN"
13799;20131311;"LIT STAN a"
13800;20134054;"MTP3 FRIS"
13801;201338777;"PHI PASC b GARR"
13802;20133625;"PHI GADA a"
13803;20132749;"PHI BRUN a"
13804;20146663;"TRE LEGL"
13805;20134791;"TRE SCHA"
13806;20129888;"BIO SCHN5 c"
13807;20129937;"BIO BIAR d"
13808;20133070;"AES DADD"
13809;20133087;"AES BOIS"
13810;20113756;
13811;20131407;"MTP5 WALT"
13812;20129773;"BIO HÖLS f"
13813;20116405;
13814;20114829;
13815;20111390;
13815;20111391;
13816;20132756;"AES BUDD a"
13817;20135263;"AES RICH"
13818;20135261;"AES MARC"
13819;20135089;"AES BEAR"
13820;20133293;"PHI KANT b HENR"
13821;20135719;"PHI RANC a"
13822;20135199;"AES HAMI"
13823;20112939;
13824;20134889;"TRE SULZ"
13825;20135295;"AES DAVI"
13826;20113789;
13827;20136099;"TRE GOEB"
13828;20130527;"AES SCRU"
13829;20133072;"AES ADOR"
13830;20133042;"PHI RANC a"
13831;20132953;"PHI HEGE a"
13831;20132954;"PHI HEGE a"
13834;20133373;"PHI WITT b GMUR"
13835;20135069;"LIT FISC a"
13837;20133670;"PHI GADA a"
13837;20133671;"PHI GADA a"
13838;20133091;"PHI DOMB a--&gt;VIS DOMB"
13839;20132912;"PHI ADOR a"
13840;20132734;"PHI ADOR a"
13841;20132975;"PHI KANT b KAUL"
13842;20133893;"PHI OTT a"
13843;20113835;
13844;20132829;"PHI MACL a"
13845;20135520;"MTP2 BUEN"
13846;20133101;"PHI ELLI a"
13847;20133959;"PHI SONT a"
13848;20133281;"PHI FEYE a"
13849;20146665;"KTS1 H.06.014"
13850;20135450;"SCI WITT"
13851;20133583;"PHI BERL a"
13852;20132791;"PHI HAN a"
13853;20133304;"PHI HIRS a"
13854;20133263;"PHI FARB a"
13855;20113492;
13856;20115062;
13857;20135452;"SCI WEIN"
13858;201138;
13859;20131948;"BIO BERG d"
13860;20133703;"PHI GULD a"
13861;20138963;"TOP FR 3"
13862;20116070;
13863;20116882;
13864;20116883;
13865;20116884;
13866;20116067;
13867;20129823;"BIO GOEH d"
13868;20129935;
13869;20118276;
13870;20129681;"TRE BREN"
13871;20133884;"PHI PETR a"
13872;20133082;"PHI ANGE a"
13873;20115913;
13874;20136020;"TRE ALIA"
13875;20144155;"SCI SAL"
13876;20129775;"BIO LACH a"
13876;20143644;"BIO NONO a"
13877;20133173;"PHI NATO a"
13878;20133174;"PHI NATO a"
13879;20135050;"AES BRUN"
13880;20114836;
13881;20112332;
13882;20135351;"AES SABB"
13883;20133265;"PHI FABE a"
13884;20115028;
13885;20129777;"BIO FERR b"
13886;20115386;
13887;20135491;"MTP 4 SCHU"
13888;20133204;"PHI VAND a"
13889;20133347;"PHI NIET a"
13890;20130123;"KTS1 H.04.022"
13891;20116531;
13892;20130461;"INS3.1a DE"
13893;20117926;
13894;20146610;"KTS1 H.04.045"
13895;20137608;"HUM SENN"
13896;20135123;"AES MAHN"
13897;20133051;"PHI SUTT a"
13898;20116976;
13899;20130915;"TOP US 6"
13900;20130901;"TOP US 0"
13901;20130910;"TOP US 5"
13902;20130699;"TOP US 0"
13903;20115344;
13904;20130128;"BIO SCHU3 a"
13905;20130642;"TOP SY 7"
13906;20135612;"MTP1 KUHN"
13907;20135585;"MTP1 CAMP"
13908;20135582;"MTP1 BENT"
13909;20135624;"MTP1 NARM"
13910;20131297;"PHI0 STRA"
13911;20116606;
13912;20135593;"MTP1 COOK"
13913;20135670;"MTP1 SIMO"
13914;20135577;"MTP1 AYRE"
13915;20135641;"MTP1 LEST"
13916;20133839;"PHI LUDE a"
13917;20135673;"MTP1 SCHU"
13918;20130985;"BIO WAGN1 e"
13919;20146520;"KTS1 H.02.068"
13920;20138994;"HUM CECC"
13921;20130575;"TOP GR 2"
13922;20136016;"TRE VICE"
13923;20133996;"PHI0 ANNA"
13924;20134919;"GHM 2"
13925;20144507;"TOP GR 2"
13926;20134689;"SCO MISC TARU"
13927;20130016;"BIO GRET d"
13928;20130076;"BIO GRET d"
13929;20113833;
13930;20128902;"BIO PEVE d"
13931;20116447;
13932;20129622;"KTS1 H.04.009"
13943;;"PER AN (Glass cupboard)"
13967;20136427;"KTS1 C3.15 (34)"
13968;20114822;
13969;20146645;"KTS1 H.06.003"
13970;20135811;"TRE NOTI"
13970;20124689;"TRE NOTI"
13971;20135672;"TRE VATI"
13972;20134361;"MTP4 DEBA"
13973;20134900;"TOP WM 7"
13974;20134698;"SCO MISC SCHR"
13975;20133270;"PHI FOST a"
13976;20130825;"INS3.1e IT.VER"
13976;20130829;"INS3.1e IT.VER"
13976;20130465;"INS3.1e IT.VER"
13977;20133865;"PHI ONFR a"
13978;20136019;"PHI DELE a"
13979;20135721;"PHI DELE a"
13980;20130164;
13981;20130954;"KTS1 H.02.001"
13982;20115845;"BIO REIC a"
13983;20129924;
13984;20130098;"BIO BRUC c"
13985;20130381;"INS3.1e US.COL1"
13986;20134866;"TRE TAPI"
13987;20129544;"BIO BEET e"
13988;20129800;"BIO WEBE2 d"
13989;20129754;"BIO WEBE2 d"
13990;20134771;"TRE WEBE"
13991;20134675;"TRE TURK"
13992;20139092;"SCI THEB"
13993;20133862;"PHI OSBO a"
13994;20129831;"BIO STRA3 e"
13995;20133756;"PHI IJSS a"
13996;20144498;"TOP GR 2"
13997;20133717;"PHI HACK a"
13998;20131223;"REF2 COOP"
13999;20135164;"AES ALME"
14000;20135156;"AES VIRE"
14001;20132973;"PHI KANT b PETZ"
14002;20135068;"AES CELE"
14003;20134489;"MTP 2 GRAT"
14004;20111641;
14005;20127414;"BIO KENN d"
14005;20134324;"BIO KENN d"
14006;20136007;"TRE ZORN"
14007;20136008;"TRE ZORN"
14008;20136009;"TRE ZORN"
14009;20133422;"PHI FOUC a"
14010;20113793;
14011;20134886;"VIS BOHM"
14012;20116970;
14013;20130091;"BIO NONO e"
14014;;
14015;20133228;"PHI ARIS b BRUN"
14016;20133230;"PHI ARIS b FERM"
14017;20133215;"PHI ARIS b HUPP"
14018;20133229;"PHI ARIS b DELE"
14019;20133231;"PH ARIS b DIRL"
14020;20133227;"PHI ARIS b VAND"
14021;20133223;"PHI ARIS b TEIC"
14022;20139099;"PHI ARIS b ROAR"
14023;20133232;"AES ARIS"
14024;20139103;"MTP1 BELI"
14025;20132769;"PHI DELE b PINH"
14026;20129772;"BIO SCHO1 b"
14027;20117609;
14028;20129913;"BIO SCHO1 e"
14029;20134824;"BIO SCHO1 a"
14030;20134839;"TRE SCHO"
14030;20135773;"TRE SCHO"
14031;20129815;"BIO SCHO1 a"
14032;20135489;"MTP 4 HASS"
14034;20131364;"MTP5 LLOY"
14034;20131353;"MTP5 LLOY"
14035;20135733;"TRE COLO"
14035;20124401;"TRE COLO"
14036;20130185;INS2c
14037;20112451;"VIS BELL"
14038;20134375;"MTP3 CADU"
14039;20133628;"PHI CROW a"
14040;20133923;"PHI SCRU a"
14041;20133537;"PHI WOLL a"
14042;20134947;"GHM 4"
14043;20135179;"AES ARNH"
14044;20115044;
14045;20134426;"MTP3 MCNI"
14046;20135100;"AES BOLT"
14047;20125989;"BIO MOZA1 e"
14048;20126041;"TRE RUSS"
14049;20146455;"KTS1 H.02.006"
14050;20134378;"MTP3 BROU"
14052;20130930;
14053;20130469;"INS3.1b BEDO"
14053;20130470;"INS3.1b BEDO"
14053;20130471;"INS3.1b BEDO"
14056;20135272;"AES DEWU"
14057;20135496;"MTP 4 WINN"
14058;20135353;"AES TURN"
14059;20140268;"VIS ARNO"
14060;20111615;
14061;20133224;"PHI ARIS b BARN"
14062;20135317;"AES HARR"
14063;20135318;"AES HARR"
14064;20135319;"AES HARR"
14065;20135346;"AES POLI"
14066;20134395;"MTP3 CRIS"
14067;20134360;"MTP3 BALK"
14068;20129560;"MTP3 ASSI"
14069;20134376;"MTP3 BUTT"
14069;20135724;"MTP3 BUTT"
14071;;
14071;20131131;"REF2 LIND"
14072;20115071;
14073;20131386;"MTP5 SCHU"
14074;20135347;"AES PINX"
14075;20135479;"MTP 4 HANN"
14076;20135988;"VIS BANK"
14077;20126039;"VIS ALLE"
14078;20131186;"REF2 SVEN"
14079;20135285;"AES CAME"
14080;20130957;"KTS1 H.01.025"
14081;20133793;"AES LALO"
14082;20133681;"PHI GARD a"
14083;20133169;"PHI NEGR a"
14084;20134683;"MTP 2 ARNO"
14084;20135502;"MTP 2 ARNO"
14086;20136014;"TRE ZARL"
14087;20114039;
14088;20120149;"LIT BARN a"
14088;20135530;"MTP2 BARN"
14089;20117551;
14090;20133412;"PHI CAYG a"
14091;20134892;"HUM YATE"
14094;20134500;"MTP2 SCHE"
14094;20131556;"TRE SCHE"
14095;20134828;"INS3.3c NEUH"
14097;20145996;"INS4.1c GEMI"
14097;20126266;"INS4.1c GEMI"
14098;20133216;"PHI ARIS a"
14099;20135477;"MTP 4 JORG"
14100;20135409;"SCI BROU"
14101;20117618;
14102;20117619;
14103;20135976;"TOP DE 7"
14104;20134435;"MTP3 SULL"
14105;20134428;"MTP3 LILJ"
14105;20134427;"MTP3 LILJ"
14106;20135296;"AES DAVI"
14107;20137386;"MTP3 JAGO"
14108;20111320;
14109;20135269;"AES VATT"
14110;20134861;"TRE XENA"
14111;20134875;"VIS FREE"
14112;20129555;"TRE STOC"
14113;20129809;"BIO SCHN5 d"
14114;20134050;"VIS BECK"
14115;20130731;"GHM 7"
14116;20130740;"GHM 7"
14117;20130224;"BIO CHOP e"
14118;20130620;"TOP GB 7"
14119;20134914;GHM3
14120;20125997;GEN2
14121;20135581;"MTP1 BEAC"
14122;20129678;"BIO BACH1 e"
14123;20129567;GHM5
14124;20135474;"MTP 4 BRAM"
14125;20133859;"PHI PAET a"
14126;20135260;"AES MARX"
14127;20112399;
14128;20115816;
14129;20116213;
14130;20134485;"MTP 2 PAUL"
14131;20115347;
14132;20129768;"BIO SCHO1 e"
14133;20132777;"PHI DEPR a"
14134;20113980;
14135;20130399;"INS3.1a FR.BUR"
14136;20114679;
14137;20135355;"AES STER1"
14138;20110190;GHM7
14139;20117561;
14140;20117562;
14141;20135280;"AES BULL"
14142;20135410;"SCI BREG"
14143;20129806;"BIO LACH e"
14144;20133911;"PHI SCHE a"
14145;20123307;"MTP2 FROT"
14145;20134467;"MTP2 FROT"
14146;20125503;"MTP2 SCHE"
14146;20135549;"MTP2 SCHE"
14147;20125171;"MTP2 HAAS"
14147;20135531;"MTP2 HAAS"
14148;20132072;"BIO KAGE e"
14149;20135423;"SCI KITT"
14150;20138968;"BIO AUGU d"
14151;20130534;"BIO DEBU e"
14152;20135492;"MTP 4 REIT"
14153;20134773;"TRE RIHM"
14154;20134796;"TRE RIHM"
14156;20139445;"AES KIVY"
14157;20134441;"MTP2 ANDR"
14157;20128252;"TOP BE.FLA 7"
14158;20131152;"REF2 DUNL"
14159;20145737;"BIO RUSS1 a"
14160;20145738;"BIO RUSS1 a"
14161;20114910;"BIO RUSS1 a"
14162;20114027;
14163;20130388;"INS3.1e FR.BAS"
14164;20133809;"PHI LEVI a"
14165;20133631;"PHI COUL a"
14166;20117293;
14167;20130162;"INS6.2c HOWE"
14168;20130723;"TOP FR.PAR 6"
14169;20135411;"SCI BERG"
14170;20129910;"BIO STRA3 e"
14172;20146505;"KTS1 H.02.053"
14172;20143757;"KTS1 H.09.003"
14173;20129701;"BIO BACH1 e"
14174;20129684;"BIO BACH1 e"
14175;20120769;"BIO BACH1 e"
14176;20120873;"BIO BACH1 e"
14176;20126005;"BIO BACH1 e"
14177;20129682;"BIO BACH1 e"
14178;20113825;
14179;20129607;"BIO BACH1 e"
14180;20129717;"BIO BACH1 e"
14181;20129631;"BIO BACH1 e"
14182;2011653;
14183;20135378;GEN21
14184;20116805;
14185;20117295;
14186;20134829;"TRE MARG"
14187;20115058;
14188;20146533;"KTS1 H.03.021"
14189;20146514;"KTS1 H.02.062"
14190;20134917;GHM0
14191;20127284;GHM5
14191;20134952;"KTS1 H.03.004"
14192;20133578;"PHIL BART b CULL"
14193;20129816;"PHI BART b BISH"
14194;20129625;"BIO BART d"
14195;20130157;INS3b
14196;20146458;"KTS1 H.07.009"
14197;20135651;"MTP1 RAHN"
14198;20134328;"BIO PETR e"
14199;20130172;INS6.4a
14200;20134074;"MTP5 COK"
14200;;
14201;20146467;"KTS1 H.02.020"
14202;20133524;"PHI SART a"
14203;20129811;"BIO OOST a"
14203;20129812;"BIO OOST b"
14204;;
14205;20115295;
14206;20130507;
14207;20139449;GHM4
14208;20135333;"AES LEE"
14209;201145;
14210;20129619;"BIO BEET d"
14211;20129656;"BIO BEET d"
14214;20116649;
14215;20131949;"BIO BEET e"
14216;20116212;
14217;20118021;
14218;2013236;"BIO BEET e"
14219;20116210;
14220;20114254;
14221;20114250;
14222;20114251;
14223;20114253;
14224;20110500;"BIO BEET d"
14225;20117298;
14226;20129073;
14227;2013239;"BIO BEET e"
14228;20116603;
14229;20116669;
14230;2013245;"BIO BEET e"
14231;20117227;
14232;20117228;
14233;20129674;"BIO BEET e"
14234;20134873;"BIO BEET e"
14235;20116595;
14236;20115804;
14237;20117187;"BIO BEET e"
14238;20130498;"SCO BEET"
14238;20130499;"SCO BEET"
14238;20130500;"SCO BEET"
14241;20131968;"BIO BEET e"
14242;20130986;"BIO BEET e"
14243;20129703;"BIO BEET e"
14244;20116230;"SCO BEET"
14244;20116231;"SCO BEET"
14246;20116211;"BIO BEET a"
14247;20129566;"BIO BEET e"
14248;20116721;"BIO BEET e"
14249;20116600;"BIO BEET b"
14249;20116601;"BIO BEET b"
14251;20129676;"BIO BEET e"
14252;20129721;"BIO BEET e"
14253;20129706;"BIO BEET d--&gt;e"
14254;20118246;
14255;20130503;
14256;20134883;"BIO BEET e"
14257;20115808;"BIO BEET e"
14258;20118160;"BIO BEET d"
14259;20129723;"BIO BEET e"
14260;20129642;"BIO BEET e"
14261;20129641;"BIO BEET e"
14262;20134308;"REF3 NAVI"
14263;20129710;"BIO CAGE d"
14264;20134910;"TRE KASS"
14265;20133288;"PHI HEYS a"
14266;20133126;"PHI HEID a"
14267;20132881;"PHI STRA a"
14269;20143735;"KTS1 H.08.018"
14269;20130468;"INS10.3a NL"
14270;20131082;"INS10.3a FR"
14271;20128150;"INS10.3a NL"
14272;20133365;"PHI WILL a"
14273;20133005;"PHI METZ a"
14274;20129568;GHM5
14275;20129651;"BIO BART d"
14276;20129608;"BIO BART e"
14277;20129614;"BIO BART e"
14278;20129654;"BIO BART b"
14279;20133394;"PHI AUGU a"
14280;20146649;"KTS1 H.06.006"
14281;20133562;"LIT BEOW a"
14282;20129664;"BIO BERG e"
14284;201133;
14285;20113922;
14286;20113043;
14287;20133592;"PHI BERK b WARN"
14288;20134080;"MTP5 ELLS"
14289;20136180;"TRE BERK"
14290;20132961;"PHI HEGE a"
14291;20134847;"TRE BERL"
14292;20111610;
14293;20131062;"BIO BREC d"
14294;20133352;"PHI RUSS b CLAC"
14295;20131565;"AES BOER"
14296;20133478;"PHI KUNG a"
14297;20115487;
14298;20131401;"MTP5 VANE"
14299;20129561;"SCI ECK"
14300;20135240;"AES ROSE"
14301;20144568;"MTP5 SHAY"
14302;20133565;"PHI BARR a"
14303;20134940;"TOP DE 4"
14304;20134961;"GHM 6"
14305;20117182;"TOP DE 5"
14306;20134094;"MTP5 GRAA"
14307;20132969;"PHI HEGE b WEIS"
14308;20130560;"PHI VATT a"
14309;20129714;"BIO BROW e"
14311;20135600;"MTP1 EPST"
14312;20130510;"PHI IVER a"
14313;20133055;"PHI URBA a"
14314;20132006;"AES DELL"
14315;20129708;"BIO CZER d"
14316;20129697;"BIO CONR e"
14317;20134870;"TRE TOME"
14318;20115638;
14319;20115067;
14319;20115068;
14320;20131113;"TOP FR 3"
14321;20134423;"MTP3 MUHL"
14322;20114856;"VIS WARB"
14323;20135741;"TRE KLEE"
14324;20133890;"PHI PEIR b ENGE"
14325;20134273;"HUM KRAM"
14326;20116815;
14327;20130958;"KTS1 H.01.019"
14328;20116209;
14329;20135454;"SCI WALL"
14330;20117833;
14331;20143691;"KTS1 H.07.013"
14332;20133873;"PHI PASC b DANT"
14333;20133876;"PHI PASC b ATTA"
14334;20133878;"PHI PASC b MOUL"
14335;20133376;"PHI WITT a"
14336;20136215;"TRE KAND"
14337;20112375;
14338;20131098;"TOP NL 4"
14339;20131195;"REF2 PULM"
14340;20135436;"SCI NAQV"
14341;20134450;"MTP2 FREE"
14342;20132871;"PHI SPIN b BUNG"
14343;20111474;"BIO BOCC e"
14344;20115893;
14345;20135376;GEN21
14346;20134470;"MTP 2 REEV"
14347;20133761;"PHI JOHN a"
14348;20113490;
14349;20112652;
14350;20129916;
14351;20131316;"LIT LLOY a"
14352;20132727;"PHI ADEL a"
14353;20129818;"BIO BOUL e"
14354;20138990;"BIO BOUL a"
14355;20138997;"BIO BOUL d"
14356;20133328;"PHI KANT b STRA"
14357;20116881;
14358;20132740;"PHI BOUR b BURN"
14359;20134949;"GHM 4"
14360;20115697;
14361;20146591;"KTS1 H.03.056"
14363;20123176;"KTS1 C1.21 16D28_03"
14363;20123179;"KTS1 C1.21 16D28_01"
14363;20123177;"KTS1 C1.21 16D28_02"
14366;20130420;"INS3.1a NL.BRA"
14367;20133829;"PHI LICH b HUHN"
14368;20133830;"PHI LICH b BUCI"
14369;20129610;"BIO BRAH e"
14370;20129545;"BIO BRAH e"
14371;20114164;
14372;2011108;
14373;20115708;
14374;20135986;"VIS POLS"
14375;20114828;
14376;20130712;"GHM 7"
14377;20117831;
14378;20131061;"TRE BREC"
14379;20129711;"BIO BREC e"
14380;20130124;"KTS1 H.04.011"
14382;20133801;"PHI LEIB a"
14383;20133796;"PHI LEIB b HAAS"
14384;20131224;"REF2 COPU"
14385;20129653;"BIO BRIT c"
14386;20129720;"BIO BRIT d"
14387;20134693;"SCO S"
14388;20130235;
14389;20115846;
14390;;
14391;20113854;
14392;20130993;"INS6.6d SMAL"
14393;20135498;"MTP 4 SONN"
14394;20135995;"INS5.1c BURW"
14394;20124375;"INS5.1c BURW"
14395;20129713;"BIO BUSO e"
14396;20130110;"BIO KEAT b"
14397;20117599;
14398;20129679;"BIO CAGE b"
14399;20134814;"TRE RAAI"
14400;20134813;"TRE RAAI"
14400;20137387;"TRE RAAI"
14400;20137388;"TRE RAAI"
14401;20129698;"BIO CALV d"
14402;20131351;"MTP5 CHAR"
14403;20110242;
14404;20113776;
14405;20133965;"PHI0 RUTH"
14406;20130542;"PHI FOUC b GUTT"
14407;2011217;
14407;20134459;"MTP2 COOK"
14408;20111242;"BIO SCHU2 e"
14408;20129758;"BIO SCHU2 c"
14409;20130112;INS2a
14410;20133375;"PHI WITT b SLUG"
14411;20133405;"PHI FOUC b GUTT"
14412;20134461;"MTP 2 ERIC"
14413;20130169;"BIO HAYD1 d"
14414;20133984;"PHI0 KRET"
14415;20135523;"MTP2 LAWS"
14416;20135627;"MTP1 CHRI"
14417;20131324;"LIT INNE a"
14418;20115724;
14419;20146530;"KTS1 H.03.018"
14420;20130624;"BIB4 AU.CAN"
14421;20135360;"AES HALL2"
14422;20146646;"KTS1 H.06.004"
14425;20135440;"SCI ROTH"
14426;20130447;"INS10.3a NL.SCH4"
14427;20145613;"BIO CZER d"
14428;20129844;"BIO TESS e"
14429;20116347;
14430;20135098;"AES BARR"
14431;20117412;"LIT DAMI a"
14432;20135027;"GEN 17"
14433;20135772;"TRE SCIA"
14434;20112612;
14435;20133408;"PHI DESC b CHOM"
14436;20133459;"PHI HUSS a"
14437;20134369;"MTP3 ASSE"
14438;20131093;"PHI CASS b PETE"
14439;20133399;"PHI CASS b BAYE"
14440;20133395;"PHI CASS b KROI"
14441;20112698;
14442;20130387;"INS3.1a ES"
14443;20116036;
14444;20118165;"BIB3 FALL"
14445;20129894;"BIO ROUS2 c"
14447;20135654;"MTP1 RIEM"
14448;20115153;
14449;20123142;"BIO CAVA d"
14449;20129626;"BIO CAVA d"
14450;20116973;
14451;20131395;"MTP5 TINB"
14451;20131394;"MTP5 TINB"
14451;20131393;"MTP5 TINB"
14451;20131382;"MTP5 TINB"
14455;20134393;"MTP3 DAY"
14456;20115827;
14457;20121540;"INS5.9d YOUN"
14457;20131413;"MTP5 YOUN"
14458;20114830;
14459;20115036;
14460;20118031;"BIO BEET e"
14461;20129849;"BIO WOLF2 e"
14462;20146510;"KTS1 H.02.058"
14463;20144058;"KTS1 H.08.025_01"
14463;20144059;"KTS1 H.08.025_02"
14463;20144060;"KTS1 H.08.025_03"
14463;20144061;"KTS1 H.08.025_04"
14463;20144066;"KTS1 H.08.025_09"
14463;20144062;"KTS1 H.08.025_05"
14463;20144063;"KTS1 H.08.025_06"
14463;20144064;"KTS1 H.08.025_07"
14463;20144065;"KTS1 H.08.025_08"
14463;20144067;"KTS1 H.08.025_10"
14473;20117148;
14474;2013143;"KTS1 H.10.033"
14475;20130597;"LIT ROSE a"
14476;20120129;GEN11
14476;20135028;GEN11
14477;20144497;"TOP GR 2"
14478;20126018;INS2c
14479;20146669;"KTS1 H.06.018"
14480;20146534;"KTS1 H.03.022"
14481;20143763;"KTS1 H.09.012"
14482;20130628;"TOP FR 0"
14483;20146660;"KTS1 H.06.010"
14484;20117978;
14484;20117979;
14485;20131028;"BIO WILL4 e"
14486;20136175;"TRE AVIS"
14487;20111606;
14488;20117612;
14489;20133889;"PHI PEIR b WIEN"
14490;20113880;
14491;20112424;
14492;20112425;
14493;20130368;"INS3.1e NL.HEI"
14494;20131219;"REF2 CHIC"
14495;20133085;"PHI ALLI a"
14496;20116504;
14497;20133407;"PHI LYON a"
14498;20130981;"BIO CHOP e"
14499;20138947;"BIO CHOP e"
14500;20112345;
14501;2011220;
14503;20134044;"LIT CVEJ a"
14504;20131383;"MTP5 THUY"
14505;20117159;
14507;20130983;"BIO HUYG2 d"
14508;20114038;"BIO WOLF2 d"
14509;20133724;"PHI PASC b GUAR"
14510;20143731;"KTS1 H.08.017_01"
14510;20143732;"KTS1 H.08.017_02"
14512;20130713;"GHM 7"
14513;20133336;"PHI NIET a"
14514;20129604;"BIO LULL c"
14515;20129700;"BIO DUFA c"
14516;20130409;"TOP GB.FRA"
14517;20116013;
14518;20146565;"KTS1 H.03.045"
14519;20137585;"TOP IT 7"
14520;20113807;
14521;20136341;"PHI DELE a"
14522;20133951;"PHI SERR a"
14524;20134990;GHM7
14525;20131147;"REF2 FISH"
14526;20130591;"TOP IT.SIE 3"
14527;20135970;"TOP FR 5"
14528;20129946;"BIO OLDE e"
14529;20130079;"KTS1 H.10.029_01"
14529;20130080;"KTS1 H.10.029_02"
14529;20130081;"KTS1 H.10.029_03"
14532;20134959;GHM5
14533;20135054;"AES KRAM"
14533;20135053;"AES KRAM"
14534;20123213;"MTP2 BROW1"
14534;20134445;"MTP2 BROW1"
14535;20130721;GHM5
14536;20130720;GHM5
14537;20134996;GHM7
14538;20131326;"LIT BEAR a"
14539;20135606;"MTP1 GJER"
14540;20129933;"BIO DEBU d"
14541;20129795;"BIO VIVI2 d"
14542;20111577;"PER MK1"
14543;20117292;
14544;20129784;"BIO MAHN c"
14546;20130180;"INS3.3c GALL"
14547;20129565;"BIO RICH1 e"
14548;20115885;
14549;20134725;"SCO MISC ZIIN"
14550;20131347;"MTP5 CAMC"
14551;20135677;"MTP1 SCHO"
14552;20118277;"VIS CAST"
14553;20135481;"MTP 4 GAUN"
14554;20134774;"TRE BABB"
14555;20115688;
14556;20115733;
14557;20115736;
14558;20134271;"HUM PEAR"
14559;20134988;GHM3
14560;20134950;GHM5
14561;20136757;"REF3 COLL"
14562;20146590;"KTS1 H.03.055"
14563;20131005;"TOP PH.MAN"
14564;20143845;"VIS BRUS"
14565;20118002;
14566;20138995;"AES NATT"
14567;20134685;"SCO MISC TARU"
14568;20132995;"PHI KANT b BECK"
14569;20134307;"REF3 JAKI"
14570;20139440;"MTP2 MIRK"
14571;20135230;"AES MALL"
14572;20130977;"BIO BEET e"
14573;20135193;"AES PAYN"
14574;20135194;"AES PAYN"
14575;20129911;"BIO SCHU1 e"
14576;20135337;"AES NETT"
14577;20114834;
14578;20132081;"REC CD RAAI 1998"
14579;20114029;
14580;20117062;
14581;20117157;
14582;20130508;"PHI LAW a"
14583;20130514;"PHI MITC a"
14584;20135391;GEN16
14585;20135787;"TRE RISS"
14587;20134475;"MTP 2 PARR"
14588;20135141;"AES CONE"
14589;20112930;
14590;20129897;"BIO FELD e"
14591;20133606;"PHI BOBI a"
14592;20130158;"INS 11a"
14593;20131374;"MTP5 PARA"
14594;20135526;"MTP2 CRAE"
14595;20135416;"SCI DWYE"
14596;20134779;"TRE LEIB"
14598;20130899;"BIO VITR e"
14598;20130900;"BIO VITR e"
14599;20134957;GHM5
14600;20135534;"MTP2 HUMA"
14601;20135535;"MTP2 HUMA"
14602;20135538;"MTP2 HUMA"
14603;20135536;"MTP2 HUMA"
14603;20135537;"MTP2 HUMA"
14604;20134753;"TRE CAGE"
14605;2011237;
14606;20134494;"MTP2 THOM"
14607;20134729;"BIO CASE e"
14608;20116675;"SCI BESO"
14609;20133016;"PHI MOHA a"
14610;20133350;"PHI RYLE a"
14611;20133351;"PHI RYLE a"
14612;20133234;"PHI ARMO a"
14613;20132890;"PHI STEN a"
14614;20133036;"PHI RESC a"
14615;20135340;"AES METZ"
14616;20135242;"AES ZBIK"
14617;20135808;"TRE GARL"
14618;20135809;"TRE GROC"
14619;20116069;
14620;20129845;"BIO HAND d"
14621;20129852;"BIO SCHU2 e"
14622;20130690;"TOP BE.ANT 6"
14623;20115725;
14624;20135389;GEN13
14625;20115739;
14626;20133840;"PHI LYOT a"
14627;20113836;
14628;20114607;
14629;20146486;"KTS1 H.02.034"
14630;20114991;
14631;20116066;
14632;20134051;"MTP3 BORG"
14632;20134052;"MTP3 BORG"
14633;20132866;"PHI POPP a"
14634;20133176;"PHI ROSM a"
14635;20131288;"PHI KANT b MURA"
14636;20133701;"PHI GIDD a"
14637;20132453;"TOP FR.PAR 5"
14638;20132455;"TOP FR.PAR 5"
14639;20131124;"TOP BE.BRU1 7"
14640;20133364;"PHI WILS a"
14641;20135618;"MTP1 LIPP"
14642;20135175;"AES WILL"
14643;20135052;"AES KERM"
14644;20133356;"PHI RUSS a"
14645;20135532;"MTP2 HIRS"
14646;20131313;"LIT PAVI a"
14647;20130881;"TOP BE.FLA 7"
14648;20130880;"TOP BE.FLA 7"
14649;20135129;"AES PADD"
14650;20135071;"AES BROE"
14651;20130171;INS4.1a
14652;20134001;"PHI0 CRIT"
14653;20118030;
14654;20130976;"BIO HAND e"
14655;20134945;GHM4
14656;20134954;"GHM 5"
14657;20135124;"AES MCCL"
14658;20133933;"PHI SERR a"
14659;20129922;"BIO XENA a"
14661;20133576;"PHI BAUD a"
14662;20129627;"BIO CORE d"
14663;20134833;"TRE CARD"
14664;20129932;"BIO POUL a"
14664;20125780;"BIO POUL a"
14665;20146511;"KTS1 H.02.059"
14666;20146547;"KTS1 H.03.028"
14667;20135543;"MTP 2 MOLL"
14668;20135665;"TRE SCHE"
14668;20135664;"TRE SCHE"
14670;20135656;"MTP1 SALZ"
14672;20143695;"KTS1 H.07.015"
14673;20146515;"KTS1 H.02.063"
14675;20131215;"REF2 BOOT"
14675;20131214;"REF2 BOOT"
14676;20131964;"PHI SENN a"
14677;20135783;"TRE STAN"
14678;20135320;"AES JOHN1"
14679;20131320;"LIT BOWR a"
14680;20133099;"PHI ENGE a"
14681;20135004;"MTP 2 ROEL"
14682;20135323;"AES KIND"
14684;20135312;"AES HALL1"
14685;20117331;
14686;20134582;"SCO MISC BERR"
14687;20130215;"BIO BERL d"
14688;20129055;
14689;20134943;GHM4
14690;20135638;"MTP1 GRIE"
14691;20113726;
14692;20135121;"AES MAHN"
14693;20134826;"TRE ROSE"
14694;20133795;"PHI LEIB b RUSS"
14695;20133969;"PHI0 CONN"
14696;20131225;"REF2 COTT"
14697;20143839;"AES MESC"
14698;20146470;"KTS1 H.02.025"
14698;20116711;
14700;20132751;"PHI BRUZ a"
14701;20135437;"SCI RIOR"
14702;20130127;"KTS1 H.04.013"
14703;20133888;"PHI PEIR b GOUL"
14704;20133409;"PHI CHAR a"
14705;20113650;
14706;20133633;"PHI COLE a"
14707;20133826;"PHI LIND a"
14708;20134312;"AES VITA"
14709;20133073;"PHI ADOR a"
14710;20130646;"TOP AT.VIE 5"
14711;20132359;"SCI HEYM"
14712;20131372;"MTP5 PAUW"
14713;20132774;"PHI DEMU a"
14714;20136000;"SCI JENN"
14715;20115254;
14716;20117581;
14717;2011312;"VIS HOPK"
14718;20134831;"BIO PROK a"
14719;20134351;"REF3 VANM"
14719;20114445;Reserve
14720;20134348;"REF3 ROEL"
14720;20114451;
14720;20114452;
14721;20134350;"REF3 ROEL"
14721;20114453;Reserve
14721;20114454;Reserve
14722;20134347;"REF3 ROEL"
14722;20114449;Reserve
14722;20114450;Reserve
14723;20134349;"REF3 ROEL"
14726;20114446;Reserve
14726;20134346;"REF3 VANM"
14728;20114447;Reserve
14728;20134345;"REF3 VANM"
14729;20134338;"REF3 ROEL"
14733;20126007;"BIO PRIM d"
14734;20129868;"BIO RUDH d"
14735;20116651;"BIO STEI d"
14736;20130928;
14737;20116844;
14738;20143705;"KTS1 H.XX.XX"
14739;20133640;"AES DANT"
14740;20129854;"BIO MILH d"
14741;20135999;"TRE MILH"
14742;20136770;"LIT MICH a"
14744;20134365;"MTP3 ASSI"
14744;20134366;"MTP3 ASSI"
14745;20132915;"PHI CART a"
14746;20111588;"PER MK1"
14747;20115888;
14747;20139131;
14748;20115914;
14749;20135006;GHM7
14750;20132742;"SCI BRED"
14751;20115690;
14752;20114088;
14753;20129752;"BIO MILL a"
14754;20131208;"REF2 ANHO"
14755;20133580;"LIT BART b BURK"
14756;20130520;"PHI FOUC a"
14757;20134041;"LIT FUCH a"
14758;20130711;"TOP FR.SAR 6"
14759;20135055;"AES KORS"
14759;20138891;"AES KORS"
14760;20131557;"BIO VOST a"
14761;20135137;"AES SUBO"
14762;20134472;"MTP2 PIER"
14763;20135234;"AES OLIV"
14764;20131343;"MTP5 BOK"
14765;20114982;
14766;20130763;"TOP RU 5"
14767;20135299;"AES DAVI1"
14768;20130562;"PHI DELE b PATT"
14769;20132764;"PHI DELE b WILM"
14770;20115442;
14771;20115642;
14772;20132421;"PHI DELE b BUCH"
14773;20115525;
14774;20133648;"PHI DELE b ROME"
14775;20133649;"PHI DELE b PARR"
14776;20133568;"PHI DELE b BADI"
14777;20114980;
14778;20116436;
14779;20130515;"PHI DELE b BOGU"
14780;20113775;
14781;20115597;
14782;20130559;"PHI DELE b BADI"
14783;20134841;"TRE SCHN"
14784;20133334;"PHI NIER a"
14785;20135270;"AES VAND2"
14786;20136196;"TRE FLOT"
14787;20135686;"MTP1 UHDE"
14788;20133976;"PHI0 HUBS"
14789;20129931;"BIO SEVE d"
14790;20116847;
14791;20134888;"BIO DEBU e"
14792;20132781;"PHI DERR b GLEN"
14793;20130544;"PHI DERR b HURS"
14794;20132949;"PHI DESC b CASS"
14795;20132873;"PHI DESC b SPIN"
14796;20132946;"PHI DESC b WILL"
14797;20132948;"PHI DESC b JASP"
14798;20132932;"PHI DESC b CASS"
14799;20133490;"PHI KRIS a"
14800;20133435;"PHI HOOK a"
14801;20132966;"PHI DEUC a"
14802;20146477;"KTS1 H.02.028"
14803;20113889;
14804;20146592;"KTS1 H.03.057"
14805;20113697;
14806;20135138;"AES SUBO"
14807;20135188;"AES HARG"
14808;;
14809;20117981;
14810;20114252;
14811;20112420;
14812;20114255;
14813;20146582;"KTS1 H.03.054"
14814;20139110;"PHI BACH a"
14815;20133433;"PHI HORK a"
14816;20133038;"PHI RESC a"
14817;20133469;"PHI PLAT b KLEV"
14818;20132730;"PHI ADOR a"
14819;20114492;
14820;20133443;"PHI HUME a"
14821;20135456;"LIT BUTO a"
14822;20136411;"KTS1 C3.15 (14)"
14823;20146506;"KTS1 H.02.054"
14824;20129843;"BIO RAAI d"
14825;20129842;"BIO RAAI d"
14826;20134056;REF1
14827;20134055;REF1
14828;20114201;
14829;20130681;"GHM 7"
14830;20131314;"LIT PAVI a"
14831;20143759;"KTS1 H.09.005"
14832;20137749;"KTS1 C1.50 04G12"
14832;20130943;"KTS1 H.01.027"
14833;20131074;INS1a
14834;20130893;INS1a
14835;20133096;"PHI DIDE b POME"
14836;20112000;
14837;20134677;"GHM 5"
14838;20114145;
14839;20143870;"AES HOUB"
14840;20133467;"PHI KOND a"
14841;20139105;"AES HIND"
14842;2013252;"BIO BEET e"
14843;20132812;"PHI KANT b BIEM"
14844;20133528;"PHI SEEB a"
14845;2013135;"KTS1 H.04.033"
14846;20133838;"AES LUKA"
14846;20133837;"AES LUKA"
14848;20130414;"GHM 5"
14849;20133115;"PHI HEID b FISC"
14850;20130249;"BIO QUAN e"
14850;20130248;"BIO QUAN e"
14852;20133684;"PHI GREB a"
14853;20132859;"PHI POGG a"
14854;20133500;"PHI NIET a"
14855;20131625;"PHI NIET a"
14857;20130493;
14857;20130494;
14857;20130495;
14857;20130496;
14861;20133982;"PHI0 ASTE"
14862;20135687;"MTP1 TOCH"
14863;20134937;GHM4
14864;20133299;"PHI HOFF a"
14865;20136429;"BIO MOZA1 e"
14866;20130959;"KTS1 H.01.015"
14867;20130592;"TOP DE 3"
14868;20135300;"AES DAHL"
14869;20133460;"PHI HUSS a"
14870;20135499;"MTP 4 SCHW"
14871;20129936;"BIO PALE e"
14874;20131340;"MTP5 BRIX"
14875;20133748;"PHI HUSS b ELEY"
14876;20133456;"PHI HUSS a"
14877;20134913;"AES SCHI"
14878;20130926;"KTS1 H.07.023"
14879;20116256;"KTS1 H.02.014"
14880;;
14881;20130949;"KTS1 H.07.025"
14882;20133789;"PHI LASK a"
14883;20133172;"PHI NATO a"
14884;20129907;"BIO MACH e"
14885;20145746;"SCO MISC STAE"
14886;20133629;"PHI CRAM a"
14887;20116838;
14888;20115247;"BIO JOHA e"
14889;20132908;"PHI ADOR a"
14890;20132902;"PHI ADOR a"
14891;20130680;GHM5
14892;20130750;"MTP1 DAHL"
14893;20134994;"GHM 7"
14894;20116411;
14895;20131086;"TOP DE.MAI 5"
14895;20120056;"TOP DE.MAI 5"
14896;20125990;"INS3.3c BREI"
14897;20135176;"AES WIOR"
14898;20115307;
14899;20115305;
14900;20127543;"BIO PAIS e"
14900;20131377;"MTP5 PARA"
14900;20131378;"MTP5 PARA"
14901;20133240;"PHI CASS a"
14901;20133241;"PHI CASS a"
14903;20133995;"PHI0 ASTE"
14904;20115747;
14905;20133983;"PHI0 BECH"
14906;20133503;"PHI NOAC a"
14907;20133415;"PHI CASS b PAET"
14908;20134941;GHM4
14909;20133832;"PHI FREU a"
14910;20133637;"PHI DEKK a"
14911;20133095;"PHI ARIS b WEHR"
14912;20133235;"PHI ARIS b WEHR"
14913;20133175;"PHI NATO a"
14914;20135663;"MTP1 STRA"
14915;20129603;"BIO SCHU5 e"
14916;20134905;"TRE ZEND"
14917;20133294;"PHI SLOT a"
14919;20111351;"TOP DE.COL 7"
14920;20133505;"PHI NIET b IBSC"
14921;20133188;"PHI ROTH a"
14922;20129755;"BIO SCHN4 d"
14923;20133398;"PHI CASS b KNOP"
14924;20115052;
14925;20134942;"TOP FR 4"
14926;20132919;"PHI CARL a"
14927;20129753;"BIO MOZA1 d"
14928;20133041;"PHI REID a"
14929;20127584;"TOP BE.BRU2 3"
14929;20130772;"TOP BE.BRU2 3"
14930;20136425;"LIT WAGN a"
14931;20136430;"BIO MOZA1 e"
14932;20134008;"PHI0 BOCH"
14933;20135556;"PHI DELE a"
14934;20114567;
14935;20133841;"PHI LYOT a"
14936;20135287;"AES CAVA"
14937;20135277;"AES BODE"
14938;20116112;
14939;20133495;"PHI NIET b BISH"
14940;20135067;"AES COBU"
14941;20131334;"MTP5 BERE"
14942;20144212;"TOP FR 3"
14943;20130541;"PHI FOUC a"
14944;20137477;INS2c
14945;20135163;"AES BERG1"
14946;20132941;"PHI DESC a"
14947;20133863;"PHI ORTI a"
14948;20133842;"PHI LYOT a"
14949;20146608;"KTS1 H.04.043"
14950;20131266;"KTS1 C3.15 (7)"
14951;20135578;"MTP1 APFE"
14952;20133044;"PHI RANC a"
14953;20132903;"PHI ADOR a"
14954;20129832;"BIO SCHU1 e"
14955;20133601;"PHI BOUR a"
14956;20112328;
14957;20112322;
14958;20135522;"MTP2 CLAR"
14959;20146500;"KTS1 H.02.048"
14960;20143719;"KTS1 H.07.022"
14961;;
14962;20129835;"BIO KOUR b"
14963;20135463;"MTP 4 FORR"
14964;20134016;"LIT MANN a"
14965;20129624;"BIO BART b"
14966;20131080;"TOP IT.FER 4"
14967;20143589;"KTS1 H.06.036"
14967;20143590;"KTS1 H.06.037"
14969;20132858;"PHI POCK a"
14970;20131134;"REF2 HART"
14971;20131188;"REF2 SILV"
14972;20130502;
14973;20134978;GHM7
14973;20134977;GHM7
14975;20127542;"INS6.1d AVEN"
14975;20131341;"MTP5 BRAG"
14976;20117842;
14977;20111555;"PER MK1"
14978;20143754;"REC CD GARD 1995"
14979;20113625;"SCO MOZA1"
14980;20130149;
14981;20115354;
14982;20115144;
14983;20113996;
14984;20126016;"BIO MESS e"
14985;20136419;"KTS1 C3.15 (19)"
14986;20131029;INS6.9a
14987;20116842;
14988;20131309;"LIT LILJ a"
14989;20146585;"KTS1 H.03.051"
14990;20132851;"PHI PLAT b PUCH"
14991;20143982;"KTS1 H.10.023"
14992;20134398;"MTP3 CRIS"
14993;20129807;"BIO YOUN d"
14994;20113995;
14995;20135525;"MTP 2 CHOR"
14996;20115684;"REC CD BULL"
14997;20118280;
14998;20139098;"TRE BELL"
14999;20132854;"PHI PLAT b JASP"
15000;20130364;"INS3.1a NL.ZUT"
15001;20130451;
15002;20113986;
15003;20135338;"AES NAYE"
15004;20133195;"PHI VISS a"
15005;20115726;
15006;20113485;
15007;20115438;
15008;20129652;"BIO DUFA d"
15009;20129671;"BIO DUFA e"
15010;20132784;"PHI HAN a"
15011;20115015;
15012;20133963;"PHI SLOT a"
15013;20129665;"BIO DUNS d"
15014;20134852;"TRE HUBE"
15015;20113890;
15016;20146612;"KTS1 H.04.047"
15017;20132771;"PHI BENJ b DECA"
15018;20135633;"MTP1 ASSI"
15018;20131533;"MTP1 ASSI"
15019;20131110;"TOP DE 7"
15020;20134711;"SCO MISC TISC"
15021;20134710;"SCO MISC TISC"
15022;20134709;"SCO MISC TISC"
15023;20134916;"GHM 0"
15024;20134728;"SCO MISC WOOL"
15024;20134521;"SCO MISC HUGH"
15026;20130659;"INS3.1a GB"
15027;20133993;"PHI0 BECK"
15028;20130771;"MTP 2 STEV"
15032;20129152;"PER EM2"
15042;20120385;"MTP2 PHIL"
15042;20134474;"MTP2 PHIL"
15043;20135488;"MTP4 FRIE"
15044;20131330;"LIT WEST a"
15045;2011597;"VIS STAF"
15046;20131373;"MTP5 PAUW"
15047;20133636;"PHI COHE b PHIL"
15048;20130876;"TOP AT.VIE 7"
15049;20146544;"KTS1 H.03.025"
15050;20133675;"PHI GIBS a"
15051;20133618;"PHI CITT a"
15052;20115718;
15053;20135464;"MTP 4 DUPI"
15054;20134827;"TRE NONO"
15055;20135746;"TRE MAGR"
15056;20134780;"TRE LACH"
15057;20134747;"TRE FELD"
15058;20132750;"PHI DESC b BRUN"
15059;20132248;"PHI GUAT a"
15060;20135775;"TRE SHAW"
15061;20135739;"TRE KLEE"
15062;20139111;"MTP1 LEVY"
15063;20135595;"MTP1 DELE"
15064;20133934;"PHI SERR a"
15065;20111530;"PER MK1"
15066;20130019;"BIO TINE d"
15067;20113857;
15068;20113858;
15069;20113859;
15070;20133733;"PHI HUSS a"
15071;20130250;"BIO HANS e"
15072;20129074;"BIO HANS e"
15073;20130126;"KTS1 H.04.018"
15074;20118261;
15075;20115898;
15076;20143595;"KTS1 H.06.042"
15076;20143721;"KTS1 H.07.024"
15077;20133391;"PHI AUGU a"
15078;20133468;"PHI KLUK a"
15079;20133217;"PHI ARIS a"
15080;20130716;"TOP NL 6"
15081;20137603;"HUM HOBS"
15082;20117616;
15083;20116695;
15084;20144567;"INS3.3d BADU"
15085;20117118;
15086;20130971;INS3.1b
15087;20133269;"PHI EUCK a"
15088;20133477;"PHI KUTS a"
15089;20133834;"PHI LYON a"
15090;20132885;"PHI STER a"
15091;20113706;
15092;20132909;"PHI ADOR a"
15093;20130631;"TOP ES.CAT"
15094;20130630;"TOP ES.CAS"
15095;20131221;"REF2 CLAR"
15096;20135041;"AES GOEH"
15096;20135204;"AES GOEH"
15098;20135508;"SCI HEIL"
15099;;"GEN 21"
15100;20135405;"SCI BODA"
15101;20135374;"GEN 21"
15102;20135447;"SCI THOM"
15103;20115520;
15104;20135377;GEN21
15105;20134971;GHM7
15106;20134674;"TRE BLAN"
15107;20133823;"PHI LORE a"
15108;20146476;"KTS1 H.02.030"
15109;20146528;"KTS1 H.03.016"
15110;20135362;"AES LALO"
15111;20133828;"PHI LIDO a"
15112;2011633;"MTP1 DARC"
15113;20135743;"TRE LOUL"
15114;20135394;"SCI BOES"
15115;20129819;"BIO ELIO e"
15116;20116888;
15117;20129670;"BIO CART a"
15118;20130626;"SCO MISC ANON"
15119;20114612;
15120;20134480;"MTP 2 MCCA"
15121;20135397;"SCI ROSC"
15122;20135227;"AES LEMA"
15123;20131965;"PHI KROI a"
15124;20133957;"PHI SEVE a"
15125;20135399;"SCI GOLD"
15126;20115920;
15127;20115732;
15128;20130121;"KTS1 H.04.015"
15129;20133807;"PHI LEVI b BLEI"
15130;20129839;"BIO NUNE b"
15131;20129760;"BIO NUNE d"
15132;20135994;"TRE NUNE"
15133;20135111;"AES MEYE"
15134;20133267;"PHI EVAN a"
15135;20114223;
15136;20135717;"MTP3 CLAR"
15137;20136101;"TRE BROO"
15138;20133393;"PHI AUGU a"
15139;20130674;"BIO PART e"
15140;20130531;"AES CULL"
15141;20134068;REF1
15141;20134069;REF1
15141;20134066;REF1
15141;20134067;REF1
15145;20130467;INS3.3a
15146;20132831;"PHI MACE a"
15147;20133994;"PHI0 BANN"
15148;20112449;"VIS BELT"
15149;20135271;"AES SEUB"
15150;20129169;"MTP 2 HAYN"
15150;20134502;"MTP 2 HAYN"
15151;20131327;"LIT MULD a"
15152;20133370;"PHI WELL a"
15153;20129628;"BIO ANTH a"
15154;20129848;"BIO MACH e"
15155;20130995;"TOP GB 4"
15156;20130903;"TOP GB 0"
15157;20130778;"INS3.1a NL"
15158;20130369;
15159;20133677;"PHI GAY a"
15160;20133680;"PHI GAY a"
15161;20133445;"PHI HUME a"
15162;20116891;
15164;20112390;
15165;20129866;"INS3.3c SCAR"
15166;20144521;"TOP WM 0"
15167;20116714;
15168;20117384;
15169;20133025;"PHI PRIG a"
15170;20133506;"PHI NIET b CRAG"
15171;20135504;"GHM 8"
15172;20136100;"TRE BUSO"
15173;20143587;"KTS1 H.06.027"
15174;20133411;"PHI CETI a"
15176;20133991;"PHI0 BLAN"
15177;20132252;"PHI MALA a"
15178;20133457;"PHI HUSS a"
15179;20112225;
15180;20133117;"PHI HIEID b SCHN"
15181;20111578;"PER MK1"
15182;20133251;"PHI CASS a"
15184;20132928;"PHI CASS a"
15184;20132930;"PHI CASS a"
15184;20132929;"PHI CASS a"
15186;20133719;"PHI HABE a"
15187;20133094;"PHI DILT a"
15188;20143706;"KTS1 H.11.map.006"
15189;20115734;
15190;20130229;"BIO VAND3 b"
15190;20143814;"KTS1 H.07.035"
15191;20129798;"BIO VAND3 e"
15192;20133404;"PHI CASS b SEID"
15192;20133248;"PHI SEID b CASS"
15193;20133397;"PHI CASS b GRAE"
15194;20133413;"PHI CASS b SCHI"
15195;20133254;"PHI CASS a"
15196;20133402;"PHI CASS b ITZK"
15197;20133414;"PHI CASS b ITZK"
15198;20134877;"BIO CASS d"
15199;20133401;"PHI CASS b PAET"
15200;20111549;"PER MK1"
15201;20134810;"TRE RAME"
15202;20133396;"PHI CASS b GOLL"
15203;20132809;"PHI KANT a"
15204;20127446;"AES OTTO"
15204;20135302;"AES OTTO"
15205;20116437;
15206;20131317;"LIT GAMP a"
15207;;
15208;20131319;"LIT GAMP a"
15209;20114468;
15210;20133301;"PHI HOEV b BEER"
15211;20133522;"PHI SART a"
15212;20133856;"PHI NOGU a"
15213;20115858;"INS3.3c CHOP"
15213;20139096;"INS3.3c CHOP"
15214;20131081;INS4b
15215;20143718;"KTS1 H.07.021"
15216;20143758;"KTS1 H.09.004"
15217;20133160;"PHI MONT b LANS"
15218;20143597;"KTS1 H.06.044"
15219;20133403;"PHI CASS b PARE"
15220;20133940;"PHI SEAI a"
15221;20112478;
15222;20143606;"KTS1 H.06.049"
15223;20146670;"KTS1 H.06.019"
15223;20146671;"KTS1 H.06.020"
15225;20133824;"PHI LOCK a"
15225;20133831;"PHI LOCK a"
15226;20133238;"PHI CASS a"
15227;20136176;"TRE AVIS"
15228;20134676;"TRE MUFF"
15229;20133569;"PHI BACO a"
15229;20133570;"PHI BACO a"
15231;20134851;"TRE IVES"
15232;20135689;"MTP1 TOVE"
15233;20133665;"PHI FREG b KLEM"
15234;20133354;"PHI RUSS a"
15235;20133071;"AES ADOR"
15236;20132824;"PHI MANN a"
15237;20134785;"TRE KAND"
15238;20130684;"INS3.3d BART"
15239;20114077;"VIS SCHU"
15240;20135301;"AES DAHL"
15241;20132960;"PHI HEGE a"
15242;20135321;"AES JIME"
15243;20133226;"AES SVOB"
15244;20132955;"PHI HEGE b TEYS"
15245;20143603;"KTS1 H.06.046"
15246;20133958;"PHI SERR a"
15247;20114832;
15248;20131010;"TOP HU.ESZ"
15249;20135734;"TRE HOFF"
15250;20133220;"PHI ARIS a"
15251;20133158;"PHI MOOR a"
15252;20133992;"PHI0 BLAC"
15253;20113788;
15254;20133567;"PHI BADI a"
15255;20133615;"PHI COFF a"
15256;20131234;"AES KUNS"
15257;20125993;"TOP JP"
15258;20132843;"PHI MARC a"
15259;20133566;"PHI BADI a"
15261;20127179;"BIO VERD1 d"
15261;20128587;"BIO VERD1 d"
15262;20112430;
15263;20133146;"PHI KANT b WOLF"
15264;20116834;
15265;2013141;
15266;20134927;GHM3
15267;20131047;"TOP CH.SAN 3"
15268;20143610;"KTS1 H.06.053"
15269;20135583;"MTP1 BARB"
15270;20116519;"BIO YSAY d"
15270;20116520;"BIO YSAY d"
15272;20133989;"PHI0 BOCH"
15273;20135466;"MTP4 DEBA"
15274;20132800;"PHI HAZA a"
15275;20131024;"SCO CAMP"
15276;20131181;"REF2 VANO"
15277;20134374;"MTP3 CAMP"
15277;20143676;"MTP3 CAMP"
15278;20130433;"TOP NL.HOO2"
15279;20143981;"REC AV BAYL 2011"
15280;20143844;"PHI JANE"
15281;20133200;"PHI VAND a"
15283;20143604;"KTS1 H.06.047"
15284;20146478;"KTS1 H.02.029"
15285;20143761;"KTS1 H.09.007"
15286;20133213;"PHI WAEL a"
15287;20133211;"PHI WAHL a"
15288;20133271;"PHI FLYN a"
15289;20130710;"TOP FR 5"
15290;20133189;"PHI ROTE a"
15291;20132952;"PHI DEWE a"
15292;20135533;"MTP 2 HYTO"
15293;20134364;"MTP3 ASSI"
15294;20135715;"MTP3 COES"
15295;2011193;
15296;20114958;
15297;20114959;
15298;20114960;
15299;20130618;"GHM 7"
15299;20130619;"GHM 7"
15300;20135467;"MTP4 DENN"
15301;20130738;GHM7
15302;20139451;"PHI IHDE a"
15303;20134438;"MTP3 SCHW"
15304;20135973;"TOP US.NEW1"
15305;20134969;"GHM 7"
15306;20135985;"VIS VENN"
15307;20134353;"VIS OBRI"
15308;20133363;"PHI WIND a"
15309;20130536;"LIT GAMP a"
15310;20131312;"LIT SCHN a"
15311;20131053;"REF4 MEYE"
15312;20133663;"PHI FREN a"
15313;20135250;"AES SLOB"
15314;20134987;"GHM 7"
15315;20144485;"TOP GB.HUD"
15316;20117980;
15317;20133939;"PHI SEAR a"
15318;20135189;"AES BERT"
15319;20133086;"AES VIEI"
15320;20134452;"MTP2 FABI"
15321;20120393;"INS3.3d VAES"
15321;20120394;"INS3.3d VAES"
15321;20131404;"MTP5 VAES"
15321;20131405;"MTP5 VAES"
15323;20115366;
15324;20114166;
15325;20134639;"SCO NONO"
15326;20135619;"MTP1 MAHN"
15327;20135501;"MTP 4 SCHI"
15327;20135500;"MTP 4 SCHI"
15327;20135494;"MTP 4 SCHI"
15328;20139104;"PHI KLEI a"
15329;20134323;"REF3 GRAE"
15330;20115814;
15331;20133345;"PHI NIET a"
15332;20135736;"TRE HOFF"
15333;20135735;"TRE HOFF"
15334;20133258;"PHI FEYE a"
15335;20135102;"AES BERN"
15336;20116676;"TOP FR.PAR 5"
15337;20116880;
15338;20130139;"KTS1 H.04.030"
15339;20132746;"PHI BROU a"
15340;20111536;"PER MK1"
15341;20135343;"AES MCCL"
15342;20133006;"PHI MERL b BAUD"
15343;20132958;"PHI HEGE a"
15344;20133476;"PHI KWAN a"
15345;20133007;"PHI MERL b KWAN"
15346;20115910;
15347;20115907;
15348;20115905;
15349;20115906;
15350;20115912;
15351;20115709;
15352;20131055;"REF4 SEAY"
15353;20133915;"PHI NATO b SCHUL"
15354;20146495;"KTS1 H.02.043"
15355;20131021;INS4.1a
15356;20130083;"KTS1 H.04.007"
15357;20136428;"LIT SONN a"
15358;20131381;"MTP5 NILS"
15359;20134595;"SCO MISC CURT"
15360;20117146;
15360;20118179;
15361;20133758;"PHI HYPP a"
15362;20133988;"PHI0 HYPP"
15363;20112393;
15364;20131026;
15365;20131027;
15366;20111383;
15367;20135342;"AES MOL"
15368;20113109;
15369;20135088;"AES BAUM"
15370;20133858;"PHI PARR a"
15371;20113077;
15372;20133122;"PHI HEIN a"
15373;20133912;"PHI SCHE a"
15374;20133069;"AES ADOR"
15375;20133526;"PHI SCHE a"
15376;20133112;"PHI HEID b NIER"
15377;20132759;"PHI BURK a"
15378;20133026;"PHI PRIG a"
15379;20118028;
15380;20139444;"AES KIVY"
15381;20135329;"AES KAUF"
15382;;
15383;20145753;"SCO MISC DITT"
15383;20145752;"SCO MISC DITT"
15385;20133318;"PHI KANT b PENE"
15386;20135695;"MTP1 CRAA"
15387;20134608;"SCO MISC EVER"
15388;20134549;"SCO MISC LEFF"
15389;20131052;"REF4 SWAN"
15390;20135680;"MTP1 SCHE"
15391;20133947;"PHI SERR a"
15393;20112419;
15394;20115717;
15395;20130879;"TOP BE.FLA 7"
15396;20130882;"TOP BE.FLA 7"
15397;20130884;"TOP BE.FLA 7"
15398;20130885;"TOP BE.FLA 7"
15399;20130883;"TOP BE.FLA 7"
15400;20136421;"LIT WAGN a"
15404;20118006;
15405;20130190;"INS6.2d SCHM"
15406;20131177;"REF2 WATE"
15407;20130927;"KTS1 H.01.029_01"
15407;20143720;"KTS1 H.01.029_02"
15409;20134077;"MTP5 DEFL"
15410;20132768;"PHI DELE b RUF"
15411;20130165;INS6.1c
15411;20130166;INS6.1c
15411;20130167;INS6.1c
15414;20135001;GHM7
15415;20112432;
15416;20133090;"PHI DOND a"
15417;20118252;"VIS BAER"
15418;20129729;"BIO BART e"
15419;20133004;"PHI MEYE a"
15420;20136177;"TRE ANSE"
15421;20135652;"MTP1 REGO"
15424;20134846;"TRE XENA"
15425;20134497;"MTP 2 STEI"
15426;20134191;"MTP1 DIER"
15427;20134493;"MTP 2 WIEL"
15428;20134417;"MTP1 OESC"
15429;20134362;"MTP3 BAET"
15430;20113800;
15431;20133420;"PHI FOUC b GUTT"
15432;20130548;"PHI FOUC b WEBB"
15433;20133465;"PHI KRAF a"
15434;20133427;"PHI FREG a"
15435;20135120;"AES MAHN"
15436;20135991;"TRE DAHL"
15437;20131135;"REF2 GRIX"
15438;20136339;"PHI PEIR b GRIF"
15439;20132947;"PHI DESC b DEZS"
15440;20117179;
15441;20130609;"TOP US 7"
15442;20134519;"SCO S JOHN"
15443;20134692;"SCO MISC STAB"
15443;20130987;"SCO MISC STAB"
15445;20114622;
15445;20114623;
15447;20113540;"PHI BACO b DELE"
15448;20129944;"BIO CORR e"
15449;20113687;
15450;20129776;"BIO POUL a"
15451;20111552;"PER MK1"
15452;20113928;
15453;20123109;"BIO FETI e"
15453;20115932;"BIO FETI e"
15454;20130100;"BIO FETI d"
15455;20129942;"BIO FETI d"
15455;20114601;"BIO FETI d"
15456;20130094;"BIO GOSS d"
15458;20135732;"TRE COLO"
15459;20112394;
15460;20146492;"KTS1 H.02.041"
15461;20131399;"MTP5 VANL"
15461;20131400;"MTP5 VANL"
15462;20111534;"PER MK1"
15463;20112408;
15464;20115710;
15465;;"PER MK1"
15467;20129600;"BIO SCHU1 b"
15467;20129601;"BIO SCHU1 b"
15468;20129606;"BIO SCHU1 e"
15469;20118000;
15470;20111586;"PER MK1"
15471;20130095;"BIO SCHU1 e"
15472;20131161;"REF2 OCED"
15473;20130532;"BIO CHOP e"
15474;20111620;
15475;20133770;"PHI JAME b BUCH"
15476;20115911;
15477;20131549;"TRE SCHE"
15477;20131550;"TRE SCHE"
15477;20135681;"MTP1 SCHE"
15477;20135682;"MTP1 SCHE"
15478;20132880;"PHI STRA a"
15479;20114460;
15480;20112374;
15481;20133897;"PHI PINK a"
15482;20133666;"PHI FREG b KENN"
15483;20133423;"PHI FREG b DUMM"
15484;20133424;"PHI FREG b DUMM"
15485;20132925;"PHI CASS a"
15486;20130649;"BIB4 GB.LON"
15487;20130991;"TOP FR 5"
15488;20131357;"MTP5 HASS"
15489;20130701;"TOP FR 4"
15490;20130874;"TOP FR 5"
15491;20134623;"SCO MISC APEL"
15491;20134587;"SCO MISC APEL"
15491;20134586;"SCO MISC APEL"
15494;20134585;"SCO MISC APEL"
15495;20134356;GEN2
15496;20133662;"PHI FREU b WOLL"
15497;20130237;"BIO MALF e"
15498;20130919;"BIO NIET d"
15499;20133507;"PHI NIET b HONG"
15500;20135023;"GHM 7"
15501;20131306;"LIT AUSL a"
15502;20133024;"PHI QUIN a"
15503;20115522;
15504;20135038;"AES ETTE"
15505;20112325;
15506;20130586;"TOP GB 3"
15507;20135361;"AES SOLO"
15508;20135475;"MTP 4 ALTE"
15509;20135417;"SCI GRAM"
15510;20139442;"MTP5 KRAU"
15511;20115340;
15512;20134388;"MTP3 FROH"
15513;20134807;"TRE ROSE"
15514;20126717;"TOP IT 4"
15515;20135144;"AES BOEH"
15516;20131049;"BIB4 BE.BRU1"
15517;20111553;"PER MK1"
15518;20117405;
15519;20115341;
15520;20135992;"TRE PAUL"
15522;20133102;"PHI EAGL a"
15523;20133686;"PHI GRAH a"
15524;20135407;"SCI BENA"
15525;20134863;"TRE SCHO"
15526;20126036;"BIB2 AMBR"
15527;20130118;"KTS1 H.04.021"
15528;20133664;"PHI FREG a"
15529;20133470;"PHI KIER a"
15530;20129658;"TRE FURT"
15532;20117860;"PHI KOSE a"
15533;20115029;
15534;20135418;"SCI HAPP"
15535;20133669;"PHI GADA b GRON"
15536;20134034;"LIT VERL a"
15537;20133667;"PHI GALI b FINO"
15538;20111622;
15539;20135602;"MTP1 EMER"
15540;20146502;"KTS1 H.02.050"
15541;20135702;"MTP1 AUDA"
15542;20130975;"TOP BE.GHE 5"
15543;20134815;"BIO LACH a"
15543;20143623;"BIO NONO a"
15544;20129648;"BIO FERE d"
15545;20129786;"BIO EAST d"
15546;20135282;"AES BOEH1"
15547;20131125;"TOP NL.LEI 7"
15548;20115226;
15549;20115225;
15551;20110117;
15551;20134076;"MTP5 CRAE"
15551;20134075;"MTP5 CRAE"
15552;;
15553;20130179;"INS3.2c FRIS"
15554;20128305;"REF4 SCHE"
15554;20131059;"REF4 SCHE"
15555;20117439;
15556;20135112;"AES KRUI"
15557;20133572;"PHI BERG a"
15558;20133151;"PHI KANT B NEUM"
15559;20134269;"HUM YATE"
15560;20133538;"PHI YURA a"
15561;20116557;
15562;20116438;
15563;20120965;"BIB4 NL.LEI"
15563;20111489;Reserve
15563;20115092;Reserve
15563;20134192;"BIB4 NL.LEI"
15564;20135460;"AES HUVE"
15565;20110408;"BIO BART d"
15565;20129650;"BIO BART d"
15566;20130688;"Glass cabinet"
15566;20130689;"Glass cabinet"
15568;20135615;"MTP1 LEWI"
15569;20114565;
15570;20132837;"PHI MAUS a"
15571;20135249;"AES SLOB"
15572;20139448;"MTP1 LERD"
15573;20133273;"PHI FLEC a"
15574;20146571;"KTS1 H.03.49"
15575;20133872;"PHI PASC b BRUN"
15576;20132762;"LIT BUTO a"
15577;20129822;"LIT CHAT b MOUR"
15578;20135246;"AES STEP"
15581;20143723;"KTS1 H.08.009"
15581;20143724;"KTS1 H.08.010"
15581;20143725;"KTS1 H.08.011"
15581;20143726;"KTS1 H.08.012"
15581;20143727;"KTS1 H.08.013"
15581;20143728;"KTS1 H.08.014"
15581;20143729;"KTS1 H.08.015"
15581;20143730;"KTS1 H.08.016"
15587;20139085;"SCI TOUS"
15588;20129917;"BIO GERS a"
15589;20129793;"BIO LEBL d"
15590;20112341;
15591;20133062;"PHI VAND a"
15592;20131361;"MTP5 MUTT"
15593;20130453;"INS3.1e NL.VOR"
15594;20130449;"INS3.1e NL.STO"
15595;20112416;
15596;20132249;"TOP DE 5"
15598;20133926;"PHI SCHU a"
15599;20129687;"TRE DAHL"
15600;20129696;"TRE DAHL"
15601;20129695;"TRE DAHL"
15602;20129694;"TRE DAHL"
15603;20129693;"TRE DAHL"
15604;20129692;"TRE DAHL"
15605;20129691;"TRE DAHL"
15606;20129690;"TRE DAHL"
15607;20129689;"TRE DAHL"
15608;20129688;"TRE DAHL"
15609;20134778;"TRE LIGE"
15609;20134777;"TRE LIGE"
15611;20129686;"TRE DAHL"
15612;20131787;"PHI HEID a"
15613;20115390;
15614;;
15615;20130189;"INS6.2d SCHM"
15616;20130356;"INS4.4d LUST"
15617;20135584;"MTP1 MULL"
15618;20130633;"GEN 2"
15618;20130634;"GEN 2"
15620;20134934;"GHM 3"
15621;20146661;KTS1.H.06.011
15622;20135309;"AES FUBI"
15630;20130749;GHM7
15631;20134968;"GHM 7"
15632;20130662;"GHM 7"
15633;20134967;"GHM 7"
15634;20134703;"SCO MISC SCHE8"
15635;20135713;"MTP1 GESC"
15636;20135714;"MTP1 GESC"
15637;20135703;"MTP1 GESC"
15638;20135704;"MTP1 GESC"
15639;20135705;"MTP1 GESC"
15640;20135706;"MTP1 GESC"
15641;20135707;"MTP1 GESC"
15642;20135708;"MTP1 GESC"
15643;20135709;"MTP1 GESC"
15644;20135710;"MTP1 GESC"
15645;20125693;"TOP DE 4"
15645;20135711;"MTP1 GESC"
15646;20135712;"MTP1 GESC"
15647;20114718;
15648;20133978;"PHI0 HOFF"
15649;20133972;"PHI0 MESS"
15650;20133974;"PHI0 MESS"
15651;20132982;"PHI KANT b BAUC"
15652;20133973;"PHI0 MESS"
15653;20131264;"KTS1 C3.15 (6)"
15654;20130354;INS3.3a
15655;20132815;"PHI KANT a"
15656;20130758;INS2a
15657;20134881;"VIS ECO"
15660;20130615;"TOP RU 6"
15661;20134882;"VIS ECO"
15662;20130670;GHM0
15663;20133987;"PHI0 KLUK"
15664;20130859;"INS3.1e NL.URK"
15664;20130853;"INS3.1e NL.URK"
15665;20130421;"INS3.1e NL.BRE"
15666;20118029;
15667;20130357;GHM5
15668;20138967;"BIO ANDR a"
15669;20131168;"REF2 WILL"
15670;20131155;"REF2 PETE"
15671;20133390;"PHI AUGU a"
15672;20133626;"PHI CIOR a"
15673;20111084;"VIS HALB"
15674;20134333;"REF3 KRAU"
15674;20134334;"REF3 KRAU"
15675;20113529;
15676;20115600;
15677;20115601;
15678;20132766;"PHI DELE b COLE"
15679;20113984;
15680;20115449;
15681;20132765;"PHI DELE b DIAZ"
15682;20129923;"BIO ROSS2 d"
15683;20111594;"PER MK1"
15684;20127202;"BIO KAPS d"
15684;20134078;"MTP5 DRAG"
15685;20133820;"PHI LEIB b HOLZ"
15686;20111533;"PER MK1"
15687;20134755;"TRE FELD"
15688;20113875;
15689;20112435;
15690;20129872;"BIO GOUL d"
15691;20115883;
15692;20116701;
15693;20134762;"TRE GOUL"
15695;20129828;"BIO GOUL e"
15696;20132892;"PHI STEG a"
15697;20131362;"MTP5 MUNO"
15697;20131363;"MTP5 MUNO"
15698;20135348;"AES RAMN"
15699;20130082;"KTS1 H.10.016"
15700;20133808;"PHI LEVI a"
15701;20112402;
15702;20133298;"PHI HOFS a"
15703;20133297;"PHI HOFS a"
15704;20129821;"BIO GOET e"
15705;20112618;
15706;20113879;
15707;20129820;"BIO GOET e"
15708;20134878;"BIO GOET e"
15709;20136423;"LIT WAGN a"
15710;20112398;
15711;20130218;"BIO GOSS d"
15712;20111565;"PER MK1"
15713;20129859;"BIO KOEN e"
15714;20115707;
15715;20134327;"REF3 DETE"
15716;20130955;"KTS1 H.01.020"
15717;20134414;"BIO MACH e"
15718;20131041;"BIO SAIN b"
15719;20130405;"INS3.1e FR.SAI"
15720;20115521;
15721;20116886;
15722;20116885;
15723;;"PHI BERG b"
15724;20113987;
15725;20115183;
15726;20130380;"INS3.1e NL.GRA"
15726;20130848;"INS3.1e NL.GRA"
15727;20126020;"INS3.3d MACH"
15728;20134488;"MTP 2 GRIN"
15729;20125985;"INS3.3d COOK"
15730;20113861;
15731;20130641;"GHM 6"
15732;20139102;"MTP1 BARK"
15733;20139101;"MTP2 BARK"
15734;20130616;"TOP GR 2"
15735;20126003;GEN2
15736;20126004;GEN2
15737;20131408;"MTP5 VANT"
15738;20130860;"INS3.1a NL.FRI"
15739;20130125;"KTS1 H.04.014"
15740;20132863;"PHI POPP a"
15741;20130652;"TRE DOUW"
15743;20125984;"INS6.2c QUAN"
15743;20114120;
15744;20133426;"PHI FREG a"
15745;20132808;"PHI KANT a"
15746;;
15748;20124656;"TRE MATT"
15748;20134678;"TRE MATT"
15749;20125159;"TRE MATT"
15749;20135798;"TRE MATT"
15750;20130168;INS3.3a
15751;20146517;"KTS1 H.02.065"
15751;20146518;"KTS1 H.02.066"
15753;20124657;"INS4.1c MOZA"
15755;20132811;"PHI KANT b KLAU"
15756;20133249;"PHI CASS a"
15757;20131301;"PHI0 SPEC"
15757;20131300;"PHI0 SPEC"
15757;20131299;"PHI0 SPEC"
15760;20146512;"KTS1 H.02.060"
15761;20110422;
15765;20116528;
15765;20116537;
15766;20115547;"PER GM1"
15766;20115550;"PER GM1"
15766;20115545;"PER GM1"
15766;20115549;"PER GM1"
15766;20115546;"PER GM1"
15766;20115548;"PER GM1"
15771;20134061;"TOP BE.FLA 7"
15772;20115050;
15773;20131244;"TOP BE.FLA 0"
15774;20135588;"MTP1 COOK"
15775;20131148;"REF2 FERR"
15776;20117991;
15777;20134562;"SCO S MACH"
15778;20117069;
15778;20117068;
15778;20117067;
15781;20129945;"BIO MACH d"
15782;20129938;"BIO MACH d"
15782;20129939;"BIO MACH d"
15783;20134014;"LIT MACH a"
15784;20134015;"LIT MACH a"
15785;20117072;
15787;20143712;"KTS1 H.XX.XX"
15787;20143713;"KTS1 H.XX.XX"
15787;20143714;"KTS1 H.XX.XX"
15789;20130097;"BIO MACH e"
15790;20111562;"PER MK1"
15791;20134606;"SCO S DUFA"
15792;20130596;"BIO DUFA d"
15792;20115404;"BIO DUFA d"
15793;20117346;"SCO DUFA"
15794;20117578;
15794;20117571;
15795;20129769;"BIO SCHU8 a"
15796;20111582;"PER MK1"
15797;20111595;"PER MK1"
15798;20111616;
15799;20129912;"BIO MAHL e"
15800;20115444;
15801;20133794;"PHI LEIB b HONI"
15802;20133816;"PHI LEIB b RESC"
15803;20129879;"BIO KURT e"
15804;20129925;"BIO LIGE d"
15805;20115053;
15806;20145716;"BIO LIGE e"
15807;20134454;"BIO LIGE e"
15808;20135747;"TRE KURT"
15809;20114323;
15810;20136115;"TRE BERN"
15811;20133718;"PHI HABE b HEYS"
15812;20116977;
15813;20134011;"LIT FRAE a"
15814;20111611;
15815;20135167;"AES BABI"
15816;20115721;
15817;20135722;"PHIL VANB a"
15818;20131164;"REF2 MORT"
15819;20135356;"AES STER"
15820;20135224;"AES JUSL"
15821;20130526;"AES SEPP"
15822;20131198;"REF2 DENZ"
15823;20134405;"MTP3 KNOW"
15824;20135003;"GHM 7"
15825;2011383;
15826;20131042;INS3.1b
15827;20130921;"KTS1 H.01.016"
15828;20135413;"SCI COLL"
15829;20135414;"SCI COLL"
15830;20133203;"PHI VAND a"
15831;20111599;"PER MK1"
15832;20143961;"REC CD HENC 1999"
15833;20111593;"PER MK1"
15834;20111612;
15835;20112413;
15836;20129838;"BIO ZEND d"
15837;20112376;
15838;20129824;"BIO ZEND e"
15839;20111349;"VIS LUSS"
15840;20135989;"VIS SAND"
15841;20130093;"BIO SCHO3 b"
15842;20134904;"TRE ZEND"
15843;20116439;
15844;20130775;"INS3.1e BE.HAR"
15845;20115306;
15846;20130902;"TOP FR.PAR 7"
15846;20130914;"TOP FR.PAR 7"
15848;20115398;
15849;20131354;"MTP5 LAU"
15850;20135143;"AES SMIT"
15853;20124662;"TRE MERS"
15853;20124663;"TRE MERS"
15853;20124664;"TRE MERS"
15854;20131091;"MTP1 DOMM"
15855;20143855;"TOP DE 6"
15856;2014667;"KTS1 H.06.016"
15857;20135666;"MTP1 SCHE"
15858;20135609;"MTP1 IJZE"
15859;20116812;
15860;20115060;
15861;20131349;"MTP5 CLEA"
15862;20146603;"KTS1 H.04.026"
15863;20112392;
15864;20130233;"BIO BIRT d"
15865;20129796;"BIO PART  d"
15866;20134088;"MTP5 GIND"
15867;20133956;"PHI SCHU a"
15868;20131966;"BIO HAYD1 e"
15869;20130209;"BIO HAYD1 d"
15870;20130210;"BIO HAYD1 d"
15871;20111602;"PER MK1"
15872;20116306;GHM5
15873;20130208;"BIO HAYD1 d"
15874;20130212;"BIO HAYD1 d"
15875;20130211;"BIO HAYD1 d"
15876;20117560;
15877;20135542;"MTP 2 WILS"
15878;20129728;"BIO BACH1 e"
15879;20135306;"AES ERLM"
15880;20139084;"AES SMIT"
15881;20139439;"MTP1 LOND"
15882;20135025;GEN5
15883;20111597;"PER MK1"
15884;20134845;"TRE BERL"
15885;20113355;
15886;20132967;"PHI HEGE b ALGO"
15887;20133310;"PHI HEGE a"
15888;20133309;"PHI HEGE a"
15889;20133308;"PHI HEGE a"
15889;20133307;"PHI HEGE a"
15889;20133306;"PHI HEGE a"
15892;20132971;"PHI HEGE b NOWA"
15893;20132972;"PHI HEGE b BECK"
15894;20132968;"PHI HEGE b MARX"
15895;20132965;"PHI HEGE b NICO"
15896;20133121;"PHI HEGE b HEIN"
15897;20132956;"PHI HEGE b HAN"
15898;20133129;"PHI HEID B INWO"
15899;20133114;"PHI HEID b LYOT"
15900;20133116;"PHI HEID b BLEI"
15901;20133110;"PHI HEID b DELF"
15902;20133113;"PHI HEID b DECL"
15903;20112934;
15904;20133130;"PHI HEID b HANB"
15905;20130561;
15906;20133118;"PHI HEID b PHIL"
15907;20133111;"PHI HEID b PUTH"
15908;20133128;"PHI HEID b RORT"
15909;20129801;"BIO HERT a"
15910;20133440;"PHI HUME b SNET"
15911;20116650;
15912;20139095;"AES STEE"
15913;20133907;"PHI SCHM a"
15914;20135174;"AES HIEB"
15915;20139189;"BIO HELM e"
15916;20111624;
15917;20112411;
15918;20116440;
15919;20113729;
15920;20113731;
15921;20113734;
15922;20113732;
15923;20113733;
15924;20113736;
15925;20112414;
15926;20135468;"MTP 4 DENE"
15927;20130965;"TOP NL 7"
15928;20129659;"BIO DUTI d"
15930;20122954;"BIO CROE d"
15930;20122953;"BIO CROE d"
15933;20118005;
15934;20111567;
15935;20112381;
15936;20112436;
15937;20130458;"INS3.1e NL.DIE"
15938;20130435;"INS3.1e NL.MEC"
15939;20130452;"INS3.1e NL.VLA"
15940;20130437;"INS3.1e NL.NEE"
15941;20130444;"INS3.1e NL.RAV"
15942;20130446;"INS3.1e NL.SCH3"
15943;20130457;"INS3.1e NL.CLI"
15944;20130430;"INS3.1e Nl.HIL2"
15945;20130448;"INS3.1e NL.SOM"
15946;20130099;"BIO HEIS d"
15947;20133032;"PHI RICO a"
15948;20133081;"PHI ANKE a"
15949;20133930;"PHI SERR a"
15950;20133931;"PHI SERR a"
15951;20133932;"PHI SERR a"
15952;20133929;"PHI SERR a"
15953;20133928;"PHI SERR a"
15954;20115061;
15955;20134944;"TOP FR 3"
15956;20130410;"INS3.1e GB.HEX"
15957;20130629;GEN5
15958;20114986;
15959;20112397;
15960;20130698;"TOP IN"
15961;2013150;
15962;20130104;INS2a
15963;20112389;
15964;20146475;"KTS1 H.02.031"
15965;20116662;
15966;20116404;
15967;20115742;Reserve
15967;20115741;Reserve
15967;20115740;Reserve
15970;20143853;"MTP1 COLE"
15971;20125996;"GEN 2"
15972;20130704;"GHM 3"
15973;20143692;"KTS1 H.07.014_01"
15973;20143693;"KTS1 H.07.014_02"
15973;20143694;"KTS1 H.07.014_03"
15976;20146524;"KTS1 H.02.072"
15977;20116208;
15977;20144000;"TOP FR.PAR 6"
15979;20130946;"KTS1 H.01.026_02"
15979;20130947;"KTS1 H.01.026_01"
15979;20130945;"KTS1 H.01.026_03"
15981;20146463;"KTS1 H.02.015"
15982;20130700;GHM3
15983;20131302;"PHI0 SAJA"
15984;20133885;"PHI PERE a"
15985;20130980;"BIO BACH1 e"
15986;20134481;"MTP2 LAWS"
15987;20135698;"MTP1 ZATK"
15988;20130441;"INS3.1a NL.OOT"
15989;20134498;"MTP2 SIMO"
15991;201191;
15992;20111186;
15993;20134482;"MTP 2 KUGE"
15994;20135694;"MTP1 TENN"
15995;20135315;"AES GILB"
15996;20113791;
15997;20130537;"AES FUBI"
15998;20112194;
15999;20112004;INS1a
16000;2011130;
16001;20134003;"PHI0 COPL"
16002;20130412;"INS3.1e GB.RIP"
16003;20133360;"PHI RUSS a"
16004;20113699;
16005;20146465;"KTS1 H.02.018"
16006;20146460;"KTS1 H.02.011"
16007;20131151;"REF2 ECO"
16008;20135980;"VIS HOFF"
16009;20135983;"VIS HOFF"
16010;20135981;"VIS HOFF"
16011;20135982;"VIS HOFF"
16012;20134023;"VIS RAJA"
16013;20130163;INS6a
16014;20133120;"PHI HEID a"
16015;20126038;"VIS ERNS"
16016;20115048;
16017;20146489;"KTS1 H.02.037"
16018;20115056;
16019;20113710;
16020;20134687;"SCO MISC TARU"
16023;20135350;"AES SABB"
16023;20111633;"AES SABB"
16023;20135373;"AES SABB"
16024;20123657;"TOP NL"
16025;20115896;
16026;20129825;"BIO ZACH1 d"
16027;20130564;"BIO BEET e"
16028;20131178;"REF2 WAGE"
16030;20135278;"AES BYRN"
16031;20135482;"MTP4 LAMO"
16032;20115331;
16033;20133389;"PHI AUST a"
16034;20131153;"REF2 PHIL"
16035;20131146;"REF2 GODF"
16036;20131127;"REF2 MCCA"
16037;20115519;
16038;20131143;"REF2 GREE"
16039;20131209;"REF2 ASHM"
16040;20131142;"REF2 GREE"
16041;20111571;"PER MK1"
16042;20129881;"BIO WOLF4 e"
16043;20136418;"KTS1 C3.15 (18)"
16044;20117955;"VIS COTT"
16045;20133057;"PHI TROE a"
16046;20132951;"PHI DEWE a"
16047;20133059;"PHI TOUL a"
16048;20114841;
16049;20137606;"HUM ALLM"
16050;20143734;"KTS1 H.08.020"
16051;20133730;"PHI HUSS b KELK"
16052;20133729;"PHI HUSS b KOLA"
16053;20133749;"PHI HUSS b REYN"
16054;20133727;"PHI HUSS b ELLI"
16055;20133726;"PHI HUSS b MOHA"
16056;20133743;"PHI HUSS b FOLL"
16058;20133728;"PHI HUSS b KERN"
16059;20115314;
16060;20115379;
16061;20115382;
16062;20130923;"KTS1 H.01.030"
16063;20132788;"PHI HAN a"
16064;20133296;"PHI HOFS a"
16065;20129767;"BIO XENA b"
16066;20130997;"BIB4 IT.TRE1"
16067;20118010;"TOP US 7"
16068;20132998;"PHI KANT b ALLI"
16069;20133138;"PHI KANT b COMB"
16070;20133725;"PHI HUSS b MURA"
16071;20133253;"PHI CASS a"
16072;20132807;"PHI KANT a"
16073;20133455;"PHI HUSS a"
16074;20133998;"PHI0 ALAI"
16075;20133243;"PHI CASS a"
16076;20112962;
16077;20112391;
16078;20134396;"MTP3 DEJA"
16079;20133429;"PHI FREE a"
16080;20135304;"AES EAGL"
16080;20135305;"EAS EAGL"
16081;20111546;"PER MK1"
16082;20117835;
16084;20144151;"INS3.2b RUCK"
16085;20133510;"PHI SART a"
16086;20130186;INS1a
16087;20133646;"PHI DAMA a"
16088;20134731;"SCO MISC VECC"
16089;20130635;"SCO MISC PIRR"
16090;20114815;
16091;20131085;"INS10.3a BE.BRU2"
16092;20129661;"BIO CHER1 e"
16092;20131100;"BIO CHER1 b (Reserve)"
16093;20115719;
16094;20130411;"TOP GB.LON"
16095;20116896;
16096;20116954;
16097;20116949;
16098;;
16099;20116948;
16100;20116933;
16101;20116958;
16102;20116932;
16103;20116967;
16104;20116942;
16105;20116945;
16106;20116934;
16107;20116897;
16108;20116935;
16109;20116898;
16110;20116953;
16111;20116965;
16112;20116960;
16113;20116951;
16114;20116959;
16115;20116936;
16116;20116966;
16117;20116963;
16118;20116952;
16119;20116895;
16120;20116772;
16121;20116955;
16122;20116943;
16123;20116930;
16124;20116957;
16125;20116771;
16126;20116946;
16127;20116892;
16128;20116947;
16129;20116931;
16130;20116938;
16131;20116939;
16131;20116940;
16132;20116770;
16133;20116937;
16134;20116962;
16135;20116941;
16136;20116961;
16137;20132075;"KTS1 H.04.028"
16138;20116899;
16139;20116950;
16140;;
16141;20116894;
16142;;
16143;20116964;
16144;20116944;
16145;20116956;
16146;20116893;
16147;20115049;
16148;20130939;"KTS1 H.04.039"
16149;20144409;"SCO S RORE"
16149;20127106;"SCO S RORE"
16150;20124382;INS3c
16150;20114181;
16152;20131196;"REF2 PROS"
16153;20132852;"PHI PLAT b JANA"
16154;20129718;"BIO DEBU e"
16155;20133514;"PHI SART a"
16156;20133487;"PHI SART a"
16157;20135314;"AES GOEH"
16157;20131969;"AES GOEH"
16158;20132450;"AES GOEH"
16159;20133513;"PHI SART a"
16160;20133207;"PHI WARN a"
16161;20131384;"MTP5 TAND"
16162;20133739;"PHI HUSS b SARA"
16163;20133106;"PHI DURA a"
16164;20111290;
16165;20112321;
16166;20131367;"MPT5 KYRI"
16167;20114562;
16168;20131387;"MTP5 SWER"
16168;20131388;"MTP5 SWER"
16170;20133083;"PHI AMAT a"
16171;20133156;"PHI KANT b KUYP"
16172;20132987;"PHI KANT b KAUL"
16173;20132980;"PHI KANT b VLEE"
16174;20132979;"PHI KANT b RULP"
16175;20132806;"PHI KANT a"
16175;20132805;"PHI KANT a"
16177;20133313;"PHI KANT b MART"
16178;20133783;"PHI kant b VORL"
16179;20133327;"PHI KANT b LOGA"
16180;20132985;"PHI KANT b KNIT"
16181;20133315;"PHI KANT b KOPP"
16182;20136004;"LIT STOC a"
16183;20134965;GHM6
16184;20130117;"BIO VLEE a"
16185;20115112;
16186;20114999;"SCI FIDO"
16187;20114466;"MTP2 BAIL"
16188;20135487;"MTP 4 PRCH"
16189;20135521;"MTP 2 BENS"
16190;20135545;"MTP2 MOEL"
16191;20132146;"PHI HAN a"
16191;20132147;"PHI HAN a"
16192;20111613;
16193;20134093;"MTP4 GLOO"
16196;20114812;"TOP DE.DAR 7"
16196;20114811;"TOP DE.DAR 7"
16196;20114813;"TOP DE.DAR 7"
16196;20114814;"TOP DE.DAR 7"
16199;20134434;"MTP3 VAND"
16200;20114824;
16201;20130754;"GHM 4"
16202;20114566;
16203;20134443;"MTP 4 ALCA"
16204;20134440;"MTP 4 ALCA"
16205;20133242;"PHI CASS a"
16206;20133509;"PHI SART b FRET"
16207;20132878;"PHI STRA a"
16208;20115014;
16209;20136181;"TRE VERC"
16210;20115813;
16211;20115462;
16212;20115909;
16213;20131411;"MTP5 VANM"
16213;20131410;"MPT5 VANM"
16214;20115352;
16215;20115351;
16216;20132833;"PHI LYOT a"
16217;20132832;"PHI LYOT a"
16218;;"PHI BERG a"
16219;20133076;"PHI AQUI b HOOG"
16220;20114725;
16221;20113874;
16221;20113876;
16222;20115346;
16223;20115294;
16224;20115302;
16225;20134853;"TRE HARV"
16226;20133738;"PHI HUTC a"
16227;20135699;"MTP1 LEIB"
16228;20131385;"MTP5 STAM"
16229;20135258;"AES SEAS"
16230;20117994;
16231;20116103;"VIS ELIA"
16232;20133815;"PHI LENO a"
16233;20114789;"TRE ZARL"
16234;20134329;"REF3 KNOC"
16235;20134330;"REF3 KNOC"
16236;20134331;"REF 3 KNOC"
16237;20134332;"REF3 KNOC"
16238;20146504;"KTS1 H.02.052"
16239;20129549;"SCI DAUM"
16240;20115042;
16241;20134442;"MTP 4 ALCA"
16242;20113885;
16243;20131101;"MTP4 PINA"
16244;20133638;"PHI DEAR a"
16245;20132719;"PHI ABIC a"
16246;20139438;"SCI DEAR"
16247;20130545;"PHI DELE b CALC"
16248;20113816;
16249;20133746;"PHI HUSS b BOEL"
16250;20133285;"PHI HINT a"
16251;20134373;"MTP3 CAND"
16252;20133046;"PHI KLEI a"
16253;20135412;"SCI BARR"
16254;20135073;"AES BUTO"
16254;20135074;"AES BUTO"
16254;20135072;"AES BUTO"
16254;20131448;"AES BUTO"
16254;20132144;"AES BUTO"
16255;20131321;"LIT GOOD a"
16256;20133864;"PHI ONG a"
16257;20144130;"TOP DE.COL 7"
16258;20130358;"BIO HASS2 e"
16259;20130439;"INS3.1e NL.NIJ"
16260;20130996;"BIB3 RISM"
16261;20135444;"SCI SHAV"
16262;20137136;"TOP FR 6"
16263;20135056;"AES KRAU"
16264;20133033;"PHI RICO a"
16266;20133632;"PHI COLL a"
16267;20135169;"AES KRAM"
16267;20135062;"AES KRAM"
16268;20111329;
16269;20130550;"MTP3 DENY"
16270;20134966;GHM6
16271;20135462;"GEN 10"
16272;20125975;"GEN 2"
16273;20146607;"KTS1 H.04.042"
16274;20132957;"PHI HEGE b SOLL"
16275;20134249;"TRE STOC"
16276;20135478;"MTP4 HARP"
16277;20135668;"MTP1 STRA"
16278;20135604;"MTP1 FORT"
16279;20135603;"MTP1 FORT"
16280;20132918;"PHI CARN a"
16281;20132917;"PHI CARN a"
16282;20124979;"TRE PLAY"
16282;20130054;"TRE PLAY"
16282;20135790;"TRE PLAY"
16284;20135395;"SCI BERN"
16285;20133037;"PHI RESC a"
16286;20133700;"PHI GLAD a"
16287;20133760;"PHI JOLI a"
16288;20133150;"PHI KANT b VUIL"
16289;20139116;"PHI BACH a"
16290;20134449;"MTP2 ATKI"
16291;20130491;"INS3.1b KERK"
16292;20130492;"INS3.1a BEVE"
16293;20133954;"PHI SIED a"
16294;20132891;"PHI STEN a"
16295;20135293;"AES DELI1"
16296;20133920;"PHI SCHN a"
16297;20115712;
16298;20135432;"SCI LLIN"
16299;20133906;"PHI PLAT a"
16300;20133767;"PHI JANK a"
16301;20111598;"PER MK1"
16302;20135402;"SCI BRAU"
16305;20136013;"TRE ZARL"
16306;20131222-to_check;"REF2 CLAR"
16308;20133902;"PHI PLAT a"
16309;20135744;"TRE LIEG"
16310;20117154;
16311;20117155;
16312;2011906;
16313;20134083;"MTP5 FOCQ"
16314;20111535;PER
16315;20130193;INS7.2a
16316;20115353;
16317;20115308;
16318;20117030;
16319;20130855;
16320;20138292;"BIO SWEE1 e"
16322;20113883;
16323;20112437;
16323;20113886;
16324;20112318;
16325;20115070;
16326;20113701;"SCO KURT"
16326;20113702;"SCO KURT"
16326;20113703;"SCO KURT"
16326;20113704;"SCO KURT"
16326;20113705;"SCO KURT"
16331;20134976;"GHM 7"
16332;20115737;
16333;20138950;"TOP US 7"
16334;20115714;
16335;20139446;"SCI ALEX"
16336;20115047;
16337;20112338;
16338;20111576;"PER MK1"
16339;20133843;"PHI LYOT a"
16340;20121152;"BIO MOUR d"
16341;20129918;"BIO LAUR d"
16342;20145740;"BIO SART d"
16343;20129636;"BIO BACH1 d"
16345;20130020;"BIO VANH1 e"
16346;20113696;
16347;20133346;"PHI NIET a"
16348;20134647;"SCO MISC PAGE"
16349;20130213;"BIO BERL d"
16350;20117101;
16351;20115735;
16355;20130146;"KTS1 H.04.036"
16356;20130221;"BIO BURM e"
16357;20136096;"TRE BURM"
16358;20129685;"BIO BOEN e"
16359;20129705;"BIO BRAH c"
16360;20129563;"BIO BRAH e"
16361;20111568;"PER MK1"
16362;20114847;
16362;20114848;
16363;20129660;"BIO CICO d"
16366;20130022;"BIO CICO d"
16366;20130021;"BIO CICO d"
16366;20114711;"BIO CICO d"
16366;20114712;"BIO CICO d"
16368;20112434;
16369;20117160;
16370;20117325;"SCO OCKE"
16370;20117326;"SCO OCKE"
16370;20117327;"SCO OCKE"
16373;20117034;
16374;20129941;"BIO ORID e"
16375;20133290;"PHI HERD b BAUR"
16375;20131843;"PHI HERD d"
16376;20136117;"TRE BOEN"
16377;20111551;"PER MK1"
16378;20111537;"PER MK1"
16379;20111580;"PER MK1"
16380;20111557;"PER MK1"
16382;20129634;"KTS1 H.10.30_03"
16382;20129632;"KTS1 H.10.30_01"
16382;20129635;"KTS1 H.10.30_04"
16382;20129633;"KTS1 H.10.30_02"
16383;20134437;
16384;20110120;"BIO BACH1 d (Reserve)"
16385;20129649;"BIO BACH1 d"
16387;20111604;"PER MK1"
16391;20129673;"BIO CAGE e"
16392;;
16392;20116348;
16392;20116349;
16396;20113727;
16396;20113730;
16397;20129864;"BIO STAI d"
16398;201177;"BIO HARV a"
16399;20112342;
16400;20112354;
16401;20112352;
16402;20112353;
16403;20112395;
16404;20129901;"BIO HARV e"
16405;20112343;
16406;20129657;
16407;20129915;"BIO HAUE a"
16408;20111573;"PER MK1"
16409;20111550;"PER MK1"
16411;20111543;"PER MK1"
16412;20130096;"BIO JOSQ d"
16413;20117175;
16414;20117176;
16415;20117174;
16416;20117613;
16417;20145715;"BIO KLEE a"
16418;20132842;"PHI MARC a"
16419;20138980;"LIT MART b"
16420;20129621;"BIO BACH1 e"
16421;20129629;"BIO BACH1 d"
16422;20129630;"BIO BACH1 d"
16423;20132820;"PHI KANT b SOUR"
16424;20117549;
16425;20130365;"INS3.1e NL.MID"
16426;20113708;
16427;20115598;
16428;20134859;"TRE KAGE"
16428;20131258;"TRE KAGE"
16429;20129707;"BIO AHO c"
16430;20117610;
16431;20135390;GEN12
16432;20133140;"PHI KANT b KOJE"
16433;20133134;"PHI KANT b SCRU"
16434;20133001;"PHI KANT b KORN"
16435;20133320;"PHI KANT b GUYE"
16436;20133148;"PHI KANT b SCRU"
16437;20135291;"AES DUVE"
16438;20133139;"PHI KANT b DEVO"
16439;20132974;"PHI KANT b KEMA"
16440;20133136;"PHI KANT b BUCH"
16441;20133141;"PHI KANT B BROO"
16442;20133133;"PHI KANT b YOVE"
16443;20133131;"PHI KANT a"
16444;20133137;"PHI KANT b HUTC"
16445;20132984;"PHI KANT b LACR"
16446;20133710;"PHI KANT b GRON"
16447;20132981;"PHI KANT b SAVI"
16448;20133147;"PHI KANT b MAKK"
16449;20132992;"PHI KANT b WALK"
16450;20133685;"PHI KANT b GRAM"
16451;20132994;"PHI KANT b MENZ"
16452;20133322;"PHI KANT b BENN"
16453;20132997;"PHI KANT b BENC"
16454;20132991;"PHI KANT b WALS"
16455;20133321;"PHI KANT b BENN"
16456;20133317;"PHI KANT b CASS"
16457;20132813;"PHI KANT b CASS"
16458;20132993;"PHI KANT b MULH"
16459;20133144;"PHI KANT b GURW"
16460;20132999;"PHI KANT b ALLI"
16461;20133153;"PHI KANT b GIBB"
16462;20133314;"PHI KANT b BECK"
16463;20132983;"PHI KANT b BIRD"
16464;20133145;"PHI KANT b FORS"
16465;20133331;"PHI KANT b HOWE"
16466;20132990;"PHI KANT b ALLI"
16467;20132804;"PHI KANT b BADH"
16468;20133329;"PHI KANT b PUDE"
16468;20133330;"PHI KANT b PUDE"
16469;;
16470;20133781;"PHI KANT a"
16471;20133154;"PHI KANT b MURP"
16472;20133135;"PHI KANT b STUR"
16473;20114406;
16474;20133332;"PHI KANT b PRAU"
16475;20132988;"PHI KANT b HEID"
16475;20131793;"PHI KANT b HEID"
16476;20133157;"PHI KANT b HOGR"
16477;20133780;"PHI KANT a"
16478;20133771;"PHI KANT a"
16479;20133779;"PHI KANT a"
16480;20133778;"PHI KANT a"
16481;20133777;"PHI KANT a"
16482;20133776;"PHI KANT a"
16483;20133775;"PHI KANT a"
16484;20133774;"PHI KANT a"
16485;20133773;"PHI KANT a"
16486;20133772;"PHI KANT a"
16487;20133786;"PHI KANT a"
16488;20133782;"PHI KANT a"
16489;20133785;"PHI KANT a"
16490;20133784;"PHI KANT a"
16491;20133333;"PHI KANT b PRAU"
16492;20112563;
16493;20133849;"PHI LYOT a"
16494;20115236;"BIO STOC a"
16495;20117606;
16495;20117608;
16495;;
16495;20117607;
16507;20129592;"BIB4 AT.VIE HOBO"
16507;20129593;"BIB4 AT.VIE HOBO"
16507;20129594;"BIB4 AT.VIE HOBO"
16507;20129595;"BIB4 AT.VIE HOBO"
16507;20129596;"BIB4 AT.VIE HOBO"
16507;20129597;"BIB4 AT.VIE HOBO"
16507;20129598;"BIB4 AT.VIE HOBO"
16507;20129599;"BIB4 AT.VIE HOBO"
16507;20129075;"BIB4 AT.VIE HOBO"
16507;20129076;"BIB4 AT.VIE HOBO"
16507;20129586;"BIB4 AT.VIE HOBO"
16507;20129587;"BIB4 AT.VIE HOBO"
16507;20129588;"BIB4 AT.VIE HOBO"
16507;20129589;"BIB4 AT.VIE HOBO"
16507;20129590;"BIB4 AT.VIE HOBO"
16507;20129591;"BIB4 AT.VIE HOBO"
16515;20135975;"TOP BE.MEC 5"
16516;20135026;"GEN 17"
16517;20130734;"BIO JARR e"
16518;20115822;
16519;20133009;"PHI MERL b BAKK"
16520;20130383;"TOP BE.BEA"
16521;20133031;"PHI POS a"
16522;20117577;
16522;20117572;
16524;20125994;INS3.2d
16525;20129884;"BIO HAYD1 e"
16526;20142562;INS3d
16527;20132729;"PHI ADOR a"
16528;20133471;"PHI KIER a"
16529;20134322;"MTP4 BERG"
16530;20135339;"AES MUHL"
16531;20130107;"BIO KAGE e"
16532;20114227;
16533;20115059;
16534;20111621;
16535;20134973;"GHM 7"
16536;20130891;"TOP.DE COL 7"
16537;20135648;"MTP1 POLT"
16538;20135701;"MTP1 FELL"
16539;20117266;"TOP CU 7"
16540;20130978;"BIO LEEU  e"
16541;20130159;INS1a
16542;20134955;GHM5
16543;20111617;
16544;20134830;"TRE HUBE"
16546;;
16547;20113999;
16548;20126024;INS3.3b
16549;20115349;
16550;20134680;"TRE MATT"
16551;20132772;"PHI DEJO a"
16552;20130693;"GHM 7"
16553;20132887;"PHI STEN a"
16554;20134858;"TRE KLEM"
16555;20130423;"INS 3.1a DE.LOW"
16556;20132847;"PHI PLOT a"
16557;20117550;
16558;20133683;"PHI GRIFF a"
16559;20133286;"PHI HINT a"
16560;20114978;"TOP JP 7"
16561;20135495;"MTP 4 YOUN"
16562;20133283;"PHI FEYE a"
16563;20133641;"AES DANT"
16564;20134057;REF1
16565;20133337;"PHI NIET a"
16566;20134749;"TRE STEI"
16567;20132901;"PHI ADOR a"
16568;20134248;"TRE STOC"
16569;20146464;"KTS1 H.02.012"
16570;20129877;"BIO KAGE e"
16571;20134790;"TRE STOC"
16572;20112386;
16573;20112387;
16574;20112388;
16575;20115299;
16576;20115300;
16577;20115301;
16578;20115375;
16579;20115376;
16580;20115377;
16581;20135614;"MTP1 JEPP"
16582;20115304;
16583;20134939;"GHM 4"
16585;20130513;"AES SALM"
16586;20135354;"AES TRON"
16587;20130428;"INS3.1e NL.HER"
16588;20133604;"PHI BOHL a"
16589;20129750;"BIO EÖTV b"
16590;20129885;"BIO SCHU2 e"
16591;20115288;
16592;20132819;"PHI KANT a"
16593;20135122;"AES MAHN"
16594;20132810;"PHI KANT a"
16595;20132927;"PHI CASS a"
16596;20133302;"PHI HOEV a"
16597;20133960;"PHI SNET a"
16598;20133430;"PHI FRAN a"
16599;20133326;"PHI KANT b MYRH"
16600;20131210;"REF2 BADU"
16601;20135286;"AES CUST"
16602;20115101;
16603;20130640;"TOP DE 7"
16604;20132739;"PHI ADOR a"
16605;20132738;"PHI ADOR a"
16606;20133986;"PHI0 KONE"
16607;20133184;"PHI RICK a"
16608;20132849;"PHI PLEC a"
16609;20131044;"VIS DUTR"
16610;20134413;"MTP3 RITT"
16611;20133898;"PHI PICH b KLEI"
16612;20135172;"AES MERS"
16613;20135564;"AES VALE"
16614;20115696;
16615;20111592;"PER MK1"
16616;20115317;
16617;20114339;
16618;20136001;"SCI JENN"
16619;20135196;"AES JURG"
16620;20134759;"TRE GLOB"
16621;20135547;"MTP 2 TAZE"
16622;20131247;"SCI LATO"
16623;20146238;"MTB5 DEFO"
16625;20135289;"AES DORS"
16626;20112415;
16627;20114080;
16628;20131182;"REF2 VANO"
16629;20128657;"TRE LAND"
16630;20132744;"PHI BRIG a"
16631;20135075;"AES BOUC"
16632;20135786;"TRE LANG"
16633;20133921;"PHI GADA b SCHM"
16634;20116308;
16635;20135381;"GEN 21"
16636;20133752;"LIT JAKO a"
16637;20135262;"AES MARG"
16638;20135330;"AES KATZ"
16639;20135017;"GHM 7"
16640;20132797;"PHI HARE a"
16641;20135119;"AES COOK1"
16642;20135313;"AES GOOD"
16642;20113496;
16643;20132776;"PHI DENY a"
16644;20133812;"PHI LESS a"
16645;20112421;
16646;20112423;
16647;20112422;
16648;20130556;"PHI LARU b MULL"
16649;20129761;"BIO LEVI1 b"
16651;20132080;"BIO BEET e"
16651;20129675;"BIO BEET e"
16652;20130683;GHM0
16653;20130621;"TOP FR 3"
16654;20129871;"BIO LACH d"
16655;20135428;"SCI HEER"
16656;20133100;"PHI EMME a"
16657;20133908;"PHI SCHM a"
16658;20133000;"PHI KANT a"
16659;20132853;"PHI PHIL a"
16660;20132834;"PHI LYOT a"
16661;20115297;
16662;20115296;
16663;20115291;
16664;20115298;
16665;20133075;"PHI KANT b AREN"
16666;20115383;
16667;20115287;
16668;20115286;
16669;20130922;"KTS1 H.01.023"
16670;20146609;"KTS1 H.04.044"
16671;20129709;"BIO CARD d"
16672;20133462;"PHI KRIS a"
16673;20146519;"KTS1 H.02.067"
16674;20146531;"KTS1 H.03.019"
16675;20133523;"PHI SART a"
16676;20133819;"PHI LEIN b HOLZ"
16677;20133818;"PHI LEIB b LEWY"
16678;20133817;"PHI LEIB b ISHI"
16679;20133765;"PHI LEON b JASP"
16680;20113508;
16681;20129883;"BIO JANA e"
16682;20129778;"BIO JOAC a"
16683;20134748;"TRE FASS"
16684;20116889;
16685;20130084;"BIO WAGN1 a"
16686;20130086;"BIO WAGN1 a"
16687;20130528;"PHIL DELE a"
16688;20129618;"KTS1 H.10.022"
16689;20133368;"PHI WEYL a"
16690;20133797;"PHI LEIB b BIER"
16691;20129940;"BIO BARBI1 d"
16694;20130222;"KTS1 H.10.025"
16695;20133303;"PHI HOBB a"
16696;20135443;"SCI SHAP"
16696;20133955;"PHI HOBB b SHAP"
16697;;
16698;20134064;REF1
16699;20130570;"TOP BE.FLA 6"
16700;20112344;
16700;20112355;
16700;20112356;
16703;20115384;
16704;20115292;
16705;20146513;"KTS1 H.02.061"
16706;20130132;
16707;20130226;"BIO GRET b"
16708;20131243;"AES BONN"
16709;20113877;
16710;20133222;"PHI AREN a"
16711;20112006;
16712;20129829;"BIO WEBE2 d"
16713;20129765;"BIO LIGE e"
16714;20114825;
16715;20133755;"PHI INGO a"
16716;20133019;"PHI MILL a"
16717;20132722;"PHI ABRA a"
16718;20130392;"INS3.1a PT.LIS"
16720;20130555;"AES NANC"
16721;20139450;"AES IHDE"
16722;20135540;"MTP2 PERL"
16723;20111144;
16724;20135294;"AES DEME"
16725;20113906;
16726;20130497;
16727;20129785;"BIO LISZ e"
16728;20131322;"LIT GOOD a"
16729;20131328;"LIT CULLE a"
16730;20135972;"TOP GB 5"
16731;20135513;"MTP 4 POLI"
16731;20135514;"MTP 4 POLI"
16732;20138984;"LIT BOSS e"
16733;20134408;"MTP3 JUOZ"
16734;20135039;"AES EMME--&gt;GEN21"
16735;20118020;"MTP4 LERM"
16736;20129605;"BIO LOCA e"
16737;20130017;"BIO MORT d"
16737;20137421;"BIO MORT d"
16739;20133218;"PHI ARIS a"
16740;20133835;"PHI LYCA a"
16741;20112971;
16742;20133165;"PHI MORA a"
16743;20133595;"PHI BERG a"
16744;20133383;"PHI KANT b AXIN"
16745;20133040;"PHI RESC a"
16746;20134444;"MTP3 ASSI"
16747;20113453;
16748;20132725;"PHI ADDI a"
16749;20133613;"PHI COHE a"
16750;20133504;"PHI NISH a"
16751;20133475;"PHI KYNA a"
16752;20133740;"PHI HUSS b BACH"
16753;20133732;"PHI HUSS a"
16754;20133425;"PHI FREG a"
16755;20133737;"PHI HUSS a"
16756;20133736;"PHI HUSS a"
16757;20133735;"PHI HUSS a"
16758;20130718;"BIO RAES a"
16759;20132752;"PHI BRUZ a"
16760;20112401;
16761;20112403;
16762;20116357;
16763;20112409;
16764;20133029;"PHI PRIG a"
16765;20134891;"TOP US 7"
16766;20116352;
16767;20134743;"SCO XL NONO"
16768;20131355;"MTP5 LAGR"
16769;20135392;"SCI DESM"
16770;20113979;
16771;20117368;
16772;20129663;"BIO ANDR d--&gt;e"
16773;20130114;"KTS1 H.04.012"
16774;20133961;"PHI SIRC a"
16775;20131039;"TOP FR 3"
16776;20112383;
16777;20130636;"SCO MISC ZIIN"
16778;20111608;
16779;20136148;"TRE BERI"
16780;20134817;"TRE PADO"
16781;20146566;"KTS1 H.03.046"
16782;20146559;"KTS1 H.03.040"
16783;20112396;
16784;20133098;"PHI FEUE b ENGE"
16785;20116677;
16786;20116722;
16787;20116723;
16788;20116602;
16789;20116350;"REC CD LUBI 2013"
16790;20128530;"BIO BEET b"
16790;20130251;"BIO BEET b"
16791;20133541;"PHI WITT b SAVI"
16792;20129712;"BIO DALL d"
16793;20129677;"TRE DALL"
16795;20130485;"BIO NONO c"
16796;20117999;
16797;20129919;"BIO NONO a"
16798;20129878;"BIO NONO e"
16799;20129892;"BIO NONO e"
16799;20143617;"BIO NONO e"
16800;20129875;"BIO NONO e"
16801;20117995;
16802;20129905;"BIO NONO e"
16802;20143658;"BIO NONO e"
16803;20129906;"BIO NONO e"
16803;20143659;"BIO NONO e"
16807;20136213;"TRE ECOR"
16808;20135002;GHM7
16809;20146560;"KTS1 H.03.041"
16810;20130401;"INS3.1e FR.LYO"
16811;20130911;"TOP FR 3"
16812;20134613;"SCO MISC BUCK"
16813;20134612;"SCO MISC BUCK"
16814;20117344;"SCO HALL"
16815;20115830;
16816;20129763;"BIO MACH d"
16817;20117071;
16818;20129891;"BIO MACH e"
16819;20130089;"BIO MACH e"
16820;20134671;"BIO MACH e"
16821;20115192;"VIS HULT"
16822;20135404;"SCI BROU"
16823;20133053;"PHI VALE a"
16824;20135393;"SCI HEAT"
16825;20130539;"PHI FOUC a"
16826;20132754;"VIS BUCI"
16827;20130025;"BIO MONT1 e"
16827;20130024;"BIO MONT1 e"
16828;20131315;"LIT NUNE a"
16829;20126006;"MTP2 DIPR"
16830;20144213;"TOP FR 4"
16831;20117615;
16832;20134079;"MTP5 ERNS"
16833;20134038;"LIT MAYR a"
16836;20117203;
16836;20117202;
16836;20117201;
16836;20117339;
16838;20134760;"BIO MAHL e"
16839;20130601;"BIO MAHL e"
16840;20131298;"PHI0 STEG"
16841;20130160;"INS3.3b ERAR"
16842;20130655;"TRE CORR"
16843;20130087;"KTS1 H.10.018"
16844;20136414;"KTS1 C3.15 (17)"
16845;20125280;"TOP BE.LIE 5"
16845;20131014;"TOP BE.LIE 5"
16846;20115461;
16847;20116195;
16848;20113728;
16849;20131130;"REF2 LOVI"
16850;20113862;
16851;20131190;"REF2 SHAR"
16852;20133199;"PHI VERE a"
16853;20112384;
16854;20130755;GHM4
16855;20130756;"GHM 3"
16856;20134962;"GHM 6"
16857;20135655;"MTP1 MELL"
16858;20146532;"KTS1 H.03.020"
16859;20134696;"SCO MISC GIAC"
16860;20132920;"PHI CAIL a"
16861;20115319;
16862;20116724;
16863;20131184;"REF2 TURA"
16864;20131183;"REF2 TURA"
16865;20130956;"KTS1 H.01.024"
16866;20146525;"KTS1 H.03.013"
16867;20135631;"MTP1 HUGH"
16868;20131412;"MTP5 VLCE"
16869;20134513;"SCO MISC HARR"
16870;20131108;"REF2 HUYB"
16871;20135408;"SCI BAY"
16872;20131346;"MTP5 CERV"
16872;20134100;"MTP5 CERV"
16872;20131345;"MTP5 CERV"
16873;20130243;"BIO PARA d"
16874;20129858;"BIO MARA e"
16875;20126026;"BIO HEID d"
16876;20133127;"PHI HEID a"
16877;20130353;"INS10.9d SCHM"
16878;20118048;
16879;20117755;"VIS GLOT"
16880;20117184;
16881;20130230;"BIO MASS d"
16881;20115557;"BIO MASS d"
16882;20134486;"MTP 2 GORD"
16883;20129756;"BIO RAVE d"
16884;20135679;"MTP1 SCHE"
16885;20135678;"MTP1 SCHE"
16886;20116693;
16887;20134358;"MTP3 BARR"
16888;20134403;"MTP3 CART"
16889;20146650;"KTS1 H.06.008"
16890;20135173;"AES LANC"
16891;;"PHI BERG a"
16892;20130989;INS1a
16893;20133020;"PHI MILL a"
16894;20130074;"BIO RAVE d"
16895;20136216;"BIO KAGE a"
16896;20116569;
16896;20132176;"REC 12 KAGE 1970"
16897;20129764;
16898;20115054;
16899;20131007;"BIO LANZ e"
16900;20133768;"PHI JANK a"
16901;20131337;"MTP5 ABRA"
16902;20129934;"BIO LITV a"
16904;20111601;"PER MK1"
16905;20133529;"PHI SCHE b NOTA"
16906;20117843;
16907;20146563;"KTS1 H.03.043"
16909;20133910;"PHI SCHI a"
16911;20132862;"PHI POLA a"
16912;20133596;"PHI BERG a"
16913;20126043;"VIS PANO"
16914;20133762;"PHI JOHN a"
16915;20116734;
16916;20130587;"HUM CARR"
16917;20130598;GHM3
16918;20134039;"LIT MANT a"
16919;20134922;"GHM 3"
16920;20134626;"SCO MISC MARR"
16921;20134936;"GHM 3"
16922;20134928;"GHM 3"
16923;20134389;"MTP3 FERR"
16924;20130590;"HUM ANDE"
16925;20132938;"PHI DESC a"
16926;20133731;"PHI DESC b HUSS"
16927;20133193;"PHI ROUS a"
16928;20138993;"TOP TR 0"
16929;20132838;"PHI FIOR a"
16930;20133064;"PHI VAND a"
16931;20136415;"KTS1 C3.15 (20)"
16932;20130858;"INS3.1b MEIJ"
16933;20136015;"TRE WAGN"
16936;20123361;"REF4 CLOSS"
16936;20131058;"REF4 CLOSS"
16937;20130948;"KTS1 H.06.034"
16938;20135091;"AES DEVI"
16939;20117617;
16940;20135610;"MTP1 JAN"
16941;20133579;"PHI BART b HOFS"
16942;20133723;"PHI GUSD a"
16942;20133722;"PHI GUSD a"
16943;20146662;"KTS1 H.06.012"
16944;20146496;"KTS1 H.02.044"
16945;20143983;"KTS1 H.10.024"
16946;20131120;"TRE GRET"
16946;20131121;"TRE GRET"
16946;20131119;"TRE GRET"
16949;20146503;"KTS1 H.02.051"
16950;20115091;
16951;20135191;"AES COLW"
16952;20144159;"BIO MEND e"
16953;20146479;"KTS1 H.02.027"
16954;20131084;"TOP BE.BRU2 3"
16955;20133349;"PHI NIET a"
16956;20133492;"PHI NIET b VOGE"
16957;20133792;"PHI LAME a"
16958;20133970;"PHI0 MURR"
16958;20135435;"SCI MURR"
16959;20114773;GHM3
16960;20133679;"PHI GEAC a"
16961;20134418;"MTP3 NAVI"
16962;20136435;"KTS1 C3.15 (10)"
16963;20116975;
16964;20117367;
16965;20130650;
16966;20114842;
16967;20129904;"BIO MESS e"
16967;20129903;"BIO MESS e"
16969;20129899;"BIO MESS d"
16970;20130088;"BIO MESS e"
16971;20112407;
16972;20134037;"LIT BREC a"
16973;20130077;"KTS1 H.10.020"
16974;20134860;"BIO CAGE e"
16975;20133202;"PHI KRIS b VAND"
16976;20133799;"PHI LEIB a"
16977;20135766;"TRE TENN"
16978;20135063;"AES CAMP"
16979;2135127;"AES SPIT"
16980;20133274;"PHI FIUM a"
16981;20133473;"PHI LAKO a"
16982;20133466;"PHI KORT a"
16983;20133221;"PHI ARIS a"
16984;20132753;"PHI BUCH a"
16985;20133324;"PHI KATZ a"
16986;20115045;
16987;20132931;"PHI DESC b EVAN"
16988;20133311;"PHI KANT b HOFM"
16989;20133155;"PHI KANT b MODE"
16990;20132814;"PHI KANT b DAVA"
16991;20133800;"PHI LEIB a"
16992;20134953;GHM5
16992;20123299;GHM5
16993;20134811;"TRE RAAI"
16994;20133708;"PHI GRUN a"
16995;20134871;"TRE RAAI"
16996;;
16997;20146535;"KTS1 H.03.023"
16998;20146473;"KTS1 H.02.022"
16999;20146570;"KTS1 H.03.048"
17000;20126013;"GEN 2"
17001;20116835;
17002;20116022;
17003;20131185;"REF2 SWAN"
17004;20121963b;"INS5.1c DELA"
17005;2013140;
17006;20126021;"INS3.3c HOEH"
17007;20134430;"MTP3 LEAV"
17008;20115332;
17009;20135490;"MTP 4 REYB"
17010;20130232;"BIO BENO a"
17011;20143984;"KTS1 H.10.028"
17012;2011836;REF0
17012;2011837;REF0
17012;2011838;REF0
17012;2011839;REF0
17012;2011840;REF0
17012;2011841;REF0
17012;2011842;REF0
17012;2011843;REF0
17012;2011844;REF0
17012;2011845;REF0
17012;2011846;REF0
17012;2011847;REF0
17012;2011848;REF0
17012;2011853;REF0
17012;2011849;REF0
17012;2011850;REF0
17012;2011851;REF0
17012;2011852;REF0
17012;2011826;REF0
17012;2011827;REF0
17012;2011828;REF0
17012;2011829;REF0
17012;2011830;REF0
17012;2011831;REF0
17012;2011832;REF0
17012;2011833;REF0
17012;2011835;REF0
17012;2011834;REF0
17012;2011854;REF0
17041;20117130;
17042;20134756;"BIO GIEL e"
17042;20118279;
17043;20134838;"TRE NYMA"
17044;20129774;"BIO TIPP e"
17045;20129620;"TRE AREZ"
17046;20135439;"SCI ROAD"
17047;20133966;"PHI0 RIJK"
17048;20131076;GEN2
17049;20112869;
17050;20115194;
17051;20129730;"BIO CIUR d"
17052;20115290;
17053;20115312;
17054;20129766;"BIO DAVI d"
17055;20134856;"TRE BABB"
17056;20133209;"PHI WALT a"
17057;20133561;"PHI WOLL a"
17059;20132839;"PHI MCDO a"
17060;20133952;"PHI SIRC a"
17061;20133108;"PHI DREY a"
17062;20133602;"PHI BONA a"
17063;20130766;GHM7
17064;20130732;"GHM 7"
17065;20132907;"PHI ADOR a"
17066;20132731;"PHI ADOR a"
17067;20117567;
17067;20117573;
17068;20136434;"KTS1 C3.15 (9)"
17069;20134964;GHM6
17070;20135094;"AES ABRA"
17071;20131060;"REF4 VAND"
17072;20117330;
17073;20117066;
17074;20117332;
17075;20112379;
17076;20134654;"SCO MISC PLAN1"
17077;20132910;"PHI ADOR a"
17078;20131368;"MTP5 KREU"
17079;20135442;"SCI SAVA"
17080;20115311;
17081;20117031;
17082;20134060;REF1
17083;20133527;"PHI SEMO a"
17084;20113723;
17084;20129724;"BIO CAGE e"
17085;20132921;"LIT BUTO a"
17086;20135632;"MTP1 GUNT"
17087;20135267;"AES ROOK"
17088;20133045;"PHI RADE a"
17089;20118278;
17090;20133924;"PHI SCRU a"
17091;20117382;
17093;;
17093;20134993;"GHM 7"
17094;20133980;"PHI0 EDWA"
17095;20134929;"GHM 3"
17096;;
17097;20130748;GHM7
17099;20130737;GHM7
17100;20130735;GHM7
17101;20134673;"TRE PREL"
17102;20130736;GHM7
17103;20133922;"PHI SCRU a"
17104;20134007;"PHI0 BROO"
17105;20135684;"MTP1 READ"
17106;20133316;"PHI KANT b WOLF"
17107;20133442;"PHI HUME b CHAP"
17108;20133548;"PHI WITT b PITC"
17109;20144471;"TOP GR 2"
17110;20111539;"PER MK1"
17111;20133474;"PHI LACH a"
17112;20140172;"KTS1 C2.67 11H17"
17116;20115310;
17117;20115289;
17118;20134787;"TRE SWER"
17119;20133802;"PHI LEIB a"
17120;20133868;"PHI PATO a"
17121;20113998;
17122;20118015;
17123;20134098;"MTP5 HARR"
17124;20134750;"TRE DEBU"
17125;20115224;
17126;20129830;"BIO MONT2 d"
17127;20134708;"SCO MISC TISC"
17128;20134707;"SCO MISC TISC"
17129;20134706;"SCO MISC TISC"
17130;20114849;
17131;20134087;"MTP5 GEST"
17132;20133348;"PHI NIET a"
17133;20133766;"PHI JANK a"
17134;20131942;"PHI LEVI a"
17135;20111556;"PER MK1"
17137;20131365;"TOP GB 4"
17137;20131366;"TOP GB 4"
17138;20134596;"SCO CAMP"
17138;20124755;"SCO CAMP"
17138;20124754;"SCO CAMP"
17139;20134518;"SCO MISC GUNT"
17140;20135742;"TRE LIGE"
17141;20115132;
17142;20117568;
17144;20130951;"KTS1 H.07.027"
17145;20130220;"BIO MOUS d"
17146;20135987;"VIS PREE"
17147;20130483;"BIO MOZA1 d--&gt;f"
17148;20130154;"LIT PUSH a"
17149;20116217;"BIO MOZA1 a"
17149;20116218;"BIO MOZA1 a"
17149;20116219;"BIO MOZA1 a"
17149;20116220;"BIO MOZA1 a"
17149;20116224;"BIO MOZA1 a"
17149;20116223;"BIO MOZA1 a"
17149;20116222;"BIO MOZA1 a"
17149;20116221;"BIO MOZA1 a"
17157;20129893;"BIO MOZA1 e"
17158;2013153;"SCO HAHN"
17159;20134849;"TRE HARN"
17160;20130753;GHM5
17161;20111527;"PER MK1"
17162;20130014;"BIO MOZA1 d"
17163;20116454;"BIO MOZA1 e"
17164;20115815;
17165;2011741;
17166;20112406;
17167;20115196;
17168;20132790;"PHI HAN a"
17169;20133913;"PHI SCHE a"
17170;20129847;"BIO STRA3 e"
17171;20114985;
17172;20131375;"MTP5 PARR"
17172;20131376;"MTP5 PARR"
17172;20144580;"INS9d PARR"
17173;20135223;"AES SMEI"
17174;20138840;"MTP3 KNOO"
17175;20132816;"PHI KANT a"
17176;20135108;"AES MCCU"
17177;20130501;
17179;20134775;"TRE LUCI"
17180;20130727;"TOP ES.GIR 7"
17181;20115113;
17182;20115114;
17183;20115115;
17184;20117033;
17185;20115723;
17186;20134352;"REF3 TOMA"
17187;20134825;"TRE DESC"
17187;20132935;"TRE DESC"
17188;20114433;
17189;20135801;"TRE MUSI"
17190;20135804;"TRE MUSI"
17191;20114931;"TRE MUSI"
17192;20135455;"SCI PRIE"
17193;20130516;"PHI DELE b CAMP"
17194;20130658;"GHM 7"
17195;20130103;INS1a
17196;20130632;INS1a
17197;20135203;"AES DELI"
17198;20135365;"AES MIEL"
17199;20134985;"GHM 7"
17200;20135202;"AES DELI"
17201;20134970;GHM7
17202;20134890;"TOP HU 7"
17203;20131087;"MTP2 WILL"
17204;20135771;"TRE SESS"
17205;20135473;"MTP4 BARR"
17206;20139431;"AES LARS"
17207;20134460;"MTP2 CONE"
17208;20135617;"MTP1 LEWI"
17209;20135586;"MTP1 BERGE"
17210;20134963;"GHM 5"
17211;20135371;"AES GODO"
17212;20134316;"REF3 BARO"
17213;20139430;"SCI GOUK"
17214;20135803;"TRE MUSI"
17215;20134840;"TRE SCHO"
17216;20135344;"AES MACD"
17217;20135205;"AES GODO"
17218;20135211;"AES HARG"
17219;20130177;INS1a
17220;20115691;
17221;20138989;"BIO BOUL d"
17222;20115981;
17223;20135298;"AES DAVI1"
17224;20135061;"AES KRAM"
17225;20135248;"AES SLOB"
17226;20135033;"AES MAHN"
17227;20135210;"AES GRIF"
17228;20135637;"MTP1 KAUF"
17229;20123355;"REF4 BERN"
17230;20135059;"AES KIVY"
17231;20135279;"AES BISS"
17232;20135178;"AES AIEL"
17233;20134479;"MTP2 MAZZ"
17235;20134469;"MTP2 RINK"
17236;20130648;"TOP FR 0"
17237;20134490;"MTP 2 GODL"
17238;20136095;"TRE BURM"
17239;20130647;"TOP GB 6"
17240;20135126;"AES NUSS"
17241;20135653;"MTP1 ROAD"
17242;20135579;"MTP2 BERR"
17242;20134446;"MTP 2 BERR"
17244;20132005;"AES DAVI"
17244;20111468;Reserve
17245;20136012;"TRE EMME"
17246;2135134;"AES MAED"
17247;20130988;"TOP GB 6"
17248;20135599;"MTP1 DUNS"
17249;20143854;"TOP FR 3"
17250;20130574;"TOP FR.PAR 3"
17251;20135231;"AES MCLA"
17253;20135157;"AES NATT"
17254;20129716;"BIO BEET e"
17255;20135140;"AES BUDD"
17256;20110418;
17257;20135209;"AES GRIT"
17258;20134751;"TRE COPL"
17258;20134906;"TRE COPL"
17259;20134901;"TRE HARV"
17260;20135283;"AES BROW"
17261;20135247;"AES SNYD"
17262;20134879;"TOP GB 6"
17263;20117192;"TOP DE 6"
17264;20131023;"TOP DO"
17265;20134946;"GHM 3"
17266;20130645;GHM7
17267;20135647;"MTP1 PETE"
17268;20134429;"MTP3 LEEC"
17269;20135335;"AES LEPP"
17270;20135403;"SCI BRAU"
17271;20135170;"AES BERG"
17272;20135505;"GHM 8"
17273;20134842;"TRE SCHN"
17274;20139086;"SCI PESI"
17275;20135245;"AES STOR"
17276;20135284;"AES CHAN"
17277;20135105;"AES LEVI"
17278;20135524;"MTP2 COOK"
17280;20130600;GHM6
17281;20135162;"AES AGAW"
17282;20134319;"REF3 FIDO"
17283;20135128;"AES SPIT--&gt;BIO BEET e"
17284;20135036;"AES BOND"
17285;20117191;INS1a
17286;20127962;"TOP BE.FLA 3"
17287;20135718;"MTP3 BART"
17288;20135095;"AES COOK"
17289;20117018;"GHM 3"
17290;20135192;"AES COOK2"
17291;20125462;"TOP DE 5"
17291;20144034;"TOP DE 5"
17292;20115220;
17293;20112312;
17294;20112305;
17295;20112306;
17296;20112308;
17297;20112370;
17298;20112371;
17299;20112372;
17300;20112373;
17301;20112358;
17302;20112309;
17303;20112310;
17304;20112311;
17305;20112313;
17306;20112315;
17307;20112316;
17308;20112301;
17309;20112359;
17310;20112302;
17311;20114434;
17312;20135541;"MTP2 WINS"
17313;20135546;"MTP2 RINK"
17314;20135107;"AES KRIM"
17315;20131050;"TOP GB 4"
17316;20130941;"KTS1 H.04.041"
17316;20130940;"KTS1 H.04.040"
17318;20143598;"KTS1 H.06.045"
17319;20129616;"KTS1 H.04.017"
17320;20135034;"AES COOK"
17321;20130877;"TOP DE 4"
17322;20130752;GHM5
17323;20135480;"MTP 4 GREE"
17324;20114973;
17325;20130912;"TOP DE 7"
17326;20128606;"TOP BE.BRU2 3"
17326;20130579;"TOP BE.BRU2 3"
17327;20130584;"TOP GB 3"
17328;20130773;GHM3
17329;20130572;"GHM 3"
17330;20112327;
17331;20123472;"TOP IT.FER 4"
17331;20118102;"TOP IT.FERR 4"
17332;20134772;"TRE RAHN"
17333;20130614;"GHM 4"
17334;20130691;GHM5
17335;20130581;"TOP IT 3"
17339;20130717;"TOP GB 3"
17340;20130714;GHM3
17341;20139100;"MTP1 GIGE"
17342;20135106;"AES LEVI"
17343;20130694;GHM4
17345;20135552;"MTP 2 SMOI"
17346;20131133;"REF2 HERB"
17347;20112351;
17348;20135281;"AES BISS"
17349;20135357;"AES SMAL"
17350;20135237;"AES PATE"
17351;20131144;"REF2 GOTT"
17352;20135465;"MTP4 ELLI"
17353;20135400;"SCI ALTE"
17354;20134986;"GHM 7"
17355;20129662;"BIO BART e"
17356;20129861;"BIO NANC d"
17357;20129889;"BIO TENN b"
17358;20112426;
17359;20136150;"TRE BARR"
17360;20135274;"GEN 18"
17361;20130760;"TOP WM 0"
17362;20134923;"SCO MISC WILS"
17363;20130703;GHM3
17364;20130583;"GHM 3"
17365;20134921;"GHM 3"
17366;20130730;"TOP RU 6"
17367;20135644;"MTP1 POGO"
17368;20130774;"TOP FR 3"
17369;20135716;"MTP3 KERM"
17370;20134451;"BIO BACH1 e"
17371;20116599;
17372;20135241;"AES SACK"
17373;20112412;
17374;20134512;"SCO MISC HARR"
17375;20135035;"AES COOK"
17376;20135076;"AES BOWI"
17377;20135145;"AES VAND1"
17378;20134457;"MTP 2 DAVI"
17379;20136151;"TRE BARE"
17380;20130682;"TOP GB 5"
17381;20135057;"AES KASS"
17382;20130505;"AES MACA"
17383;20130733;"GHM 7"
17384;20135550;"MTP 2 SALL"
17385;20135139;"AES TAGG"
17386;20134958;"GHM 5"
17387;20135324;"AES KING"
17388;20129759;"BIO KUTA e"
17389;20135110;"AES MEYE"
17390;20139447;"AES JOUR"
17391;20134938;"GHM 4"
17392;20135628;"MTP1 BARB"
17393;20135590;"MTP1 CLAR"
17394;2011267;
17395;20135685;"MTP1 ULTAN"
17396;20135238;"AES PAVL"
17397;20135802;"TRE MUSI"
17398;20129808;"BIO SCHN5 a"
17399;20135132;"AES MOTT"
17400;20137395;"MTP1 DIER"
17401;20135623;"MTP1 MOTT"
17402;20135622;"MTP1 MOTT"
17403;20134477;"TRE NIED"
17404;20134458;"MTP 2 DANU"
17405;20135493;"MTP 4 RUDI"
17406;20132898;"PHI ADOR a"
17406;20132897;"PHI ADOR a"
17406;20132896;"PHI ADOR a"
17406;20132895;"PHI ADOR a"
17410;20112204;
17411;20116972;
17412;20116971;
17413;20135232;"AES MOSC"
17414;20134781;"TRE LACH"
17415;20134848;"TRE HARN"
17416;20130554;"REF4 RUMM"
17417;20134377;"MTP3 BUNG"
17420;20116026;"PER MF1"
17420;20116758;"PER MF1"
17420;20131654;"PER MF1"
17420;20131655;"PER MF1"
17420;20116759;"PER MF1"
17420;20116726;"PER MF1"
17420;20116755;"PER MF1"
17420;20131657;"PER MF1"
17420;20131658;"PER MF1"
17420;20131660;"PER MF1"
17420;20116041;"PER MF1"
17420;20116045;"PER MF1"
17420;20131641;"PER MF1"
17420;20116044;"PER MF1"
17420;20116040;"PER MF1"
17420;20116043;"PER MF1"
17420;20116042;"PER MF1"
17420;20116784;"PER MF1"
17420;20116756;"PER MF1"
17420;20116757;"PER MF1"
17420;20131642;"PER MF1"
17420;20116735;"PER MF1"
17420;20116786;"PER MF1"
17420;20116764;"PER MF1"
17420;20116768;"PER MF1"
17420;20116736;"PER MF1"
17420;20116774;"PER MF1"
17420;20116742;"PER MF1"
17420;20116743;"PER MF1"
17420;20116782;"PER MF1"
17420;20131643;"PER MF1"
17420;20116027;"PER MF1"
17420;20116744;"PER MF1"
17420;20116785;"PER MF1"
17420;20116745;"PER MF1"
17420;20116746;"PER MF1"
17420;20116783;"PER MF1"
17420;20116738;"PER MF1"
17420;20116762;"PER MF1"
17420;20131644;"PER MF1"
17420;20131645;"PER MF1"
17420;20116766;"PER MF1"
17420;20116739;"PER MF1"
17420;20116787;"PER MF1"
17420;20116788;"PER MF1"
17420;20116016;"PER MF1"
17420;20116015;"PER MF1"
17420;20116014;"PER MF1"
17420;20131646;"PER MF1"
17420;20116012;"PER MF1"
17420;20116011;"PER MF1"
17420;20116775;"PER MF1"
17420;20116778;"PER MF1"
17420;20116779;"PER MF1"
17420;20116741;"PER MF1"
17420;20116725;"PER MF1"
17420;20116760;"PER MF1"
17420;20116773;"PER MF1"
17420;20116789;"PER MF1"
17420;20116781;"PER MF1"
17420;20131647;"PER MF1"
17420;20116761;"PER MF1"
17420;20116790;"PER MF1"
17420;20116737;"PER MF1"
17420;20116747;"PER MF1"
17420;20116751;"PER MF1"
17420;20116791;"PER MF1"
17420;20116763;"PER MF1"
17420;20116765;"PER MF1"
17420;201316348;"PER MF1"
17420;20116740;"PER MF1"
17420;20116780;"PER MF1"
17420;20116777;"PER MF1"
17420;20116767;"PER MF1"
17420;20116017;"PER MF1"
17420;20116037;"PER MF1"
17420;20116750;"PER MF1"
17420;20116776;"PER MF1"
17420;20131649;"PER MF1"
17420;20116033;"PER MF1"
17420;20116754;"PER MF1"
17420;20131650;"PER MF1"
17420;20116035;"PER MF1"
17420;20116753;"PER MF1"
17420;20116769;"PER MF1"
17420;20116748;"PER MF1"
17420;20116749;"PER MF1"
17420;20116752;"PER MF1"
17420;20116792;"PER MF1"
17420;20116019;"PER MF1"
17502;20131094;"AES PFRO"
17503;20135109;"AES METZ"
17504;20135310;"AES SORG"
17505;20130191;INS1a
17506;20114626;"PER MK1"
17507;20111603;"PER MK1"
17508;20113811;"PER MK1"
17509;20111605;"PER MK1"
17510;20114629;"PER MK1"
17511;20114630;
17512;20111526;"PER MK1"
17513;20111590;"PER MK1"
17514;20114653;"PER MK1"
17515;20114655;"PER MK1"
17516;20114628;"PER MK1"
17517;20114627;"PER MK1"
17518;20114657;"PER MK1"
17519;20114658;"PER MK1"
17520;20114632;"PER MK1"
17521;20114633;"PER MK1"
17522;20114634;"PER MK1"
17523;20114654;"PER MK1"
17524;20114656;"PER MK1"
17525;20114646;"PER MK1"
17526;20111540;"PER MK1"
17527;20111541;"PER MK1"
17528;20113813;"PER MK1"
17529;20114652;"PER MK1"
17530;20111545;"PER MK1"
17531;20114647;"PER MK1"
17532;20114648;"PER MK1"
17533;20111528;"PER MK1"
17534;20114635;"PER MK1"
17535;20111558;"PER MK1"
17536;20113812;"PER MK1"
17537;20111559;"PER MK1"
17538;20114644;"PER MK1"
17539;20111566;"PER MK1"
17540;20111574;"PER MK1"
17541;20114651;"PER MK1"
17542;20111575;"PER MK1"
17543;20111581;"PER MK1"
17544;20114649;"PER MK1"
17545;20111531;"PER MK1"
17546;20111532;"PER MK1"
17547;20114625;"PER MK1"
17548;20111564;"PER MK1"
17549;20111548;"PER MK1"
17550;20111583;
17551;20114624;"PER MK1"
17552;20114650;"PER MK1"
17553;20114636;"PER MK1"
17554;20114641;"PER MK1"
17555;20114645;"PER MK1"
17556;20114639;"PER MK1"
17557;20114631;"PER MK1"
17558;20114637;"PER MK1"
17559;20114638;"PER MK1"
17560;20114640;"PER MK1"
17561;20114642;
17561;20114643;
17563;20134974;"GHM 7"
17564;20134754;"TRE BRIN"
17565;20134476;"MTP 2 PANH"
17566;20131045;"TOP AT.GRA 4"
17566;20126727;"TOP AT.GRA 4"
17567;20111618;
17568;20135233;"AES MOTT"
17569;20135190;"AES BRUH"
17570;20135181;"AES BEHN"
17571;20135273;"AES MOTT"
17572;20134899;"TOP DE 7"
17573;20135625;"MTP1 MOTT"
17574;20135598;"MTP1 HOLT"
17575;20131099;"TRE GROC"
17576;20136002;"VIS MOTT"
17577;20134975;GHM7
17578;20135424;"SCI KITT"
17579;20135425;"SCI KITT"
17580;20135158;"AES MOTT"
17581;20126017;GEN2
17582;20130580;GHM4
17583;20111570;"PER MK1"
17584;20131191;"REF2 SCHW"
17585;20130396;"INS3.1a CH"
17586;20130397;"INS3.1 a CH"
17586;20138365;"INS3.1 a CH"
17588;20146680;"KTS1 H.06.031"
17589;20135021;"GHM 7"
17590;20135785;"TRE SCHA"
17591;20135292;"AES DELI"
17592;2011457;
17593;20129909;"SCO MISC SHAK"
17594;20116567;
17595;20131117;INS3.1a
17596;20130757;GHM7
17597;20130889;"TOP RU 6"
17598;20131018;"TOP BE 3"
17600;20130897;"TOP FR 7"
17601;20146471;"KTS1 H.02.024"
17602;20114608;
17603;20143605;"KTS1 H.06.048"
17604;20114609;
17605;20146498;"KTS1 H.02.046"
17606;20146526;"KTS1 H.03.014"
17607;20143722;"KTS1 H.07.031"
17608;20135201;"AES MCAD"
17609;20131089;"LIT BERG a"
17610;20134310;"MTP1 RICH"
17612;20131092;"AES COLL"
17613;20114827;"TOP FR 5"
17613;20113337;"TOP FR 5"
17614;20130725;"INS3.3a FR"
17615;20131031;"INS3.3a FR"
17615;20131032;"INS3.3a FR"
17615;20131040;"INS3.3a FR"
17619;;
17619;20115805;
17621;20134984;"GHM 7"
17622;20130705;"TOP BE 0"
17622;20130706;"TOP BE 0"
17624;20129792;"BIO SCHU2 e"
17625;20130896;"TOP RU 0"
17627;20131114;"TOP RU 0"
17627;20131115;"TOP RU 0"
17628;20134063;REF1
17629;20132942;"PHI DEVI a"
17630;20133945;"PHI SERR a"
17631;20134448;"BIO BEET e"
17631;20131971;"BIO BEET e (reserve)"
17632;20131046;"TOP BE.GHE 5"
17633;20131083;"VIS VETH"
17635;20130617;GHM7
17636;20135168;"AES MULD"
17637;20130489;"INS1b BE"
17638;20130490;"INS1a BE"
17639;20130178;INS1a
17640;20127990;"TOP NL 5"
17642;20135998;"TRE MEUL"
17643;20135639;"MTP1 BERK"
17644;20135206;"AES EVER"
17645;20135070;"AES BROE"
17646;20134086;"MTP5 GERM"
17647;20130692;GHM7
17649;20130170;"INS10.9a WITT"
17650;20131398;"MTP5 SEND"
17651;20130366;"INS3.1a NL.GRO"
17652;20117149;
17653;20132841;"PHI MARC a"
17654;20133359;"PHI RUSS a"
17655;20133236;"PHI CASS a"
17656;20133582;"PHI BART a"
17657;;"PHI BART a"
17658;20133264;"PHI FAHR a"
17659;20131162;"REF2 MORT"
17660;20134895;"TOP US.NEW1"
17661;20134907;"TRE BREN"
17662;201161;
17663;20134843;"TRE BOEH"
17664;20133344;"PHI NIET a"
17665;20133343;"PHI NIET a"
17666;20133342;"PHI NIET a"
17667;20133341;"PHI NIET a"
17668;20133340;"PHI NIET a"
17669;20133339;"PHI NIET a"
17670;20133338;"PHI NIET a"
17671;20135288;"VIS DIDI"
17672;20135290;"AES DEGR"
17673;20117611;
17674;20145614;"BIO BEET e"
17674;20145615;"BIO BEET e"
17676;20112324;
17677;20112317;
17678;20112330;
17679;20129077;"BIO MOZA3 d"
17679;20143824;"BIO MOZA3 d"
17680;20130875;"TOP FR 6"
17681;20118178;
17682;;
17683;20135155;"AES CORT"
17684;20131220;"REF2 CLAN"
17685;20143856;"AES TEUB"
17686;20112350;
17687;20132775;"PHI DENT a"
17688;20132724;"PHI ADDI a"
17689;20132857;"PHI PLUT b MEEU"
17690;20133611;"PHI BERN a"
17691;20133225;"PHI ARIS b MEYE"
17692;20121295;"BIB4 NL 5"
17692;20131077;"BIB4 NL 5"
17692;20131078;"BIB4 NL 5"
17695;20143717;"KTS1 H.07.020_02"
17695;20143716;"KTS1 H.07.020_01"
17698;20124888;"SCO S VALE"
17699;20132733;"PHI ADOR a"
17700;20129853;"BIO FELD e"
17701;20112331;
17702;20116720;"SCI BARA"
17703;20134070;REF1
17704;20135029;"GEN 18"
17705;20130675;"MTP1 DAHL"
17706;20134047;"MTP1 DAHL"
17707;20130676;"MTP1 DAHL"
17709;2013672;"MTP1 DAHL"
17710;20134045;
17711;20134046;"MTP1 DAHL"
17712;20112215;"Glass cupboard"
17712;20112205;"Glass cupboard"
17714;20135576;"MTP1 ABRA"
17715;20133123;"PHI HEIN a"
17716;20126023;"INS3.3c JOHN"
17717;20134776;"TRE LIGE"
17718;20133003;"PHI MIKL a"
17719;20130742;"GHM 7"
17720;20130743;"GHM 7"
17721;20130744;"GHM 7"
17722;20130745;"GHM 7"
17723;20130746;"GHM 7"
17724;20135180;"AES AVAN"
17725;20133214;"PHI ARIS b ACKR"
17726;20130174;INS9a
17727;20130175;INS6.4c
17728;20111314;"TOP NL.AMS 7"
17729;20131606;"AES KIVY"
17730;20130543;"PHI0 JAME"
17733;20110824;REF1
17733;20110798;REF1
17733;20110797;REF1
17733;20110799;REF1
17733;20110800;REF1
17733;20110801;REF1
17733;20110802;REF1
17733;20110803;REF1
17733;20110804;REF1
17733;20110805;REF1
17733;20110806;REF1
17733;20110807;REF1
17733;20110808;REF1
17733;20110825;REF1
17733;20110809;REF1
17733;20110810;REF1
17733;20110811;REF1
17733;20110812;REF1
17733;20110813;REF1
17733;20110814;REF1
17733;20110815;REF1
17733;20110816;REF1
17733;20110817;REF1
17733;20110818;REF1
17733;20110819;REF1
17733;20110820;REF1
17733;20110821;REF1
17733;20110822;REF1
17733;20110823;REF1
17760;20134062;REF1
17761;20114610;
17762;20133196;"PHI VICO b MAZZ"
17763;20129699;"BIO BRAX e"
17764;20135005;GHM7
17765;20135146;"AES WILL"
17766;20115797;"TOP DE.DAR 7"
17767;20112300;
17768;20112304;
17769;20116226;"TOP DE 7"
17770;20135030;GEN17
17771;20135676;"MTP1 RISA"
17772;20134915;GHM0
17773;20134989;GHM0
17774;20130707;GHM0
17775;20134399;"MTP3 CRIS"
17776;20129564;"AES GRIT"
17777;20132420;"PHI DELA a"
17778;20135483;"MTP 4 MILE"
17779;20133676;"PHI GIBB a"
17779;20130552;"PHI GIBB a"
17780;20113856;
17781;20134425;"MTP3 MEEL"
17782;20112911;
17783;20133594;"PHI BERK a"
17784;20133168;"PHI NEWT b VAND"
17785;20130994;"INS5.2c HOPK"
17786;20129921;"BIO GOMB e"
17787;20129782;"BIO MEDT d"
17788;20135969;"BIO VICE e"
17789;20130192;"TOP NL 4"
17790;20130241;"INS6.2b XL"
17791;20115692;
17792;20133496;"PHI NIET b DANT"
17793;20133493;"PHI NIET b TANN"
17794;20139118;"PHI NIET b PORT"
17795;20139117;"PHI NIET b KREM"
17796;20113981;
17797;20133497;"PHI NIET b BREA"
17798;20130886;"TOP BE.FLA 7"
17799;20133179;"PHI ROSE a"
17800;20116111;
17801;20113155;
17802;20130728;GHM0
17803;20130918;"TOP GB 6"
17803;20130917;"TOP GB 6"
17803;20130916;"TOP GB 6"
17806;20130747;"GHM 6"
17807;20134960;"GHM 6"
17808;20125992;"TOP JP 0"
17808;20125991;"TOP JP 0"
17809;20131530;GHM7
17810;20135422;"SCI KAHN"
17811;20111353;"VIS GHYK"
17812;20130895;"GEN 2"
17813;20130894;"GEN 2"
17814;20129865;"BIO ROSS3 d"
17815;20112319;
17816;20146557;"KTS1 H.03.038"
17817;20146480;"KTS1 H.02.026"
17818;20129719;"BIO CAGE e"
17819;20135366;"AES PREE"
17820;20135640;"MTP1 JASC"
17821;20138982;"MTP2 BRAN"
17822;20143707;"KTS1 H.XX.XX"
17823;20115904;
17824;20135683;"MTP1 PARR"
17825;20136098;"TRE CAGE"
17826;20143871;"MTP1 SCHM"
17827;20132905;"PHI ADOR a"
17828;20143611;"KTS1 H.06.054"
17829;20135690;"MTP1 TAUB"
17830;20135720;"PHI ADOR a"
17831;20143592;"KTS1 H.06.039"
17832;20133850;"PHI NUSS a"
17833;20130217;"KTS1 H.10.026"
17834;20134933;"GHM 3"
17835;20134832;"BIO SCIA e"
17836;20133056;"PHI UEHL a"
17837;20134822;"TRE STEU"
17838;20133061;"PHI TREN a"
17839;20131123;"KTS1 H.09.013_01"
17839;20143764;"KTS1 H.09.013_02"
17841;20146569;"KTS1 H.03.047"
17842;20130960;"KTS1 H.01.014"
17843;20143699;"KTS1 H.07.019"
17845;20146600;"KTS1 H.04.023"
17846;20146648;"KTS1 H.06.005"
17847;20130933;
17848;20130506;
17849;20130156;"KTS1 C3.20 01"
17850;20134311;GHM7
17851;20115116;
17852;20134483;"MTP 2 KREM"
17852;20143662;"MTP 2 KREM"
17853;20124783;"TRE KREM"
17854;20138709;"SCI DAST"
17855;20135229;"AES LEVI1"
17856;20132801;"PHI KANT a"
17857;20131128;"REF3 KRUI"
17858;20133814;"PHI LESE a"
17859;20116535;GHM7
17860;20117052;
17861;20135634;"MTP1 ISAC"
17863;20114602;"BIO MAUS d"
17863;20116823;"BIO MAUS d"
17863;20146598;"KTS1 H.04.004"
17864;2013152;
17865;20130538;"VIS DIDI"
17867;20133143;"PHI KANT b PHIL"
17868;20133142;"PHI KANT b PHIL"
17869;20130625;"BIO HUCB e"
17870;20133103;"PHI EGO a"
17871;20146622;"KTS1 H.05.002"
17871;20146615;"KTS1 H.05.003"
17871;20146616;"KTS1 H.05.004"
17871;20146617;"KTS1 H.05.005"
17871;20146618;"KTS1 H.05.006"
17871;20146619;"KTS1 H.05.007"
17871;20146620;"KTS1 H.05.008"
17871;20146621;"KTS1 H.05.009"
17871;20146623;"KTS1 H.05.010"
17871;20146624;"KTS1 H.05.011"
17871;20146625;"KTS1 H.05.012"
17871;20146626;"KTS1 H.05.013"
17871;20146627;"KTS1 H.05.014"
17871;20146628;"KTS1 H.05.015"
17871;20146629;"KTS1 H.05.016"
17871;20146630;"KTS1 H.05.017"
17871;20146631;"KTS1 H.05.018"
17871;20146632;"KTS1 H.05.019"
17871;20146633;"KTS1 H.05.020"
17871;20146634;"KTS1 H.05.021"
17871;20146635;"KTS1 H.05.022"
17871;20146637;"KTS1 H.05.023"
17871;20146638;"KTS1 H.05.024"
17871;20146636;"KTS1 H.05.025"
17871;20146642;"KTS1 H.05.026"
17871;20146639;"KTS1 H.05.027"
17871;20146640;"KTS1 H.05.028"
17871;20146641;"KTS1 H.05.029"
17899;2013136;"KTS1 H.04.035"
17901;20132933;"PHI DESC b ADAM"
17902;20132950;"AES DIDE"
17903;20133276;"TRE DIDE"
17904;20134795;"TRE RIHM"
17905;20113787;
17906;20117177;"SCO DUFA"
17907;20130173;"INS3.3b STEI"
17908;20130431;"INS3.1e NL.HIL"
17909;20113709;
17910;20145612;"MTP2 PERE"
17911;20132780;"PHI DERR a"
17912;20132726;"AES ADDI"
17913;20131170;"REF2 WESS"
17914;20134379;"MTP3 BROO"
17915;20114846;
17916;20115145;
17917;20134635;"SCO XL NONO"
17918;20114235;
17919;20134317;"REF3 DEHA"
17920;20112323;
17921;20133535;"PHI SCAR a"
17922;20135529;"MTP 2 COES"
17923;20146564;"KTS1 H.03.044"
17924;20114564;
17925;20135332;"AES LEMA"
17926;20130984;"TOP NL 7"
17927;20131160;"REF2 OOST"
17928;20117604;
17929;20131159;"REF2 OOST"
17930;20117600;
17931;20131157;"REF2 OOST"
17932;20131158;"REF2 OOST"
17933;20125987;"INS3.3c SAND"
17934;20135370;"AES BERE"
17935;20136010;"TRE WISH"
17936;20135506;"SCI KWA"
17937;20134372;"TRE CARL"
17938;20133560;"PHI WOLL a"
17939;20135471;"MTP4 BUTL"
17940;20136197;"TRE HANS"
17941;20131350;"MTP5 CLAR"
17942;20115861;
17943;20131344;"MTP5 BLOK"
17944;20135738;"TRE HELM"
17945;20135015;"AES ELKI"
17946;20130762;"TOP NL.EIN 7"
17947;20143872;"PHI KILW a"
17948;20133023;"PHI QUIN a"
17949;20130523;"PHI MALA a"
17950;20133745;"PHI HUSS b BOER"
17951;20135341;"AES KONS"
17952;20113707;
17953;20134394;"MTP3 DAEM"
17954;20132741;"PHI BRAI a"
17956;20132865;"PHI POPP a"
17956;20132864;"PHI POPP a"
17957;20133104;"PHI ECO a"
17958;20131019;"TOP FR.PAR"
17959;20135388;"GEN 16"
17960;20130724;"TOP DE 5"
17961;20130907;"GEN 16"
17962;20131006;"TOP BE.FLA"
17963;20111159;
17964;20133867;"PHI NUSS a"
17966;20130466;"INS3.1e NL.KED"
17966;20130377;"INS3.1e NL.KED"
17967;20133380;"PHI WITT a"
17968;20129771;"BIO WEBE2 e"
17969;20132906;"PHI ADOR a"
17970;20133811;"PHI LESS a"
17973;20134028;"LIT PROU a"
17973;20134018;"LIT PROU a"
17973;20134020;"LIT PROU a"
17973;20134026;"LIT PROU a"
17973;20134027;"LIT PROU a"
17973;20134019;"LIT PROU a"
17973;20134029;"LIT PROU a"
17977;20134021;"LIT PROU a"
17979;20135097;"AES VAND"
17980;20138988;GEN2
17981;20139106;"PHI ONG a"
17982;20135307;"AES FINN"
17983;20134672;"TRE ARBE"
17984;20114135;
17985;20134484;"MTP 2 KOUR"
17986;20114839;
17987;20118266;
17987;20115063;
17988;20134998;"GHM 7"
17989;20135509;"SCI BORS"
17990;20133421;"PHI FOUC a"
17991;20133027;"PHI PRIG a"
17992;20130113;INS3.1a
17994;20133187;"PHI ROUS a"
17995;20130407;"INS3.1e GB.BAT"
17996;20113803;
17997;20130419;"INS3.1e NL.BOX"
17998;20130776;"INS3.1e NL.RAE"
17999;20130378;"INS3.1e NL.STA"
17999;20130851;"INS3.1e NL.STA"
18000;20130857;"INS3.1e NL.ELB"
18001;20130463;"INS3.1e AT.ADL"
18002;20130920;"INS3.1e NL.SCH"
18003;20130416;"INS3.1e NL.ALM"
18004;20130445;"INS3.1e NL.RUU"
18005;20130861;"INS3.1e NL.ZAN"
18006;20130379;"INS3.1e NL.HOO2"
18006;20130849;"INS3.1e NL.HOO2"
18007;20130456;"KTS1 C2.20 08B29"
18008;20130371;"INS3.1e NL.ASP"
18009;20130862;"INS3.1e NL.EEN"
18010;20130454;"INS3.1e NL.WIR"
18011;20130434;"INS3.1e BE.KOE"
18012;20130569;"INS3.1e NL.LEI"
18013;20130455;"INS3.1e NL.ZAA"
18014;20130442;"INS3.1e NL.OOT"
18015;20130427;"INS3.1e NL.HEL"
18016;20130425;"INS3.1e NL.GRO2"
18017;20130464;"INS3.1e DE.ARN"
18018;20117761;"INS3.1d BE"
18019;20130375;"INS3.1b SCHM"
18020;20130408;"INS3.1a UK"
18021;20130438;"INS3.1e NL.NIJ"
18021;20130818;"INS3.1e NL.NIJ"
18022;20130182;INS3a
18023;20130450;"INS3.1e NL.UTR"
18023;20126627f;"INS3.1a NL"
18024;20130417;"INS3.1e NL.AMS"
18025;20130361;"INS3.1e NL.BAT"
18026;20130440;"INS3.1e NL.OOS"
18027;20130372;"INS3.1e NL.PAE"
18028;20130362;"INS3.1e NL.ZAL"
18029;20130393;"INS3.1e SE.FAL"
18030;20130819;"INS3.1e SE.LEK"
18030;20130394;"INS3.1e SE.LEK"
18031;20130384;
18032;20130400;"INS3.1e FR.CUC"
18033;20130568;"INS3.1e BE.GER"
18034;20130398;"INS3.1e FR.AND"
18035;20130386;"INS3.1a ES"
18036;20130395;"INS3.1 e CH.BUL"
18037;20130402;"INS3.1e FR.RIB"
18038;20138991;"TRE BOUL"
18039;20144148;"KTS1 H.08.027"
18041;20143596;"KTS1 H.06.043"
18042;20139961;"TOP DE 5"
18043;20133178;"PHI ROSM a"
18044;20135372;"AES WALL"
18045;20135244;"AES STUM"
18046;20146583;"KTS1 H.03.053"
18047;20129927;"BIO SCHU11 d"
18048;20112303;
18049;20135476;"MTP4 LANG"
18050;20129929;"BIO STRA5 a"
18051;20129788;"BIO MERI a"
18052;20134030;"LIT SHAK a"
18053;20133275;"PHI FIUM a"
18054;2013151;"KTS1 H.06.35"
18055;2013145;"KTS1 H.04.037"
18058;20115371;
18058;20115372;
18058;20116581;
18058;20116337;
18060;20114843;
18061;20114844;
18062;20130359;"TOP NL.LIM"
18063;20129790;"BIO TOME a"
18064;20134686;"SCO MISC TARU"
18065;20133197;"PHI VICO a"
18066;20132937;"PHI DESC a"
18067;20134390;"MTP3 RUIT"
18068;20133233;"PHI AUGU a"
18069;20133734;"PHI HUSS a"
18070;20133384;"PHI AYER a"
18071;20133159;"PHI MONT a"
18072;20130436;"INS3.1e NL.LIS"
18073;20133668;"BIO GALI2 e"
18074;20133511;"PHI SART a"
18075;20135130;"AES OOST"
18076;20131096;"TRE ANDR"
18077;20132940;"PHI DEWA a"
18078;20132802;"PHI KANT a"
18079;20112609;
18080;20130779;"INS3.1b KLIM"
18081;20135448;"SCI TONG"
18082;20133002;"PHI MILL a"
18083;20130115;"KTS1 H.04.010"
18084;20133377;"PHI WITT a"
18085;20112893;
18086;20130622;"TOP FR 3"
18087;20134065;
18088;20133977;"PHI HOND"
18089;20131232;REF1
18090;20135334;"AES LEVI"
18091;20133164;"PHI MORS a"
18092;20134400;"MTP3 COLL"
18093;20135635;"MTP1 GOPI"
18094;20135636;"MTP1 GOPI"
18095;20129553;"AES KIM"
18096;20135213;"AES HALL"
18097;20135383;GEN21
18098;20139441;GHM5
18099;20112178;
18100;20112179;
18101;20117614;
18102;20130963a;"KTS1 H.02.002a"
18103;20134948;"GHM 4"
18104;20131112;
18105;20134897;"TOP PS 0"
18106;20129860;"BIO PALE e"
18107;20122534;GEN5
18107;20131043;GEN5
18108;20129869;"BIO PALE f"
18109;20111579;"PER MK1"
18110;20116969;
18111;20135369;"AES MENG"
18112;20133097;"LIT DIDE a"
18113;20135415;"SCI DOOV"
18114;20133946;"PHI SERR a"
18115;20130695;"TOP FR.PAR 6"
18116;20115687;
18117;20133720;"PHI GUSD a"
18118;20133787;"phi lave a"
18119;20136412;"KTS1 C3.15 (16)"
18120;;
18121;;
18122;;
18123;;
18124;20132882;"PHI STRA a"
18125;20131241;"REF3 POLI"
18126;20126044;"VIS DEWI"
18127;20126451;"MTP2 MOEL"
18127;20134684;"MTP2 MOEL"
18128;20115872;
18129;20130216;"KTS1 H.10.027"
18130;20133882;"PHI PASB b SCHN"
18131;20133881;"PHI PASC b BEGU"
18132;20133875;"PHI PASC b BOUC"
18134;20133871;"PHI PASC a"
18135;20132883;"PHI PAST b STOK"
18136;20131529;"HUM LOWE"
18137;20134992;"GHM 7"
18138;20135430;"SCI LAUR"
18139;20132830;"PHI MACE a"
18140;20130488;"BIB4 FR.ALS"
18141;20116974;
18142;20132793;"PHI HANS a"
18143;20115817;
18144;20145714;"BIO KLEE e"
18144;20145713;"BIO KLEE e"
18145;20133171;"PHI NATO b KREB"
18146;20135032;GEN16
18146;20143657;GEN16
18147;20136097;"TRE BOUL"
18148;20112307;
18149;20117580;
18150;20114234;
18151;20133880;"PHI PASC a"
18152;20131090;"PHI PASC a"
18153;20134844;"TRE BOUL"
18154;20134506;"PHI MORI a"
18155;20116351;
18156;20135208;"AES DELI"
18157;201195;
18158;20135018;GHM7
18159;20134465;"MTP 2 CARL"
18160;20135548;"MTP 2 SATA"
18161;20131323;"LIT HARR a"
18162;20135977;"TOP IT 5"
18163;20134501;"TRE ROOL"
18164;20114458;
18165;20133361;"PHI WIRT a"
18166;20134496;"MTP 2 SWIN"
18167;20134924;GHM3
18168;20131242;"REF3 MARS"
18169;"20129683, 20129562";"BIO BRAH e"
18170;20134473;"MTP2 PHIL"
18170;20135539;"MTP2 PHIL"
18171;20134455;"MTP2 DUNS"
18172;20116311;
18173;20130979;"BIO XENA e"
18174;20130460;INS8a
18175;20134792;"TRE MESS"
18176;20111596;"PER MK1"
18177;20132860;"PHI POLA a"
18178;20134868;"TRE TAPI"
18179;20133607;"PHI BLON a"
18180;20132840;"PHI MARR a"
18181;20115494;
18182;20131097;"TOP BE.FLA 6"
18183;20135166;"AES ARBO"
18184;20135264;"AES RICH1"
18185;20133438;"PHI HURL a"
18186;20135131;"AES RAHN"
18187;20131255;"MTP2 JACO"
18188;20129637;"BIO BENO d"
18189;20129613;"BIO BENO d"
18190;20129855;"BIO WARL d"
18191;20117423;
18192;20146494;"KTS1 H.02.042"
18193;20135266;"AES BADI"
18194;20143737;"KTS1 H.10.031"
18195;20143795;"KTS1 H.07.037"
18196;20135800;"TRE CRUC"
18197;20133305;"PHI HEGE a"
18198;20133742;"PHI HUSS b BROE"
18199;20116064;
18200;20131149;"REF2 FEIB"
18201;20146651;"KTS1 H.06.007"
18202;20133682;"PHI GALL a"
18203;20132874;"PHI SPIE a"
18204;20131163;"REF2 MOUS"
18205;20132844;"PHI MERL a"
18206;20135723;"PHI KWAN a"
18207;20133212;"PHI WAEL a"
18208;20115495;
18209;20133058;"PHI THAO a"
18210;20133704;"PHI GURW a"
18211;20135459;"AES HOFF"
18212;20133012;"PHI MERL a"
18213;20126042;"VIS GELD"
18214;20136017;"TRE VITR"
18215;20133182;"PHI ROKE a"
18216;20135125;"AES NOUD"
18217;20133967;"PHI0 OYEN"
18218;20135311;"AES HANF"
18219;20133054;"PHI URMS a"
18220;20133645;"AES DANT"
18221;20112776;
18222;20133672;"PHI GADA a"
18223;20133382;"PHI WITT a"
18224;20133381;"PHI WITT a"
18225;20132879;"PHI STRA a"
18226;20133386;"PHI AUST a"
18227;20135085;"AES BOWM"
18227;20135077;"AES BOWM"
18229;20133763;"PHI JOHN a"
18230;20133869;"PHI PASS a"
18231;20133610;"PHI BIRD a"
18232;20133458;"PHI HUSS a"
18233;20132996;"PHI KANT b DELE"
18234;20133008;"PHI MERL b WAEL"
18235;20131265;"KTS1 C3.15 (8)"
18236;20133109;"PHI HEID b WAEL"
18237;20133791;"PHI LAND a"
18238;20112862;
18239;20133021;"PHI QUIN a"
18240;20132904;"PHI ADOR a"
18241;20132911;"PHI ADOR a"
18244;20133247;"PHI CASS a"
18244;20132922;"PHI CASS a"
18244;20132924;"PHI CASS a"
18244;20132923;"PHI CASS a"
18247;20132786;"PHI HAN a"
18248;20135457;"AES LASS"
18249;20133161;"PHI NATO a"
18250;20146611;"KTS1 H.04.046"
18251;20135325;"AES KIVY"
18252;20130509;"PHI LARU a"
18253;20133255;"PHI CASS a"
18254;20133860;"PHI OVIN a"
18255;20135688;"MTP1 WALD"
18256;20133652;"PHI FREY a"
18257;20133205;"PHI WEER a"
18258;20132728;"PHI ADOR a"
18259;20133798;"PHI LEIB a"
18260;20133642;"AES DANT"
18261;20135060;"AES LIPP"
18262;20126014;"AES VERM"
18263;20133362;"PHI WISD a"
18264;20133699;"PHI GLOV a"
18265;20135042;"AES FERR"
18266;20133048;"PHI TAYL  a"
18267;20133181;"PHI RORT a"
18268;20133990;"PHI0 BOCH"
18269;20134880;"REF4 CASS"
18270;20133790;"PHI LANG a"
18271;20135096;"AES MARG"
18272;20135037;"AES CARR"
18273;20133206;"PHI WEBE a"
18274;20114469;
18275;20133938;"PHI SEAR a"
18276;20133325;"PHI KATZ a"
18277;20133357;"PHI RUSS a"
18278;20133410;"PHI CHAP a"
18279;20110161;"AES ADOR"
18280;20135268;"AES VANL"
18281;20131940;"PHI OKAS a"
18282;20134006;"PHI0 ROBE"
18283;20133245;"PHI CASS a"
18284;20112709;
18285;20135297;"AES DAVI"
18286;20131939;"PHI LEPO a"
18287;20133547;"PHI WITT b PITC"
18288;20133441;"PHI HUME b VINK"
18289;20143760;"KTS1 H.09.006"
18291;20136340;"SCI CANA"
18292;20132916;"PHI CARN a"
18293;20138987;"SCI JAVA"
18294;20135398;"SCI BERT"
18295;20125988;"INS3.3c BANO"
18296;20126019;"INS3.3d NOYL"
18297;20111386;
18298;20112400;
18299;20112334;
18300;20115679;"TOP FR 6"
18301;20114528;
18302;20116678;
18303;20117378;
18304;20114831;
18305;20134478;"MTP 2 NAVI"
18306;20111520;
18307;20131963;INS3.3b
18308;20126022;"INS3.3c GIES"
18309;20130533;"BIO DEBU e"
18310;20113501;"BIO BOUL d"
18311;20111585;"PER MK1"
18312;20134855;"TRE BOUL"
18313;20115903;
18314;20115902;
18315;20129666;"BIO BOUL e"
18316;20129943;"BIO RUE d"
18318;20134640;"SCO NONO"
18319;20129851;"BIO HENR d"
18321;20123078;"BIO VANM1 d"
18321;20115785;
18322;20130973;"GHM 7"
18323;20130768;"INS3.1b ANNE"
18324;20130231;"BIO PAES d"
18326;20114838;
18327;20138964;"HUM SUMP"
18328;20135657;"MTP1 SCHU"
18329;20133810;"PHI LEVI a"
18330;20135778;"TRE ADAM"
18332;20126002;GEN2
18333;20131145;"REF2 GODW"
18336;20133896;"PHI PLAT a"
18337;20133895;"PHI PLAT a"
18339;;"PHI PLAT a"
18340;20133904;"PHI PLAT b HOFF"
18341;20133903;"PHI PLAT a"
18342;20133900;"PHI PLAT b HEID"
18343;20132856;"PHI PLAT b KOOL"
18344;20133899;"PHI PLAT b LEIN"
18345;20132855;"PHI PLAT b TAYL"
18346;20133905;"PHI PLAT a"
18347;2011602;
18348;2011118;
18349;20126453;"MTP2 BUTT"
18349;20134466;"MTP2 BUTT"
18351;20135161;"AES AGAW"
18352;20134392;"MTP3 DECA"
18353;20135993;"TRE BARZ"
18354;20130382;
18355;20129863;"BIO GOET e"
18356;20115727;
18357;20129846;"BIO MACH e"
18358;20135764;"TRE STRA"
18358;20134788;"TRE STRA"
18359;20133472;"PHI KESS a"
18360;20135792;"TRE MARK"
18361;20138992;"PHI DERR a"
18362;20115030;
18363;20135484;"MTP 4 POLI"
18364;20115807;"BIO BEET e"
18365;20133043;"PHI RANC a"
18366;20113483;
18367;20130521;"PHI FOUC a"
18368;20133605;"PHI BOEH a"
18369;20144244;"TOP FR 7"
18371;20134508;"SCO MISC FISC"
18371;20134509;"SCO MISC FISC"
18371;20134510;"SCO MISC FISC"
18371;20132233;"SCO MISC FISC"
18373;20131414;"MTP5 WRIG"
18373;20131415;"MTP5 WRIG"
18374;20135643;"MTP1 MULD"
18375;20114130;
18376;20135620;"MTP1 MAHN"
18376;20135621;"MTP1 MAHN"
18377;20144524;"TOP IT.ROM 7"
18378;20129783;"BIO XENA b"
18379;20129781;"BIO MESS d"
18380;20135024;"GHM 7"
18381;20130391;"INS3.1b SYLL"
18382;20133030;"PHI POS a"
18383;20135058;"AES KIVY"
18384;20131025;INS2a
18385;20133017;"PHI MOHA a"
18386;20135469;"MTP 4 DEWI"
18387;20117758;
18388;20114177;
18389;20134040;"LIT LEHM a"
18390;20131165;"REF2 WISK"
18391;20113868;
18392;20132761;"PHI BUTL a"
18393;20112369;
18394;20135016;"GHM 7"
18395;20134043;"LIT EIER a"
18396;20133574;"PHI BELS a"
18397;20116837;
18398;20116836;
18399;20129857;"BIO MADE e"
18400;20133617;"PHI CITT a"
18401;20113790;
18402;20130540;"PHI FOUC a"
18403;20132357;"SCI BRIN"
18404;20135040;"AES GURN"
18406;20134453;"MTP2 ERRI"
18407;20135051;"AES KATZ"
18408;20130908;"TOP US 7"
18409;20114553;
18410;20134681;"TRE GASP"
18411;20134359;"MTP3 BARR"
18412;20134371;"MTP3 ALLE"
18413;20130553;"MTP3 NELS"
18414;20134468;"MTP2 RINK"
18415;20134464;"MTP2 CERV"
18416;20133532;"PHI SCHA a"
18417;20133533;"PHI SCHA a"
18418;20134463;"MTP2 CHAF"
18419;20130546;"PHI DELE b ATTI"
18420;20134406;"MTP3 JARV"
18421;20133598;"PHI BOUR b GEBA"
18422;20146602;"KTS1 H.04.027"
18423;20125986;"INS3.3c CAST"
18424;20130585;"HUM GOSD"
18425;20118014;
18426;20146593;"KTS1 H.03.058"
18427;20116068;
18428;20146474;"KTS1 H.02.021"
18429;20115016;
18430;20133564;"PHI BART a"
18431;20113871;
18432;20131212;"REF2 BECK"
18433;20133968;"PHI0 OSBO"
18434;20114761;
18435;20130656;"INS3.2c DAND"
18437;20124989;"INS3.2c SAIN"
18437;20130184;"INS3.2c SAIN"
18438;20135692;"MTP1 VERB"
18439;20133177;"PHI ROSM a"
18440;20130557;"PHI LARU a"
18441;20133751;"PHI JAME a"
18441;20133750;"PHI JAME a"
18443;20133614;"PHI COHE a"
18444;20133163;"PHI MOSE a"
18445;20131179;"REF2 VERS"
18446;20132867;"PHI SPIN b VAND"
18447;20132823;"PHI KANT b HERR"
18448;20133635;"PHI CRAM a"
18449;20132825;"PHI KANT b MALO"
18450;20133170;"PHI NATO b GRAE"
18451;20133162;"PHI MUGN a"
18452;20133536;"PHI SAVI a"
18453;20133152;"PHI KANT b WEIL"
18454;20143594;"KTS1 H.06.041"
18455;20130990;"TOP FR 5"
18456;20133387;"PHI AYER a"
18457;20132913;"PHI CASS a"
18458;20133371;"AES WEIT"
18459;20135331;"AES LANG"
18460;20133282;"PHI FEYE a"
18461;2013399;"PHI0 AJDU"
18462;20117054;"GHM 3"
18463;20131239;"REF3 WILL"
18464;20111503;
18465;20131237;"REF3 WILL"
18466;20131235;"REF3 WILL"
18467;20113534;
18468;20132803;"PHI KANT a"
18469;20133687;"PHI GORL a"
18470;20131132;"REF2 LELI"
18471;20146472;"KTS1 H.02.023"
18472;20131397;"MTP5 STAA"
18473;20133355;"PHI RUSS a"
18474;20133167;"TOP IT 4"
18475;20134382;"MTP3 BLIE"
18476;20136152;"TRE BELD"
18477;20132835;"PHI MERL a"
18478;20129813;"BIO PROU e"
18479;20115448;
18480;20129814;"BIO PROU e"
18481;20115599;
18482;20136335;"BIB1 PEAR"
18483;20115315;
18484;20130023;"KTS1 H.04.008"
18485;20114228;
18486;20135265;"AES BAUD"
18487;20113346;
18488;20133434;"PHI WOLL b HOPK"
18489;20135228;"AES LEVI1"
18490;20133047;"PHI TERV a"
18491;20113948;
18492;20133292;"PHI HERD b FUGA"
18493;20131187;"REF2 STER"
18494;20135226;"AES LEHM"
18495;20135239;"AES REVE"
18496;20133870;"PHI PASH a"
18497;20135207;"AES DEUT"
18498;20135259;"AES SEAS"
18499;20135243;"AES TAN"
18500;20132787;"PHI HAN a"
18501;20131207;"REF2 AMER"
18502;20113873;
18503;;
18504;20131176;"REF2 SILV"
18505;20134869;"REF2 CUMM"
18506;20115378;
18507;20115387;
18508;20134784;"TRE KAND"
18509;20130015;"BIO PURC1 d"
18510;20130878;"TOP ES 4"
18511;20134012;"LIT HERT a"
18512;20131156;"REF2 PATT"
18513;20138966;"HUM FUMA"
18514;20113991;
18515;20115055;
18516;20131608;"AES ADOR"
18517;20116879;
18518;20116876;
18519;20115823;
18521;20129623;"BIO BEET e"
18522;20133149;"PHI KANT b BERL"
18527;20130475;"BIB3 EITN"
18527;20130474;"BIB3 EITN"
18527;20130473;"BIB3 EITN"
18527;20130472;"BIB3 EITN"
18527;20130482;"BIB3 EITN"
18527;20130481;"BIB3 EITN"
18527;20130480;"BIB3 EITN"
18527;20130479;"BIB3 EITN"
18527;20130478;"BIB3 EITN"
18527;20130477;"BIB3 EITN"
18527;20130476;"BIB3 EITN"
18534;20143802;"KTS1 H.10.008"
18535;20146664;"KTS1 H.06.013"
18536;20133844;"PHI LYOT a"
18537;20132976;"PHI KANT b PHIL"
18538;201340000;"PHI0 DART"
18539;20135197;"AES GOEH"
18540;20133186;"PHI ROUS b CASS"
18541;20133892;"PHI PEAR a"
18542;20143711;"KTS1 H.XX.XX"
18543;20113992;
18544;20113698;
18545;20135608;"MTP1 HELF"
18546;20131017;"TOP DE 4"
18547;20130639;"GHM 7"
18548;20133754;"PHI ISRA a"
18549;20112380;
18550;20132836;"PHI MEKK a"
18551;20133950;"PHI SERR a"
18552;20129789;"BIO LAZK b"
18553;20146491;"KTS1 H.02.039"
18554;20146490;"KTS1 H.02.038"
18555;20112715;
18556;20133630;"PHI COTT a"
18557;20134898;"TOP FR.PAR 7"
18559;20135553;"MTP 2 FRIS"
18560;20112431;
18561;20130637;INS3.3d
18562;20113837;
18563;20133597;"PHI BERG a"
18564;20133857;"PHI NOEL a"
18565;20133558;"PHI WRIG a"
18566;20130102;INS1a
18567;20113860;
18568;20131332;"LIT DERI a"
18569;20143736;"KTS1 H.10.032"
18570;20134411;"MTP3 LECH"
18571;20135784;"TRE SCHA"
18571;20111056;"TRE SCHA"
18574;20134053;"MTP3 DAUT"
18575;20146461;"KTS1 H.02.013"
18576;20131203;"REF2 DENE"
18577;20131202;"REF2 DENE"
18578;20131205;"REF2 DENE"
18579;20131204;"REF2 DENE"
18580;20131200;"REF2 DENE"
18581;20131199;"REF2 DENE"
18582;20133698;"PHI GOOD a"
18583;20134049;"MTP4 MERR"
18584;20130363;"INS3.1e NL.ELB"
18585;20113032;
18586;20115682;
18587;20139093;"AES DOGA"
18589;;INS6.1d
18590;20135368;"AES EISE"
18591;20135587;"MTP1 CAST"
18593;20143586;"KTS1 H.06.028"
18593;20146685;"KTS1 H.06.029"
18594;20133678;"PHI GELL a"
18595;20130913;"TOP HU 6"
18596;20135093;"TRE GOET"
18597;20133280;"PHI FICH a"
18598;20115456;
18599;20135087;"AES HALS"
18600;20133942;"PHI SEAR a"
18601;20135275;"GEN 2"
18602;20133825;"PHI LINS a"
18603;20132850;"PHI PLAT a"
18604;20131169;"REF2 WILL"
18605;20121522;"MTP2 BLIN"
18605;20130551;"MTP5 BLIN"
18606;20143849;"AES TREI"
18607;20134416;"MTP4 ODA"
18608;20134048;"PHI SCHO a"
18609;20146659;"KTS1 H.06.009"
18610;20133406;"PHI CHOM a"
18611;20135031;GEN16
18612;20113920;
18613;20139433;"PHI BOUR a"
18615;20124886;"INS4.5c GANA"
18615;20146038;"INS4.5c GANA"
18616;20135745;"TRE LENO"
18617;20133323;"PHI KAUF a"
18618;20130593;"TOP FR.REI 3"
18619;20136413;"KTS1 C3.15 (21)"
18620;20134816;"TRE OEHL"
18621;20129646;"BIO MERS e"
18622;20131406;"MTP5 WENT"
18623;20133927;"PHI SCHU a"
18624;20135675;"MTP1 STRA"
18625;20134997;"GHM 7"
18626;20136147;"TRE BERI"
18627;2013234;"BIO BENOI a"
18628;20146516;"KTS1 H.02.064"
18629;20130761;GHM0
18630;2011313;"VIS JOHN"
18631;20130588;"HUM BROT"
18632;20146521;"KTS1 H.02.069"
18633;20134614;"SCO MISC BROW"
18634;20130770;"GHM 4"
18635;20134935;"BIO GUID e"
18636;20133461;"PHI KRIS a"
18638;20139087;"SCI CHAN"
18639;20134893;"TOP US 7"
18640;20112209;
18640;20113434;
18640;20113633;
18643;20131335;"MTP5 AGRE"
18643;20131336;"MTP5 AGRE"
18644;20116968;
18645;20117909;
18646;20117913;
18647;20129715;"BIO DHOO c"
18650;20117102;
18651;20136283;"TRE MURR"
18652;20146487;"KTS1 H.02.035"
18653;20146499;"KTS1 H.02.047"
18654;20122745;"REF3 HEAR"
18655;20143937;"TOP WM 0"
18656;20133716;"PHI HACK a"
18657;20135426;"SCI GOUK"
18658;20135626;"MTP1 MARS"
18659;20130722;GHM7
18660;20134384;"MTP3 HARR"
18661;20134431;"MTP3 LANG"
18662;20135486;"MTP4 POLI"
18663;20135497;"MTP 4 VANM"
18664;20131218;"REF2 BUCK"
18665;20115689;
18666;20134402;"MTP3 COBU"
18667;20135375;GEN21
18668;20133581;"PHI BART a"
18669;20130360;"INS3.1e Nl.LIM"
18670;20130429;"INS3.1e NL.HER"
18671;20130661;GHM7
18672;20125998;GEN2
18673;20135104;"AES BERL"
18674;20135364;"AES COOK"
18675;20129836;"BIO SCHU2 e"
18676;20133855;"SCI NOWO"
18677;20134380;"MTP3 BUCK"
18678;20134436;"MTP3 SMET"
18679;20133219;"PHI ARIS a"
18680;20116846;
18681;20131325;"LIT LERO a"
18682;20113891;
18683;20130558;"VIS BAIL"
18684;20135557;"PHI KRIS a"
18685;20133489;"PHI KRIS a"
18686;20130697;GHM7
18687;20146604;"KTS1 H.04.025"
18688;20115818;
18689;20136426;"LIT WAGN a"
18690;20136417;"LIT WAGN a"
18691;20139089;"LIT GOLS b"
18692;20135667;"MTP1 SACH"
18693;20135607;"MTP1 GORD"
18694;20131088;"GEN 3"
18695;20132434;"BIO MOZA1 e"
18696;20135592;"MTP1 COOP"
18697;20139432;"SCI THAU"
18698;20131391;"MTP5 PETR"
18699;20135597;"MTP1 DESA"
18700;20143852;"AES GRUN"
18701;20143843;"MTP1 SEID"
18702;20111609;
18703;20130219;"BIO WAGN1 d"
18705;20115974;
18705;20136433;
18705;20130120;"KTS1 H.04.016"
18706;20111542;"PER MK1"
18707;20116505;
18708;20130223;"BIO WAGN1 d"
18709;20111560;"PER MK1"
18710;20136416;"BIO WAGN1 e"
18711;20129840;"BIO WAGN1 d"
18712;20111529;
18713;20111561;"PER MK1"
18714;20133185;"PHI RICO b DEVI"
18715;20134071;REF1
18715;20134072;REF1
18717;20113993;
18718;20114845;
18719;20130578;GHM3
18720;20133124;"PHI HEIL a"
18721;20133125;"PHI HEIL a"
18722;20116716;
18723;20117342;
18724;20112340;
18725;20112349;
18726;20112348;
18727;20112339;
18728;20129787;"BIO HERB d"
18729;20112337;
18730;20129748;"BIO SCHU2 b"
18731;20135214;"AES HOFF"
18732;20129797;"BIO SCHU2 d"
18733;20129867;"BIO SCHU2 d"
18734;20129873;
18735;20129874;"BIO SCHU2 d"
18737;20146594;"KTS1 H.04.001"
18737;20115831;
18738;20116353;
18739;20134972;"GHM 7"
18740;20117563;
18740;20117597;
18741;20136436;"KTS1 C3.15 (11)"
18742;20135470;"MTP 4 CHEN"
18743;20115901;
18744;20115873;
18745;20134697;"SCO MISC ROES"
18746;20132241;GHM6
18747;20130719;GHM6
18748;20133180;"VIS ROSE"
18749;20131389;"MTP5 SCOT"
18750;20129078;"TOP FR 6"
18751;20130613;"GHM 6"
18752;20134504;"BIO BRAH e"
18753;20130214;"BIO BERL d"
18754;20133089;"PHI DOOR a"
18755;20132773;"PHI DEMU a"
18756;20134505;"TOP IT.ROM 5"
18757;20146459;"KTS1 H.02.010"
18758;20136438;"KTS1 C3.15 (22)"
18759;20133192;"PHI ROUS b WOKL"
18760;20133194;"PHI ROUS a"
18761;20133191;"PHI ROUS b CASS"
18762;20135316;"AES GAUT"
18763;20135349;"AES RICK"
18765;20130549;"MTP3 BIGG"
18765;20134383;"MTP3 BIGG"
18766;20131307;"LIT ALLA a"
18767;20129805;"BIO NONO e"
18768;20113533;
18769;20115683;
18770;20114481;
18771;20138291;"INS3.2b BE.ANT"
18772;20111572;"PER MK1"
18773;20111544;"PER MK1"
18774;20133088;"PHI DOUG a"
18775;20133702;"PHI GIDD a"
18776;20133353;"PHI RUSS b GRAY"
18777;20129862;"BIO METN e"
18779;20146456;"KTS1 H.07.007"
18779;20146457;"KTS1 H.07.008"
18780;20143841;"PHI SAUV a"
18780;20143842;"PHI SAUV a"
18782;20143840;"PHI SAUV a"
18783;20139114;"HUM BIGO"
18784;20132720;"PHI ABRA a"
18785;20132721;"PHI ABRA a"
18786;20130075;"KTS1 H.10.017"
18787;20130403;"INS3.1e FR.SAI1"
18788;20130389;"INS 3.1a ES.SAL"
18789;20115096;
18790;20118260;"REC DVD COLL 2015"
18792;20126035;"VIS SAIL"
18793;20129612;"BIO BARB1 d"
18794;20130129;"KTS1 H.03.012"
18795;20133534;"PHI SART b WELT"
18796;20135544;"MTP2 MONS"
18797;20131308;"LIT CAND a"
18798;20129895;"BIO KAGE e"
18799;20131310;"LIT VALE a"
18800;20132986;"PHI KANT b KANG"
18801;20135971;"TOP AT.VIE 7"
18802;20135669;"MTP1 SNAR"
18803;20135671;"MTP1 SIEG"
18804;20135674;"MTP1 SCHA"
18805;20133616;"PHI CLAY a"
18806;20130432;"INS3.1e NL.HOL"
18807;20136116;"TRE BERN"
18808;20115730;
18809;20133909;"PHI SCHL b VAND"
18810;20130643;"BIO SCHN2 e"
18811;20144139;"BIO SCHO1 e"
18812;20130012;"BIO SCHO1 e"
18813;20129908;"BIO SCHO1  e"
18814;20129850;"BIO SCHO1 e"
18815;20131012;"BIO SCHO1 e"
18816;20111547;"PER MK1"
18817;20133609;"PHI BISC a"
18818;20133714;"PHI HAEC a"
18819;20128079;GHM3
18819;20131116;GHM3
18820;20129780;"BIO SJOS d"
18821;20134991;"GHM 7"
18822;20131329;"LIT CANC a"
18823;20134793;"TRE SATI"
18824;20133431;"PHI HUMB a"
18825;20135427;"SCI GRUB"
18826;20131194;"REF2 RENK"
18827;20129841;"BIO MAHL e"
18828;20129834;"BIO SCHU1 d"
18829;20130090;"BIO SCHU1 e"
18830;20129802;"BIO SCHU1 e"
18831;20129880;"BIO SCHU1 e"
18832;20129882;"BIO SCHU1 e"
18833;20129751;"BIO SCHU1 e"
18834;20130085;"BIO SCHU5 d"
18835;20129926;"BIO SCHU2 c"
18836;20129898;"BIO SCHU2 e"
18837;20129900;"BIO SCHU2 e"
18838;20129876;"BIO SCHU2 e"
18839;20111584;"PER MK1"
18840;20135511;"SCI FARA"
18841;20132978;"PHI KANT b SON"
18842;20135236;"AES PARN"
18842;20135235;"AES PARN"
18843;20133788;"PHI LAUD a"
18844;20133914;"PHI SCHE a"
18845;20133366;"PHI WHIT a"
18846;20133707;"PHI GRUN a"
18847;20133259;"PHI FEYE a"
18848;20134920;"GHM 2"
18849;20133600;"PHI BOUR a"
18850;20135429;"SCI LAFO"
18851;20131193;"REF2 ROBB"
18852;20134096;"MTP5 HARR"
18852;20134097;"MTP5 HARR"
18853;20132454;GEN13
18854;20136178;"TRE CARD"
18855;20134081;"MTP5 EARP"
18856;20143846;"LIT REYN b"
18857;20131126;"REF2 MIRA"
18858;20143607;"KTS1 H.06.050"
18859;20115801;"TOP PH 7"
18860;20118211;"INS3.3b ERAR"
18861;20136769;"VIS HOCK"
18863;20143690;"KTS1 H.07.012"
18864;20146507;"KTS1 H.02.055"
18865;20133439;"PHI HUMP a"
18866;20134432;"MTP3 WESS"
18867;20129803;"BIO GOUL e"
18868;20129902;"BIO SCHN3 d"
18869;20133092;"PHI DOHE a"
18870;20134507;"PHI TARA a"
18871;20132963;"PHI HEID a"
18872;20133436;"PHI HOLL a"
18873;20133277;"PHI FINK a"
18874;20134603;"SCO S DUFA"
18875;20134758;"TRE GOEY"
18876;;
18877;20134837;"BIO HIND a"
18878;20134010;"LIT KERM a"
18879;20115722;
18880;20133319;"PHI KANT b WOOD"
18881;20132914;"PHI CASS a"
18882;20133132;"PHI KANT b COFF"
18883;20133491;"PHI KRIS a"
18884;20113872;
18885;20115043;
18886;20133105;"PHI ECO a"
18887;20134004;"PHI0 CHAN"
18888;20133530;"PHI SCHE a"
18889;20133385;"PHI AUST a"
18890;20135133;"AES MONE"
18891;20130972;"TOP FR 3"
18892;20132250;"TOP US 6"
18893;20114411;"PHI GIBS a"
18894;20133260;"PHI FELD a"
18895;20135396;"SCI PATE"
18896;20133013;"PHI MERL a"
18897;;"AES SMIT"
18898;20133591;"PHI BERL a"
18899;20134401;"MTP3 COES"
18900;20135101;"AES BOLT"
18901;20133764;"PHI JAUR a"
18902;20126011;"BIO HUGH e"
18903;20113878;
18904;20131409;"MTP5 PUYM"
18905;20129611;"BIO DIAG d"
18906;20135661;"MTP1 PERL"
18907;20135000;"GHM 7"
18908;20135086;"AES GRAN--&gt;GHM7"
18909;20135611;"MTP1 KUUS"
18910;20133964;"PHI SLOT a"
18912;20112336;
18913;20133488;"PHI KUBL a"
18914;20135601;"MTP1 EPST"
18915;20131167;"REF2 WILS"
18916;20134095;"MTP5 HARD"
18917;20135774;"TRE SHAW"
18918;20134409;"MTP3 HUBN"
18919;20114584;
18920;20132767;"PHI DELE b MASS"
18921;20133943;"PHI SCRU a"
18922;20135519;"AES WILE"
18923;20131379;"MTP5 OSTE"
18923;20134099;"MTP5 OSTE"
18925;20130890;"TOP RU 6"
18926;20136424;"LIT WAGN a"
18927;20135336;"AES LEPP"
18928;2011619;
18929;20113892;
18930;20135441;"SCI TEMP"
18931;20132845;"PHI MERL a"
18932;20132893;"PHI DEUG a"
18933;20132848;"PHI PLOT b DEKE"
18934;20135303;"AES ELIA"
18935;20136437;"KTS1 C3.15 (13)"
18936;20130404;"INS3.1e FR.STR"
18936;20138913;"INS3.1e FR.STR"
18937;20134752;"TRE CAGE"
18938;20132723;"PHI ACHI a"
18939;20136011;"TRE WUOR"
18940;20133575;"PHI BAUD a"
18941;20130522;"SCI HUBM"
18942;20137454;INS2c
18943;20139088;GEN10
18944;20132888;"PHI STEN a"
18945;20143873;GHM3
18946;20113887;
18947;20115350;
18948;20130524;"PHI CLAR a"
18949;20133512;"PHI SART a"
18950;20130512;"MTP5 VANH"
18951;2013148;
18952;20134806;
18953;;
18954;20116878;
18955;20116877;
18956;20131360;"MTP5 IWAZ"
18957;20135020;GHM7
18958;20130599;"HUM HECK"
18959;20115715;
18960;20132782;"PHI DERR a"
18961;20112417;
18962;20114229;
18963;20112377;
18964;20130092;"BIO NONO e"
18965;20111371;
18966;20130443;"INS3.1e NL.OIJ"
18967;20133971;"PHI0 JUST"
18968;20135212;"AES HARG"
18969;20143696;"KTS1 H.07.016"
18970;20146508;"KTS1 H.02.056"
18971;20143756;"KTS1 H.09.002"
18972;20131189;"REF2 SEGE"
18973;20134005;"PHI0 BRUC"
18974;20133962;"PHI SOCR b BRUN"
18975;20133049;"PHI SOCR b TAYL"
18976;20129617;"KTS1 H.10.021"
18977;20116829;"KTS1 H.03.050"
18978;20116887;
18979;20115820;
18980;20133901;"PHI PLAT a"
18981;20117840;
18982;20146675;"KTS1 H.06.022"
18982;20146674;"KTS1 H.06.023"
18982;20146673;"KTS1 H.06.024"
18983;20146672;"KTS1 H.06.021"
18984;20146676;"KTS1 H.06.025"
18984;20146677;"KTS1 H.06.026"
18985;20130932;
18986;20146666;"KTS1 H.06.015"
18987;20130925;"KTS1 H.01.021"
18988;20130924;"KTS1 H.01.022"
18989;20114756;
18990;20115191;
18991;20115097;
18992;20130644;"TOP IT.BOL1 6"
18993;20135660;"MTP1 ROSE"
18994;20115819;
18995;20117055;
18996;20117163;
18997;20117056;
18998;20117164;
18999;20135384;GEN12
19000;20114835;
19001;20143704;"KTS1 H.XX.XX"
19002;20112181;"BIO BEET e"
19003;20146469;"KTS1 H.02.016"
19004;20130741;"GHM 3"
19005;20134597;"SCO S CAGE"
19006;20134598;"SCO S CAGE"
19006;20134599;"SCO S CAGE"
19008;20129722;"BIO DUFA e"
19009;20145828;"SCO MISC PAGE"
19010;20115143;
19011;20129558;"AES COX"
19012;20135159;"AES CUMM"
19013;20134247;"BIO STOC b"
19014;20111063;"VIS BOSS"
19015;20134305;"REF3 METZ"
19016;20134306;"REF3 METZ"
19017;20117565;
19019;20113994;
19020;20129762;"BIO SORA b"
19021;20135065;"AES CHIO"
19022;20135154;"AES ZUCK"
19023;20131356;"MTP5 IACH"
19024;20130696;"TOP AU 7"
19025;20135438;"SCI ROCC"
19026;20132763;"PHI DELE b HULS"
19027;20130729;"TOP RU 7"
19028;20115711;
19029;20134932;"GHM 3"
19030;20111039;"VIS MAUR"
19031;20112410;
19032;20133866;"AES OCAL"
19033;20135367;"AES SCHA"
19034;20134367;"MTP3 ASSI"
19035;2011349;20131607
19036;20135382;GEN21
19037;20135358;"AES SCHU1"
19038;20135434;"SCI MILL"
19039;20131229;"REF2 CRAB"
19040;20130708;"GHM 7"
19041;20114040;
19042;20134321;"REF3 CNRS"
19043;20135596;"MTP1 DELI"
19044;20130406;"INS3.1e FR.SOU"
19045;20132735;"PHI ADOR a"
19046;20132736;"PHI ADOR a"
19047;20132737;"PHI ADOR a"
19048;20132760;"PHI KANT b BURO"
19049;20129543;
19050;20134407;"MTP3 KLAV"
19051;20135276;"AES BLES"
19052;20134381;"MTP3 BOZO"
19053;20111607;
19054;;
19055;20111614;
19056;20115090;
19057;20134309;"REF3 REIG"
19058;20133979;"PHI0 GOED"
19059;20134385;"MTP3 HAME"
19060;20133712;"PHI GRIV a"
19061;20130181;INS3.1c
19062;20114480;
19063;20132894;"PHI SPIN b HUBB"
19064;20113700;
19065;20115318;
19066;20115463;
19067;20133813;"PHI LESE b PAUM"
19068;20114215;"SCI JOHA"
19069;20133651;"PHI FUNK a"
19070;20133650;"PHI FUNK a"
19071;20135322;"AES KLUP"
19072;20133464;"PHI KRAM a"
19073;20133827;"PHI LIEB a"
19074;;"GEN 11"
19075;20133953;"PHI SIMO a"
19076;20133291;"PHI HERD a"
19077;20133452;"PHI KUTS a"
19078;20135613;"MTP1 KAUF"
19079;20135022;"GHM 7"
19079;20135359;"GHM 7"
19080;2011699;
19081;20129886;"BIO KAGE e"
19082;20135451;"SCI WILL"
19083;20133644;"AES DANT"
19084;20114163;
19085;20145711;"BIO JACO1 a"
19086;20133803;"VIS LEAD"
19087;20117834;
19088;20115027;
19089;20112433;
19090;20130484;"INS3.3b STEI"
19091;20134770;"TRE CELI"
19092;20112427;
19094;20134032;"LIT ZEND a"
19094;20134033;"LIT ZEND a"
19095;20133577;"PHI BATE a"
19096;20115342;
19097;20129804;"BIO REIC1 d"
19098;20135200;
19098;20125264;"TOP FR 5"
19099;20135352;"AES SABB"
19100;20130105;INS2a
19101;20135691;"MTP1 WIET"
19102;20115316;
19103;20115227;
19104;20115228;
19105;20115221;
19106;20115222;
19107;20115223;
19108;20115229;
19109;20115230;
19110;20115231;
19111;20129827;"BIO STOC e"
19112;20129826;"BIO STOC a"
19113;20115293;
19114;20113487;
19115;20132884;"PHI BRUN a"
19117;20115303;
19118;20130702;"GHM 3"
19119;20130582;"GHM 3"
19120;20135445;"SCI TAYL"
19121;20129928;"BIO STRA3 b"
19122;20129856;"BIO STRA3 e"
19123;20129930;"BIO STRA3 e"
19124;20130187;INS4a
19125;20115803;
19126;20135385;GEN12
19127;20133981;"PHI0 VLEE"
19128;20135580;"MTP1 BERR"
19129;20134864;"TRE SCHO"
19130;20135659;"MTP1 SALZ"
19131;20133660;"PHI GRAV a"
19132;20133014;"PHI MERL a"
19133;20135605;"MTP1 FORT"
19134;20133479;"PHI KUHN a"
19135;20132822;"PHI KANT b BART"
19136;20133741;"PHI HUSS b ASEM"
19138;20113882;
19139;2013137;"KTS1 H.04.031"
19140;20130138;"KTS1 H.04.032"
19141;20131150;"REF2 FANT"
19142;20131228;"REF2 COYL"
19143;20131197;"REF2 DREW"
19144;20131201;"REF2 DELF"
19145;20129727;"BIO BEET e"
19146;20133183;"PHI HEGE b RIED"
19147;20134424;"MTP3 MORE"
19148;20132977;"PHI KANT b RITZ"
19149;20126037;"VIS PANO"
19150;20133278;"PHI FINK a"
19151;20132743;"PHI BREL a"
19152;20131380;"MTP5 OH"
19153;20131030;"TOP WM 0"
19153;20131022;"TOP WM 0"
19155;20127468;"REF4 KOOP"
19155;20129548;GHM5
19155;20132044;"REF4 KOOP"
19156;20134931;"GHM 3"
19157;20132970;"PHI HEGE b BRIN"
19158;20134951;"TOP IT 5"
19159;20134926;"GHM 3"
19160;20133805;"PHI LAZE a"
19161;20135616;"MTP1 LEWI"
19162;20133874;"PHI PASC b BAIR"
19163;20133705;"PHI GURW a"
19164;20133279;"PHI FIND a"
19165;20135630;"MTP1 DAHL"
19166;20133388;"PHI AUST b VANE"
19167;20129702;"BIO BART e"
19168;20126000;GEN2
19169;20139107;"HUM GELB"
19170;20131226;"REF2 COTT"
19171;20132452;"TOP FR 5"
19172;20130355;"LIT SIEG a"
19173;20130777;"INS3.1e AT.SAN2"
19175;20130982;"BIO PALE e"
19176;20133557;"PHI ZIZE a"
19177;20133833;"PHI ANKE a"
19178;20133887;"PHI LACO b PEPE"
19179;20126040;"VIS CASS"
19180;20131217;"REF2 BOUC"
19181;20132926;"PHI CASS a"
19182;20132799;"PHI HASS a"
19183;20116841;
19184;20116814;
19185;20138986;TRE
19186;20139115;GHM3
19187;20116072;
19188;20115013;
19189;20132945;"PHI DIBO a"
19190;20131206;"REF2 ALBI"
19191;20131245;"VIS CRAR"
19192;20115604;"VIS CRAR"
19193;20130486;"INS4a SE"
19194;20135215;"AES HURO"
19195;;
19196;20135064;"AES CAPO"
19197;20114833;
19198;20133627;"PHI CIOR a"
19199;20132794;"PHI CASS b HAMB"
19200;20132943;"PHI DEVI a"
19201;20133257;"PHI CASS a"
19202;20133463;"PHI KREI a"
19203;20133252;"PHI CASS a"
19204;20130422;"INS3.1e NL.EIN"
19205;;
19207;20135789;"TRE PRAE"
19208;20112531;
19209;20134995;"GHM 7"
19210;20133428;"PHI FRAN a"
19211;20133525;"PHI SAND a"
19212;20146527;"KTS1 H.03.015"
19213;20135765;"TRE SZYM"
19214;20133753;"PHI JACK a"
19215;20133853;"PHI NUCH a"
19216;20133937;"PHI SERG a"
19217;20133039;"PHI REIC a"
19218;20131290;"PHI0 WEBE"
19219;20133210;"PHI WAHL a"
19220;20113464;
19221;20131416;"MTP5 WILL"
19222;20116845;
19223;20136420;"KTS1 C3.15 (15)"
19224;20146454;"KTS1 H.02.005"
19225;20130111;"BIO KIRC e"
19226;20116978;
19227;20131371;"MTP5 PEET"
19228;20116813;
19229;20117759;
19230;20134746;"SCO XL MICH"
19231;20139091;"PHI STIE a"
19232;20139435;"PHI STIE a"
19233;20139436;"PHI STIE a"
19234;20134808;"TRE MESS"
19235;20131048;"TOP FR 3"
19236;20135728;
19237;20139090;"VIS CRAR"
19238;20126025;"INS4.1c ARDI"
19239;20135099;"AES ELIA"
19240;20130026;"BIO MONT1 a"
19241;20135458;"AES ISAC"
19242;20133821;"PHI LORA a"
19243;20135693;"MTP1 WEYT"
19244;20130188;GHM5
19245;20133935;"PHI SERR a"
19246;20139452;"AES EMER"
19247;20139109;"AES IMBE"
19248;20133018;"PHI MINK a"
19249;20134487;"MTP 2 GRIN"
19250;20134009;"LIT ELIO a"
19252;2013242;"BIO BEET e"
19253;20133508;"PHI SAVI a"
19254;20131970;"MTP2 TARU (reserve)"
19254;20134499;"MTP2 TARU"
19255;20135696;"MTP1  WAES"
19256;20134250;"SCO STOC"
19257;20134082;"MTP5 FORS"
19258;20133846;"PHI LYOT a"
19259;20133845;"PHI LYOT a"
19260;20130660;Ins1a
19261;20134820;"TRE STOC"
19262;20134821;"TRE STOC"
19263;20134789;"TRE STOC"
19264;20129556;"TRE STOC"
19265;20134819;"TRE STOC"
19266;20129557;"TRE STOC"
19267;20134797;"TRE STOC"
19268;20134799;"TRE STOC"
19269;20134818;"TRE STOC"
19270;20134798;"TRE STOC"
19271;20134764;"TRE STOC"
19272;20134763;"TRE STOC"
19273;20134765;"TRE STOC"
19274;20134769;"TRE STOC"
19275;20134766;"TRE STOC"
19276;20134767;"TRE STOC"
19277;20134768;"TRE STOC"
19278;20131359;"MTP5 KING"
19279;20114840;
19280;20116598;"BIO BEET d"
19280;20116597;"BIO BEET d"
19281;20116670;"BIO BEET d"
19281;20116671;"BIO BEET d"
19284;20111417;
19285;20136174;"TRE ARTA"
19286;20146614;"KTS1 H.05.001"
19287;20130944;"KTS1 H.01.018"
19288;20130106;"BIO KAGE a"
19289;20133695;"PHI GOOD a"
19290;20130246;"BIO CLEM c"
19292;20115849;"BIO BEET c"
19292;20115850;"BIO BEET c"
19293;20129725;"BIO BART c"
19294;20130462;"BIO SPER c"
19295;20132004;"AES DAVI"
19296;20111563;"PER MK1"
19297;20133067;"PHI ADOR b ASIA"
19298;20132872;"PHI SPIN a"
19299;20132795;"PHI SCHE b HAMM"
19300;20146466;"KTS1 H.02.019"
19301;20135740;"TRE KLEE"
19302;20132798;"PHI HART a"
19303;20133661;"PHI FREY a"
19304;20135697;"MTP1 AUDA"
19305;20126034;"TRE STIL"
19306;20135527;"MTP2 DONI"
19306;20135528;"MTP2 DONI"
19308;20133883;"PHI PIAG a"
19309;20133028;"PHI PRIE a"
19311;20135650;"MTP1 POPL"
19311;20135649;"MTP1 POPL"
19312;20131342;"MTP5 BONG"
19313;20135507;"SCI GODF"
19314;20135589;"MTP1 DEJA"
19315;20135103;"AES BERG"
19316;20135421;"SCI JONE"
19317;20134865;"TRE SCHO"
19318;20133697;"PHI GOLD a"
19319;20133713;"PHI HAML a"
19320;20133358;"PHI RUSS a"
19321;20135575;"MTP1 ALME"
19322;20135142;"AES TARA"
19323;20131192;"REF2 SCHA"
19324;20126001;"BIB3 MATH"
19325;20132748;"PHI BROW a"
19326;20132251;"AES DAST"
19327;20133272;"PHI FLEW a"
19328;20135328;"AES KRUS"
19329;20139112;"PHI FUNK b WEST"
19330;20133074;"PHI AREN a"
19331;20134410;"MTP3 MACL"
19332;20131392;"MTP5 TITR"
19333;20134548;"SCO MISC KNAP"
19334;20135431;"SCI LEVI"
19335;20133079;"PHI AQUI b TEVE"
19336;20133077;"PHI AQUI b PIEP"
19337;20133078;"PHI AQUI b DELF"
19338;20130207;"TRE HEIN"
19339;20133166;"PHI MORA a"
19340;20136018;"PHI DELE a"
19340;20113461;
19341;20133559;"PHI WOLL a"
19342;20134550;"SCO MISC  LEFF"
19343;20133759;"PHI KAGA a"
19344;20116875;
19345;20134867;"TRE VARG"
19346;20139437;
19347;20112320;
19348;20115348;
19349;20133949;"PHI SERR a"
19350;20133392;"PHI AUGU b PEUR"
19351;20134313;"MTP1 VERI"
19352;20139097;"PHI NIET b SMAL"
19353;20133035;"PHI RICO a"
19354;20133034;"PHI RICO a"
19355;20115040;
19356;20130504;
19357;20135453;"SCI WEEK"
19358;20133432;"PHI HOY a"
19359;20135555;"TRE SCHM"
19359;20135554;"TRE SCHM"
19361;20133948;"PHI SERR a"
19362;20133706;"PHI SOKR b GUAR"
19363;20132785;"PHI HAN a"
19364;20139119;"PHI NIET b GENT"
19365;20130459;"GHM 5"
19366;20134850;"TRE HARN"
19367;20133050;"PHI TANG a"
19368;20135406;"SCI BOYK"
19369;20130390;"INS 3.1a ES.TOL"
19370;20134415;"MTP3 PIEK"
19371;20132007;"TOP ES 5"
19372;20135629;"MTP1 BADI"
19373;20129569;"BIO HAYD1 e"
19374;20134035;"LIT VERH a"
19375;20115729;
19376;;
19377;20134420;"MTP3 MYDL"
19378;20134419;"MTP3 MYDL"
19379;20134421;"MTP3 MYDL"
19380;20134422;"MTP3 MYDL"
19381;20132783;"PHI HAN a"
19382;20133065;"PHI HEGE b VAND"
19383;20133066;"PHI VANB a"
19384;20130376;"INS3.1e NL.ROD"
19385;20134391;"MTP3 BOEL"
19386;20134017;"LIT MANN a"
19387;20130519;"PHI RHEI a"
19388;20143823;"INS3.3b STEI"
19389;20126033;"TRE GROT"
19390;20133068;"AES ADOR"
19391;20134357;"MTP3 DEJA"
19392;20133378;"PHI WITT a"
19393;20130612;"TOP BE.ANT 7"
19394;20134794;"TRE LIGE"
19395;20134874;"LIT POOL a"
19396;20116356;
19397;20143591;"KTS1 H.06.038"
19398;20121963;"INS5.1c DELA"
19399;;
19400;20115758;
19401;20146468;"KTS1 H.07.017"
19402;20130931;
19403;20130938;
19404;20146613;"KTS1 H.04.048"
19405;20130183;"INS3.2c DENI"
19405;20126419;"INS3.2c DENI"
19407;20131020;"AES DAVE"
19407;20144165;"AES DAVE"
19409;20134809;"TRE MESS"
19409;20134805;"TRE MESS"
19409;20134804;"TRE MESS"
19409;20134803;"TRE MESS"
19409;20134802;"TRE MESS"
19409;20134801;"TRE MESS"
19409;20138903;"TRE MESS"
19416;20124951;"TRE TART"
19416;20135763;"TRE TART"
19417;20110348;
19417;20135662;"MTP1 SCHA"
19418;20135136;"AES SADA"
19419;20133769;"PHI JANK a"
19420;20143797;"KTS1 H.10.003"
19421;20114147;
19422;20146668;"KTS1 H.06.017"
19423;20131122;"KTS1 H.09.008"
19424;20130942;"KTS1 H.06.032"
19425;20146497;"KTS1 H.02.045"
19426;20143593;"KTS1 H.06.040"
19427;20121936;"INS3.2c PORT"
19427;20130657;"INS 3.2c PORT XL"
19428;20135780;"TRE SCHA"
19429;20116980;
19430;20115343;
19431;20133806;"PHI LEVI a"
19432;20130602;"BIO KAGE e"
19433;20135433;"SCI LUNE"
19434;20133335;"PHI NICO a"
19435;20133643;"AES DANT"
19436;20133847;"PHI LYOT a"
19437;20132886;"AES STEP"
19438;20133198;
19439;20146605;"KTS1 H.04.024"
19440;20130679;GHM7
19441;20134042;"LIT FISC a"
19442;20132792;"PHI HAN a"
19443;20134439;"MTP3 SCHW"
19444;20117557;"VIS ECKE"
19445;20129890;"BIO MACH e"
19446;20124495;"TRE ORTI"
19446;20135791;"TRE ORTI"
19447;20130964;"KTS1 H.01.028"
19448;20116715;
19449;20134930;"GHM 3"
19450;20146543;"KTS1 H.03.024"
19451;20116621;
19452;20129615;"KTS1 H.10.019"
19453;20112382;
19454;20134812;"TRE RAME"
19455;20134800;"TRE BERL"
19456;20138981;TRE
19457;20133295;"PHI PLAT b HELD"
19458;20143588;"KTS1 H.06.033"
19459;20115057;
19460;20113888;
19461;20143755;"KTS1 H.09.001"
19462;20136422;"LIT WAGN a"
19463;20112405;
19464;20146558;"KTS1 H.03.039"
19465;2013130;
19466;2013131;
19467;20130133;"KTS1 C3.20 02a"
19468;20129810;"BIO GOET e"
19469;20117029;
19470;20133084;"PHI ALTI a"
19471;20129547;"TOP NL 7"
19472;20132821;"PHI KANT b BALL"
19474;20135225;"AES KATZ"
19475;20133208;"PHI WANG a"
19476;20111123;"VIS DEVI"
19477;20130424;"INS3.1a NL.FRI"
19478;20130856;"INS3.1a NL"
19479;20133711;"PHI GROO a"
19480;20135646;"MTP1 PERL"
19481;20134918;GHM0
19482;2011998;
19483;20134983;GHM7
19484;20138983;GHM7
19484;20130739;GHM7
19486;20134412;"MTP3 HUXE"
19487;20130638;"HUM ROBE"
19488;20117200;
19489;20144075;"TOP DE 6"
19490;20133287;"PHI HIND a"
19491;20133379;"PHI WITT a"
19492;20133542;"PHI WITT b MALC"
19493;20132989;"PHI KANT b HARS"
19494;20115738;
19495;20134786;"TRE KAND"
19496;20138985;"AES VOGE"
19497;201337009;"PHI GROY a"
19498;20133080;"PHI AQUI a"
19499;20133919;"PHI SCHO a"
19500;20133400;"PHI CASS b BRAU"
19501;20129672;"BIO BREN a"
19502;20143794;"KTS1 H.09.035"
19503;20114140;
19504;20132747;"PHI BROU a"
19505;20129680;"TRE BREN"
19506;20134370;"MTP3 ANTU"
19507;20134757;"TRE BERN"
19508;20113988;
19509;20113989;
19510;20114935;
19511;20129779;"BIO FINN a"
19512;20132828;"PHI MACL a"
19513;20135007;GHM7
19514;20131166;"REF2 WISK"
19515;20132877;"PHI STRO a"
19516;20129896;"BIO MOZA1 e"
19517;20135363;"AES LAND"
19518;20135092;"AES KRAM1"
19519;20135658;"MTP1 SCHA"
19520;20134397;"MTP3 CRIS"
19521;20130367;"INS3.1e NL.LOS"
19522;20115033;
19523;20133925;"PHI KANT b SCHW"
19524;20135160;"AES HASC"
19525;20133261;"PHI FAUR a"
19526;20134854;"TRE HARN"
19527;20115355;
19528;20134782;"TRE HUBE"
19529;20133444;"PHI HUME a"
19530;20135737;"TRE HIND"
19531;20131154;"REF2 PETR"
19532;20135558;"SCI SINI"
19533;20117126;
19534;20115713;
19535;20131390;"MTP5 SCHO"
19536;;"PHI BERG a"
19537;20132962;"PHI HEGE b EYSI"
19538;20146539;"KTS1 H.02.029"
19540;20135472;"MTP4 BARK"
19541;20134700;"SCO MISC SAND"
19542;20134701;"SCO MISC SAND"
19543;20134702;"SCO MISC SAND"
19544;20134699;"SCO MISC SAND"
19545;20118101;
19546;20130547;"PHI MASS a"
19547;20115953;
19548;20130144;"KTS1 H.04.038"
19549;20113834;
19550;20131211;"INS3.3c BART"
19551;20116979;
19552;20132755;"AES BUDD"
19553;20130673;"GHM 0"
19554;20130671;"GHM 0"
19559;20130726;
19560;20131231;REF1
19561;20130974;"TOP BE.GHE 6"
19562;20131348;"MATP5 CALL"
19563;20131009;"BIB3 HUYS"
19564;20133437;"PHI HOLL a"
19565;20134085;"MTP5 GIAC"
19566;20136342;"PHI SERR a"
19567;20133936;"PHI SERR a"
19568;20143803;"KTS1 H.10.009"
19569;20133268;"PHI EVAN b MCDO"
19570;20134320;"TOP IT.VEN 7"
19571;20134583;"SCO MISC BERR"
19572;20129726;"BIO DESM e"
19573;20133647;"PHI DESC b DAMA"
19574;20135805;"TRE ANDR"
19574;20135806;"TRE ANDR"
19574;20135807;"TRE ANDR"
19575;20133744;"PHI HUSS b BOER"
19576;20133015;"PHI MONN a"
19577;20132779;"PHI DERR a"
19578;20132900;"PHI ADOR a"
19578;20132899;"PHI ADOR a"
19580;20125995;INS3c
19581;20133721;"PHI GUSD a"
19582;20144506;"KTS1 C2.27 H4-089"
19582;20144531;"KTS1 C2.27 H4-088"
19583;20130962;"KTS1 H.02.004"
19584;20130535;"PHI BENN a"
19585;20115184;
19586;20117574;
19587;20117576;
19588;20135446;"SCI SPIE"
19589;20129277;"BIO MALH d"
19589;20115746;"BIO MALH d"
19590;20133612;"PHI BERN a"
19591;20130078;"BIO BRUC d"
19592;20130992;"TOP IT.ROM 5"
19593;20130385;"INS3.1a AT.VIE"
19594;20114606;
19595;20130122;"KTS1 H.04.019"
19596;20113881;
19597;20130487;"INS10.3a BE.MEC"
19598;20129757;"BIO VILL d"
19599;20130227;"BIO INDY d"
19600;20111554;"PER MK1"
19601;20130134;"KTS1 C3.20 03a"
19602;20129837;"BIO GLOB e"
19603;20130073;"BIO GLOB d"
19604;20135449;"SCI VAIL"
19605;20131396;"MTP5 SUTC"
19606;2013147;
19607;20131118;"INS4.1c SAUZ"
19608;20131967;"BIO HAYD1 d"
19609;20116532;
19610;20134363;"MTP3 ASSI"
19611;20126015;"BIO CHAU e"
19612;20132846;"PHI MERL a"
19613;20136003;"SCI LIVI"
19614;20133300;"PHI HOFF a"
19615;20134386;"MTP3 GRAY"
19616;20132745;"AES BROU"
19617;20146584;"KTS1 H.03.052"
19618;20117910;
19619;20130888;"TOP BE.FLA"
19619;20130887;"TOP BE.FLA"
19621;20136431;"KTS1 C3.15 (23)"
19622;20137582;"LIT FROI b PICO"
19623;20139108;"PHI MLAD a"
19624;20130709;GHM7
19625;20115685;
19626;20130623;"TOP FR 3"
19627;20131065;REF1
19628;20129887;"BIO MACH e"
19629;20130109;"BIO CART b"
19630;20130101;INS2a
19631;20132778;"PHI HUSS b DERR"
19632;20130415;"GEN 11"
19633;20134084;"MTP5 GENE"
19633;20134090;"MTP5 GENE"
19633;20134089;"MTP5 GENE"
19633;20134091;"MTP5 GENE"
19633;20134092;"MTP5 GENE"
19634;20135386;"GEN 11"
19635;20130594;"BIO WAER d"
19635;20115476;"BIO WAER d"
19636;20135799;"TRE MATT"
19638;20133747;"PHI HUSS b BOEH"
19639;20134911;"BIO KAGE e"
19640;20134909;"TRE HANS"
19641;20143968;"KTS1 H.10.014"
19643;20135503;GHM8
19644;20115285;
19645;20132826;"PHI MAHN a"
19646;20130767;"TOP DE.DAR 7"
19647;20133237;"PHI CASS a"
19648;20133836;"PHI NIET b LUKA"
19649;20133063;"PHI VAND a"
19650;20133011;"PHI MERL b BAKK"
19650;20133010;"PHI MERL b BAKK"
19651;20116840;
19652;20134862;"TRE SCHO"
19653;20115380;
19654;20146601;"KTS1 H.04.027"
19655;20133107;"PHI DUIN a"
19658;20143710;"KTS1 H.XX.XX"
19658;20143709;"KTS1 H.XX.XX"
19658;20143708;"KTS1 H.XX.XX"
19659;20146493;"KTS1 H.02.040"
19660;20134688;"SCO MISC TARU"
19661;20130603;"BIO WILL4 e"
19662;20133498;"PHI NIET a"
19663;20133571;"PHI BERG a"
19664;20135090;"AES ALER"
19665;20133941;"PHI SCHE b BRAE"
19666;20129920;"BIO WAGN1 e"
19667;20129870;"BIO WAGN1 e"
19668;20115445;
19669;20133639;"PHI DAVI a"
19670;20133674;"PHI GADA a"
19671;20133673;"PHI GADA a"
19672;20133608;"LIT BLAN b NORD"
19673;20130119;"KTS1 H.04.020"
19674;20133573;"PHI BENJ b WOLI"
19675;20111589;"PER MK1"
19676;20130589;"HUM CONT"
19677;20133975;"PHI0 LAND"
19678;20111591;"PER MK1"
19679;20132789;"PHI HAN a"
19680;20146488;"KTS1 H.02.036"
19681;20131064;"BIO KAND a"
19682;20123620;"AES FRAU"
19682;20135308;"AES FRAU"
19683;20133119;"PHI HEID a"
19684;20131180;"REF2 VERH"
19685;20132817;"PHI KANT a"
19686;20135510;"SCI PICK"
19687;20139434;"AES CLAR"
19688;20133696;"PHI GOOD a"
19689;20133262;"PHI FAUC a"
19690;20133886;"PHI PEPE"
19691;20129655;"BIO BOUL b"
19692;20135198;"AES HEIJ"
19694;20115385;
19695;20133917;"PHI SCHO a"
19696;20134999;"GHM 7"
19697;20130161;"INS3.3d LEEU"
19698;20133201;"PHI VAND a"
19699;20135781;"TRE SCHA"
19700;20133918;"PHI SCHO a"
19701;20133944;"PHI SERR a"
19702;20133556;"PHI BART a"
19703;20135135;"AES SEID"
19704;20132944;"PHI DEVI a"
19705;20133531;"PHI SCHE a"
19707;20133250;"PHI CASS a"
19708;20130769;"GEN 2"
19709;20131230;"REF2 CRAU"
19710;;
19711;20132959;"PHI HEGE a"
19712;20133804;"PHI LEEZ a"
19713;20130517;"AES ELKI"
19714;20135645;"MTP1 NEUW"
19715;20130530;"PHI AGAM a"
19716;20135984;"HUM PARI"
19717;20135165;"AES ALPE"
19718;20113457;
19719;20133985;"PHI0 KORN"
19720;20131403;"MTP5 VAND"
19721;20132889;"PHI STEW a"
19722;20132827;"PHI MALA a"
19723;20138965;"HUM FUMA"
19724;20130108;"BIO CAGE e"
19725;20135401;"SCI SMIL"
19726;20134387;"MTP3 GOIR"
19727;20134022;"LIT MIRA a"
19728;20135195;"AES JOHN"
19729;20135327;"AES KRAM"
19730;20133715;"PHI HACK a"
19731;20130759;"BIO MEYE e"
19732;20139094;"MTP2 FROB"
19733;20135461;"GEN 11"
19734;20134471;"INS3.3c PROT"
19735;20130653;INS3.2c
19736;20134908;"TOP AT.VIE"
19737;20116065;
19738;20112844;
19739;20130418;"INS3.1e NL.AMS"
19739;20126627b;"INS3.1e NL.AMS"
19740;20133851;"PHI NUCH a"
19741;20133822;"PHI LOEN a"
19742;20132770;"PHI DELF a"
19743;20133997;"PHI0 ANGE"
19744;20134002;"PHI0 CRESS"
19745;20133916;"PHI SCHO a"
19746;20133093;"PHI DILT a"
19747;20111623;
19748;20133453;"PHI HUMB b BROW"
19749;20133454;"PHI HUMB b FUEN"
19752;20115686;
19753;20132757;"PHI BURK a"
19754;20132758;"PHI BURK a"
19755;20131318;"LIT GAMP a"
19756;20134903;"TRE ZEND"
19757;20133367;"PHI WHIT a"
19758;20133603;"PHI BOHL a"
19759;20139113;GEN2
19760;20134447;"MTP 4 BERN"
19761;20111569;"PER MK1"
19762;20133540;"PHI WITT b KENN"
19763;20133546;"PHI WITT b GRAY"
19764;20133544;"PHI WITT b PITK"
19765;20133539;"PHI WITT b RUND"
19766;20133374;"PHI WITT b CIOF"
19767;20133543;"PHI WITT b COHE"
19768;20133545;"PHI WITT b AMBR"
19769;20130651;
19770;20129833;"BIO MOZA1 d"
19771;20129770;"BIO MOZA1 e"
19772;20129749;"BIO MOZA1 d"
19774;20111587;"PER MK1"
19775;20131370;"MTP5 KNOC"
19775;20131358;"MTP5 KNOC"
19775;20131369;"MTP5 KNOC"
19776;20112329;
19777;20129794;"BIO GOUL d"
19778;20118262;
19779;20131331;"LIT TOLL a"
19780;20134522;"SCO MISC HUGH"
19781;20132168;"MTP2 LELY"
19782;20130577;"GHM 3"
19783;20135591;"MTP1 CHRI"
19784;20114837;
19785;20117343;"SCO JEHA"
19786;20126009;"BIO GILM e"
19787;20144522;"TOP WM 0"
19788;20133372;"AES WEIS"
19789;20114950;"VIS MCKI"
19790;20114951;"VIS MCKI"
19791;20132796;"PHI HART a"
19792;20131296;"PHI0 WATS"
19793;20136214;"TRE KERM"
19794;20131227;"REF2 COYL"
19795;20130529;"AES LYKK"
19796;20133634;"PHI CLUN a"
19797;20131213;"REF2 BECK"
19798;20135730;"TRE CARD"
19799;20129559;"TRE REIC"
19801;20134834;"TRE SLON"
19801;20134836;"TRE SLON"
19801;20134823;"TRE SLON"
19801;20134835;"TRE SLON"
19804;20130627;"TOP DE 7"
19805;20129799;"BIO XENA b"
19806;20134325;"REF3 HUMA"
19807;20134326;"REF3 HUMA"
19808;20125999;GEN2
19809;20115345;
19810;20115195;
19811;20115716;
19812;20144518;"TOP SG 7"
19813;20131129;"REF2 LUCK"
19814;20133494;"PHI NIET b KLEI"
19815;20133499;"PHI NIET a"
19816;20115098;
19816;20138276;"REC CD SCHE 2004"
19817;20130764;"TOP DE 7"
19818;20115381;
19819;20133861;"PHI OVIN a"
19820;20133289;"PHI HESS a"
19821;20136432;"KTS1 C3.15 (24)"
19822;20135345;"AES PETE"
19823;20130374;"INS3.1a NL.WOR"
19824;20133052;"PHI STUT a"
19825;20133549;"PHI ZIZE b CHOW"
19826;20131435;"HUM STER"
19827;20132818;"PHI KANT a"
19828;20129541;INS5.3b
19829;20133369;"PHI WELL a"
19832;20133246;"PHI CASS a"
19833;20129079;INS3a
19834;20133239;"PHI CASS a"
19835;20132732;"PHI ADOR a"
19836;20133256;"PHI CASS a"
19837;20133022;"PHI QUIN b SINN"
19838;20135171;"AES BLOC"
19839;20133312;"PHI KANT b MARX"
19840;20133599;"PHI BOUR a"
19841;20115100;
19842;20130370;"INS3.1b LOO"
19843;20115309;
19844;20124972;"GEN 17"
19845;20126439;"GEN 17"
19846;20127112;GEN2
19847;20126399;"GEN 2"
19848;20135485;"MTP4 POLI"
19849;20135515;"MTP 4 POLI"
19850;20135516;"MTP 4 POLI"
19851;20135517;"MTP4 POLI"
19852;20135518;"MTP 4 POLI"
19854;20125173;"MTP2 MOEN"
19855;20121973;"MTP 2 GASS"
19856;20128978;"AES SEQU"
19857;20130052;"MTP2 COHE"
19858;20123308;"MTP2 VINQ"
19859;20126845;"TRE KUIJ"
19860;20121974;"SCI ANON"
19861;20124439;"INS6.2c DROU"
19862;20126187;"TRE BEER"
19863;20126230;"TOP NL 4"
19864;20135559;"REF 2 KEMP"
19865;20135560;"HUM MAIO"
19866;20135561;"LIT FERL a"
19867;20135562;"TOP US 6"
19868;20135563;"VIS DRUC"
19869;20135565;"TOP FR.PAR 5"
19870;20135566;"MTP1 VALK"
19871;20135567;"BIO KAPS d"
19872;20135568;"TRE ZORN"
19873;20135569;"TRE ZORN"
19874;20135570;"TRE ZORN"
19875;20135571;"INS3.3b ERAR"
19876;20135572;"BIO ORNS1 d"
19877;20135573;"TOP US 6"
19878;20135574;"SCI VAND"
19879;20124492;"SCI RAMA"
19880;20127108;"TRE LUSC"
19881;20126435;"TRE GHEY"
19882;20122549;"MTP1 MIEH"
19885;20124983;"TRE BURM"
19886;20126071;"TRE BROW"
19887;20135387;"GEN 17"
19888;20126189;"TRE BOSA"
19889;20124681;"TRE BOTT"
19890;20136114;"KTS1 C2.32 07D27"
19891;20124658;"TRE BOTT"
19892;20124680;"TRE BOTT"
19893;20126413;"TRE BERN"
19894;20136136;"KTS1 C1.34 07E71"
19895;20126407;"TRE BONT"
19896;20136149;"TRE BOVI"
19897;20124675;"TRE BERA"
19898;20124676;"TRE BERA"
19899;20136173;"TRE BOUT"
19900;20124335;"TRE BIST"
19901;20126185;"TRE BANC"
19902;20126186;"TRE BANC"
19903;20124686;"TRE BAN"
19904;20124716;"TRE AUFS"
19905;20124814;"TRE ARTU"
19906;20126050;"TRE EFFE"
19907;20121967;"TRE EISE"
19908;20124678;"TRE BISM"
19909;20121970;"TRE FINC"
19910;20135725;"PHI HELD a"
19911;20135726;"AES MCAU"
19912;20135727;"TRE ZORN"
19913;20135729;
19913;20131262;"SCO XL LACH"
19914;20136206a;"KTS1 C3.23 08D16a"
19915;20136206b;"KTS1 C3.23 08D16b"
19916;20136206c;"KTS1 C3.23 08D16c"
19917;20136206d;"KTS1 C3.23 08D16d"
19918;20136206e;"KTS1 C3.23 08D16e"
19919;20124383;"TRE BODD"
19920;20121969;"TRE FELS"
19921;20136207;"KTS1 C3.36 08F13"
19922;20126268;"TRE FURE"
19923;20126267;"TRE FUX"
19924;20124440;"TRE FURS"
19925;20121962;"TRE DESC"
19926;20121965;"TRE DENT"
19927;20121964;"TRE DEMA"
19928;20124905;"TRE DERO"
19929;20126412;"TRE BONA"
19930;20121968;"TRE SPAD"
19931;20121957;"TRE CERR"
19932;20124371;"TRE COUS"
19933;20126051;"TRE HUYG"
19934;20129156;"TRE HUCB"
19935;20124971;"TRE KIRC"
19936;20124956;"TRE KIRN"
19937;20126052;"TRE KIRN"
19938;20121922;"TRE LAMB"
19939;20124970;"LIT KUHN a"
19941;20124372;"TRE LECE"
19942;20126860;"BIO BACH1 e"
19943;20136219;"KTS1 C2.37 08C22"
19944;20124500;"TRE CONF"
19945;20124851;"TRE CONF"
19946;20124603;"TRE COCH"
19947;20121960;"TRE COCL"
19948;20121958;"TRE CERR"
19949;20126233;"TRE ZARL"
19950;20126234;"TRE ZARL"
19951;20136243;"KTS1 C3.15 (28)"
19952;20136240;"KTS1 H.03.008"
19953;20136242;"TOP BE.BRU1 5"
19954;20124984;"TRE WERC"
19955;20136238;"KTS1 H.03.011"
19956;20136239;"TOP BE.HAR"
19957;20136241;
19958;20136237;"BIO PFIT d"
19960;20124962;"TRE WERC"
19961;20136244;"BIO LISZ e"
19962;20136245;"BIO KUIJ d"
19963;20136246;"KTS1 C3.02 08G07"
19964;20135756;"BIB4 BE VAND"
19965;20135757;GEN16
19965;20135758;GEN16
19966;20135759;GHM7
19967;20135760;INS3.3b
19968;20135761;"BIO KOLA e"
19969;20124652;"TRE VALL"
19970;20126406;"TRE VALC"
19971;20126065;"TRE TOML"
19972;20124487;"INS1b IT.ROM"
19973;20126398;"TRE TINC"
19974;20126235;"TRE TIGR"
19975;20124955;"TRE TESS"
19976;20136266;"KTS1 C2.64 10J01_1"
19977;20135767;"MTP3 ASSI"
19978;20135762;"KTS1 C3.20"
19979;20135768;"KTS1 C3.20"
19980;20135769;"KTS1 C3.20"
19981;20135770;"KTS1 C3.20"
19982;20136279;"KTS1 C3.14 12B36"
19983;20129331;"TOP FR 5"
19984;;"AES BECK"
19985;20136331;"KTS1 C3.15 (27)"
19986;20136332;"BIO HAND d"
19987;20136334;"BIO HAND d"
19988;20136333;"BIO RAME d"
19989;20124336;
19990;20124365;
19991;20135777;"BIO PALE e"
19992;20136300;"KTS1 C3.16 15D14"
19993;20124691;"TRE ARON"
19994;20124988;"TRE ARON"
19995;20135779;"KTS2 C2.41 26C16"
19996;20136308;"KTS1 C3.07 15E16"
19997;20126404;"TRE SAUV"
19998;20136310;"KTS1 C3.07 15E15"
19999;20126263;"TRE SCHA"
20000;20126394;"TRE SPEE"
20001;20136311;"KTS1 C1.25 16B15"
20002;20129540;"TRE SINN"
20003;20126249;"TRE SABB"
20004;;"Glass cabinet"
20005;20136321;"KTS1 C1.27 16D04"
20006;20136327;"KTS1 C1.20 16D07"
20007;20136355;"GHM 7"
20010;20136364;"KTS1 C2.40 26C06"
20011;20126264;"TRE REIC"
20012;20126251;"TRE REIC2"
20013;20124509;"TRE RICC"
20014;;"KTS1 C1.20 16D07s"
20015;;"KTS1 C1.20 16D07g"
20016;20126260;"TRE RAME"
20017;20126243;"TRE RAMO"
20018;20135788;"TRE RAVE"
20019;20130176;INS1a
20019;20124655;"TRE PRAE"
20019;20124654;"TRE PRAE"
20019;20124653;"TRE PRAE"
20022;20124666;"TRE PLAY"
20023;20126246;"TRE PENN"
20024;20136364d;"KTS1 C2.40 26C06d"
20025;20124480;"TRE MANF"
20026;20124497;"TRE LANF"
20027;20124982;"TRE MASS"
20028;20124665;"TRE SANC"
20029;20136379;"KTS1 C3.17 15F12a-d"
20030;20136387;"KTS1 C1.40 26E27a-i"
20031;20126216;"TRE NICO"
20032;20126396;"TRE NUCI"
20033;20124966;"TRE MIZL"
20033;20124965;"TRE MIZL"
20033;20124964;"TRE MIZL"
20036;20124963;"TRE MIZL"
20037;20126232;"TRE BLOC"
20038;20126402;"TRE MONE"
20039;20121921;"INS4.1c MOZA"
20040;20124959;"TRE NAGE"
20041;20124563;"TRE MYLI"
20042;20126237;"TRE MUFF"
20043;20136350;"BIO SAIN d"
20044;20136360;"TRE BENO"
20045;;"BIO BENO d"
20046;20136349;"BIO RAVE d"
20047;20136353;"BIO HAYD1 d"
20048;20124479;"TRE MATT"
20049;20126410;"TRE MATT"
20050;20124510;"TRE MATT"
20051;20126411;"TRE MATT"
20052;20126248;"TRE MATT"
20053;20126409;"TRE MATT"
20054;20126066;"TRE PONT"
20055;20126073;"TRE CASA"
20056;20124604;"TRE MART"
20057;20126259;"TRE NASS"
20057;20126258;"TRE NASS"
20059;20136393l;"KTS1 C2.58 Map.008l"
20060;20124690;"TRE AGAZ"
20061;20124977;"TRE AHLE"
20062;20126183;"TRE ALEM"
20063;20124601;"TRE ALST"
20064;20124381;"TRE DONI"
20064;20124380;"TRE DONI"
20066;20126158;"TRE ANGL"
20067;20136345;"TOP AT.INN 4"
20068;20136347;"TRE RENAU"
20069;20127119;"TRE GRAT"
20070;20124482;"TRE GALL"
20071;20135810;"TRE ADRI"
20072;20124501;"TRE TORR"
20073;20124969;"TRE BOUR"
20074;20124598;"TRE DUPO"
20075;20124483;"TRE CAPP"
20076;20126151;"TRE BERT"
20077;20124677;"TRE BERM"
20078;20124332;"TRE ARNA"
20079;20136440g;"KTS1 C2.60 Map.026g"
20080;20136440h;"KTS1 C2.60 Map.026h"
20081;20136439c;"KTS1 C2.60 Map.024c"
20082;20136439d;"KTS1 C2.60 Map.024d"
20083;20136439e;"KTS1 C2.60 Map.024e"
20084;20136439f;"KTS1 C2.60 Map.024f"
20085;20136439g;"KTS1 C2.60 Map.024g"
20086;20136439h;"KTS1 C2.60 Map.024h"
20087;20126401;"TRE WALT"
20088;;"BIO BUXT d"
20089;20124908;"TRE BARC"
20090;20124503;INS1a
20091;20122876;"BIO BUXT d"
20091;20136439j;"KTS1 C2.60 Map.024j"
20096;20136447b;"KTS1 C2.38 10H31"
20098;20136454;"KTS1 C1.02 05B13a-j"
20099;20126247;"TRE NEGR"
20100;20135831;"TRE ERHA"
20101;20131222;"KTS1 C3.15 (25)"
20102;;"KTS1 C3.15 (26)"
20103;20136483;"KTS1 C1.03 05B44"
20104;20136359;"LIT FUNC b"
20105;20136358;"LIT GEND b"
20106;20136354;"LIT BEAU b"
20107;20136357;INS5.1a
20108;20136337;"BIO CHAR1 d"
20109;20136336;"BIO BENO d"
20110;20136619;"KTS1 C1.07 05F41"
20111;20136626;"KTS1 C1.08 05F49"
20112;20136648;"BIO FERR d"
20113;20136344;"BIO BENO d"
20114;20136343;"BIO BACH1 d"
20115;20136348;"BIO BERL d"
20116;20136705;"BIO BEET e"
20117;20136715;
20118;20136716;
20119;20136717;
20120;20136753;"KTS1 C1.11 26B05a-c"
20124;20131254;"MTP5 FLEI"
20125;20131250;"MTP5 DOBB"
20126;20131251;"MTP5 EDWA"
20127;20131249;"MTP5 WITH"
20128;20131248;"MTP5 FAIR"
20129;20131252;"MTP5 BOUL"
20130;20131253;"MTP5 CHIU"
20131;20131259;"AES HAFF"
20132;20131257;"BIO KAGE d"
20133;20131256;"VIS RUPP"
20134;20131260;
20135;20131261;"REC 12 SIEG 1982"
20136;20136351;"BIO SCHU e"
20137;20136352;INS2c
20138;20136346;GHM3
20139;20131263;"BIO BENO d"
20140;20136798;"AES DECU"
20141;20136799;"BIO KAGE a"
20141;20136800;"BIO KAGE a"
20142;20136801;
20143;20136802;"BIO KAGE e"
20144;20136803;"SCO KAGE"
20145;20131267;"BIO LISZ a"
20146;20131268;"BIO LISZ e"
20147;20131269;"BIO LISZ d"
20148;20124564;"SCO ABEI"
20148;20136871;"SCO ABEI"
20149;20121966;"SCO S ALBE"
20150;20126086;"SCO ALBI1"
20151;20126117;"SCO ALBI1"
20152;20124800;"SCO ALBI1"
20153;20126301;"SCO ABEL"
20153;20126302;"SCO ABEL"
20154;20124953;"SCO ABEL"
20155;20126372;"SCO ABELL"
20156;20124871;"SCO BABE"
20157;20134718;"SCO ATYS"
20158;20134717;"SCO ATYS"
20159;20134716;"SCO ATYS"
20160;20124405;"SCO ARNO"
20161;20121942;"SCO ARNE"
20162;20135908;"SCO ARNE"
20163;20122134;"SCO S ARMA"
20164;20131270;"BIO LISZ d"
20165;20131271;"BIO LISZ d"
20166;20131272;"BIO BEET a"
20167;20124368;"SCO ANTE"
20168;20135853;"SCO ANGL"
20169;20136870;"KTS1 H.10.034"
20170;20136872;"SCO ARNE"
20171;20136873;"SCO ARIO"
20172;20123547;"SCO BACH1"
20173;20131273;"BIO ANTH d"
20173;20131274;"BIO ANTH d"
20174;20131275;"BIO ANTH e"
20175;20131276;"BIO BART d"
20176;20131277;"BIO BEET b"
20177;20131278;"BIO BEET e"
20178;20131279;"BIO BERG e"
20179;20131280;"BIO BUSO d"
20180;20131286;"BIO COWE d"
20181;20131285;"BIO CRUM e"
20182;20131284;"BIO CRUM e"
20183;20131283;"BIO IVES a"
20184;20131282;"BIO IVES e"
20185;20131281;"BIO LISZ a"
20186;20131287;"BIO MAHL d"
20187;20136926;"KTS1 C1.16 09H12"
20188;20136926f;"KTS1 C1.16 09H12f"
20189;20136828b;"KTS1 C1.13 09B01b"
20190;20136944;
20191;20136945;
20192;20123956;"SCO BACH1"
20192;20123957;"SCO BACH1"
20193;20136946;AES
20194;20136947;
20195;20136948;
20196;20136949;"TOP BE.BRU1"
20196;20136950;"TOP BE.BRU1"
20196;20136951;"TOP BE.BRU1"
20197;20136774;GEN16
20198;20136748;"KTS1 C3.43 11E28"
20199;20136772a;"KTS1 C1.02 05B49a-c"
20200;20136772d;"KTS1 C1.02 05B49d"
20201;20124721;"SCO BACH1"
20202;20124772;"SCO BACH1"
20203;20124729;"SCO BACH1"
20204;20124703;"SCO BACH1"
20205;20124709;"SCO BACH1"
20206;20124726;"SCO BACH1"
20207;20124692;"SCO BACH1"
20208;20124412;"SCO BACH1"
20209;20124920;"SCO BACH1"
20210;20124413;"SCO BACH1"
20211;20126429;"SCO BACH1"
20212;20134288;"SCO BACH1"
20213;20126083;"SCO BACH1"
20214;20124704;"SCO BACH1"
20215;20137008;"MTP2 MAUR"
20216;20135841;"SCO BACH1"
20217;20121938;"SCO BACH1"
20218;20135924;"SCO BACH1"
20219;20124384;"SCO BACH1"
20220;20127096;"SCO BACH1"
20221;20126078;"SCO BACH1"
20222;20137014c;"KTS1 C1.20 16D13c"
20223;20124727;"SCO BACH1"
20224;;"SCO BACH1"
20225;20126359;"SCO BACH1"
20226;20135923;"SCO BACH1"
20227;20134584;"SCO S BACH1"
20228;20124702;"SCO BACH1"
20229;20134715;"SCO BACH1"
20230;20124341;"SCO BACH1"
20231;20135845;"SCO BACH1"
20232;20137039;"KTS1 C1.22 15B10a-d"
20233;20137074;"KTS1 C1.23 15C16"
20234;20137088;"KTS1 C1.24 15H02a-h"
20235;20137090;"KTS1 C1.24 15H01a-c"
20236;;"PHI DESC a"
20237;20131289;"PHI KANT b KANT"
20238;20137117;"KTS1 C3.15 (2)"
20238;20137118;"KTS1 C3.15 (3)"
20238;20137119;"KTS1 C3.15 (4)"
20239;20137120;"KTS1 C3.15 (1)"
20243;20137131;"KTS1 C3.15"
20248;20122503;"REF4 MARZ"
20249;20137170b;"KTS1 C1.26 16B19b"
20250;20131294;"SCO PACE"
20251;20131293;"SCO MAHL"
20251;20131292;"SCO MAHL"
20251;20131291;"SCO MAHL"
20252;20131295;"SCO MEND"
20253;20131303;"SCO RACH"
20254;20137179;"KTS1 C3.20"
20255;20137180;"KTS1 C3.20"
20256;20131305;"TRE SCHA"
20256;20131304;"TRE SCHA"
20257;20131246;"PHI BART a"
20258;20137174;"KTS1 C1.26 16B22"
20259;20124978;"TRE ALST"
20260;20133894;"PHI PLAT a"
20261;20136758;"REF3 BOGN"
20262;20127925;"REF3 MUSI"
20263;20143909;"INS PER3.3 PI1"
20264;20131233;"MTP4 EDUC"
20265;20124600;REF1
20266;20134073;"MTP3 BOND"
20267;20126164;"TRE MAIE"
20268;20126055;"LIT LOHL a"
20269;20134101;"GEN 12"
20270;20134102;"GEN 13"
20271;20134103;"GHM 13"
20272;20129538;"GHM 5"
20273;20134104;"GHM 5"
20274;20134105;"GHM 5"
20275;20134106;"GHM 5"
20276;20134107;"MTP2 THOM"
20277;20134108;"MTP2 THOM"
20278;20121944;"MTP2 NAVA"
20279;20126204;"SCO BACH1"
20280;20134298;"SCO BACH1"
20281;20121928;"SCO BACH1"
20282;20124707;"SCO BACH1"
20283;20134111;"SCO BACH1"
20284;20137250;"KTS1 C1.30 09E17a-d"
20285;;"KTS1 C1.30 09E17c"
20287;;
20288;20137245;"REC CD KAGE 2003"
20289;;"KTS1 C1.3009E17d"
20290;20137244;"REC AV KOHL 2009"
20291;20137255;"REC AV SCHO 2011"
20292;20137254;
20293;20137253;
20294;20137252;
20295;20131417;"REC 12 ACCA 1977"
20296;20131418;"REC 12 ADAM 1967"
20297;20131419;"REC 12 ADAM"
20298;20131420;"REC 12 ADLE 1976"
20299;20131421;"REC 12 AHLG 1959"
20300;20131422;"REC 12 AHLG 1976"
20301;20131423;"REC 12 AKAT 1980"
20302;20131424;"REC 12 ALMA 1959"
20303;20127111;"LIT AUSB a"
20304;20127113;"LIT GIGL a"
20305;20127110;"LIT AUSB a"
20306;20126063;"LIT NICA a"
20307;20137289;"KTS1 H.03.006"
20308;20137288;"KTS1 H.03.009"
20309;20137287;"KTS1 H.03.010"
20310;20131425;"TOP BE.ANT 6"
20311;20137278;"KTS1 H.03.007"
20312;20137281;"KTS1 C3.15 (29)"
20313;20137279;"KTS1 C3.15 (30)"
20313;20137285;"KTS1 C3.15 (31)"
20313;20137280;"KTS1 C3.15 (32)"
20313;20137284;"KTS1 C3.15 (33)"
20314;20137133;"KTS1 C3.15 (35)"
20315;20137132;"KTS1 C3.15 (36)"
20316;20137134;"KTS1 C3.15 (37)"
20317;20137135;"KTS1 3.15 (38)"
20318;20137286;"KTS1 C3.15 (39)"
20319;20137283;"KTS1 C1.32 07A18a-d"
20320;20131426;"TOP BE.ANT 5"
20321;20131427;"REC 12 ALAI"
20322;20131428;"REC 12 KOOP 1981"
20323;20124474;"LIT FOCQ a"
20324;20124475;"LIT BATA a"
20325;20134113;"REC 12 BOUL 1960"
20326;20131429;"TOP BE 7"
20327;20131430;"TOP BE 7"
20328;20131431;"TOP BE 7"
20329;20134109;"MTP1 LURS"
20329;20134110;"MTP1 LURS"
20330;20131432;"TRE DEKE"
20331;20131433;"TOP BE 7"
20332;20131434;"MTP1 AUDA"
20333;20126422;"HUM VEER"
20334;20131436;"BIB4 FR.VER"
20335;20131437;"MTP4 SELF"
20336;20127092;"LIT KEER a"
20337;20131439;"LIT TRAL a"
20338;;"KTS1 C1.33 07E23a-d"
20339;20131440;"REC 12 HARN 1969"
20340;;"KTS1 C1.33 07E23a-d"
20341;20134126;"KTS1 C1.33 07E23a"
20341;20134127;"KTS1 C1.33 07E23b"
20341;20134128;"KTS1 C1.33 07E23c"
20341;20134129;"KTS1 C1.33 07E23d"
20342;20127259;"LIT ROSE b"
20343;20131438;GEN16
20344;20131441;"REC 12 HOLM"
20345;20124850;INS1a
20346;20126057;"LIT ULEN a"
20347;20131442;"REC 12 ALAR 1965"
20348;20131443;"REC 12 ALAR 1973"
20349;20131444;"REC 12 LEON 1973"
20350;20124857;"LIT KUIK a"
20351;20128280;"BIO TELE e"
20352;20128236;"BIO TELE e"
20352;20128238;"BIO TELE e"
20353;20128237;"BIO TELE e"
20354;20135968;"BIO BACH1 b"
20355;20125979;"KTS1 C1.40 26E28"
20356;20134175;"KTS1 C1.35 07H12a-f"
20357;20134184;"TOP FR 4"
20358;20134185;"TOP BE.GHE 6"
20359;20134186;"TOP FR.PAR 5"
20360;20134187;"TOP FR.PAR 5"
20361;20122367;"BIO TELE e"
20362;20134188;"BIO TELE e"
20363;20134189;INS3.9b
20364;20134190;"BIO TELE e"
20365;20137378;"BIO CORT e"
20366;20126239;INS1a
20367;20131445;"REC 12 HUME 1979"
20369;20131447;"REC 12 HARN 1977"
20370;20137389;"MTP2 LAWS"
20371;20137390;"MTP3 BROO"
20372;20137391;"MTP2 LAWS"
20373;20137392;"MTP2 OSTE"
20374;20137393;"MTP3 ASSI"
20375;20137394;"MTP3 IMPE"
20376;20137385;INS3.2b
20377;20134193;"BIO BUTO b"
20378;20131449;"LIT GORD b"
20379;20131450;INS3.3a
20380;20131451;INS3a
20381;20131452;INS3.3c
20382;20131453;"REF4 ZACH"
20383;20131454;INS3.3d
20384;20131455;"TOP US 7"
20385;20131456;"BIO MOZA1 d"
20386;20131457;GHM6
20387;20131472;"REC 12 KUIJ 1982"
20388;20131467;"REC 12 ROGE 1977"
20389;20131458;"BIO MOZA1 e"
20390;20131459;"BIO COWE e"
20391;20131460;"BIO SATI b"
20392;20131461;"TRE SATI"
20393;20134220;"KTS1 C1.38 11G20a-i"
20394;20131462;"MTP2 SHER"
20395;20131463;"BIO GOYA a"
20396;20131478;"BIO CRUM b"
20397;20131473;"TRE FELD"
20398;20131479;"BIO COWE b"
20399;20131480;"BIO COWE c"
20400;20131481;"BIO COWE c"
20401;20131482;INS3.3a
20402;20131484;INS3.3a
20403;20131483;INS3a
20404;20131485;"INS3.3c MAGN"
20405;20131487;INS3.3b
20406;20131488;INS3.3d
20407;20131489;"MTP2 HENC"
20409;20131486;"INS3.3a HILD"
20410;20131491;"MTP1 EISL"
20411;20131492;"MTP5 GODW"
20412;20131493;GHM3
20413;20131495;"BIO VARE e"
20414;20131494;"BIO SATI d"
20415;20131496;"BIO SATI e"
20416;20131497;"BIO SATI e"
20418;20131499;"MTP2 KULL"
20419;20131500;GHM6
20420;20131498;GMH6
20421;20131501;"TRE SCHO"
20422;20131502;"BIO CAGE d"
20423;20131503;"BIO JEFF d"
20424;20131504;"BIO CAGE e"
20425;20131505;"BIO JEFF d"
20426;20131506;"BIO DAND b"
20427;20131507;"BIO COWE d"
20428;20131508;"TRE DUCH"
20430;20131509;"BIO ANTH a"
20432;20131510;"BIO LISZ a"
20433;20131511;"TRE WOLF"
20434;20131512;"BIO SEEG d"
20435;20131513;"BIO SEEG d"
20436;20131514;"BIO IVES b"
20437;20134243;"TOP BE 7"
20438;20131516;"BIO IVES d"
20439;20134244;"TOP BE 7"
20440;20131518;"BIO MESS e"
20441;20131517;"BIO HARR d"
20442;20131519;"BIO ORNS d"
20443;20134245;"KTS1 C1.39 26E05a-g"
20444;20131520;"MTP5 DART"
20445;20131522;"MTP5 COCK"
20446;20131523;"TOP BE.BRU1 7"
20447;20124986;"TOP DE.HAM 3"
20448;20137447;"KTS1 C1.39 26E08a-l"
20449;20131528;"REC CD HUYS 2021"
20450;20131531;"PER MA1"
20451;20131532;GEN16
20452;20131527;"BIO LACH d"
20452;20129791;"BIO LACH d"
20453;20133848;"PHI LYOT a"
20453;20131515;"VIS LYOT"
20454;20131464;"REC 12 CRAF 1959"
20455;20131466;"REC 12 OTTE 197x"
20456;20131534;"AES KJOR"
20457;20131536;"HUM TODD"
20458;20131535;"MTP3 BORG"
20459;20115162;"MTP3 NYRN"
20460;20131537;"BIO CAGE b"
20461;20131538;"MTP3 JUNG"
20462;20131539;"BIO HIGG a"
20463;20131540;"MTP3 BORG"
20464;20131541;"MTP2 PRIT"
20465;20131542;"GEN 19"
20466;20131543;"TRE LUCI"
20468;20131544;"BIO CAGE a"
20469;20131545;INS3.3a
20470;20131546;INS3.3d
20471;20131547;"TRE COWE"
20472;20131548;"BIO STOC e"
20473;20131551;"BIO RAAI b"
20474;20124981;GHM2
20475;20137449;"KTS1 C1.40 26E11"
20476;20126395;
20477;20124484;INS2c
20478;20121959;INS2c
20479;20131471;"REC 12 KOOP 1975"
20480;20126160;INS2c
20481;20137475;"KTS1 C1.40 26E18a-r"
20482;20127123;INS2c
20483;20124498;INS2c
20484;20126047;INS2c
20485;20124502;INS2c
20486;20126161;INS2c
20487;20131465;"REC 12 ALAR 1968"
20488;20131469;"REC 10 DOLM 1933"
20489;20131474;"REC 12 CORT"
20490;20137474;"KTS1 C1.41 05L24_1-33"
20492;20131468;"REC 12 CURT 1976"
20493;20137512;"KTS1 C2.31 07D04"
20494;;"KTS1 C1.41 05L24_21.2"
20495;20137520;"KTS1 C1.44 03G16a-d"
20496;20128490;"BIO MOZA1 d"
20497;20137536;"KTS1 C1.44 03G20"
20498;20126241;INS3c
20499;20131470;"REC 12 DOLM 1973"
20500;20137571;"REC 12 BECK 1968"
20501;20137573;"PER FA"
20502;20131477;"REC 12 MUNR 1976"
20502;20137572;"REC 12 MUNR 1976"
20503;20137574;"REF2 ADAM"
20504;20126049;"INS6c HOTT"
20505;20137575;"MTP3 JACO"
20505;20140211;"MTP3 JACO"
20506;20137576;"PER CM"
20507;20137577;"REC 12 BECK 1969"
20508;20137631;INS6.1a
20510;20137632;"INS6.2c HUGO"
20511;20126242;"INS6.2c QUAN"
20512;20124679;"INS6.2c RIBO"
20513;20126275;"INS6.2c HOTT"
20514;20126238;"INS6.2c TROM"
20515;20126156;"INS6.2c DELU"
20516;20127117;"INS6.2c HOTT"
20517;20126190;"INS6.2c TROM"
20518;20126695;"BIO BACH1 e"
20519;20137398;"BIO BACH1 e"
20520;20137399;"BIO PECO e"
20521;20137400;"INS3.1b MARC"
20522;20137402;"BIB4 US.WIN"
20523;20137403;"BIO ELIS a"
20524;20121971;"INS6.3c FISC"
20525;20137404;"INS3.3d WAAL"
20525;20137405;"INS3.3d WAAL"
20526;20125384;INS6.3a
20527;20121416;INS6.3a
20528;20137406;"TOP GB 5"
20529;20137407;"BIO BUXT e"
20529;20137408;"BIO BUXT e"
20529;20137409;"BIO BUXT e"
20530;20137410;"BIO SWEE1 f"
20531;20137411;"INS4.1b FR"
20532;20121410;"REC CD HOGW 1997"
20533;20137412;"LIT CARR a"
20534;20137413;"LIT LEMA a"
20535;20137414;"LIT SCHL a"
20535;20137415;"LIT SCHL a"
20536;20137578;"REC 12 LEON 1977"
20537;20137579;"REC 12 HARN 1968"
20538;20127439;INS7.9a
20539;20137580;"REC 12 MUNR 1973"
20540;20126184;INS7.3c
20541;20124980;INS10.3c
20542;20124853;INS10.3c
20543;20137717;"INS6c VAND"
20544;20126152;"INS5.2c CORR"
20545;20126442;"INS5.1c GREN"
20546;20131552;"TRE QUIC"
20547;20131553;"BIO SIDD e"
20548;20131554;GEN17
20549;20131555;GEN16
20550;20131558;"PER YA1"
20551;20131559;"PER YA2"
20552;;"MTP4 WEIS"
20553;20131560;"BIO MONT1 e"
20554;20131561;"LIT PIET a"
20555;20131562;"BIO BIZE e"
20556;20131563;"INS PER3.1 OR4"
20556;20121408;"INS PER3.1 OR4"
20557;20131564;"MTP3 HELL"
20558;20125981;"BIO BACH1 e"
20559;20138962;"BIO PETZ d"
20560;20137581;"REC 12 MUNR 1974"
20561;20137861e;"KTS1 C1.53 03H52e"
20562;20131475;"REC 12 BROO 2020"
20563;20137614;"REC 12 KLEI 1980"
20564;20137613;"REC 12 MUNR 1971"
20565;20137612;"REC 12 KOOP 1973"
20566;20137611;"REC 12 BRUG 1964"
20567;20137610;"REC 12 QUAD 1981"
20568;20137609;"REC 12 ALAR 1964"
20569;20120667;INS3.2d
20575;20137926;"KTS1 C1.56 02F17_01"
20575;20134272;"KTS1 C1.56 02F17_02"
20576;20132267;"Fonds Gusta Goldschmidt"
20576;20232268;"Fonds Gusta Goldschmidt"
20576;20132269;"Fonds Gusta Goldschmidt"
20576;20132270;"Fonds Gusta Goldschmidt"
20576;20132271;"Fonds Gusta Goldschmidt"
20576;20132272;"Fonds Gusta Goldschmidt"
20577;;
20578;20124511;"INS5.1c BARO"
20579;20124478;INS4.6a
20580;20137984;"KTS1 C1.58 09A06a-i"
20581;20138013;"KTS1 C1.59 09D01a-e"
20582;20138009;"KTS1 C1.59 09D04a-f"
20583;20138031;"KTS1 C1.60 09D17a-h"
20584;20138032;"KTS1 C1.60 09D18a-c"
20585;20125881;"HUM JACQ"
20586;;"KTS1 C1.61 06F02b"
20586;;"KTS1 C1.61 06F02b"
20586;;"KTS1 C1.61 06F02b"
20587;20134267;"TOP BE.BRU1"
20587;20134268;"TOP BE.BRU1"
20588;;"KTS1 C1.61 06F02c"
20588;;"KTS1 C1.61 06F02c"
20588;;"KTS1 C1.61 06F02c"
20589;20137605;"TOP AT.VIE 6"
20590;20137604;GHM7
20591;20124491;"LIT ABRA a"
20592;20137583;GEN17
20593;20137584;"MTP5 VARA"
20594;20137602;"SCI ROGI"
20595;20137601;"REC CD ROUS 1992"
20596;20137600;"REC 12 HURF 1995"
20597;20137598;"TOP FR 3"
20598;20137586;"REC 12 ALAI 1986"
20599;20137587;"BIO BEET e"
20600;20137588;"BIO SCHU3 e"
20601;20137589;"KTS1 C3.21"
20602;;"PER MS1"
20603;20137590;"BIO BACH1 c"
20604;20137591;"TOP FR 5"
20605;20137592;"REC 12 ALAI"
20606;20137593;GEN19
20607;20137594;"BIO DESC e"
20608;20137595;"TRE ROUS"
20609;29137596;"TRE SCHU2"
20610;;"KTS1 C1.03-05 03A01-03C08"
20611;20131566;"LIT BUTO a"
20612;20131567;"BIO BUTO a"
20613;20131568;"LIT BUTO a"
20614;20131569;"LIT BUTO a"
20615;20131570;"LIT BUTO a"
20616;20131571;"BIO PURC1 d"
20617;20138201;"KTS1 H.09.036"
20617;20138202;"KTS1 H.09.037"
20618;20138200;"KTS1 H.04.049"
20619;20138192;"KTS1 H.07.032"
20620;20124976;"TRE LIPP"
20621;20134270;"TRE BERN"
20622;20131579;"SCI MIRA"
20623;20131572;INS3.3d
20624;20131575;"BIO BEET e"
20625;20131574;GHM8
20626;20131573;"TOP DE 5"
20627;20131576;INS4.1d
20628;20131577;"MTP1 NOWA"
20629;20131578;"TOP FR 5"
20630;20131580;"BIO LEIB e"
20631;20138253;"KTS1 H.04.034"
20632;20122965;"BIO BACH1 e"
20633;20125457;"BIO SCHU1 e"
20634;20126838;"BIB4 DE.WEI1"
20635;20128841;"BIO CHAR a"
20636;20120377;"BIO MARS a"
20637;20123613;"BIO VANE2 a"
20638;20120832;"TOP GB 5"
20639;20125069;"INS10.9a CH.NEU"
20640;20122409;"KTS1 C1.56 04H16_01"
20640;20122408;"KTS1 C1.56 04H16_02"
20641;20122848;"BIO HAND d"
20641;20122847;"BIO HAND d"
20641;20122846;"BIO HAND d"
20642;20131581;"REC 12 LEON 1971"
20643;20131582;"REC 12 LEON 1969"
20644;20131583;"REC 12 WHIT 1977"
20645;20138273;INS10.9b
20646;20138274;"SCO S KAGE"
20647;20138275;"REC CD OEST 1998"
20647;20115099;
20648;20138277;"AES HATT"
20649;20138278;"BIO SCHU2 e"
20650;20138279;"BIO SCHU3 d"
20651;20138280;"HUM LEBA"
20652;20138281;GHM7
20653;20138282;"BIO ALBE d"
20654;20138283;"MTP3 REID"
20655;20138284;"MTP2 IMPE"
20656;20126433;INS3c
20657;20137418;"VIS KOOP"
20658;20137419;INS4.9a
20659;20137420;"VIS SALM"
20660;20137422;"BIO ARIS e"
20661;20124870;"SCO BACC"
20662;20138296;INS3.1b
20663;20131584;"REC 12 ALAI 1963"
20664;20131585;"REC 12 ALAI 1964"
20666;20124508;INS3.1c
20666;20124507;INS3.1c
20667;20131586;"REC 12 ALAR 1970"
20668;20131587;"REC 12 ALAI 1963"
20669;20124333;"INS4.1c ABBE"
20670;20126064;"TOP DE.LEI 5"
20671;20126060;"INS3.1e NL.ALK"
20672;;"TOP DE 4"
20672;;"TOP DE 4"
20673;20146011;INS4.3c
20674;20131588;"REC 12 ALAI 1960"
20675;20131589;"REC 12 ALAI 1977"
20676;20131590;"REC 12 ALAI"
20677;20131591;"REC 12 ALMA"
20678;20131592;"REC 12 ALMA 1983"
20679;20131593;"REC 12 LEON 1984"
20680;;"KTS1 C2.03 H1-021f"
20681;;"KTS1 C2.03 H1-021g"
20682;;"KTS1 C2.03 H1-021h"
20683;;"KTS1 C2.03 H1-021i"
20683;;"KTS1 C2.03 H1-021cc"
20684;;"KTS1 C2.03 H1-021j"
20685;;"KTS1 C2.03 H1-021l"
20686;;"KTS1 C2.03 H1-021m"
20686;;"KTS1 C2.03 H1-021v"
20686;;"KTS1 C2.03 H1-021w"
20687;;"KTS1 C2.03 H1-021n"
20688;;"KTS1 C2.03 H1-021o"
20689;;"KTS1 C2.03 H1-021p"
20690;;"KTS1 C2.03 H1-021q"
20691;;"KTS1 C2.03 H1-021s"
20692;;"KTS1 C2.03 H1-021t"
20693;;"KTS1 C2.03 H1-021u"
20694;;"KTS1 C2.03 H1-021x"
20695;;"KTS1 C2.03 H1-021y"
20696;20131594;"REC 12 ZULU 1966"
20697;;"KTS1 C2.03 H1-021z"
20698;;"KTS1 C2.03 H1-021aa"
20699;;"KTS1 C2.03 H1-021bb"
20701;20138366;"REC CD KAGE 2006"
20702;20130820;"INS3.1e NL.ESC"
20703;20138374;"BIO ANDE b"
20704;20138375;"BIO BEET e"
20706;;
20707;20138376;"SCI MIRA"
20709;20130823;"INS3.1e DE.ZET"
20710;20124505;INS3.1a
20711;20131596;"REC 12 LEON 1973"
20712;20131597;"REC 12 CARL 1970"
20713;20131598;"REC 12 ALMA 1960"
20714;20131599;"REC 12 LEON 1979"
20715;20131600;"REC 12 LEON 1973"
20716;20131601;"REC 12 LEON 1966"
20717;20124488;INS3.1a
20718;20124651;"TOP DE.MUN1"
20719;20138438;"BIO TELE e"
20720;20130830;"INS 3.1 e NL.CUL"
20721;20130831;"INS3.1b VERH"
20722;20130832;"INS 3.1 a NL.APE"
20722;20143636;"INS 3.1 a NL.APE"
20723;20124496;"TOP IT.VEN1 5"
20724;20130833;"INS 3.1e NL.SNE"
20725;20130834;"INS 3.1e NL.ZAN2"
20726;20130835;"INS 3.1e NL.GOU"
20727;20130836;"INS 3.1e NL.ANL"
20728;20130840;"INS 3.1b SCHW"
20729;20130841;"INS 3.1e NL.BER"
20730;20130842;"INS 3.1e NL.BOX"
20731;20130843;"INS 3.1e NL.DEV"
20732;20130844;"INS 3.1a NL.DEV"
20733;20130845;"INS 3.1e NL.OLS"
20734;20130846;"INS 3.1a NL.OVE"
20735;20130847;"INS 3.1a NL.GRO"
20737;;"PER CIR"
20738;20138451;"MTP3 REY"
20739;20138452;"MTP5 ROHA"
20741;20130850;"INS 3.1a NL"
20742;20138460;"INS3.1e NL.BIL"
20743;20130852;"INS 3.1e NL.SCH5"
20745;20130817;"INS3.1e DE.BAS"
20745;20143637;"INS3.1e DE.BAS"
20746;20130821;"INS3.1b FLEN"
20747;20130822;"INS3.1e DE.RHA"
20748;20130824;"INS3.1e DE.RIE"
20748;20130800;"INS3.1e DE.RIE"
20750;20130826;"INS 3.1b SCHE"
20751;20130827;"INS3.1e NL.PUR"
20752;20130828;"INS3.1e NL.BLO"
20753;;"KTS1 C2.08 H2-043b"
20753;;"KTS1 C2.08 H2-043b"
20753;;"KTS1 C2.08 H2-043b"
20753;;"KTS1 C2.08 H2-043b"
20753;;"KTS1 C2.08 H2-043b"
20753;;"KTS1 C2.08 H2-043b"
20753;;"KTS1 C2.08 H2-043b"
20753;;"KTS1 C2.08 H2-043b"
20753;;"KTS1 C2.08 H2-043b"
20753;;"KTS1 C2.08 H2-043b"
20753;;"KTS1 C2.08 H2-043b"
20753;;"KTS1 C2.08 H2-043b"
20753;;"KTS1 C2.08 H2-043b"
20753;;"KTS1 C2.08 H2-043b"
20753;;"KTS1 C2.08 H2-043b"
20753;;"KTS1 C2.08 H2-043b"
20753;;"KTS1 C2.08 H2-043b"
20753;;"KTS1 C2.08 H2-043b"
20753;;"KTS1 C2.08 H2-043b"
20753;;"KTS1 C2.08 H2-043b"
20753;;"KTS1 C2.08 H2-043b"
20753;;"KTS1 C2.08 H2-043b"
20753;;"KTS1 C2.08 H2-043b"
20753;;"KTS1 C2.08 H2-043b"
20754;;"KTS1 C2.08 H2-043c"
20754;;"KTS1 C2.08 H2-043c"
20754;;"KTS1 C2.08 H2-043c"
20754;;"KTS1 C2.08 H2-043c"
20754;;"KTS1 C2.08 H2-043c"
20754;;"KTS1 C2.08 H2-043c"
20754;;"KTS1 C2.08 H2-043c"
20754;;"KTS1 C2.08 H2-043c"
20754;;"KTS1 C2.08 H2-043c"
20754;;"KTS1 C2.08 H2-043c"
20754;;"KTS1 C2.08 H2-043c"
20754;;"KTS1 C2.08 H2-043c"
20754;;"KTS1 C2.08 H2-043c"
20754;;"KTS1 C2.08 H2-043c"
20754;;"KTS1 C2.08 H2-043c"
20754;;"KTS1 C2.08 H2-043c"
20754;;"KTS1 C2.08 H2-043c"
20754;;"KTS1 C2.08 H2-043c"
20754;;"KTS1 C2.08 H2-043c"
20754;;"KTS1 C2.08 H2-043c"
20754;;"KTS1 C2.08 H2-043c"
20754;;"KTS1 C2.08 H2-043c"
20754;;"KTS1 C2.08 H2-043c"
20754;;"KTS1 C2.08 H2-043c"
20755;20138518;"BIO BEET e"
20756;20138519;"VIS SCHM"
20757;20138520;"AES TALB"
20758;20138521;"SCO SCHN"
20759;20138530;"PER VH1"
20760;20138531;"REC CD FUSI 2021"
20761;20138532;"BIO STRA c"
20762;20131602;"TRE GRIS"
20763;20131603;"BIO EÖTV b"
20764;20131604;"TOP NL.AMS 6"
20765;20138568;"AES QUIN"
20766;20138573;"SCI BALA"
20767;20131605;"REC 12 ULSA 1967"
20768;20138574;"MTP2 WALS"
20768;20138575;"MTP2 WALS"
20769;20124597;"INS 3.1a NL.GRO"
20770;20131609;"REC 12 LEON"
20771;20131610;"REC 12 SOUT 1915"
20772;20131611;"REC 12 LEON 1976"
20773;20131612;"REC 12 ALMA"
20774;20138607;"AES KUTS"
20775;20131613;"REC 12 MISC 1973"
20776;20131614;"TOP FR 0"
20776;20139206;"TOP FR 0"
20777;20131615;GEN16
20778;20138608;"BIO VENR a"
20779;20138605;"KTS1 C2.12 H2-080a-f"
20780;20138606;"KTS1 C2.12 H2-083"
20781;20138613;"KTS1 C2.12 H2-086a-c"
20782;20138641;"KTS1 C2.14 H2-110"
20783;20138648;"KTS1 C2.14 H2-117a-f"
20785;20138665;"KTS1 C2.14 H2-132"
20786;20126058;"INS3.1a DE.HIL"
20787;;"KTS1 C2.15 H2-139b"
20788;20138672c;"KTS1 C2.15 H2-139c"
20789;20131616;"REC 12 CAGE 2016"
20790;20131617;"REC 12 GRIF 1989"
20791;20131618;"REC 12 WAAR 1984"
20792;20131619;"REC 12 SCHA 2016"
20793;20131620;"TRE ARTA"
20794;20131621;"REC 12 BOUR 1954"
20795;20131622;"REC 12 WOLF 1972"
20796;20131623;"REC 12 MADE 1969"
20797;20131624;"REC 12 KUBE 1972"
20798;20138996;INS9a
20799;20138979;"BIO MENE e"
20800;20138710;"REC 12 BURG 1976"
20801;20138715;"MTP5 ERRI"
20802;20138711;"KTS1 H.08.019"
20804;20131626;"REC 12 MISC 1971"
20805;20131627;"REC 12 XENA 1976"
20806;20131628;"REC 12 BOUL 1978"
20807;20131629;"REC 12 GLAS 1980"
20808;20131630;"REC 12 SELL 1987"
20809;20131631;"REC 12 FOSS 1967"
20810;20131632;"LIT JAME a"
20811;20131633;"VIS EMME"
20812;20131634;"REC 12 STOC 2016"
20813;20131635;"REC 12 TRAN 1984"
20814;20131636;"REC 12 CLID 1980"
20815;20138724;"KTS1 C2.16 H3-036a-p"
20816;20138734;"INS3.1b DE.NUR"
20817;20131637;"REC 12 GLAS 1985"
20818;20131638;"REC 12 HENC 1985"
20819;20131639;"REC 12 BERI 1976"
20820;20131640;"REC 12 HUMM"
20821;20131651;"REC 12 HAAS 1971"
20822;20131652;"REC 12 2018 VAND"
20823;20131653;"REC 12 STEP"
20824;20131656;"REC 12 CHOJ 1971"
20825;20131659;"REC 12 REIC 1978"
20826;20131661;"REC 12 TRIO 1982"
20827;20131662;"REC 12 BOUL 1971"
20828;20131663;"REC 12 MESS 1971"
20829;20126362;"TOP CH.ZUR 5"
20830;20124856;"TOP DE.LEI 5"
20831;20138833b;"KTS1 C2.21 H3-077b"
20832;20138880b;"KTS1 C2.23 H3-110b"
20833;20138884a;"KTS1 C2.23 H3-114a"
20834;20138884b;"KTS1 C2.23 H3-114b"
20835;20138884d;"KTS1 C2.23 H3-114d"
20836;20138883a;"KTS1 C2.23 H3-113a"
20838;20138883b;"KTS1 C2.23 H3-113b"
20839;20138883c;"KTS1 C2.23 H3-113c"
20840;20138883d;"KTS1 C2.23 H3-113d"
20841;20138885a;"KTS1 C2.23 H3-115a"
20842;20138885b;"KTS1 C2.23 H3-115b"
20843;20138885c;"KTS1 C2.23 H3-115c"
20844;20138887b;"KTS1 C2.23 H3-117b"
20845;20138887c;"KTS1 C2.23 H3-117c"
20846;20138888a;"KTS1 C2.23 H3-118a"
20847;20138888b;"KTS1 C2.23 H3-118b"
20848;20138892;"TOP FR 5"
20849;20138893;"BIO IVES e"
20850;20138894;INS1a
20851;20138895;"REC LP 12 KROL 1973"
20852;20138898;"KTS1 C2.24 H4-004"
20853;20138902;"REC LP 12 NIEH 1984"
20854;20138904;"REC 12 TUDO 1968"
20855;20126397;"LIT SACH a"
20856;20125404;"TOP AT 0"
20856;20125403;"TOP AT 0"
20856;20125402;"TOP AT 0"
20857;20138918;"KTS1 C2.24 H4-029"
20858;20121961;"INS3.2c COUP"
20859;20124949;"SCO JACQ"
20860;20131664;"LIT NABO a"
20861;20126400;"BIO BEET a"
20862;20131665;"REC 12 BRUG 1965"
20863;20131666;"REC 12 LIGE 1976"
20864;20130299;"INS3.1a GB"
20865;20138943;"KTS1 C2.25 H4-041"
20866;20138946;"TOP US 7"
20867;20139004;"AES CHIA"
20868;20131667;"SCI HOEV"
20869;20138949;"TOP US 6"
20870;20137439c;"KTS1 C2.25 H4-057c"
20871;20130961;"KTS1 H.02.003"
20872;20130963b;"KTS1 H.02.002b"
20873;20139005;INS3.3a
20874;20139006;GEN17
20875;20139007;"REF4 HART"
20876;20139008;"BIO CHOP b"
20877;20139009;"SCO CHAR"
20878;20134433;"REF4 WANG"
20878;20131668;"REF4 WANG"
20879;20131669;GHM5
20880;20139002b;
20881;20139023;"BIO COLL a"
20882;20139022;"BIO SERV e"
20883;20139048b;"KTS1 C2.29 X2B24b"
20884;20139072b;02G23
20885;20139120;"MTP3 HUBE"
20886;20137445;"PHI AREN a"
20887;20139121;"PHI AREN a"
20888;20139122;"BIO PUCC e"
20889;20139123;"BIO VIVA c"
20890;20139124;"BIO CIGO e"
20891;20139125;GHM3
20892;20139126;"VIS BIAN"
20893;20139127;GHM7
20894;20139128;"PHI AREN a"
20895;20139129;"TRE CHIP"
20896;20139130;"BIO HASS2 e"
20897;20139132;"AES ARKE"
20898;20139133;"PER RE2"
20899;20139134;"REC CD ALON 2020"
20900;20139135;"AES ARMS"
20901;20139136;"PER MA4"
20902;20139200h;"KTS1 C2.31 05J26h"
20903;20139173;"TOP FR 6"
20904;20139174;"TOP BE.BRU1 7"
20905;20139175;"BIO SZYM d"
20906;20139176;"KTS1 H.01.002"
20907;20139177;"KTS1 H.01.003"
20907;20139178;"KTS1 H.01.004"
20908;20139179;"KTS1 H.01.005"
20909;20139180;"INS3.1b UK"
20910;20139266;"TOP BE.FLA 7"
20911;20139181;"KTS1 H.01.006"
20912;20139182;"KTS1 H.01.007"
20913;20139183;"KTS1 H.01.008"
20914;20139185a;"KTS1 H.03.001"
20914;20139186a;"KTS1 H.03.002"
20915;20139185;"KTS1 H.03.001"
20916;20139185b;"KTS1 H.03.001"
20917;20139185c;"KTS1 H.03.001"
20918;20139185d;"KTS1 H.03.001"
20919;20139185e;"KTS1 H.03.001"
20920;20139186;"KTS1 H.03.002"
20922;20139186b;"KTS1 H.03.002"
20923;20139186c;"KTS1 H.03.002"
20924;20139186d;"KTS1 H.03.002"
20925;20139186e;"KTS1 H.03.002"
20926;20139186f;"KTS1 H.03.002"
20927;20131670;"REC 12 BARB 1979"
20928;20131671;"TRE COCT"
20929;20131687;"REC 12 LARR 1977"
20930;20131712;"REC 12 MART 1977"
20931;20139184;"KTS1 H.01.009"
20932;20139291;"KTS1 H.03.003"
20933;20131713;"PHI ALAI a"
20934;20139308;"SCO CAST"
20934;20139307;"SCO CAST"
20934;20139306;"SCO CAST"
20934;20139305;"SCO CAST"
20935;20139297;"SCO MONT"
20935;20139298;"SCO MONT"
20935;20139299;"SCO MONT"
20935;20139300;"SCO MONT"
20935;20139301;"SCO MONT"
20935;20139302;"SCO MONT"
20935;20139303;"SCO MONT"
20935;20139304;"SCO MONT"
20935;20139314;"SCO MONT"
20935;20139315;"SCO MONT"
20935;20139316;"SCO MONT"
20935;20139317;"SCO MONT"
20936;20139333;"KTS1 C2.34 08C08"
20937;20139355;"KTS1 C2.08C12a-k"
20938;20131878;"PHI LEIB a"
20938;20131877;"PHI LEIB a"
20938;20131876;"PHI LEIB a"
20938;20131875;"PHI LEIB a"
20938;20131874;"PHI LEIB a"
20938;20131873;"PHI LEIB a"
20938;20131872;"PHI LEIB a"
20939;20131907;"VIS PELA"
20940;20139347;"KTS1 C2.34 08C15a-e"
20941;20139371b;"KTS1 C2.36 X3C08b"
20942;20138033c;"KTS1 C1.61 06E01c"
20943;20131908;"REC 12 BOES 1982"
20944;20131909;"REC 12 GRIP 1982"
20945;20131910;"REC 12 ROWI"
20946;20131911;"REC 12 LASR 1969"
20947;20131912;"REC 12 KHAC 1977"
20948;20131913;"REC 12 KASK 1983"
20949;20131914;"REC 12 CART 1981"
20950;20131915;"REC 12 LAZA 1989"
20951;20131916;"REC 12 SATI 1977"
20952;20131729;"PHI BART a"
20953;20136768;"BIO DEBU a"
20954;20131938;"REC 12 KOOP 1983"
20955;20131941;"REC 12 KOOP 1983"
20956;20131944;"REC 12 BOUL 1969"
20957;20131945;"REC 12 WIEN 1971"
20958;20131947;"REC 12 MEHT 1972"
20959;20139414;"KTS1 C2.37 08C26a-h"
20960;20131950;"BIO CAMP a"
20961;20131951;"REC 12 GOBE"
20963;20131737;"LIT BLAN a"
20964;20131839;"PHI LEIB a"
20965;20131953;"REC 12 KOOP 1983"
20966;20131954;"REC 12 ORAZ 2016"
20967;20131955;"REC 12 KOOP 1980"
20968;20131956;"REC 12 LEON 1980"
20968;20131957;"REC 12 LEON 1980"
20970;20131958;"REC 12 LEON 1964"
20971;20131959;"REC 12 RAXA 1975"
20972;20131960;"REC 12 PEND 1967"
20973;20131961;"REC 12 FUJI 1982"
20974;20131962;"REC 12 KOOP 1984"
20975;20131986;"REC 12 BURG"
20976;20131721;"PHI BART a"
20977;20131724;"PHI BART a"
20978;20131714;"PHI BART a"
20979;20131718;"PHI BART a"
20980;20131722;"PHI BART a"
20981;20131723;"PHI BART a"
20982;20131726;"PHI BART a"
20983;20131727;"PHI BART a"
20984;20131728;"PHI BART a"
20985;20131716;"PHI BART a"
20986;20131717;"PHI BART a"
20987;20131715;"PHI BART a"
20988;20131720;"PHI BART a"
20989;20131725;"PHI BART a"
20990;20131744;"PHI BACO a"
20991;20131719;"PHI BAUD a"
20992;20131756;"PHI HERM a"
20993;20131743;"PHI BLUM a"
20994;20131745;"PHI CHAM a"
20995;20131746;"PHI DEBO a"
20996;20131748;"PHI DEBO a"
20997;20131747;"PHI DELE a"
20998;20131753;"PHI DERR a"
20999;20131755;"PHI DERR a"
21000;20139482;"KTS1 C2.39 16H01"
21001;20131987;"REC 12 HAUB 1970"
21002;20131988;"REC 12 BOND 1974"
21003;20131989;"REC 12 BURK"
21004;20131990;"REC 12 LEHE 1965"
21005;20131991;"REC 12 BEDF 1972"
21006;20131992;"REC 12 HOGW 1983"
21007;20131752;"PHI DERR a"
21008;20131749;"PHI DERR a"
21009;20131751;"PHI DERR a"
21010;20131750;"PHI DERR a"
21011;20131754;"PHI DERR b CLEM"
21012;20131762;"PHI FICH a"
21012;20131761;"PHI FICH a"
21012;20131760;"PHI FICH a"
21012;20131759;"PHI FICH a"
21012;20131758;"PHI FICH a"
21012;20131757;"PHI FICH a"
21013;20131766;"PHI FOUC a"
21014;20131765;"PHI FOUC a"
21015;20131764;"PHI FOUC a"
21016;20131763;"PHI FICI a"
21017;20131772;"PHI FREU a"
21018;20131771;"PHI FREU a"
21019;20131770;"PHI FREU a"
21020;20131769;"PHI FREU a"
21021;20131993;"REC 12 KOOP 1976"
21023;20131994;"REC 12 JACO 1975"
21024;20139487;"KTS1 C2.39 16H05"
21025;20139488;"LIT PEER a"
21025;20139489;"LIT PEER a"
21026;20136363b;"KTS1 C2.39 16H12b"
21027;20131768;"PHI FREU a"
21028;20131767;"PHI FREU a"
21029;20131778;"PHI FREU a"
21030;;"KTS1 C2.40 26C02a-m"
21030;20139499;"KTS1 C2.40 26C02a"
21030;20139502;"KTS1 C2.40 26C02b"
21030;20139503;"KTS1 C2.40 26C02c"
21030;20139504;"KTS1 C2.40 26C02d"
21030;20139505;"KTS1 C2.40 26C02e"
21030;20139506;"KTS1 C2.40 26C02f"
21030;20139507;"KTS1 C2.40 26C02g"
21030;20139508;"KTS1 C2.40 26C02h"
21030;20139509;"KTS1 C2.40 26C02i"
21030;20139510;"KTS1 C2.40 26C02j"
21030;20139511;"KTS1 C2.40 26C02l"
21030;20139512;"KTS1 C2.40 26C02m"
21030;20139513;"KTS1 C2.40 26C02k"
21031;20131777;"PHI FREU a"
21032;20131776;"PHI FREU a"
21033;20131775;"PHI FREU a"
21034;20131774;"PHI FREU a"
21035;20131773;"PHI FREU a"
21036;20131784;"PHI FREU a"
21037;20131783;"PHI FREU a"
21038;20131782;"PHI FREU a"
21039;20131781;"PHI FREU a"
21040;20131780;"PHI FREU a"
21041;20131779;"PHI FREU a"
21042;20131789;"PHI HEID a"
21043;20131788;"PHI HEID a"
21044;20131786;"PHI HEID a"
21045;20131785;"PHI HEID a"
21046;20131806;"PHI HEID a"
21047;20131807;"PHI HEID a"
21048;20131810;"PHI HEID a"
21049;20131809;"PHI HEID a"
21050;20131808;"PHI HEID a"
21051;20139514b;"KTS1 C2.40 26C08b"
21052;20131811;"PHI HEID a"
21053;20131812;"PHI HEID a"
21055;20131795;"PHI HEID a"
21056;20131796;"PHI HEID a"
21057;20131972;"VIS BRYS"
21058;20131794;"PHI HEID a"
21059;20131792;"PHI HEID a"
21060;20139527;"KTS1 C2.41 Map.032_01"
21060;20139528;"KTS1 C2.41 Map.032_02"
21061;20131803;"PHI HEID a"
21062;20131815;"PHI HEID a"
21063;20131814;"PHI HEID a"
21064;20139531b;"KTS1 C2.42 06A02b"
21065;20131813;"PHI HEID a"
21066;20131791;"PHI HEID b FEIC"
21067;20139531c;"KTS1 C2.42 06A02c"
21068;20131824;"PHI HEID a"
21069;20131820;"PHI HEID a"
21070;20131819;"PHI HEID a"
21071;20131823;"PHI HEID a"
21072;20131821;"PHI HEID a"
21073;20131818;"PHI HEID a"
21074;20131817;"PHI HEID a"
21075;20131816;"PHI HEID a"
21076;20131790;"PHI HEID a"
21077;20139534b;"KTS1 C2.42 06A07b"
21078;20131837;"PHI HEID a"
21079;20139187;"VIS COES"
21080;20124490;"VIS WEIG"
21081;20131995;"REC 12 HOGW 1980"
21082;20128757;"INS3.1a NL"
21083;20131973;"SCI MANO"
21084;20131864;"PHI LACA a"
21085;20131860;"PHI LACA a"
21086;20131865;"PHI LACA a"
21087;20131866;"PHI LACA a"
21088;20131861;"PHI LACA a"
21089;20131863;"PHI LACA a"
21090;20131862;"PHI LACA a"
21091;20131867;"PHI LACA a"
21092;20131798;"PHI HEID a"
21093;20131836;"PHI HEID a"
21094;20131799;"PHI HEID a"
21095;20131800;"PHI HEID a"
21096;20131801;"PHI HEID a"
21097;20131797;"PHI HEID a"
21098;20131835;"PHI HEID a"
21099;20131802;"PHI HEID a"
21100;20131805;"PHI HEID a"
21101;20131804;"PHI HEID a"
21102;20131871;"PHI LEIB a"
21103;20131869;"PHI LEIB a"
21103;20131868;"PHI LEIB a"
21104;20131974;"PHI LEIB b BELA"
21105;20131885;"PHI LESS a"
21105;20131886;"PHI LESS a"
21106;20131833;"PHI HERD a"
21107;20131832;"PHI JUNG a"
21108;20131870;"PHI LAME a"
21109;20131834;"PHI HELV a"
21110;20131884;"PHI LUTH a"
21110;20131883;"PHI LUTH a"
21110;20131882;"PHI LUTH a"
21110;20131881;"PHI LUTH a"
21110;20131880;"PHI LUTH a"
21110;20131879;"PHI LUTH a"
21111;20131890;"PHI MONT a"
21113;20131706;"PHI NOVA a"
21113;20131705;"PHI NOVA a"
21114;20131887;"PHI RANC a"
21115;20131893;"PHI SCHI a"
21115;20131892;"PHI SCHI a"
21116;20131891;"PHI SCHL a"
21117;20131906;"PHI SCHO a"
21117;20131904;"PHI SCHO a"
21117;20131903;"PHI SCHO a"
21117;20131905;"PHI SCHO a"
21120;20131902;"PHI SCHO a"
21121;20131901;"PHI SCHO a"
21122;20131900;"PHI SCHO a"
21122;20131899;"PHI SCHO a"
21122;20131897;"PHI SCHO a"
21122;20131898;"PHI SCHO a"
21124;20131996;"REC 12 LEPL"
21125;20131997;"REC 12 TILN"
21126;20131998;"REC 12 KELT 1985"
21127;20131999;"REC 12 SVEN 1965"
21128;20132000;"REC 12 JOCH 1971"
21129;20131896;"PHI SCHO b HAFF"
21130;20131894;"PHI SPIN a"
21130;20131895;"PHI SPIN a"
21131;20131975;"LIT APOL a"
21132;20131689;"LIT APOL a"
21133;20131853;"LIT AUER a"
21134;20131854;"LIT BERN a"
21135;20132001;"REC 12 KOOP 1981"
21136;20132002;"LIT BUTL a"
21137;20129958;"INS3.1a NL"
21138;20131730;"LIT BLAN a"
21139;20131731;"LIT BLAN a"
21140;20131732;"LIT BLAN a"
21141;20131733;"LIT BLAN a"
21142;20131738;"LIT BLAN a"
21143;20131742;"LIT BLAN a"
21144;20131734;"LIT BLAN a"
21145;20131741;"LIT BLAN a"
21146;20131740;"LIT BLAN a"
21147;20131739;"LIT BLAN a"
21148;20131735;"LIT BLAN a"
21149;20131736;"LIT BLAN a"
21150;20131855;"LIT CLAU a"
21151;20131856;"LIT CLAU a"
21152;20131857;"LIT CLAU a"
21153;20131858;"LIT BUCH a"
21154;20131704;"LIT BAUD a"
21155;20131699;"LIT FLAU a"
21155;20131698;"LIT FLAU a"
21156;20131675;"LIT DURR a"
21157;20131672;"LIT DURR b"
21158;20131678;"LIT DURR b"
21159;20131676;"LIT DURR b"
21160;20131673;"LIT DURR a"
21161;20131710;"LIT EICH a"
21162;20131976;"LIT JOYC a"
21163;20131977;"LIT KEAT a"
21164;20131674;"LIT HEIN a"
21165;20131703;"LIT HOFM a"
21166;20131693;"LIT HOFM a"
21167;20131694;"LIT EURO a"
21168;20131978;"LIT HUGO a"
21169;20131979;"LIT PAUL a"
21170;20131980;"LIT PAUL a"
21171;20131981;"LIT PAUL a"
21172;20131982;"LIT PAUL a"
21173;20131983;"LIT PAUL a"
21174;20131984;"LIT PAUL a"
21175;20132003;INS1a
21175;20140207;INS1a
21176;20131707;"LIT LOUY a"
21177;20131700;"LIT FRAN a"
21178;20131688;"LIT LOUY a"
21179;20131985;"LIT LESS b"
21180;20131859;"LIT KLEI a"
21181;20132030;"LIT MALL a"
21182;20131691;"LIT MANN a"
21183;20131690;"LIT MANN a"
21184;20131702;"LIT MANN a"
21185;20131692;"LIT MANN a"
21186;20131679;"LIT MANN a"
21187;20131709;"LIT MANN a"
21188;20132029;"LIT RILK a"
21189;20132028;"LIT RILK a"
21189;20132027;"LIT RILK a"
21189;20132026;"LIT RILK a"
21189;20132025;"LIT RILK a"
21189;20132024;"LIT RILK a"
21189;20132023;"LIT RILK a"
21189;20132022;"LIT RILK a"
21190;20132021;"LIT MARI a"
21191;20131696;"LIT MORI a"
21192;20131708;"LIT PASO a"
21193;20132020;"LIT PREV a"
21194;20131677;"LIT QUIG a"
21195;20131711;"LIT RIMB a"
21196;20131686;"LIT SCHI a"
21196;20131682;"LIT SCHI a"
21196;20131683;"LIT SCHI a"
21196;20131684;"LIT SCHI a"
21196;20131681;"LIT SCHI a"
21196;20131685;"LIT SCHI a"
21197;20132019;"LIT SADE a"
21198;20132018;"LIT STEN a"
21199;20131680;"LIT STEN a"
21200;20132017;"LIT STEN a"
21201;20131701;"LIT VALE a"
21202;20132016;"LIT VALE b"
21202;20132015;"LIT VALE b"
21203;20132014;"LIT VALE b"
21204;20131697;"LIT VERL a"
21205;20131695;"LIT WILD a"
21206;20131925;"AES BAUM"
21207;20131889;"SCI POIN"
21208;20131888;"SCI POIN"
21209;20131828;"AES SOLG"
21210;20131829;"AES NANC"
21211;20131827;"AES PIGU"
21212;20131826;"MTP1 GULD"
21213;20132031;"TOP AT 5"
21214;20131830;"AES INGA"
21215;20131831;"AES INGA"
21216;20132013;"SCO REIC1"
21217;20132012;"SCO REIC1"
21218;20132011;"SCO STRA1"
21219;20132010;"SCO SCHU2"
21220;20132009;"SCO CRUM"
21221;20132008;"SCO CRUM"
21222;20132032;"TRE BONI"
21222;20132033;"TRE BONI"
21223;20132034;"SCO SCHU1"
21224;20137540;"KTS1 C1.44 03G23"
21225;20139587;"KTS1 C2.44 06H04a-j"
21226;20126627c;"INS3.1a NL"
21227;20126627d;"INS3.1a NL"
21228;20126627e;"INS3.1a NL"
21229;20126627g;"INS3.1a NL"
21230;20126627h;"INS3.1a NL"
21231;20126627i;"INS3.1a NL"
21232;20126627j;"INS3.1a NL"
21233;20126627;"INS3.1a NL"
21234;20139616;"BIO PROU a"
21234;20139617;"BIO PROU a"
21234;20139618;"BIO PROU a"
21234;20139619;"BIO PROU a"
21234;20139620;"BIO PROU a"
21234;20139621;"BIO PROU a"
21235;20139622;"BIO PROU a"
21236;20139623;"BIO WAGN1 a"
21237;20132036;"REC 12 MORA 1980"
21238;20139633;"TRE CELI"
21240;20139161;"BIO SCHU1 e"
21241;20139644;"BIO BOUL d"
21242;20139645;"BIO BERG a"
21243;20139159;"TRE MENU"
21244;20139646;"INS4.1c SZIG"
21245;20139647;"TRE ANSE"
21246;20139648;"BIO LINN d"
21247;20131850;"BIO DAUM a"
21248;20139649;"INS4.1c FLES"
21249;20131849;"TRE KEPL"
21250;20131845;"TRE LEON"
21251;20131838;"BIO SCHU2 a"
21252;20139160;"BIO SCHU2 d"
21253;20139166;"BIO RILK a"
21253;20139165;"BIO RILK a"
21254;20132037;"REC 12 POUS"
21255;20132038;"REC 12 VARE 1983"
21256;20132039;"REC 12 AREL"
21257;20132040;"REC 12 JULL 1980"
21258;20132041;"REC 12 STOK 1982"
21259;20132042;"REC 12 BOUL 1965"
21260;20132043;"REC 12 KOOP 1982"
21262;20132045;"TOP NL.AMS 5"
21263;20139155;"BIO SCHU1 b"
21264;20139217;"BIO GOET a"
21265;20139218;"BIO RAVE e"
21266;20139156;"BIO CELL a"
21267;20131841;"BIO GOET a"
21267;20131840;"BIO GOET a"
21268;20139650;"BIO PASC b"
21269;20139157;"BIO BEET d"
21270;20131851;"BIO NIET a"
21270;20131852;"BIO NIET a"
21271;20131847;"BIO FREU a"
21272;20131848;"BIO FREU a"
21273;20131844;"BIO ROUS1 b"
21274;20139651;GHM0
21275;20139652;GHM0
21276;20139653;GHM0
21277;20139682;"KTS1 C2.46 10B15"
21278;20139654;"MTP2 MAHN"
21279;20139684;"INS3.1e NL.ALM"
21280;20139655;"TOP IR"
21280;20139656;"TOP IR"
21281;20132046;"BIO WAUT a"
21282;20132047;"BIO HAND a"
21283;20139699;"SCO CAGE"
21284;20139698;"SCO CAGE"
21285;20139697;"SCO CAGE"
21286;20139168;"BIO WALT1 a"
21287;20139164;"BIO SCHU1 d"
21288;20139158;"BIO BOHM a"
21289;20126046;"INS3.1e NL.GOU"
21290;20126250;"INS3.1e NL.HAR"
21291;20132048;"REC 12 JACO 1975"
21292;20132049;"REC 12 LIND 1975"
21293;20132050;"REC 12 EGMO 1968"
21294;20131842;"BIO SCHL2 a"
21295;20139162;"BIO SCHU1 a"
21296;20139163;"BIO SCHU1 e"
21297;20139696;"BIO ANSE e"
21298;20139695;"BIO ANSE e"
21299;20139167;"BIO ANSE a"
21300;20132051;"REC 12 LEON 1979"
21301;20139169;"INS4.1c MENU"
21302;20132052;"REC 12 DOMI 1971"
21303;20132053;"TOP IT.VEN1 5"
21304;20139732;"BIO HOFF a"
21304;20139733;"BIO HOFF a"
21304;20139731;"BIO HOFF a"
21305;20139730;"TRE CELI"
21306;20139754;"SCI BECK"
21307;20139760;"MTP3 ZAGO"
21308;20139759;"MTP5 HABB"
21309;20124364;"SCO BUXT"
21309;20124363;"SCO BUXT"
21310;20139758;"SCO FROB2"
21311;20139757;"BIO PAIS e"
21312;20131921;"TOP NL.HAG 7"
21313;20131922;"TOP NL 7"
21314;20139756;"MTP1 MOSK"
21315;20139755;"AES KUTS"
21316;20139767;"TOP GB 6"
21317;20139777;"BIO VIVA d"
21318;20139780;"PHI BADI a"
21319;20132054;"REC 12 DANB 1968"
21320;20132056;"PHI PIRS a"
21321;20132055;"AES SEVE"
21322;20132057;"AES BATA"
21323;20132058;"LIT BATA a"
21324;20132059;"LIT BATA a"
21325;20132060;"PHI SCHL a"
21326;20132061;"LIT BATA a"
21327;20132062;"LIT IRIG a"
21328;20132063;"LIT HUYS a"
21329;20139849;"AES OLIV"
21330;20139850;"LIT KERO b"
21331;20132064;"REC 12 DOWN 1960"
21332;20139856;"KTS1 C1.40 27D29"
21333;20139857;"KTS1 C1.03 05B50"
21334;20139878b;"KTS1 C2.52 06K19b"
21335;20139878c;"KTS1 C2.52 06K19c"
21336;20139890;"KTS1 C2.53 06M07"
21337;20139907b;"KTS1 C2.54 06O01b"
21338;20124481;"INS3.1e NL.NIJ"
21339;20126054;"INS3.1e NL.ZIE"
21340;20132065;"REC 12 DART 1962"
21341;20132066;"REC CD HARM 2008"
21342;20132067;"REC 12 LIND 1972"
21343;20132068;"REC 12 LEON 1982"
21344;20132069;"REC 12 DART 1960"
21345;20139986;"REC CD AUNE 2022"
21346;20139980;"PER ILVE"
21347;20139981;"TOP DE 7"
21347;20140088;"TOP DE 7"
21347;20140089;"TOP DE 7"
21347;20140090;"TOP DE 7"
21347;20140091;"TOP DE 7"
21347;20140092;"TOP DE 7"
21347;20140093;"TOP DE 7"
21348;20139985;"MTP3 LIJS"
21349;20139984;
21350;20139983;"BIO BEET e"
21351;20139982;GHM5
21352;20139995;"BIO SCAR1 e"
21353;20139994;"TOP NL 5"
21354;20139993;"MTP3 YSEB"
21355;20139992;"MTP4 JOUB"
21356;20139991;"BIO BACH1 e"
21357;20132071;"REC 12 THOM 1960"
21358;20140012b;"KTS1 C2.61 09F15b"
21359;20140084;"KTS1 C2.64 10J10_05"
21360;20140094;"MTP2 MEYE"
21361;20140096;"TOP DE 7"
21362;20140095;"SCO HAMB"
21364;20132073;"PHI ADDI a"
21365;20132074;"PHI ADDI a"
21366;20132076;
21367;20132077;"PHI HOFF a"
21368;20132078;"PHI HEGE b GLOC"
21369;20132079;"PHI HEGE b BLOC"
21370;20140131;"MTP5 FORT"
21376;20139188;"TRE GOUL"
21377;20132083;"TOP US 7"
21378;20132070;"REC 12 BINN 1980"
21379;20132082;"REC 12 BRIT 1969"
21380;20140201;"REC 12 KAGE 1969"
21381;20140202;"REC 12 NIGH 1977"
21382;20140203;"SCI BARR"
21383;20140204;"BIO RADI b"
21384;20140205;"HUM DENI"
21385;20140206;"REC CD SIEM 1998"
21386;20132085;"REC CD DALL 2020"
21387;20132086;"VIS COOK"
21388;20138977;INS3a
21389;20138976;"SCO HUYG"
21390;20136400k;"KTS1 C2.58 Map.011k"
21391;20140258;"SCO SCEL"
21392;20140259;"SCO SCEL"
21393;20126245;INS3.1c
21394;20124684;"INS3.1c BANC"
21395;20140260;"SCO SCEL"
21396;20140262;"SCO SCEL"
21397;20140261;"SCO SCEL"
21398;20140263;"SCO SCEL"
21399;20140264;"SCO SCEL"
21400;20140265;"SCO SCEL"
21401;20140266;"SCO SCEL"
21402;20136400t;"KTS1 C2.58 Map.011t"
21403;20136400s;"KTS1 C2.58 Map.011s"
21404;20136400r;"KTS1 C2.58 Map.011r"
21405;20136400q;"KTS1 C2.58 Map.011q"
21406;20136400p;"KTS1 C2.58 Map.011p"
21407;20136400o;"KTS1 C2.58 Map.011o"
21408;20136400n;"KTS1 C2.58 Map.011n"
21409;20136400m;"KTS1 C2.58 Map.011m"
21410;20136400l;"KTS1 C2.58 Map.011l"
21411;20140366;"MTP4 DART"
21412;20140267f;"KTS1 C2.59 Map.015f"
21413;20126270;"INS3.1b CLIC"
21414;20126257;INS3.1c
21414;20126256;INS3.1c
21414;20126255;INS3.1c
21414;20126254;INS3.1c
21414;20126253;INS3.1c
21415;20126053;"INS3.1c KITT"
21416;20140273;"MTP2 BAAL"
21417;20140282;"PER SA2"
21418;20140274;"TOP NL.EIN 7"
21418;20140278;"TOP NL.EIN 7"
21419;20140275;"TOP NL.EIN 7"
21420;20140276;"TOP NL.EIN 7"
21421;20140277;"REC CD MISC 2002"
21422;20140279;"SCO DAVI"
21423;20140280;"SCO GOEH"
21424;20140281;"TOP DE 7"
21425;20140283;"MTP2 DELA"
21426;20140272d;"KTS1 C2.60 Map.020d"
21427;20128732;INS3.1b
21428;20140284g;"KTS1 C2.60 Map.021g"
21429;20140284h;"KTS1 C2.60 Map.021h"
21430;20140285j;"KTS1 C2.60 Map.022j"
21433;20140285k;"KTS1 C2.60 Map.022k"
21434;20140285l;"KTS1 C2.60 Map.022l"
21435;20140285m;"KTS1 C2.60 Map.022m"
21436;20124892;"INS3.1c CALV"
21437;20126159;"INS3.1c BEND"
21438;20140286j;"KTS1 C2.60 Map.023j"
21439;20126273;"INS3.1c KNEC"
21439;20126272;"INS3.1c KNEC"
21439;20126271;"INS3.1c KNEC"
21440;20129539;INS3.1b
21441;20132087;"REC CD ANDU 2019"
21442;20140295e2;"KTS1 C2.60 Map.025e"
21443;20124361;"SCO DOR"
21444;20140295k;"KTS1 C2.60 Map.025k"
21445;20140295l;"KTS1 C2.60 Map.025l"
21446;20140295m;"KTS1 C2.60 Map.025m"
21447;20140295n;"KTS1 C2.60 Map.025n"
21448;20140301;"KTS1 C2.60 Map.29"
21449;20140302a;"KTS1 C2.60 Map.030a"
21450;20140302b;"KTS1 C2.60 Map.030b"
21451;20140302c;"KTS1 C2.60 Map.030c"
21452;20131446;"HUM DOE"
21453;20132088;"HUM DOE"
21454;20132089;"HUM DOE"
21455;20132090;"HUM DOE"
21456;20132091;"HUM DOE"
21457;20124607;"SCO MISC HUYB"
21458;20121946;"SCO MUFF"
21459;20140361;"SCO MUFF"
21460;20131918;"BIO DEBU d"
21461;20140362;
21462;20131919;"TRE SCHA"
21463;20131923;"TOP NL.UTR 6"
21464;20131928;"TOP NL.UTR 6"
21465;20140363;"BIO KAGE b"
21466;20131924;"TOP NL.UTR 7"
21467;20138975;"TOP NL 7"
21468;20140364;"SCO KAGE"
21469;20131920;"TOP NL.AMS 6"
21470;20140365;"SCO KAGE"
21471;20131933;"TOP NL 7"
21472;20131931;"TOP NL 7"
21473;20131929;"BIO DEBU d"
21474;20140382b;"KTS1 C3.02 08G43b"
21475;20140382c;"KTS1 C3.02 08G43c"
21476;20140382d;"KTS1 C3.02 08G43d"
21478;20140382h;"KTS1 C3.02 08G43h"
21479;20140382i;"KTS1 C3.02 08G43i"
21480;20140382;"KTS1 C3.02 08G43"
21481;20132092;"REC 12 KAGE 1969"
21482;20140406;"KTS1 C3.03 01A40"
21483;20132093;"REC 12 BART 2001"
21484;20132094;"REC 12 HOGW 1998"
21485;20132095;"REC 12 SGRI 1993"
21486;20132096;"REC 12 LEON 1969"
21487;20132097;"REC 12 RICH 1973"
21488;20132098;"REC 12 RICH 1954"
21489;20140441;"MTP4 DENZ"
21490;20132099;"REC 12 LEON 1965"
21491;20132100;"REC 12 BOBE 1965"
21492;20140442;"BIO LACH d"
21493;20124464;"SCO STAN"
21494;20124367;"SCO STAN"
21495;20132101;"REC 12 SERK 1975"
21496;20145175;"KTS1 C3.08 08G57"
21497;20132102;"REC 12 JURG 1964"
21498;20132103;"REC 12 RIEU 1964"
21499;20145185;GHM7
21500;20145186;"BIO BURG c"
21501;20145187;"BIO FEEL b"
21502;20132104;"PHI FOUC a"
21503;20132105;"REC 12 LEON 1969"
21504;20132106;"REC 12 LEON 1969"
21505;20132107;"REC 12 LEON 1956"
21506;20132108;"REC 12 KOOP 1986"
21507;20132109;"REC 12 KOOP 1986"
21509;20131952;"REC 12 KOOP 1983"
21509;20132110;"REC 12 KOOP 1983"
21510;20132111;"REC 12 KOOP 1983"
21511;20145199;"HUM VINE"
21512;20132112;"REC KOOP 1983"
21513;20132113;"REC 12 KOOP 1986"
21514;20132114;"REC 12 LEON 1956"
21515;20132115;"REC 12 RIEU 1963"
21516;20132116;"REC 12 KOOP 1974"
21516;20132117;"REC 12 KOOP 1974"
21516;20132709;"REC 12 EGMO 1974"
21517;20132118;"REC 12 KOOP 1987"
21518;20145211;"AES BSTI"
21519;20145210;"KTS1 H.07.001"
21519;20145319;"KTS1 H.07.002"
21520;20132119;"REC 12 KOOP 1974"
21521;20132120;"REC 12 KOOP 1983"
21522;20132121;"REC 10 BOUK 1959"
21523;20132122;"REC 10 BORG 1955"
21524;20132123;"REC 12 TEMP 1964"
21525;20132124;"REC 12 LOSN 1970"
21526;20132125;"REC 12 FAER 1966"
21527;20145296;"KTS1 C3.11 09L04a"
21528;20145297;"KTS1 C3.11 09L04b"
21529;20145298;"KTS1 C3.11 09L04c"
21530;;"KTS1 C3.11 09L04a-c_08"
21531;20131937;"MTP2 SHOR"
21532;20131936;"AES PAAP"
21533;20138974;"KTS1 H.03.005"
21534;20138973;"KTS1 H.01.011"
21535;20138972;"KTS1 H.01.017"
21536;20145320;"SCO KAGE"
21537;20145321;"LIT LORD b"
21538;20145322;"SCI RHEI"
21539;20145328;"KTS1 C3.12 09L29"
21540;20131927;"AES PIJP--&gt;TRE PIJP"
21541;20131926;"AES LIER"
21542;20131917;"MTP2 ROVA"
21543;20132126;GHM5
21544;20132127;"REC 12 MICH 1972"
21545;20132128;"REC CD DEVL 2022"
21546;20132129;GHM7
21547;20132130;REF1
21547;20132131;REF1
21548;20132132;"AES DODD"
21549;20132133;"REC 12 THIL 1971"
21550;20145406;"KTS1 C3.14 16E16"
21551;20132134;"REC 12 DIJK 1970"
21552;20132135;"REC 12 TAGL 1959"
21553;20131935;"BIO GERS d"
21554;20131934;"BIO RAVE d"
21555;20124961;"INS3.1c WERK"
21556;20124960;"INS3.1c WERK"
21557;20145441;"INS3.1b WAGN"
21558;20145442b;"KTS1 C3.17 15F05b"
21559;20145447;"KTS1 C3.17 15F14a-d"
21560;20132136;"PHI JAME a"
21561;20145443h;"KTS1 C3.17 15F07h"
21562;20145443;"KTS1 C3.17 15D07a-h"
21563;20145459;"KTS1 C3.18 16F01a-c"
21564;20131932;"TRE MUNC"
21565;20131930;"BIO WEIL c"
21566;20145465;"SCI CLAR"
21567;20145466;"TOP DE 6"
21568;20145467;"LIT LAUS b"
21569;20120593;"KTS1 C2.20 08B26"
21570;20145484;"KTS1 C3.19 16F28a-e"
21571;20145496b;"KTS1 C3.19 G2-001b"
21571;20145495c;"KTS1 C3.19 G2-002c"
21572;20145494;"KTS1 C3.19 G2-002a"
21573;20145494b;"KTS1 C3.19 G2-002b"
21574;20130133b;"KTS1 C3.20 02b"
21575;20130133c;"KTS1 C3.20 02c"
21576;20130134b;"KTS1 C3.20 03b"
21577;20138970;"TOP AT.VIE 6"
21578;20120666;INS3.2d
21579;20120665;INS3.2d
21580;20120664;INS3.2d
21581;20120663;INS3.2d
21582;20120662;INS3.2d
21583;20120668;INS3.2d
21584;20124967;"INS3.2c ROUS"
21585;20132137;GHM5
21586;20132138;"TOP NL 5"
21587;20132140;GHM5
21588;20132141;"REC 12 WALT"
21589;20132142;"PHI BLOC a"
21590;20132143;"PHI BORN a"
21591;20132145;"LIT NOVA b MOLN"
21592;20132148;"PHI GADA a"
21593;20132149;"PHI BAUD a"
21594;20132150;"PHI LANG a"
21595;20132151;"LIT SENN a"
21596;20132152;"BIO NOVA d"
21597;20132153;"LIT BLAK a"
21599;20132154;"LIT FISH a"
21600;20145576b;"KTS1 C3.24 03I16b"
21601;20132155;GEN21
21602;20132156;"AES RIED"
21603;20132157;"BIO LAFA d"
21604;20132158;"LIT BECK a"
21605;20132159;"LIT ARAG a"
21606;20132160;"LIT BALZ a"
21607;20145603;"HUM MENT"
21608;20145601;"MTP3 HUGH"
21609;20145602;"MTP3 HUGH"
21610;20145606;"KTS1 C3.25 03J01"
21611;20132170;"AES BRAN"
21612;20132161;"TOP DE.WEI1 6"
21612;20132162;"TOP DE.WEI1 6"
21613;20132171;"BIO MOZA2 d"
21614;20132172;"INS3.1e DE.ROT"
21615;20132173;INS2a
21616;20126265;INS3.2d
21617;20145744;"KTS1 C3.28 09K04a-d"
21618;20125625;"BIO PURC1 d"
21619;20123824;"BIO PRUN d"
21620;20126975;"BIO PAIS e"
21621;20125584;"BIO LUZZ e"
21622;20126970;"BIO LULL d"
21623;20130329;"BIO LASS c"
21624;20126480;"BIO WITT1 d"
21625;20128545;"BIO VIVI3 d"
21626;20129062;"BIO JACO2 a"
21627;20145745;"MTP5 NIME"
21628;20135933;"SCO MISC WALL"
21629;20134733;"SCO MISC ARLT"
21629;20134734;"SCO MISC ARLT"
21629;20134735;"SCO MISC ARLT"
21630;20124369;"SCO MISC RASP"
21631;20126104;"SCO MISC ANON"
21632;20126140;"SCO MISC RASP"
21633;20145758;"BIO TOGN e"
21634;20145759;"BIO SPER d"
21635;20145760;"BIO WERC d"
21636;20126358;"BIO WASS e"
21637;20145761;"BIO SOLA e"
21638;20127125;"BIO STEI2 b"
21639;;"BIO VOSS1 a"
21640;20126061;"BIO JAMB e"
21641;20122695;"BIO KUHN1 e"
21642;20121158;"BIO MART1 e"
21643;20126421;"BIO MOZA1 c"
21644;20126236;"BIO SCHU5 d"
21645;20145756;"BIO MOZA1 f"
21646;20126010;"BIO OCKE e"
21647;20126262;"BIO SCHU5 a"
21648;20124925;"SCO MISC MORL"
21649;20126350;"SCO MISC"
21650;20134724;"BIB3 ES 3"
21651;20126090;"SCO MISC"
21652;20135889;"SCO MISC CURT"
21653;20121846;"SCO MISC NOSK"
21654;20124903;"SCO BERT"
21655;20121925;"SCO MISC SCHR"
21656;20145765;"KTS1 C3.28 09K14_4"
21657;20145773;"KTS1 C3.28 09K14_7"
21658;20145762;"KTS1 C3.29 09K38a-e"
21659;20145800b;"KTS1 C3.29 09K56b"
21660;20145800c;"KTS1 C3.29 09K56c"
21661;20126274;"INS3.3c KALK"
21662;20126434;"INS3.3c MILC"
21663;20134679;"INS3.3d CARU"
21664;20126162;"INS3.3c STRE"
21665;20124687;"INS3.3c VALD"
21666;20145830;"BIB1 HOOL"
21667;20145831;GEN21
21667;20145925;GEN21
21668;20145832;"BIO BEET a"
21668;20145833;"BIO BEET a"
21668;20144185;"BIO BEET a"
21668;20144186;"BIO BEET a"
21668;20144187;"BIO BEET a"
21669;20134723;
21670;20124811;
21671;20124812;
21672;20124813;
21673;20124807;
21674;20124808;
21675;20124806;
21676;20132174;"LIT MORI a"
21677;20126059;"INS3.3c KINK"
21678;20124874;"INS3.3c HUMM"
21679;20121947;"INS3.3c CLEM"
21680;20126427;"INS3.3c GALL"
21681;20126153;"INS4.6c CORR"
21682;20145884;INS4a
21683;20145897;"KTS1 C3.32 02E01"
21685;20145897g;"KTS1 C3.32 02E01g"
21686;20124486;INS3.1b
21687;20124958;"INS3.1b GB"
21688;20132175;"REC 10 KEMP 1964"
21689;20132177;"BIO STOC e"
21690;20145923;GHM7
21691;20145924;"AES TOOP"
21692;20145926;"BIO BREW d"
21693;20145932;"KTS1 C3.33 04I01"
21694;20145933b;"KTS1 C3.33 04I04"
21695;20132178;"PHI LAVA a"
21696;20121926;"INS3.1b BERG"
21697;20129502;"INS3.1b VERS"
21698;20124869;"TRE LOUL"
21699;20132180;"REC 10 COLE 1954"
21700;20132181;"REC 10 KENN 1931"
21701;20132182;"REC 10 CROS 1942"
21702;20132183;"REC 10 COMM"
21703;20132184;"REC 10 CROS 1954"
21704;20132185;"REC 10 DOLM 1930"
21704;20132325;"REC 10 DOLM 1930"
21705;20132188;"REC 10 DOUG 1922"
21706;20132187;"REC 10 RICH"
21707;20132186;"REC 10 ROYA"
21708;20132189;"REC 10 RAMI"
21709;20126269;INS4.3c
21710;20146007;"KTS1 C3.36 08F14"
21711;20121945;INS4.3c
21712;20146006;"BIO FELD e"
21713;20146005;"PHI SERR b SIMO"
21713;20146032;"PHI SERR b SIMO"
21714;20132190;"TOP GB.LON 5"
21715;20132191;"BIO VIVA e"
21716;20132192;"TRE CECC"
21717;20132193;"TOP FR 5"
21718;20132194;"INS6.2d VEST"
21719;20132195;"BIO DAVE e"
21720;20132196;"REC 10 FOY 1913"
21721;20132197;"TOP AT.VIE 5"
21722;20128910;"INS4.5a HOFF"
21723;20126428;"INS4.5c DANO"
21724;20146023;"MTP2 MANC"
21725;20132198;"REC CD GOLD"
21726;20132199;"REC CD ELGA 2008"
21727;20146081;"BIO BRAH e"
21728;20146082;"MTP2 ILLI"
21729;20132201;INS11a
21729;20146258;INS11a
21730;20132200;"TOP FR 5"
21731;20132202;"PHI ROSE a"
21732;20132203;"BIO GLUC b"
21733;20137450;"KTS1 C1.40 26E22"
21734;20132204;"REC 12 BURR 1991"
21735;20132205;"REC 12 MART 2000"
21736;20232206;"INS3.3b BE"
21737;20132207;"INS3.3b BE"
21738;20132208;"REC CD BLEI 1991"
21739;20132209;"REC CD DECO 2021"
21740;20132210;"REC CD LEHR 1987"
21741;20132211;"REC CD LABA 1998"
21742;20232212;"REC CD VANI 1995"
21743;20132213;"KTS1 H.01.010"
21744;20132213a;"KTS1 H.01.010"
21745;20132213b;"KTS1 H.01.010"
21746;20132214;"KTS1 H.01.013_01"
21746;20132215;"KTS1 H.01.013_02"
21746;20132216;"KTS1 H.01.013_03"
21747;20132217;"REC CD LECO 2003"
21748;20132222;"REC 12 BAKE 1978"
21749;20132224;"REC 12 BAKE"
21750;20132220;"REC 12 BRUG 1968"
21751;20132221;"REC 12 BRUG 196x"
21752;20132223;"REC 12 BRUG 1960"
21753;20132225;"REC 12 BRUG 196x"
21753;20132324;"REC 12 BRUG 1963"
21753;20132467;"REC 12 BRUG"
21754;20132226;"REC 12 BURG 1970"
21755;20132219;"REC 12 BERG"
21756;20132227;"REC 12 BINN 1978"
21759;20132228;"REC CD PRES 1995"
21762;20132229;"REC CD BEAT 2000"
21763;20146164;"KTS1 H.01.012_01"
21763;20146165;"KTS1 H.01.012_02"
21764;20146166;"TOP BE.FLA 7"
21765;20126425;"LIT ROJA a"
21767;20132230;"REC CD BELD 1992"
21768;20132231;GEN17
21769;20132218;"PHI BURT a"
21770;20132232;"PHI BOUL a"
21771;20132234;"SCI CANA"
21772;20132235;"REC 12 ALAI 1979"
21773;20132236;"REC 12 ALAI"
21774;20132237;"REC 12 ALAI"
21775;20132169;"PHI BROW a"
21776;20132238;"REC 12 ALBR 1968"
21777;20132239;"REC 12 ZART"
21778;20132240;"REC 12 ALES"
21779;20132163;"MTP2 JOHN"
21780;20132167;"AES ILLI"
21781;20132166;"BIO CLEM a"
21782;20132165;"BIO VIOT e"
21783;20132164;"BIO CLEM e"
21784;20146223;"HUM PULI"
21785;20146224;"REF2 HARZ"
21786;20146225;"MTP5 VANH"
21787;20146226;"MTP5 HUIS"
21788;20146227;"BIO LISZ e"
21789;20146228;"HUM BOOY"
21790;20146229;"HUM DAY"
21791;20146230;"TOP IT.FLO 7"
21792;20146231;"BIO CLEM e"
21793;20146232;"MTP2 KOSL"
21794;20146233;"SCI TRIL"
21795;20146250;GEN20
21796;20146249;"BIO BERL e"
21797;20146248;GEN21
21798;20146247;GEN21
21799;20146246;"TOP DE.HAM 7"
21800;20146236;"REC CD MISC 1996"
21801;;"BIO SCHU1 e"
21802;20146234;"AES DUSA"
21803;20146235;"SCI MAGN"
21804;20146259;"SCI BLAC"
21805;20146284;"BIB4 BE.AREN"
21806;20146265;"KTS1 C3.47 X3A15"
21807;20146260;"SCO MISC MARS"
21808;20146268b;"KTS1 C3.47 X3A18b"
21809;20146285;"TOP BE.FLA 7"
21810;20146263;"SCO RAME"
21811;20146261;"SCO MISC KARP"
21811;20146262;"SCO MISC KARP"
21812;20146272;"SCO BENA"
21813;20146287;"SCO BENA"
21814;20146288;"SCO BENA"
21815;20146289;"SCO ROSS4"
21816;20146290;"SCO ROSS4"
21817;20146291;"SCO ROSS4"
21818;20146292;"SCO ROSS4"
21819;20146294;"SCO ROSS4"
21820;20146293;"SCO ROSS4"
21821;20146303;"REC CD RZEW 2002"
21822;20146304;"SCI BURB"
21825;20132242;"BIO BACH1 d"
21826;20146359;"BIO BOUL d"
21827;20146360;"MTP2 RINK"
21828;20146361;"TOP DE.COL 7"
21829;20146362;"TOP DE.COL 7"
21830;20146363;"SCO BACH2"
21831;20132243;"TOP BE.FLA 5"
21832;20132244;"SCO STRAV"
21833;20132245;"LIT VOLT b SCLI"
21834;20146364;GHM7
21835;20146365;"SCO XL STOC"
21836;20146366;"TOP IT 5"
21837;20146367;"KTS1 H.01.013_04"
21838;20132246;"LIT EURI a"
21839;20146385b;"KTS1 C3.51 26D05"
21840;20132247;"BIO JAHN d"
21841;20146438;"KTS1 C3.53 G1-022"
21842;20146432;"KTS1 C3.53 G1-024a-k"
21843;20146444d;"KTS1 C3.52 G1-015d"
21844;20146444f;"KTS1 C3.52 G1-015f"
21845;20146445;"MTP1 BARB"
21846;20146446;"BIO TOME d"
21847;20146447;"KTS1 H.07.010"
21848;20146449;"KTS1 H.07.003"
21849;20146448;"REC CD HOLL 2022"
21850;20146451;"KTS1 H.07.005"
21851;20146450;"KTS1 H.07.004"
21852;20146452;"KTS1 H.07.006"
21853;20146453;"TOP US.BUF 7"
21854;20134368;"MTP3 ASSI"
21857;20146482;"KTS1 H.02.033_01"
21857;20146483;"KTS1 H.02.033_02"
21857;20146484;"KTS1 H.02.033_03"
21857;20146485;"KTS1 H.02.033_04"
21858;20146501;"KTS1 H.02.049"
21859;20132253;GEN17
21860;20132255;"BIO VIVA e"
21861;20132254;"BIO VIVA e"
21862;20132277;"TOP IT 5"
21863;20132256;"MTP2 DELL"
21864;20132258;"BIO VIVA e"
21865;20132257;"BIO JUVA c"
21866;20132273;"TOP IT 4"
21867;20132276;"TOP IT.TUR 5"
21868;20132275;"TOP IT.TUR 5"
21869;20132274;GEN17
21870;;"BIO VERD e"
21871;20132259;"REC 12 CAMB 1956"
21871;20132260;"REC 12 CAMB 1956"
21871;20132261;"REC 12 CAMB 1956"
21871;20132262;"REC 12 CAMB 1956"
21871;20132263;"REC 12 CAMB 1956"
21872;20132264;"REC 12 VILA 1957"
21873;20132265;"BIO SCAR1 e"
21874;20146548;"SCO BACH1"
21875;20146549;"SCO BACH1"
21876;20146550;"SCO BACH1"
21877;20146551;"SCO MISC GOLD2"
21878;20146540;"KTS1 H.03.030"
21878;20146541;"KTS1 H.03.031"
21878;20146542;"KTS1 H.03.032"
21878;20146536;"KTS1 H.03.033"
21878;20146537;"KTS1 H.03.034"
21878;20146538;"KTS1 H.03.035"
21878;20146555;"KTS1 H.03.036"
21879;20146552;"SCO BACH1"
21879;20146553;"SCO BACH1"
21880;20146554;"SCO XL BACH1"
21881;20132266;"BIO JOMM e"
21882;20146546;"KTS1 H.03.027"
21883;20146556;"KTS1 H.03.037"
21884;20146561;"KTS1 H.03.042a"
21884;20146562;"KTS1 H.03.042b"
21885;20146567;"AES BRAG"
21886;20146568;"SCI HENN"
21887;20146237;"PER SW"
21888;20146573;"PER MK1"
21889;20146574;"PER MK1"
21892;201465575;"TRE KOEN"
21892;20146576;"TRE KOEN"
21892;20146577;"TRE KOEN"
21892;20146578;"TRE KOEN"
21894;20146579;"INS3.1 e GB"
21894;20146580;"INS3.1 e GB"
21894;20146581;"INS3.1 e GB"
21896;20146589;"BIO CLEM2 a"
21898;20146586;"BIO BARR d"
21903;20132278;"REC 10 TERR 1930"
21904;20132279;"REC 10 TERR 1930"
21905;20132280;"REC CD BERN 2015"
21906;20132281;"REC 10 SCOT 1931"
21907;20132282;"REC 10 TAUB 1945"
21908;20132283;"REC 10 TITT"
21915;20146596;"KTS1 H.04.003"
21917;20132284;"REC 10 DURB 1940"
21918;20132285;"REC 10 HESS 1958"
21919;20146588;"BIO SCHU1 c"
21919;20146587;"BIO SCHU1 c"
21921;20130023b;"KTS1 H.04.008"
21922;20130083b;"KTS1 H.04.007"
21923;20146597;"KTS1 H.04.006"
21924;20146599;"KTS1 H.04.005"
21930;20132286;"HUM MARR"
21934;20132287;"BIO MOZA1 e"
21935;20132288;"SCO HACQ"
21937;20146606;"KTS1 H.04.029"
21969;20146643;"KTS1 H.06.001"
21970;20146644;"KTS1 H.06.002"
21971;;
21971;;
21971;;
21978;;
21978;;
21979;;
21979;;
21979;;
21980;;
21980;;
21980;;
21981;20146647;"KTS1 C1.03 05B51"
22029;20146652;"SCO NONO"
22030;20146653;"SCO XL NONO"
22036;20146654;"LIT MORE b"
22037;20146655;"AES CHAR"
22038;20146656;"MTP1 STOP"
22039;20146657;"PER ME2"
22040;20146658;"PER WI1"
22041;20143573;"MTP3 COTT"
22042;20143574;"MTP5 RADM"
22043;20143575;"KTS1 H.07.038"
22044;;"REC 12 GODE 1979"
22045;20143580;"REC 12 VANM 1984"
22046;20143581;"REC 12 FESC 1981"
22047;20143576;"SCO XL NONO"
22047;20143577;"BIO NONO e"
22048;20143578;"SCO XL NONO"
22048;20143804;"SCO XL NONO"
22049;20143579;"SCO NONO"
22050;20125691;"BIO MOZA1 f"
22051;20143582;"REC 12 COME 1964"
22052;20143583;"REC 12 NEME 1989"
22053;20146678;"BIO META e"
22054;20146679;"BIO MASC d"
22055;20132290;"TOP FR 5"
22056;20143584;"KTS1 H.06.030"
22057;20143742;"REC 12 LUBI 1979"
22058;20143741;"REC 12 LEON 1966"
22059;20143599;"SCO XL NONO"
22060;20143600;"BIO KAGE d"
22061;20143601;"SCO FERR"
22062;20143602;"HUM HODD"
22063;20143745;"REC 12 LEON 1960"
22064;20143746;"REC 12 AMEL 1968"
22065;20143608;"KTS1 H.06.051"
22066;20143612;"BIO PAGA d"
22067;20143613;"SCI MCLE"
22068;20143614;"BIO NONO a"
22069;20143615;GHM7
22070;20143616;"BIO NONO a"
22071;20143618;"BIO NONO e"
22072;20143619;"BIO NONO e"
22073;20143620;"BIO NONO e"
22074;20143621;"BIO NONO e"
22075;20143750;"REC 7 IMPA 1969"
22076;20143752;"REC 7 IMPA 1969"
22077;20143751;"REC 7 IMPA 1969"
22078;20143749;"REC 7 IMPA 1969"
22079;20143622;"BIO NONO e"
22080;20143625;"BIO NONO a"
22081;20143624;"INS1a NL"
22082;20143626;"AES INMM"
22083;20143627;"BIO NONO a"
22084;20143628;"BIO NONO e"
22085;20143744;"REC 12 WILL 1970"
22086;20143629;"BIO NONO e"
22086;20143665;"BIO NONO e"
22087;20143631;"BIO NONO e"
22088;20143630;"INS3.1b DE"
22088;20143633;"INS3.1b DE"
22089;20143632;"BIO NONO e"
22090;20143634;"BIO NONO e"
22090;20143660;"BIO NONO e"
22091;20143635;"BIO NONO e"
22091;20143661;"BIO NONO e"
22092;20130837;"INS 3.1e NL.EPE"
22093;20130838;"INS 3.1e NL.SEX"
22094;20130839;"INS 3.1e NL.KAM"
22095;20130863;"INS3.1e PL.WAR"
22096;20130864;"INS3.1e IT.TRE2"
22097;20130866;"INS3.1e IT.LAT"
22098;20130865;"INS3.1e AT.MAR"
22099;20130867;"INS3.1e NL.OOS2"
22100;20130868;"INS3.1e FR.REI"
22101;20130869;"INS3.1e NL.AMS"
22102;20130870;"INS3.1e DE.DRE"
22103;20130872;"INS3.1e NL.PUR"
22104;20130873;"INS3.1 SE.STO"
22105;20130780;"INS3.1a DE.BAD2"
22106;20130781;"INS3.1e DE.BAD2"
22107;20143743;"REC 12 SCHR 1967"
22108;20130782;"INS3.1d PAPE"
22109;20130783;"INS3.1e DE.BUT"
22110;20130784;"INS3.1e DE.CAD"
22111;20130785;"INS3.1e DE.CAP2"
22112;20130787;"INS3.1e DE.ESS"
22113;20130788;"INS 3.1a DE.GIF"
22114;20130790;"INS3.1a DE.WES2"
22115;20143638;"BIO NONO e"
22116;20143639;"BIO NONO e"
22117;20143640;"TOP IR"
22118;20143641;"BIO NONO e"
22119;20143642;"BIO NONO e"
22120;20143643;"BIO NONO e"
22121;20143645;"BIO NONO e"
22122;20143646;"BIO NONO e"
22122;20143647;"BIO NONO e"
22123;20143648;"SCO XL NONO"
22124;20143649;"BIO NONO e"
22125;20143650;"BIO NONO e"
22126;20143651;"BIO NONO e"
22127;20143652;"BIO NONO e"
22128;20143653;"BIO NONO e"
22129;20143654;"BIO NONO e"
22130;20143655;"BIO NONO e"
22131;20143656;"BIO NONO e"
22132;20143663;"BIO NONO e"
22133;20143664;"BIO NONO e"
22134;20143740;"TOP BE.BRU1 6"
22135;20143666;"INS3.1e DE.WEI1"
22136;20143667;"INS3.1e DE.REG"
22137;20130794;"INS3.1a DE.WES2"
22138;20130796;"INS3.1a DE.WES2"
22139;20130789;"INS3.1a DE.WES2"
22140;20130791;"INS3.1e DE.KLE"
22141;20130792;"INS3.1e DE.LAU"
22142;20130793;"INS3.1e DE.MUN"
22143;20130795;"INS3.1e DE.NEU"
22144;20130797;"INS3.1e DE.OTT"
22145;20130798;"INS3.1e DE.RHA"
22146;20143668;"REC CD MISC 2010"
22147;;"INS3.1e DE.MÖR"
22148;20143669;"REC CD CAGE 2012"
22149;20143670;"REC AV RZEW 2008"
22150;20130802;"INS3.1e DE.ROT"
22151;20143671;GHM5
22152;20143672;"BIO FERR a"
22153;20130803;"INS3.1e DE.SUL"
22154;20143673;"REC CD FERR 2002"
22155;20143674;"INS9a NL.HAG"
22156;20130871;"BIO CAVA2 e"
22157;20143677;"MTP2 KRUG"
22158;20130804;"INS3.1e IT.AME"
22159;20130805;"INS3.1e IT.ARC"
22160;20143678;"AES SA"
22161;20130806;"INS3.1e IT.BRE"
22162;20124891;INS4.3c
22163;20130807;"INS3.1e IT.BOR"
22164;20130808;"INS3.1e IT.COL"
22165;20130809;"INS3.1e IT.MON"
22166;20143679;"INS3.1e IT.PIA"
22167;20130810;"INS3.1e IT.POL"
22168;20130812;"INS3.1e IT.ROV"
22169;20130813;"INS3.1e IT.TRE2"
22170;20130814;"INS3.1e IT.VAL"
22171;20130815;"INS3.1e IT.VEN"
22172;20130816;"INS3.1e IT.VER"
22173;20143680;"SCO NONO"
22174;20143681;"TOP BE.AVE"
22175;20143682;"BIO ZUYL f"
22176;20143683;"VIS DUVE"
22177;20143684;"MTP5 KAVE"
22178;20143685;"MTP5 MASL"
22179;20143686;"MTP5 VAIT"
22180;20143687;"MTP5 BAIK"
22181;20143688;"MTP5 NATA"
22182;20143689;"KTS1 H.07.011"
22183;20143697;"KTS1 H.07.017"
22184;20143698;"KTS1 H.07.018"
22185;20143703;"KTS1 H.11.map.003"
22185;20143703p1;"KTS1 H.11.map.003"
22185;20143703p2;"KTS1 H.11.map.003"
22185;20143703p3;"KTS1 H.11.map.003"
22185;20143703p4;"KTS1 H.11.map.003"
22185;20143703p5;"KTS1 H.11.map.003"
22185;20143703p6;"KTS1 H.11.map.003"
22185;20143703p7;"KTS1 H.11.map.003"
22185;20143703p8;"KTS1 H.11.map.003"
22185;20143703p9;"KTS1 H.11.map.003"
22185;20143703p10;"KTS1 H.11.map.003"
22185;20143703p11;"KTS1 H.11.map.003"
22185;20143703p12;"KTS1 H.11.map.003"
22185;20143703p13;"KTS1 H.11.map.003"
22185;20143703p14;"KTS1 H.11.map.003"
22185;20143703p15;"KTS1 H.11.map.003"
22185;20143703p16;"KTS1 H.11.map.003"
22185;20143703p17;"KTS1 H.11.map.003"
22185;20143703p18;"KTS1 H.11.map.003"
22185;20143703p19;"KTS1 H.11.map.003"
22185;20143703p20;"KTS1 H.11.map.003"
22185;20143703p21;"KTS1 H.11.map.003"
22185;20143703p22;"KTS1 H.11.map.003"
22185;20143703p23;"KTS1 H.11.map.003"
22186;20143702;"KTS1 H.11.map.004"
22186;20143702p1;"KTS1 H.11.map.004"
22186;20143702p2;"KTS1 H.11.map.004"
22186;20143702p3;"KTS1 H.11.map.004"
22186;20143702p4;"KTS1 H.11.map.004"
22186;20143702p5;"KTS1 H.11.map.004"
22186;20143702p6;"KTS1 H.11.map.004"
22186;20143702p7;"KTS1 H.11.map.004"
22186;20143702p8;"KTS1 H.11.map.004"
22186;20143702p9;"KTS1 H.11.map.004"
22186;20143702p10;"KTS1 H.11.map.004"
22186;20143702p11;"KTS1 H.11.map.004"
22186;20143702p12;"KTS1 H.11.map.004"
22186;20143702p13;"KTS1 H.11.map.004"
22186;20143702p14;"KTS1 H.11.map.004"
22186;20143702p15;"KTS1 H.11.map.004"
22186;20143702p16;"KTS1 H.11.map.004"
22186;20143702p17;"KTS1 H.11.map.004"
22186;20143702p18;"KTS1 H.11.map.004"
22186;20143702p19;"KTS1 H.11.map.004"
22186;20143702p20;"KTS1 H.11.map.004"
22186;20143702p21;"KTS1 H.11.map.004"
22186;20143702p22;"KTS1 H.11.map.004"
22186;20143702p23;"KTS1 H.11.map.004"
22186;20143702p24;"KTS1 H.11.map.004"
22186;20143702p25;"KTS1 H.11.map.004"
22186;20143702p26;"KTS1 H.11.map.004"
22186;20143702p27;"KTS1 H.11.map.004"
22186;20143702p28;"KTS1 H.11.map.004"
22186;20143702p29;"KTS1 H.11.map.004"
22186;20143702p30;"KTS1 H.11.map.004"
22186;20143702p31;"KTS1 H.11.map.004"
22186;20143702p32;"KTS1 H.11.map.004"
22186;20143702p33;"KTS1 H.11.map.004"
22186;20143702p34;"KTS1 H.11.map.004"
22186;20143702p35;"KTS1 H.11.map.004"
22186;20143702p36;"KTS1 H.11.map.004"
22186;20143702p37;"KTS1 H.11.map.004"
22186;20143702p38;"KTS1 H.11.map.004"
22186;20143702p39;"KTS1 H.11.map.004"
22186;20143702p40;"KTS1 H.11.map.004"
22186;20143702p41;"KTS1 H.11.map.004"
22186;20143702p42;"KTS1 H.11.map.004"
22186;20143702p43;"KTS1 H.11.map.004"
22186;20143702p44;"KTS1 H.11.map.004"
22186;20143702p45;"KTS1 H.11.map.004"
22186;20143702p46;"KTS1 H.11.map.004"
22186;20143702p47;"KTS1 H.11.map.004"
22186;20143702p48;"KTS1 H.11.map.004"
22186;20143702p49;"KTS1 H.11.map.004"
22186;20143702p50;"KTS1 H.11.map.004"
22186;20143702p51;"KTS1 H.11.map.004"
22187;20143701;"KTS1 H.11.map.005"
22187;20143701p1;"KTS1 H.11.map.005"
22187;20143701p2;"KTS1 H.11.map.005"
22187;20143701p3;"KTS1 H.11.map.005"
22187;20143701p4;"KTS1 H.11.map.005"
22187;20143701p5;"KTS1 H.11.map.005"
22187;20143701p6;"KTS1 H.11.map.005"
22187;20143701p7;"KTS1 H.11.map.005"
22187;20143701p8;"KTS1 H.11.map.005"
22187;20143701p9;"KTS1 H.11.map.005"
22187;20143701p10;"KTS1 H.11.map.005"
22187;20143701p11;"KTS1 H.11.map.005"
22187;20143701p12;"KTS1 H.11.map.005"
22187;20143701p13;"KTS1 H.11.map.005"
22187;20143701p14;"KTS1 H.11.map.005"
22187;20143701p15;"KTS1 H.11.map.005"
22187;20143701p16;"KTS1 H.11.map.005"
22188;20143700;"KTS1 H.11.map.006"
22188;20143700p1;"KTS1 H.11.map.006"
22188;20143700p2;"KTS1 H.11.map.006"
22188;20143700p3;"KTS1 H.11.map.006"
22188;20143700p4;"KTS1 H.11.map.006"
22188;20143700p5;"KTS1 H.11.map.006"
22188;20143700p6;"KTS1 H.11.map.006"
22188;20143700p7;"KTS1 H.11.map.006"
22188;20143700p8;"KTS1 H.11.map.006"
22188;20143700p9;"KTS1 H.11.map.006"
22188;20143700p10;"KTS1 H.11.map.006"
22188;20143700p11;"KTS1 H.11.map.006"
22188;20143700p12;"KTS1 H.11.map.006"
22188;20143700p13;"KTS1 H.11.map.006"
22188;20143700p14;"KTS1 H.11.map.006"
22188;20143700p15;"KTS1 H.11.map.006"
22188;20143700p16;"KTS1 H.11.map.006"
22188;20143700p17;"KTS1 H.11.map.006"
22188;20143700p18;"KTS1 H.11.map.006"
22188;20143700p19;"KTS1 H.11.map.006"
22188;20143700p20;"KTS1 H.11.map.006"
22188;20143700p21;"KTS1 H.11.map.006"
22188;20143700p22;"KTS1 H.11.map.006"
22188;20143700p23;"KTS1 H.11.map.006"
22188;20143700p24;"KTS1 H.11.map.006"
22188;20143700p25;"KTS1 H.11.map.006"
22188;20143700p26;"KTS1 H.11.map.006"
22188;20143700p27;"KTS1 H.11.map.006"
22188;20143700p28;"KTS1 H.11.map.006"
22188;20143700p29;"KTS1 H.11.map.006"
22188;20143700p30;"KTS1 H.11.map.006"
22188;20143700p31;"KTS1 H.11.map.006"
22188;20143700p32;"KTS1 H.11.map.006"
22188;20143700p33;"KTS1 H.11.map.006"
22188;20143700p34;"KTS1 H.11.map.006"
22188;20143700p35;"KTS1 H.11.map.006"
22188;20143700p36;"KTS1 H.11.map.006"
22188;20143700p37;"KTS1 H.11.map.006"
22188;20143700p38;"KTS1 H.11.map.006"
22188;20143700p39;"KTS1 H.11.map.006"
22188;20143700p40;"KTS1 H.11.map.006"
22188;20143700p41;"KTS1 H.11.map.006"
22188;20143700p42;"KTS1 H.11.map.006"
22188;20143700p43;"KTS1 H.11.map.006"
22188;20143700p44;"KTS1 H.11.map.006"
22188;20143700p45;"KTS1 H.11.map.006"
22188;20143700p46;"KTS1 H.11.map.006"
22188;20143700p47;"KTS1 H.11.map.006"
22188;20143700p48;"KTS1 H.11.map.006"
22188;20143700p49;"KTS1 H.11.map.006"
22188;20143700p50;"KTS1 H.11.map.006"
22188;20143700p51;"KTS1 H.11.map.006"
22188;20143700p52;"KTS1 H.11.map.006"
22188;20143700p53;"KTS1 H.11.map.006"
22188;20143700p54;"KTS1 H.11.map.006"
22189;20130950;"KTS1 H.07.026"
22190;20130952;"KTS1 H.07.028"
22191;20130953;"KTS1 H.07.029"
22192;20130116;"KTS1 H.07.030"
22193;20143733;"KTS1 H.08.022"
22194;20143739;"TOP DE 5"
22195;20143748;"REC 12 HOGW 1985"
22196;20143747;"REC 12 RIEU 1962"
22197;20143753;"BIO FASC1 e"
22198;20143738;"KTS1 C"
22199;20143762;"KTS1 H.09.011"
22200;20143765;"SCO XL NONO"
22201;20143766;"KTS1 H.09.014"
22202;20143767;"KTS1 H.09.015"
22203;20143768;"KTS1 H.09.016"
22204;20143769;"KTS1 H.09.017"
22205;20143770;"KTS1 H.09.018"
22206;20132300;"REC 12 DART 1959"
22207;20143771;"BIO NONO e"
22208;20143772;"SCO NONO"
22209;20143774;"KTS1 H.09.019"
22210;20143775;"KTS1 H.09.20"
22211;20143776;"KTS1 H.09.021"
22212;20143777;"KTS1 H.09.022_01"
22213;20143781;"KTS1 H.09.026"
22214;20143780;"KTS1 H.09.025"
22215;20143779;"KTS1 H.09.024"
22216;20143778;"KTS1 H.09.023"
22217;20143782;"KTS1 H.09.027"
22218;20143783;"KTS1 H.09.028"
22219;;"KTS1 H.09.029"
22220;20143785;"KTS1 H.09.030"
22221;20143786;"KTS1 H.09.031"
22222;20143787;"KTS1 H.09.032"
22223;20143788;"KTS1 H.09.033"
22224;20143789;"KTS1 H.09.034"
22225;20143790;"KTS1 H.09.038"
22225;20143791;"KTS1 H.09.039"
22225;20143792;"KTS1 H.09.040"
22225;20143793;"KTS1 H.09.041"
22226;20143796;"KTS1 H.10.002"
22227;20143798;"KTS1 H.10.004"
22228;20143799;"KTS1 H.10.005"
22228;20123239;"TOP BE.GHE 6"
22229;20143800;"KTS1 H.10.006"
22230;20143801;"KTS1 H.10.007"
22231;20143805;"BIO NONO d"
22232;20143806;"BIO NONO e"
22233;20143807;"TOP IT 7"
22234;20132299;"REC 12 DART 1956"
22235;20132298;"REC 12 HARN 1976"
22236;20143808;"GEN 21"
22237;20143809;INS6.2d
22238;20143811;GHM4
22239;20143812;"AES WELL"
22240;20143813;"KTS1 H.10.012"
22241;20143815;"KTS1 H.10.010"
22242;20143816;"KTS1 H.10.011"
22243;20143817;"KTS1 H.10.013"
22244;20132297;"REC 12 DELL 1980"
22245;20132296;"REC 12 BERB 1975"
22246;20132295;"REC 12 DELL 1976"
22247;20132294;"REC 12 NEWY 1980"
22248;20132293;"REC 12 BINK 1965"
22249;20143818;"KTS1 H.07.036"
22250;20143819;"KTS1 H.07.033"
22251;20143820;"KTS1 H.07.034"
22252;20143822a;"KTS1 H.11.map.007a"
22253;20143822b;"KTS1 H.11.map.007b"
22254;20143822c;"KTS1 H.11.map.007c"
22255;20143822d;"KTS1 H.11.map.007d"
22256;20143822e;"KTS1 H.11.map.007e"
22257;20143822f;"KTS1 H.11.map.007f"
22258;20143821;"KTS1 C1.42.001"
22259;20121406;"KTS1 C1.42.002_P0"
22259;20121407;"KTS1 C1.42.002_H0"
22260;20143825;"SCO BRYA"
22261;20143826;"MTP4 MINO"
22262;20121349;"KTS1 C1.42.003_P1"
22262;20121236;"KTS1 C1.42.003_P2"
22262;20121348;"KTS1 C1.42.003_H1-2"
22263;20143829;"PHI GARC a"
22264;20132292;"REC 12 CASA 1929"
22264;20132319;"REC 12 CASA 1929"
22265;20132301;"REC 12 MUNR 1974"
22266;20143827;"BIO PEIX e"
22267;20132302;"REC 12 CASA 1930"
22268;20132303;"REC 12 ANTH 1938"
22269;20143830;"REC AV ABBA 1996"
22270;20132304;"REC 12 AMST 1956"
22271;20143833;"KTS1 C1.42.004_H3-4"
22271;20143831;"KTS1 C1.42.004_P3"
22271;20143832;"KTS1 C1.42.004_P4"
22272;20143834;"REC AV HEYD 2007"
22273;20143835;"KTS1 C1.42.005_H5"
22273;20143836;"KTS1 C1.42.005_P5"
22274;20143837;"KTS1 C1.42.006_H6"
22274;20143838;"KTS1 C1.42.006_P6"
22275;20143847;"KTS1 C1.42.007_H7"
22275;20143848;"KTS1 C1.42.007_P7"
22276;20143850;"KTS1 C1.42.008_H8"
22276;20143851;"KTS1 C1.42.008_P8"
22277;20132291;"REC 10 CASA"
22278;20143858;"KTS1 C1.42.009_H2"
22278;20143857;"KTS1 C1.42.009_P2"
22279;20132305;"REC 12 CRAF 1959"
22280;20143859;"KTS1 C1.42.010_H2"
22280;;"KTS1 C1.42.010_P2"
22281;20132306;"REC 12 FURT 1946"
22281;20132309;"REC 12 FURT 1946"
22282;20132307;"REC 12 OCHS 1927"
22283;20143862;"KTS1 C1.42.011_H4"
22283;20143861;"KTS1 C1.42.011_P4"
22284;20132308;"REC 12 WALC 1967"
22285;20143863;"PHI OCKH b BAUD"
22286;20143864;"PHI DESC a"
22287;20143865;"PHI LEIS a"
22288;20143866;"PHI HEAT a"
22288;20143867;"PHI HEAT a"
22289;20143868;"PHI ERAS a"
22290;20143869;"PHI DUDL a"
22291;20132310;"REC 12 GORD 1922"
22292;20132311;"REC 12 GORD 1920"
22293;20132312;"REC 12 GORD 1920"
22294;20132313;"REC 12 GORD 1927"
22294;20132314;"REC 12 GORD 1927"
22295;20132315;"REC 12 GORD 1927"
22295;20132316;"REC 12 GORD 1927"
22296;20132317;"REC 12 LEON 195x"
22297;20143874;"BIO MOZA4 d"
22298;20132318;"REC 12 SCHE 1957"
22299;20143875;GHM5
22300;20143879;"SCI TAKA"
22301;20143878;"PHI PIRE a"
22302;20143877;"PHI DIDE b STRU"
22303;20143876;"AES RICH"
22304;20143880;"PHI FURL a"
22305;20143881;"PHI FURL a"
22306;20143882;"PHI AVIC a"
22306;20143883;"PHI AVIC a"
22307;20143884;"PHI ARIS a"
22308;20143885;"PHI GOYA a"
22309;20143886;"PHI DIDE b MORI"
22310;20143887;"LIT FRAN b"
22311;20143888;"PHI PLOT b SCHO"
22312;20143889;"PHI ARIS a"
22312;20143890;"PHI ARIS a"
22312;20143891;"PHI ARIS a"
22313;20143893;"PHI GIER a"
22314;20143892;"PHI DUPR a"
22315;20132320;"REC 10 CASA"
22316;20132321;"REC 10 CASA"
22317;20132322;"REC 10 CASA"
22318;20132323;"REC 12 CASA 1929"
22319;20132326;"REC 12 DOLM 1933"
22320;20132327;"REC 10 MENG 1929"
22320;20132328;"REC 10 MENG 1929"
22321;20143894;"PHI ABEL b"
22322;20143895;"PHI CARN a"
22323;20132329;"REC 12 GILB 1987"
22324;20132330;"REC 12 GERL 1939"
22325;20132331;"REC 12 GERL 1939"
22326;20132332;"REC 12 GERL 1939"
22327;20143896;"PHI DEPR a"
22328;20132333;"REC 12 GERL 1939"
22329;20132334;"REC 12 GERL 1939"
22330;20143897;"PHI SAMB a"
22331;20132335;"PER MA4"
22332;20132336;"REC 12 MENG 1927"
22333;20129487;"INS PER1 GS1"
22334;20132337;"REC 12 MENG 1939"
22335;20132338;"REC 12 HARN 1971"
22336;20132339;"REC 12 CORT 1932"
22336;20132340;"REC 12 CORT 1932"
22337;20132398;"HUM CLAR"
22338;20143898;"KTS1 H.10.015"
22339;20143899;"PHI BERG b"
22340;20143900;"PHI BROC a"
22341;20143901;"PHI AQUI b CZAP"
22342;;"INS PER3 KP"
22343;20143902;"PHI ARIS b COUL"
22344;20143903;"INS PER3.1 BA1"
22345;20143904;"PHI HEGE b RITT"
22346;20143905;"PHI PLAT b WIEL"
22347;20129513;"INS PER3.1 OR1"
22348;20143906;"INS 3.1e DE.BON"
22349;20129514;"INS PER3.1 OR5"
22350;20130811;"INS PER3.1 OR5"
22351;20143907;"INS PER3.1 SC"
22352;20129478;"INS PER3.2 CL1"
22353;20129479;"INS PER3.2 CL2"
22354;20143910;"INS PER10 PI2"
22355;20132341;"REC 12 AMAR 1928"
22356;20132342;INS9c
22356;20132343;GEN21
22357;20132344;"GHM 4"
22358;20132345;"REC 12 MENU 1933"
22359;20132346;"REC 12 DELL 1950"
22360;20132347;"REC 12 NEEL 1961"
22361;20132348;"REC 12 WENZ 1973"
22362;20132349;"REC 12 WENZ 1973"
22363;20132350;"REC 12 HARN 1967"
22364;20143911;"SCO XL NONO"
22365;20143912;"PHI CLAU b ARON"
22365;20143913;"PHI CLAU b ARON"
22366;20143916;"PHI ARIS b DUSS"
22367;20143914;"PHI WHIT a"
22368;20143915;"PHI FRAN a"
22369;20143917;"PHI BADA a"
22369;20143918;"PHI BADA a"
22370;20143919;"PHI VIVE b NAMÈ"
22371;20143920;"BIO HELM c--&gt;d"
22372;20143921;"PHI VERR b BAKK"
22373;20143922;"PHI ARIS b BRAD"
22374;20143923;"PHI ARIS b BARN"
22375;20143924;"PHI ARIS b BONI"
22376;20143925;"PHI DOME a"
22377;20143926;"LIT DANT b GILS"
22378;20143927;"PHI MASS a"
22379;20143928;"PHI MUNK a"
22380;20126056;"BIB4 AT.LAM"
22381;20143945;"SCO BACH1"
22383;20143946;INS3.3b
22384;20143947;"INS3.3b BE"
22385;20143948;INS3.3a
22386;20143949;INS3.3b
22387;20143950;"BIO MOZA1 c"
22388;20128131;"TOP AT.VIE 5"
22389;20123602;"TOP AT.VIE 5"
22390;20132351;"PHI FISH a"
22391;20143951;"TOP FR.PAR 6"
22392;20143952;"TOP FR.PAR 7"
22393;20143953;"TOP FR.VER 5"
22394;20143954;"TOP AT.SAL 6"
22395;20132352;"REC 12 ANTH 1935"
22396;20132353;"REC 12 ANTH 1935"
22397;20132354;"REC 12 ANTH 1935"
22398;20132355;"REC 12 ANTH 1935"
22399;20143955;"TOP US.NEW1"
22400;20143956;"TOP FR 5"
22401;20143957;"TOP FR 7"
22402;20143958;"MTP1 GUT"
22403;20143959;"TOP FR.VER 6"
22404;20143960;"TOP FR 5"
22405;20123216;"TOP FR.PAR 5"
22405;20123215;"TOP FR.PAR 5"
22406;20143963;GEN17
22407;20143964;"TOP FR.PAR 6"
22408;20143965;"TOP FR.PAR 4"
22409;20143966;"TOP FR 6"
22410;20143967;"TOP FR 6"
22411;20132356;"REC 12 MIAN 2020"
22412;20127880;"BIB3 KING"
22413;20123167;"BIB3 KORN"
22414;20132360;"REC 12 ANTH 1935"
22415;20132361;"REC 12 ANTH 1935"
22416;20132362;"BIO MOZA1 b"
22417;20124974;"TRE ESCH"
22418;20129490;"BIB PER GP1"
22419;20143974;"BIO BACH0 d"
22420;20143975;"TOP FR 7"
22421;20143976;"TOP GB.MAN 6"
22422;20126101;"SCO HAND"
22423;20132363;"REC 12 ANTH 1935"
22424;20132364;"REC 12 ANTH 1935"
22425;20132365;"REC 12 ANTH 1935"
22426;20132366;"REC 12ANTH 1935"
22427;20132367;"REC 12 ANTH 1935"
22428;20143977;"TOP FR 5"
22429;20143978;"BIO CHAU d"
22430;20143979;"TOP FR 5"
22431;20143980;"MTP1 SCHN7"
22432;20143810;"BIO NONO b"
22433;20123381;"KTS1 C1.70"
22434;20123382;"KTS1 C1.70"
22435;20125312;"KTS1 C1.70"
22435;20143985;"KTS1 C1.70"
22436;20143989;"BIO HONE d"
22437;20143986;"KTS1 C1.70"
22438;20143990;"BIO COUP d"
22439;20143987;"KTS1 C1.70"
22440;20143988;"KTS1 H.11.map.008"
22440;20143988p1;"KTS1 H.11.map.008"
22440;20143988p2;"KTS1 H.11.map.008"
22440;20143988p3;"KTS1 H.11.map.008"
22440;20143988p4;"KTS1 H.11.map.008"
22440;20143988p5;"KTS1 H.11.map.008"
22440;20143988p6;"KTS1 H.11.map.008"
22440;20143988p7;"KTS1 H.11.map.008"
22440;20143988p8;"KTS1 H.11.map.008"
22440;20143988p9;"KTS1 H.11.map.008"
22440;20143988p10;"KTS1 H.11.map.008"
22440;20143988p11;"KTS1 H.11.map.008"
22440;20143988p12;"KTS1 H.11.map.008"
22440;20143988p13;"KTS1 H.11.map.008"
22440;20143988p14;"KTS1 H.11.map.008"
22440;20143988p15;"KTS1 H.11.map.008"
22440;20143988p16;"KTS1 H.11.map.008"
22440;20143988p17;"KTS1 H.11.map.008"
22440;20143988p18;"KTS1 H.11.map.008"
22440;20143988p19;"KTS1 H.11.map.008"
22440;20143988p20;"KTS1 H.11.map.008"
22440;20143988p21;"KTS1 H.11.map.008"
22440;20143988p22;"KTS1 H.11.map.008"
22440;20143988p23;"KTS1 H.11.map.008"
22440;20143988p24;"KTS1 H.11.map.008"
22440;20143988p25;"KTS1 H.11.map.008"
22440;20143988p26;"KTS1 H.11.map.008"
22440;20143988p27;"KTS1 H.11.map.008"
22440;20143988p28;"KTS1 H.11.map.008"
22440;20143988p29;"KTS1 H.11.map.008"
22440;20143988p30;"KTS1 H.11.map.008"
22440;20143988p31;"KTS1 H.11.map.008"
22440;20143988p32;"KTS1 H.11.map.008"
22440;20143988p33;"KTS1 H.11.map.008"
22440;20143988p34;"KTS1 H.11.map.008"
22440;20143988p35;"KTS1 H.11.map.008"
22440;20143988p36;"KTS1 H.11.map.008"
22440;20143988p37;"KTS1 H.11.map.008"
22440;20143988p38;"KTS1 H.11.map.008"
22440;20143988p39;"KTS1 H.11.map.008"
22440;20143988p40;"KTS1 H.11.map.008"
22440;20143988p41;"KTS1 H.11.map.008"
22440;20143988p42;"KTS1 H.11.map.008"
22440;20143988p43;"KTS1 H.11.map.008"
22440;20143988p44;"KTS1 H.11.map.008"
22440;20143988p45;"KTS1 H.11.map.008"
22440;20143988p46;"KTS1 H.11.map.008"
22440;20143988p47;"KTS1 H.11.map.008"
22440;20143988p48;"KTS1 H.11.map.008"
22440;20143988p49;"KTS1 H.11.map.008"
22440;20143988p50;"KTS1 H.11.map.008"
22440;20143988p51;"KTS1 H.11.map.008"
22440;20143988p52;"KTS1 H.11.map.008"
22440;20143988p53;"KTS1 H.11.map.008"
22440;20143988p54;"KTS1 H.11.map.008"
22440;20143988p55;"KTS1 H.11.map.008"
22440;20143988p56;"KTS1 H.11.map.008"
22440;20143988p57;"KTS1 H.11.map.008"
22440;20143988p58;"KTS1 H.11.map.008"
22440;20143988p59;"KTS1 H.11.map.008"
22440;20143988p60;"KTS1 H.11.map.008"
22440;20143988p61;"KTS1 H.11.map.008"
22440;20143988p62;"KTS1 H.11.map.008"
22440;20143988p63;"KTS1 H.11.map.008"
22440;20143988p64;"KTS1 H.11.map.008"
22440;20143988p65;"KTS1 H.11.map.008"
22440;20143988p66;"KTS1 H.11.map.008"
22440;20143988p67;"KTS1 H.11.map.008"
22440;20143988p68;"KTS1 H.11.map.008"
22440;20143988p69;"KTS1 H.11.map.008"
22440;20143988p70;"KTS1 H.11.map.008"
22440;20143988p71;"KTS1 H.11.map.008"
22440;20143988p72;"KTS1 H.11.map.008"
22440;20143988p73;"KTS1 H.11.map.008"
22440;20143988p74;"KTS1 H.11.map.008"
22440;20143988p75;"KTS1 H.11.map.008"
22440;20143988p76;"KTS1 H.11.map.008"
22440;20143988p77;"KTS1 H.11.map.008"
22440;20143988p78;"KTS1 H.11.map.008"
22440;20143988p79;"KTS1 H.11.map.008"
22440;20143988p80;"KTS1 H.11.map.008"
22440;20143988p81;"KTS1 H.11.map.008"
22440;20143988p82;"KTS1 H.11.map.008"
22440;20143988p83;"KTS1 H.11.map.008"
22440;20143988p84;"KTS1 H.11.map.008"
22440;20143988p85;"KTS1 H.11.map.008"
22440;20143988p86;"KTS1 H.11.map.008"
22440;20143988p87;"KTS1 H.11.map.008"
22440;20143988p88;"KTS1 H.11.map.008"
22440;20143988p89;"KTS1 H.11.map.008"
22440;20143988p90;"KTS1 H.11.map.008"
22440;20143988p91;"KTS1 H.11.map.008"
22440;20143988p92;"KTS1 H.11.map.008"
22441;20143991;"BIO DEVO d"
22442;20143992;"BIO RISL d"
22443;20132368;"REC 12 LIND 1936"
22444;20143993;"BIO POUL b"
22445;20143994;"BIO MAHL a"
22446;20143995;"BIO DEBU e"
22447;20130786;"TOP CH.ERN"
22448;20125983;"BIB4 BE.BRU1"
22449;20132369;"REC 12 SPAR 1953"
22450;20132370;"REC 12 SEIL 1953"
22451;20132375;"REC 12 HOGW 1980"
22452;20143997;"REC 12 KAGE 1971"
22453;20143998;"REC CD DEFO 2018"
22454;20143999;"REC AV RUDA 2018"
22455;20144001;"BIO MOZA1 e"
22456;20144002;"BIO MOZA1 e"
22457;20144003;"BIO MEND a"
22458;20144004;"BIO MOZA1 d"
22459;20144005;"LIT MAAN a"
22460;20144006;"TOP NL.HAG 5"
22461;20132372;"REC 12 DURU 1962"
22462;20132371;"REC 12 HOGW 1976"
22463;20127397;"TOP DE 0"
22464;20144007;"BIO GLAS a"
22465;20144008;"BIO GOUL b"
22466;20144009;"BIO GLUC e"
22467;20144010;"BIO FRES d"
22468;20144011;"BIO FRES d"
22469;20132373;"REC 12 CURT 1979"
22470;20144012;"BIO HONE d"
22471;20144013;"BIO HAYD1 d"
22472;20144014;"BIO FAUR d"
22473;20144015;"BIO MAHL2 a"
22474;20144016;"BIO STRA3 b"
22475;20144017;"BIO SCHU1 e"
22476;20144018;"BIO STRA1 a"
22477;20144019;"BIO STRA1 a"
22478;20144020;"BIO IVES e"
22479;20144021;"BIO IVES d"
22480;20144022;"BIO BEET a"
22481;20144023;"BIO BEET d"
22482;20144024;"BIO BERG d"
22483;20132374;"REC 12 DELL 1960"
22484;20132376;"BIB4 ES.BAR"
22485;20132377;GEN16
22486;20132378;"TOP IT.ROM 5"
22487;20144025;"TRE COPL"
22488;20144026;"BIO CLEM a"
22489;20144027;"MTP3 SPRY"
22490;20144028;"BIO MAHL1 e"
22491;20144029;"BIO BUCK a"
22492;20144032;"TOP IT.ROM 5"
22493;20144030;"BIO VERD2 d"
22494;20144031;"BIO BERI b"
22495;20144033;"BIO MUSS d"
22496;20126141;"SCO BONO3"
22497;20144035;"BIO FALL d"
22498;20144036;"BIO CHOP e"
22499;20144037;"BIO BERG a"
22500;20144038;"BIO STRA3 b"
22501;20144039;"BIO POUL e"
22502;20144040;"BIO SATI e"
22503;20144041;"BIO GILS a"
22504;20126048;"TOP DE 5"
22505;20144042;"BIO GERS d"
22506;20144043;"BIO LISZ a"
22507;20144044;"BIO MOZA1 e"
22508;20144045;"BIO DEBU d"
22509;20144046;"BIO BERL c"
22510;20144047;"BIO LISZ e"
22511;20132380;"REC 12 ANTH 1935"
22512;20132381;"REC 12 ANTH 1935"
22513;20144048;"BIO BEET d"
22514;20132382;"REC 12 ANTH 1936"
22515;20132383;GHM5
22516;20144049;"BIO DEBU d"
22517;20144050;"BIO MAHL d"
22518;20124504;"BIB4 DE.BER"
22519;20144051;"BIO MOZA1 d"
22520;20144052;"BIO MOZA1 d"
22521;20144053;"BIO BEET e"
22522;20126070;"BIB4 DE BREI"
22523;20144054;"BIO CHOP d"
22524;20144057;"KTS1 H.08.024"
22525;20132384;"HUM PFEI"
22526;20144055;"BIO ROSS2 d"
22527;20144056;"BIO BERN3 d"
22528;20144068;"KTS1 H.11.001"
22529;20144069;"LIT BURG a"
22530;20144070;"BIO MOZA1 e"
22531;20144071;"BIO DEBU d"
22532;20144072;"BIO HONE d"
22533;20144073;"BIO CHOP d"
22534;20144074;"BIO STRA3 b"
22535;20126155;"BIB4 DE TURK"
22536;20127115;"TOP DE 5"
22537;20132385;"PHI TANN a"
22538;20144076;"BIO SCHW a"
22539;20144077;"BIO STRA1 b"
22540;20144078;"BIO MAHL1 e"
22541;20144079;"BIO LULL d"
22542;20144080;"BIO LISZ b"
22543;20144081;"KTS1 H.08.026"
22544;20144082;"BIO BART d"
22545;20144083;"TRE FURT"
22546;20144084;"BIO BIZE d"
22547;20144085;"BIO BART d"
22548;20144086;"BIO BART d"
22549;20144087;"KTS1 C3.53 G1-038b"
22550;20144088;"KTS1 H.10.035"
22551;20144089;"KTS1 H.09.022_02"
22552;20144090;"SCO S BART"
22553;20144091;"BIO ALBE d"
22555;20132386;"PHI HAN a"
22556;20132387;"PHI HAN a"
22557;20132388;"REC 12 ANTH 1936"
22558;20132389;"REC 12 ANTH 1936"
22561;20144092;"KTS1 H.11.002"
22562;20144093;"KTS1 H.11.003"
22563;20144094;"KTS1 H.11.004"
22564;20144095;"KTS1 H.11.005"
22565;20132390;"REC DVD REUT 2001"
22566;20144096;"KTS1 H.11.006"
22567;20144097;"KTS1 H.11. 007"
22568;20144098;"KTS1 H.11.008"
22569;20144099;"KTS1 H.11.009"
22570;20144100;"KTS1 H.11.010"
22571;20144101;"KTS1 H.11.011"
22572;20144102;"KTS1 H.11.012"
22573;20144103;"KTS1 H.11.013"
22574;20144111;"TOP DE.BAY 6"
22575;20144107;"TOP AT.VIE"
22576;20132391;GHM0
22577;20144113;"TOP BE.ANT"
22578;20144112;"TOP BE.BRU1 7"
22579;20144106;"TOP BE.FLA 4"
22580;20144110;"TOP RU 7"
22581;20144109;"TOP SE 7"
22582;20144105;"TOP JP 0"
22582;20127927;"TOP JP 0"
22583;20144108;"TOP ES 0"
22584;20144104;"TOP IT 7"
22585;20144114;"TOP IT.SIC 7"
22586;20144115;"TOP IT 7"
22587;20132392;GHM0
22587;20132393;GHM0
22587;20132394;GHM0
22587;20132395;GHM0
22587;20132396;GHM0
22588;20143828;"REC 12 ANTH 1936"
22589;20132397;"REC 12 ANTH 1936"
22590;20132399;"REC 12 ANTH 1936"
22591;20132405;"REC 12 REIC 1982"
22592;20144116;"BIO WAGN1 e"
22593;20144117;"BIO RATT b"
22594;20144118;"TRE FUR"
22595;20144119;"SCO MISC PREL"
22596;20144121;"BIO OTTE d"
22597;20144120;"VIS LEMA"
22598;20144122;"VIS BENE"
22599;20144123;"BIO TOSC a"
22601;20144124;"BIO KEGE d"
22602;20144125;"BIO ANSE b"
22603;20144126;"BIO ANSE a"
22604;20144127;"BIO BUSO e"
22605;20144128;"BIO WAGN1 d"
22606;20132401;"TOP NL.GRO 7"
22607;20144129;"BIO DEBU d"
22608;20132400;"BIO MOUN a"
22609;20132406;"REC 12 GLAS 1982"
22610;20132407;"REC 12 RILE 1968"
22611;20144131;"BIO BERL d"
22612;20144132;"BIO MESS d"
22613;20144133;"BIO GERS d"
22614;20132402;"INS 3.1e NL.UTR"
22615;20132403;"INS 4.5 a MEIJ"
22616;20144134;"INS 1a"
22617;20144135;INS3.3a
22618;20144137;"INS3.3c JAEK"
22619;20144138;"INS 1a"
22620;20123305;"TOP DE.DUI 5"
22621;20132408;"REC 12 RAGO"
22622;20132409;"REC CD PINN 1974"
22623;20144140;"INS3.2d HOLL"
22624;20144141;"INS1b BE.WAL"
22625;20132410;"TOP NL 7"
22625;20132411;"TOP NL 7"
22625;20132412;"TOP NL 7"
22626;20132413;"GHM0 (glass cupboard)"
22627;20132414;INS4.5a
22627;20132415;INS4.5a
22628;20132416;"REC 12 ANTH 1936"
22628;20132417;"REC 12 ANTH 1936"
22629;20132418;"REC 12 JOYC 1939"
22630;20144142;"INS1b GB.LON1"
22631;20144143;INS3c
22632;20144144;INS1a
22633;20144145;INS1a
22634;20144146;"INS1b BE.BRU1"
22635;20132419;"REC CD ALAI 1991"
22636;20144147;"TOP IT"
22637;20144149;"INS3.2b DULC"
22638;20144150;"KTS1 H.08.028"
22639;20144152;GEN21
22640;20132422;"REC 12 ANTH 1934"
22641;20132423;"REC 12 JOYC 1936"
22642;20132424;"REC 12 ANTH 1937"
22643;20132425;"Thwaites Collection"
22643;20132426;"BIO LEON b"
22644;20132427;"INS3.1e GB.BIS"
22645;20124352;"SCO LULL"
22645;20144153;"SCO LULL"
22646;20144156;GHM0
22647;20144157;REF1
22648;20144158;"MTP2 MITC"
22649;20144160;"MTP2 LEHM"
22650;20144161;"AES COLL"
22651;20144162;"REC CD ZEML2 2022"
22652;20144163;"REC CD BISC 2005"
22653;20144164;"MTP5 BLAK"
22654;20144166;"BIO FAUR a"
22655;20144171;INS4b
22656;20144167;"BIO HELL1 a"
22657;20144172;INS4a
22658;20144173;"INS4.1c KOEC"
22659;;"INS4.1c SASS"
22660;20144174;"INS4.1c ADLE"
22661;20144168;"BIO SAX d"
22662;20144175;INS4.3a
22663;20144169;"BIO SNOE d"
22664;20144176;"INS3.3d KAEM"
22665;20144177;"INS3.3d GLEI"
22666;20144170;"BIO MOZA1 e"
22667;20144178;"INS3.3a DEGU"
22668;20144179;"BIO BACH0 d"
22669;20144280;"BIB4 BE.BRU1"
22670;20144182;INS1a
22671;20125013;"BIB4 ES.AST"
22672;20123562;"TOP DE.LEI"
22673;20144183;"SCO REIC3"
22673;20144184;"SCO REIC3"
22674;20132428;"REC 12 ANTH 1937"
22676;20144188;GHM5
22677;20144189;"MTP4 MAZZ"
22678;20144191;"TOP DE.MAG 5"
22678;20144190;"TOP DE.MAG 5"
22679;20144192;"TOP BE.LEU 4"
22680;20144193;"TOP BE.BRU1 4"
22681;20144194;"BIO MEND a"
22682;;
22685;;
22686;;
22687;20125912;"TOP DE.NOR"
22688;;
22689;;
22690;;
22691;;
22697;;
22700;;
22701;;
22702;;
22703;;
22704;;
22706;;
22707;;
22708;;
22709;;
22710;;
22711;;
22731;20132429;"BIO BOHM d"
22735;20132430;"BIO NONO f"
22736;20132431;"BIB4 BE.DIL"
22741;20132432;"BIB2 PROO"
22742;20144195;"BIO GERS d"
22744;20132433;"BIO BYRD e"
22760;20144196;"BIO STOK d"
22800;20144197;GHM7
22801;20144198;"BIO DEBU d"
22802;20144199;"BIO BERG1 d"
22803;20144200;"BIO MILH d"
22804;20144201;"TRE BOUL"
22805;20144202;"AES TABA"
22806;20144203;"BIO GULD b"
22807;20124494;"TOP DE.ZER 5"
22808;20132435;"BIO THEO a"
22809;20132436;"BIO MEND e"
22810;20132437;"REC BIO SCHU2 e"
22812;;
22821;20144204;"BIO BEET a"
22822;20124595;"SCO S BACH1"
22823;20134580;"SCO S BACH1"
22823;20134581;"SCO S BACH1"
22824;20139190;"BIO LUTO d"
22825;20124685;"SCO S BANC1"
22826;20124602;"SCO S BACH3"
22827;20139191;"TOP NL.AMS 7"
22828;20121635;"SCO S BACH3"
22829;20124645;"SCO S BARR"
22830;20124644;"SCO S BARR"
22831;20126076;"SCO S BARR"
22834;20124587;"SCO S BLAN"
22835;20124918;"SCO S BONI"
22836;20126193;"SCO S BONO2"
22837;20126192;"SCO S BONO2"
22838;20144208;"SCO S BING"
22838;20126393;"SCO S BING"
22839;20144209;"SCO S BING"
22839;20126392;"SCO S BING"
22840;20144210;"SCO S BING"
22840;20126391;"SCO S BING"
22841;20126389;"SCO S BING"
22841;20126390;"SCO S BING"
22842;20126174;"SCO S BONO1"
22843;20121796;"SCO S BYRD"
22844;20121795;"SCO S BYRD"
22845;20121791;"SCO S BYRD"
22846;20121794;"SCO S BYRD"
22847;20121790;"SCO S BYRD"
22848;20121789;"SCO S BYRD"
22849;20126408;"SCO S BODD"
22850;20124660;"SCO S BUXT"
22851;20124991;"SCO S BRAH"
22852;20124931;"SCO S CAIX"
22852;20124930;"SCO S CAIX"
22853;20126213;"SCO S CARI"
22853;20126212;"SCO S CARI"
22854;20124929;"SCO S CAMP2"
22855;20126175;"SCO S CAMP1"
22856;20126176;"SCO S CAMP1"
22857;20124928;"SCO S CAMP2"
22858;20144211;"SCO S CANT"
22859;20126199;"SCO S CAMP2"
22860;20124673;"SCO S CAZZ"
22860;20124672;"SCO S CAZZ"
22861;20126219;"SCO S CAST2"
22861;20126218;"SCO S CAST2"
22861;20126217;"SCO S CAST2"
22862;20127103;"SCO S CAST1"
22863;20126403;"SCO S CAPR"
22864;20121670;"SCO S CASS1"
22865;20121672;"SCO S CASS1"
22866;20126440;"BIB4 FR 5"
22867;20120617;"BIB4 GB 5"
22869;20126436;"SCO S CARR"
22870;20124562;"SCO S CHOP"
22871;20126388;"SCO S CLAR"
22872;20132438;"REC 12 ANTH 1937"
22873;20124868;"SCO S CHER"
22874;20132439;"REC 12 ANTH 1937"
22875;20132440;"REC 12 ANTH 1937"
22876;20134287;"SCO S DOWL"
22877;20124642;"SCO S COUP"
22878;20124643;"SCO S COUP"
22879;20126423;"SCO S COSS"
22880;20124569;"SCO S CIMA1"
22881;20146239;"REC 12 ASMA"
22882;20146241;"REC 12 ASMA 1968"
22883;20146242;"REC 12 ASHK"
22884;20146243;"REC 12 ARSR 1963"
22884;20146245;"REC 12 ARSR 1963"
22885;20146240;"REC 12 ASMA"
22886;20146244;"REC 12 ARSR 1964"
22887;20132441;"REC 12 ARRA 1955"
22888;20132442;"REC 12 ARMS 1967"
22889;20132443;"REC 12 APPI 1973"
22890;20132444;"REC 12 ANTO 1973"
22891;20132447;"REC CD CHRI 1993"
22892;20124506;"TOP FR 5"
22893;20124477;"TOP FR 5"
22893;20124476;"TOP FR 5"
22894;20124489;"TOP F 5"
22895;20126182;"SCO S DUMO"
22895;20126181;"SCO S DUMO"
22895;20126180;"SCO S DUMO"
22895;20126179;"SCO S DUMO"
22895;20126178;"SCO S DUMO"
22896;20127099;"SCO S FAIG"
22897;20126222;"SCO S FEYZ"
22898;20126221;"SCO S FEVR"
22899;20124586;"SCO S FROB2"
22900;20124917;"SCO S GABR3"
22901;20124576;"SCO S GAST"
22902;20124922;"SCO S GIBB"
22903;20124565;"SCO S GIBB"
22903;20124566;"SCO S GIBB"
22903;20124567;"SCO S GIBB"
22904;20124624;"SCO S GIUS"
22905;20124617;"SCO S GRAN2"
22906;20126441;"SCO S GREN"
22907;20130225;"SCO S HALL"
22908;20132446;"LIT KLOP a"
22909;20132448;INS3.2d
22910;20125028;"TOP US.CIN 7"
22911;20132449;"REC CD SARR 2021"
22912;20132451;"TOP GB 5"
22913;20132456;"REC 12 AMEL"
22914;20132457;"REC 12 BRUG 1981"
22915;20132458;"REC 12 BRUG 1980"
22916;20132459;"REC 12 BRUG 1972"
22917;20132460;"REC 12 BRUG 1974"
22918;20132461;"REC 12 BRUG 1968"
22919;20132462;"REC 12 BRUG 1984"
22920;20132463;"REC 12 BRUG 1976"
22921;20132464;"REC 12 BRUG 1974"
22922;20132465;"REC 12 BRUG 1974"
22923;20132466;"REC 12 BRUG 1976"
22925;20132468;"REC BRUG 1980"
22926;20132469;"REC 12 ANSP 1970"
22927;20132470;"REC 12 ANSE"
22928;20132471;"REC 12 ANSE 1968"
22929;20132472;"REC 12 ANGE 1974"
22930;20132473;"REC 12 ANGE"
22931;20132474;"REC 12 ANDE 1968"
22932;20132475;"REC 12 AMSB 1979"
22933;20132476;"REC 12 AMEL"
22934;20132477;"REC 12 AUST 1972"
22935;20132478;"REC 12 AUST 1968"
22936;20121667;"SCO S GROS"
22937;20132479;"REC 12 ASPE 1983"
22938;20132480;"REC 12 ASPE 1983"
22939;20124614;"SCO S GRIG"
22940;20132481;"REC 12 ASPE 1977"
22941;20132482;"REC 12 BREA 1973"
22942;20132483;
22943;20132484;"REC 12 BOWM 1978"
22944;20132485;"REC 12 BRIT 1970"
22945;20144245;"AES KOEC"
22946;20132486;"REC 12 BIGO"
22947;20132487;"REC 12 BERN"
22948;20132488;"REC 12 BREN 1972"
22949;20132489;
22950;20144246;INS2c
22952;20132490;"REC 12 BERN 1967"
22953;20132491;"REC 12 BOUL"
22954;20123851;"SCO S HAND"
22955;20132492;"REC 12 BOEK 1982"
22956;20132493;"REC 12 BAKE 1970"
22957;20132494;"REC 12 BAKE 1974"
22959;20123852;"SCO S HAND"
22960;2013495;"REC 12 BAKE 1967"
22961;20123853;"SCO S HAND"
22962;20123862;"SCO S HAND"
22963;20132496;"REC 12 BAKE 1971"
22964;20132497;"REC 12 BAKE 1967"
22965;20132498;"REC 12 BEAU"
22966;20132499;"REC 12 BAKE 1963"
22967;20123844;"SCO S HAND"
22968;20123842;"SCO S HAND"
22969;20132500;"REC 12 BARW 1958"
22970;20123841;"SCO S HAND"
22971;20132501;"REC 12 BECK"
22972;20123843;"SCO S HAND"
22973;20132502;"REC 12 BISH 1973"
22974;20123864;"SCO S HAND"
22975;20132503;"REC 12 BRUG 1974"
22976;20123863;"SCO S HAND"
22977;20132504;"REC 12 BRUG 1971"
22978;20132505;"REC 12 BRUG 1971"
22979;20123834;"SCO S HAND"
22980;20123835;"SCO S HAND"
22981;20132506;"REC 12 BRUG 1962"
22982;20123836;"SCO S HAND"
22983;20123838;"SCO S HAND"
22984;20132507;"REC 12 BREA 1968"
22985;20132508;"REC 12 BREA 1969"
22986;20132509;"REC 12 BOEK 1986"
22987;20132510;"REC 12 BIJL 1979"
22988;20132511;"REC 12 BEDA 1965"
22989;20132512;"REC 12 BRIT 1970"
22990;20132513;"REC 12 BREN 1964"
22991;20132514;"REC 12 BURG 1975"
22992;20132515;"REC 12 MISC 1967"
22993;20132516;"REC 12 BOWE 1955"
22994;20132517;"REC 12 BURN 1982"
22995;20132518;"REC 12 BURN 1985"
22996;20132519;"REC 12 BOEK"
22997;20132520;"REC 12 PETR 1981"
22998;20132521;"REC 12 BOUL"
22999;20132522;"REC 12 BRAI 1956"
23000;20132523;"REC 12 BECK 1971"
23001;20132524;"REC 12 BOLE 1961"
23002;20132525;"REC 12 BARE 1972"
23003;20132526;"REC 12 BRUG 1970"
23004;20132527;"REC 12 BRIT 1966"
23005;20132528;"REC 12 BOUL 1961"
23005;20132529;"REC 12 BOUL 1961"
23005;20132530;"REC 12 BOUL 1961"
23006;20132531;"REC 12 BAUM 1982"
23008;20132532;"REC 12 BEND"
23008;20132533;"REC 12 BEND"
23009;20132534;"REC 12 BEIN 1959"
23010;20132535;"REC 12 BEIN 1962"
23011;20132536;"REC 10 BEIN"
23012;20132537;"REC 12 BAUE"
23013;20132538;"REC 12 BEIN"
23014;20132539;"REC 12 BOUL 1966"
23015;20132540;"REC 12 BROW 1979"
23016;20132541;"REC 12 BUCH 1963"
23017;20123847;"SCO S HAND"
23018;20132542;"REC 12 BEEK 1984"
23019;20123846;"SCO S HAND"
23020;20132543;"REC 12 BOLT"
23021;20123882;"SCO S HAND"
23022;20123845;"SCO S HAND"
23023;20132544;"REC 12 BOLT 1977"
23024;20132545;"REC 12 BREN 1969"
23025;20132546;"REC 12 BOLE 1974"
23026;20132547;"REC 12 BRUG 1982"
23027;20123891;"SCO S HAND"
23028;20123892;"SCO S HAND"
23029;20123893;"SCO S HAND"
23030;20132548;"REC 12 BRUG 1986"
23031;20132549;"REC 12 BREA 1976"
23032;20123840;"SCO S HAND"
23033;20123839;"SCO S HAND"
23034;20132550;"REC 12 BARB 1973"
23035;20123837;"SCO S HAND"
23036;20123865;"SCO S HAND"
23037;20123867;"SCO S HAND"
23038;20132551;"REC 12 BEEC 1967"
23039;20132552;"REC 12 BRUG 1986"
23040;20123866;"SCO S HAND"
23041;20123868;"SCO S HAND"
23042;20123869;"SCO S HAND"
23043;20123873;"SCO S HAND"
23044;20132553;"REC 12 BRUG 1981"
23045;20123874;"SCO S HAND"
23046;20123875;"SCO S HAND"
23047;20123876;"SCO S HAND"
23048;20123877;"SCO S HAND"
23049;20123878;"SCO S HAND"
23050;20132554;"REC 12 BAUM 1967"
23051;20123879;"SCO S HAND"
23052;20132555;"REC 12 BRAUM 1959"
23053;20132556;"REC 12 1972"
23054;20132557;"REC 12 BROW 1982"
23055;20123880;"SCO S HAND"
23056;20123890;"SCO S HAND"
23057;20132558;"REC 12 BRIT 1976"
23058;20132559;"REC 12 BIJL 1981"
23059;20132560;"REC 12 BIJL"
23060;20132561;
23061;20123881;"SCO S HAND"
23062;20123871;"SCO S HAND"
23063;20132562;"REC 12 BOET"
23064;20123848;"SCO S HAND"
23065;20123861;"SCO S HAND"
23066;20132563;"REC 12 BAUM 1974"
23067;20123870;"SCO S HAND"
23068;20123860;"SCO S HAND"
23069;20132564;"REC 12 BOSS 1969"
23070;20132565;"REC 12 BREA 1961"
23071;20132566;"REC 12 BAUM"
23072;20126414;"SCO S HASS2"
23073;20132567;"REC 12 BURG 1955"
23074;20132568;"REC 12 BADU"
23075;20124588;"SCO S KELL"
23076;20132569;"REC 12 LEHM 1968"
23077;20126211;"SCO S VAND2"
23078;20132570;"REC 12 BREA 1974"
23079;20132571;"REC 12 BRUG 1966"
23080;20132572;"REC 12 BRUG"
23081;20144250;"REC 12 BRUG 1986"
23082;20132573;"REC 12 BRUG 1967"
23083;20144251;"REC 12 BRUG 1970"
23084;20132574;"REC 12 BRUG 1978"
23085;20144252;"REC 12 BRUG 1982"
23086;20132575;"REC 12 BREN 1967"
23087;20132576;"REC 12 BREN 1972"
23088;20144253;"REC 12 BENE 1963"
23089;20132577;"REC 12 BRUG 1982"
23090;20132578;"REC 12 BURG 1967"
23091;20144254;"REC 12 BUSO"
23092;20132579;"REC 12 BECK 1969"
23093;20132580;"REC 12 BRUG 1973"
23094;20144255;"REC 12 BRUG 1979"
23095;20132581;"REC 12 BRUG 1968"
23096;20132582;"REC 12 BURN 1982"
23097;20144256;"REC 12 BRUG 1963"
23098;20132583;"REC 12 BECK 1972"
23099;2032584;"REC 12 BOEK"
23100;20132585;"REC 12 BINK 1965"
23101;20144257;"REC 12 BECK 1968"
23102;20132586;"REC 12 BINK"
23103;20132587;"REC 12 HAYN 1981"
23104;20144258;"REC 12 BINK 1983"
23105;20132588;"REC 12 BARW"
23106;20144259;"REC 12 BAUM 1967"
23107;20132589;"REC 12 BARW"
23108;20132590;"REC 12 BOTT"
23109;20132591;"REC 12 BENS 1976"
23110;20132592;"REC 12 BROW 1979"
23111;20134620;"REC 12 BRUG 1980"
23112;20132593;"REC 12 BIEL"
23113;20132594;"REC 12 BRUG 1985"
23114;20132595;"REC 12 BRUG 1980"
23115;20144261;"REC 12 BREA 1978"
23116;20144262;"REC 12 BINK 1973"
23117;20144263;"REC 12 BRUG"
23118;20132596;"REC 12 BRUG 1974"
23119;20144264;"REC 12 BRUG 1977"
23120;20132597;"REC 12 BRUG 1967"
23121;20144265;"REC 12 BRUG 1982"
23122;20132598;"REC 12 BRUG 1978"
23123;20132599;"REC 12 BRUG"
23124;20144266;"REC 12 BRUG 1979"
23125;20132600;"REC 12 BRUG 1978"
23126;20144267;"REC 12 BROU"
23127;20132601;"REC 12 BRUG 1982"
23128;20144268;"REC 12 BRUG"
23129;20132602;"REC 12 BOUL 1973"
23130;20132603;"REC 12 BRUG 1981"
23131;20144272;"REC 12 BERN 1966"
23132;20132604;"REC 12 BOVE"
23133;20144273;"REC 12 BART 1979"
23134;20132605;"REC 12 BARW"
23135;20144274;"REC 12 BERN"
23136;20132606;"REC 12 BREN 1974"
23137;20144275;"REC 12 BARE 1978"
23138;20132607;"REC 12 BOEK 1978"
23139;20132608;"REC 12 BRUG 1976"
23140;20132609;"REC 12 BERG 1979"
23141;20144276;"REC 12 BARL 1982"
23142;20132610;"REC 12 BAUE"
23143;20144277;"REC 12 BERG"
23144;20132611;"REC 12 BRON"
23145;20132612;"REC 12 BOLE"
23146;20144278;"REC 12 CLEM 1978"
23147;20132613;"REC 12 BURN 1983"
23148;20132614;"REC 12 BOUL 1957"
23149;20144279;"REC 12 CLEM"
23150;20132615;"REC 12 BENS 1982"
23151;2014480;"REC 12 CASA 1973"
23151;20144281;"REC 12 CASA 1973"
23152;20132616;"REC 12 HEIL 1976"
23153;20144282;"REC 12 DUNA 1978"
23154;20132617;"REC 12 AMEL 1964"
23155;20144283;"REC 12 CHRI 1983"
23156;20132618;"REC 12 BRUG 1976"
23157;20132619;"REC 12 CICC 1974"
23158;20144284;"REC 12 CARR 1976"
23159;20144285;"REC 12 CHORA 1977"
23160;20132620;"REC 12 AMEL 1968"
23161;20144286;"REC 12 COMM 1963"
23162;20132621;"REC 12 CONC"
23163;20144287;"REC 12 CHAPE"
23164;20132622;"REC 12 COST 1971"
23165;20144288;"REC 12 CORR 1968"
23166;20132623;"REC 12 CZID"
23167;20144289;"REC 12 COLL"
23168;20132624;"REC 12 COLL 1967"
23169;20144290;"REC 12 CARU 1972"
23170;20132625;"REC 12 SCHR 1978"
23171;20144291;"REC 12 CORB 1974"
23172;20144292;"REC 12 ALDO 1974"
23173;20132626;"REC 12 CHOR 1972"
23174;20132627;"REC 12 COCH 1964"
23175;20144293;"REC 12 CORT"
23176;20132628;"REC 12 CHOR 1976"
23177;20144294;"REC 12 MAIE 1969"
23178;20132629;"REC 12 CASA 1987"
23179;20144295;"REC 12 CARI 1962"
23180;20132630;"REC 12 COUR"
23181;20144296;"REC 12 CURT 1977"
23182;20132631;"REC 12 MAIE 1977"
23183;20144297;"REC 12 COLL"
23184;20132632;"REC 12 CORT 1955"
23185;20144298;"REC 12 COAT 1976"
23186;20132633;"REC 12 COUR"
23187;20144303;"REC 12 MAIE"
23188;20132634;"REC 12 AMEL 1973"
23189;20144304;"REC 12 CAPE"
23190;20132635;"REC 12 COLL 1968"
23191;20144305;"REC 12 CAME"
23192;20132636;"REC 12 NEAR 1983"
23193;20144306;"REC 12 AMEL 1979"
23194;20132637;"REC 12 CZER"
23195;20132638;"REC 12 COLL 1965"
23196;20144307;"REC 12 COST"
23197;20132639;"REC 12 CUCK 1972"
23198;20132640;"REC 12 CURT 1977"
23199;20144308;"REC 12 CASA 1972"
23200;20132641;"REC 12 CHAP"
23201;20144309;"REC 12 GULD"
23202;20132642;"REC 12 CATT 1971"
23203;20132643;"REC 12 CHAP"
23204;20144310;"REC 12 CAPE"
23205;20132644;"REC 12 COHE 1976"
23206;20144311;"REC 12 BERN 1972"
23207;20132645;"REC 12 MAIE"
23208;20144312;"REC 12 CLEM 1977"
23209;20132646;"REC 12 COLL 1967"
23210;20144313;"REC 12 COUR 1963"
23211;20132647;"REC 12 BROO"
23212;20132648;"REC 12 CASA 1983"
23212;20132649;"REC 12 CASA 1983"
23213;20144314;"REC 12 COLL 1960"
23215;20132650;"REC 12 CORT 1973"
23216;20144315;"REC 12 COLO 1971"
23217;20132651;"REC 12 FERR 1972"
23218;20144316;"REC 12 CHAP 1974"
23219;20144317;"REC 12 BERR 1988"
23220;20132652;"REC 12 CHAL 1958"
23221;20144318;"REC 12 CLEM 1967"
23222;20132653;"REC 12 CHAL 1963"
23223;20144319;"REC 12 CAPE 1952"
23224;20132654;"REC 12 CURT 1976"
23225;20144320;"REC 12 COHE 1975"
23226;20132655;"REC 12 CALL"
23227;20144321;"REC 12 CALL 1977"
23228;20144322;"REC 12 CHRI 1983"
23229;20144323;"REC 12 CALL 1972"
23230;20144325;"BIO VAND6 e"
23231;20144324;"REC 12 DART 1961"
23232;20132656;"REC 12 MALC 1957"
23233;20144335;"REC 12 DOHL 1963"
23234;2032657;"REC 12 DELL 1966"
23235;20144336;"REC 12 DELL 1979"
23236;20144326;"TOP BE.ANT 4"
23237;20132658;"REC 12 DAVI"
23238;20132659;"REC 12 DREY 1973"
23239;20144327;"TOP BE.ANT 5"
23240;20132660;"REC 12 DART"
23241;20144337;"REC 12 DELL"
23242;20132661;"REC 12 DART 1982"
23243;20144328;"TOP BE.ANT 5"
23244;20144338;"REC 12 DUNN 1970"
23245;20132662;"REC 12 DAVI 1984"
23246;20144339;"REC 12 DAUT 1967"
23247;20144329;"INS1a BE"
23248;20132663;"REC 12 DELL 1979"
23249;20144340;"REC 12 DOMB 1983"
23250;20132664;"REC 12 DEVO"
23251;20144341;"REC 12 DOUA 1970"
23252;20144330;"TOP BE.ANT 6"
23253;20132665;"REC 12 DIJK"
23254;20132666;"REC 12 DOMI 1966"
23255;20144342;"INS3.3b PLEY"
23256;20144343;"REC 12 DETE 1962"
23257;20132667;"REC 12 DREY"
23258;20144344;"REC 12 DEMU"
23259;20132668;"REC 12 DREY 1977"
23260;20144345;"REC 12 DELL 1973"
23261;20132669;"REC 12 DELL"
23262;20144346;"REC 12 DELL 1979"
23263;20132670;"REC 12 DEMU 1967"
23264;20132671;"REC 12 DELL 1981"
23265;20144347;"REC 12 DART 1971"
23266;20144348;"REC 12 DIEN 1938"
23267;20132672;"REC 12 DELL 1956"
23269;20132673;"REC 12 GERL"
23270;20144350;"REC 12 DOUA"
23271;20132674;"REC 12 DOMB 1973"
23272;20144351;"REC 12 DELL"
23273;20132675;"REC 12 DELL 1979"
23274;20144352;"REC 12 DELA 1965"
23275;20132676;"REC 12 DAVI 1968"
23276;20144353;"REC 12 DAVI 1965"
23277;20144354;"REC 12 DELL"
23278;20132677;"REC 12 VEST 1977"
23279;20132678;"REC 12 ELLI 1967"
23280;20144355;"REC 12 DOLM"
23281;20126225;"SCO S KIRC"
23282;20132679;"REC 12 GERL"
23282;20142074;"REC 12 GERL"
23282;20142075;"REC 12 GERL"
23282;20142076;"REC 12 GERL"
23283;20144356;"REC 12 DALT 1966"
23284;20132680;"REC 12 DART 1957"
23285;20132681;"REC 12 DART 1958"
23286;20144357;"REC 12 DART 1958"
23287;20132682;"REC 12 DART"
23288;20144358;"REC 12 DART"
23289;20126118;"SCO S KOZE"
23290;20144359;"REC 12 DELL 1977"
23291;20132683;"REC 12 DELL 1972"
23292;20132684;"REC 12 DART 1959"
23293;20124894;"SCO S KRIE"
23294;20132685;"REC 12 DELL 1979"
23295;20132686;"REC 12 DELL 1981"
23296;20132687;"REC 12 DELL 1968"
23297;20132688;"REC 12 DELL"
23298;20144360;"REC 12 DELL 1970"
23299;20144361;"REC 12 DELL"
23300;20144384;"AES ZWAN"
23301;20144362;"REC 12 DELL 1970"
23302;20144369;"REC 12 DELL"
23303;20132689;"REC 12 DART 1971"
23304;20132690;"REC 12 DART 1971"
23305;20144370;"REC 12 DELL"
23306;20132691;"REC 12 DEMU 1967"
23307;20144371;"REC 12 DELL 1971"
23308;20144372;"REC 12 DELL"
23309;20132692;
23310;20132693;"REC 12 DELL 1968"
23311;20144373;"REC 12 NESB 1957"
23312;20132694;"REC 12 DELL 1977"
23313;20144374;"REC 12 ARMS"
23314;20132695;"REC 12 DOWN 1967"
23315;20132696;"REC 12 DOWN 1966"
23316;20144375;"REC 12 LESE 1986"
23317;20132697;"REC 12 DOES 1984"
23318;20144376;"REC 12 ELSN 1960"
23319;20144377;"REC 12 DUPR 1958"
23320;20132698;"REC 12 DOMI 1981"
23321;20144378;"REC 12 EWER 1973"
23322;20132699;"REC 12 EGEL 1980"
23323;20144379;"REC 12 DUPR 1960"
23324;20144380;"REC 12 DUPR 1960"
23325;20132700;"REC 12 DELL 1973"
23326;20144381;"REC 12 DELL 1979"
23327;20144382;"REC 12 DEME"
23328;20132701;"REC 12 DELL 1976"
23329;20144383;"REC 12 DOWN 1970"
23330;20132702;"REC 12 EWER 1966"
23331;20144385;"REC 12 DEME"
23332;20132703;"REC 12 DEME 1969"
23333;20132704;"REC 12 DELL"
23334;20144386;"REC 12 DEKK"
23335;20132705;"REC 12 DELL 1972"
23336;20144387;"REC 12 DELL 1958"
23337;20144388;"REC 12 ALPE 1975"
23338;20132706;"REC 12 DELL"
23339;20144389;"REC 10 DEME 1957"
23340;20132707;"REC 12 DART 1959"
23341;20144390;"REC 12 DREY"
23342;20132708;"REC 12 DELL 1972"
23343;20144391;"REC 12 DELL"
23345;20132710;"REC 12 EWER 1968"
23346;20144368;"REC 12 EGMO 1976"
23347;20132711;"REC 12 ENTR 1966"
23348;20144392;"REC 12 BERN 1967"
23349;20144393;"REC 12 DOUA"
23350;20132712;"REC 12 ENSE 1980"
23351;20144394;"REC 12 EWER 1966"
23352;20132713;"REC 12 EGER 1979"
23353;20144403;"REC 12 EKSE 1971"
23354;20132714;"REC 12 EHMA 1962"
23355;20132715;"REC 12 EGMO 1980"
23356;20132716;"REC 12 EOTV 1987"
23357;20132717;"REC 12 ECKE 1961"
23358;20144404;"REC 12 ECKE 1960"
23359;20132718;"REC 12 ENGL 1971"
23360;20144405;"REC 12 FISC"
23361;20144406;"REC 12 FERR 1968"
23362;20140460;"REC 12 FERR"
23363;20144407;"REC 12 FERR 1977"
23364;20140461;"REC 12 FERR 1972"
23365;20140462;"REC 12 FERR"
23366;20140463;"REC 12 FERR 1960"
23367;20124612;"SCO S KUHN1"
23368;20126417;"SCO S LAGA"
23368;20126416;"SCO S LAGA"
23368;20126415;"SCO S LAGA"
23369;20144408;"KTS1 H.07.039"
23370;20127100;"SCO S LASS"
23371;20140464;"REC 12 RAMP"
23372;20140465;"REC 12 FERR"
23373;20140466;"REC 12 FOLS 1966"
23374;20140467;"REC 12 FASA"
23375;20140468;"REC 12 FROM 1954"
23376;20140469;"REC 12 FAER 1968"
23377;20140470;"REC 12 FUEN 1978"
23378;20140571;"REC 12 FOLD"
23379;20140472;"REC 12 EMER"
23380;20140473;"REC 12 ORIG 1962"
23381;20140474;"REC 12 FLEI 1961"
23382;20140475;"REC 12 FIEL 1962"
23383;20140476;"REC 12 FAER 1967"
23384;20140477;"REC 12 FAER"
23385;20140478;"REC 12 FERG 1977"
23386;20140479;"REC 12 FRIE 1982"
23387;20140480;"REC 12 RAMP"
23388;20140481;"REC 12 ALPE 1976"
23389;20140482;"REC 12 FRAN 1967"
23390;20140483;"REC 12 FOX"
23391;20140484;"REC 12 FASA"
23392;20140485;"REC 12 FIGU 1978"
23393;20140486;"REC 12 FIGU 1976"
23394;20140487;"REC 12 FLEE 1978"
23395;20140488;"REC 12 FLEE 1978"
23396;20140489;"REC 12 FULL 1967"
23397;20140490;"REC 12 FULL 1974"
23398;20140491;"REC 12 FISC 1962"
23399;20140492;"REC 12 SCHN 1957"
23400;20140493;"REC 12 FRAN 1972"
23401;20140494;"REC 12 WALL 1968"
23402;20140495;"REC 12 FERR 1959"
23403;20140496;"REC 12 OTTO 1961"
23404;20124574;"SCO S LASS"
23405;20124890;"SCO S LEGR"
23406;20126215;"SCO S LEGR"
23407;20121668;"SCO S LIDA"
23408;20121671;"SCO S LIDA"
23409;20121673;"SCO S LIDA"
23410;20124668;"SCO S LOCA"
23411;20126420;"SCO S LUKA"
23412;20124910;"SCO S LULL"
23413;20124992;"SCO S MALL"
23414;20127093;"SCO S MARA"
23415;20124571;"SCO S MARI"
23416;20124671;"SCO S MARI"
23417;20124308;"SCO S MASS2"
23418;20124914;"SCO S MIZL"
23419;20126220;"SCO S MOND"
23420;20124810;"SCO S MONT2"
23421;20124661;"SCO S MONT2"
23422;20124948;"SCO S MONT2"
23422;20124947;"SCO S MONT2"
23422;20124946;"SCO S MONT2"
23422;20124945;"SCO S MONT2"
23422;20124944;"SCO S MONT2"
23422;20124943;"SCO S MONT2"
23422;20124942;"SCO S MONT2"
23423;20124885;"SCO S MOUR"
23424;20124884;"SCO S MOUR"
23425;20124620;"SCO S MOUR"
23426;20127091;"SCO S MOUR"
23426;20127090;"SCO S MOUR"
23426;20127088;"SCO S MOUR"
23426;20124616;"SCO S MOUR"
23426;20124993;"SCO S MOUR"
23427;20124568;"SCO S MOY"
23428;20126424;"SCO S MOZA1"
23429;20124646;"SCO S NIVE"
23430;20124618;"SCO S NIVE"
23431;20126385;"SCO S PACO"
23432;20124611;"SCO S PERR"
23433;20124579;"SCO S PEVE"
23434;20124938;"SCO S PHIL5"
23435;20124592;"SCO S PICC"
23436;20124913;"SCO S PLAY"
23437;20124889;"SCO S POLL"
23438;20124682;"SCO S RADI"
23439;20124915;"SCO S REUS"
23440;20124669;"SCO S ROSS1"
23441;20124674;"SCO S RICC1"
23442;20126146;"SCO S SCAR2"
23442;20126145;"SCO S SCAR2"
23442;20126144;"SCO S SCAR2"
23442;20126143;"SCO S SCAR2"
23443;20126405;"SCO S SUPP1"
23444;20124499;"SCO S STAR"
23445;20126214;"SCO S STRA2"
23446;20124904;"SCO S STRO1"
23447;20126291;"SCO TRAZ"
23448;20124919;"SCO S STRA2"
23449;20124636;"SCO S VALL"
23450;20124638;"SCO S VALL"
23451;20124639;"SCO S VALL"
23452;20124637;"SCO S VALL"
23453;20127097;"SCO S VALL"
23454;20124968;"SCO S UTEN"
23455;20124608;"SCO S VIVA"
23456;20126075;"SCO S VETT1"
23457;20124573;"SCO S VAND7"
23458;20124923;"SCO S WEEL"
23459;20124924;"SCO S WEEL"
23460;20124609;"SCO S WEIS1"
23461;20144410;"SCO S WERN"
23462;20127107;"SCO S WERR"
23463;20124619;"SCO S ZIPO"
23464;20126173;"SCO S ZIEL"
23464;20126172;"SCO S ZIEL"
23464;20126170;"SCO S ZIEL"
23464;20126171;"SCO S ZIEL"
23465;20144411;"BIO BOYE a"
23466;20144412;"BIO LISZ a"
23467;20144413;"BIO BING1 d"
23468;20144414;"BIO CHAR2 e"
23469;20144415;"BIO LULL e"
23470;20144416;"BIO COPL d"
23471;20144417;"BIO BACH1 d"
23472;20144418;"BIO BACH1 d"
23473;20127095;
23474;20144419;"BIO BACH1 e"
23475;20124594;"SCO S BRAN"
23476;20124606;"SCO S"
23476;20124605;"SCO S"
23477;20124623;"SCO S"
23477;20124622;"SCO S"
23478;20144420;"BIO BEET e"
23479;20144421;"BIO BEET d"
23480;20144422;"BIO BANV a"
23480;20144423;"BIO BANV a"
23481;20144424;"BIO BART d"
23482;20144425;"BIO BOUL e"
23483;20144426;"BIO CLEM d"
23484;20144402;"BIO ABSI d"
23485;20144427;"BIO ALKA d"
23485;20144428;"BIO ALKA d"
23486;20144429;"BIO BOYE1 b"
23487;20144437;"BIO BRAH b"
23488;20144438;"BIO BEET e"
23489;20144439;"BIO HURE a"
23490;20144440;"TRE DEBU"
23491;20144441;"BIO INGH d"
23492;20144442;"BIO GORO a"
23493;20144443;"BIO EISL a"
23494;20144444;"BIO HAND c"
23495;20144445;"BIO CHAB d"
23496;20142017;"REC 12 FERE 1973"
23497;20144446;"KTS1 C2.26 H4-085"
23498;20142018;"REC 12 FISC 1955"
23500;20142020;"REC 12 FAER"
23501;20142021;"REC 12 AMEL"
23502;20144447;"BIO DUKA a"
23503;20142022;"REC 12 ASPE 1979"
23504;20142023;"REC 12 ASPE 1978"
23505;20142024;"REC 12 ASMA"
23506;20144448;"BIO BEET e"
23507;20142025;"REC 12 AHLG"
23508;20142026;"REC 12 IMUS"
23509;20142027;"REC 12 IMUS"
23510;20142028;"REC 12 AVEL 1970"
23511;20140497;"BIO FLUD d"
23512;20142029;"REC 12 GOVE 1973"
23513;20142030;"REC 12 GUES 1964"
23514;20144449;"BIO CHOP e"
23515;20142031;"REC 12 GILB"
23516;20142032;"REC 12 GOUL"
23517;20142033;"REC 12 GAT"
23518;20142034;"REC 12 GIGL 1983"
23519;20142035;"REC 12 GHEO 1960"
23520;20142036;"REC 12 GUES 1965"
23521;20142037;"REC 12 GOVE 1972"
23522;20144450;"BIO BEET e"
23523;20142038;"REC 12 GARC 1982"
23524;20142039;"REC 12 GOLD 1972"
23525;20142040;"REC 12 GREE 1961"
23526;20142041;"REC 12 GILB"
23527;20142042;"REC 12 GREE 1986"
23528;20144451;"BIO BEET f"
23528;20144452;"BIO BEET f"
23529;20142043;"REC 12 GOTT"
23530;20142044;"REC 12 GOLD 1960"
23531;20142045;"REC 12 GERW"
23532;20142046;"REC 12 GERW 1965"
23533;20144453;"KTS1 C2.26 H4-086"
23534;20142047;"REC 12 GERW"
23535;20144454;"BIO BACH0 f"
23536;20142048;"REC 12 FOLG 1981"
23537;20142049;"REC 12 GULL"
23538;20142050;"REC 12 GERM 1961"
23539;20142051;"REC 12 GUSC 1964"
23540;20142052;"REC 12 GALL"
23540;20142053;"REC 12 GALL"
23542;20142054;"REC 12 GOBE"
23543;20142055;"REC 12 GOLD"
23544;20142056;"REC 12 GREB"
23545;20142057;"REC 12 FISC"
23546;20142058;"REC 12 FARR 1979"
23548;20142060;"REC 12 GILB 1972"
23549;20142061;"REC 12 GERW"
23550;20142062;"REC 12 GARE 1978"
23551;20142063;"REC 12 GARE 1981"
23552;20142064;"REC 12 FISC"
23553;20142019;"REC 12 FISC 1958"
23553;20142065;"REC 12 FISC"
23554;20142066;"REC 12 GREE"
23555;20142067;"REC 12 GALL"
23556;20142068;"REC 12 FAIT 1965"
23557;20142069;"REC 10 IMUS"
23558;20142070;"REC 12 GALW 1978"
23559;20142071;"REC 12 GERL"
23560;20142072;"REC 12 GERL"
23561;20142073;"REC 12 GERL"
23565;20142077;"REC 12 GERI"
23566;20142078;"REC 12 GILE 1972"
23567;20142079;"REC 12 GOEH"
23568;20142080;"REC 12 GERM 1961"
23569;20142081;"REC 12 GUSC"
23570;20142082;"REC 12 GIES"
23571;20142083;"REC 12 GOUL 1983"
23572;20142084;"REC 12 GOUL 1978"
23573;20142085;"REC 12 GOUL 1983"
23574;20142086;"REC 12 GOUL 1981"
23575;20142087;"REC 12 GOEH"
23576;20144455;"BIO BACH1 f"
23577;20142088;"REC 12 GALL"
23578;20142089;"REC 12 GUES 1972"
23579;20142090;"REC 12 GRIE 1989"
23580;20142091;"REC 12 GRAU"
23581;20142092;"REC 12 GUES 1966"
23582;20142093;"REC 12 GROS"
23583;20126008;"BIO FORS1 e"
23584;20142094;"REC 12 GONN"
23585;20142095;"REC 12 GEDD"
23586;20142096;"REC 12 GERL"
23587;20144456;"BIO HAYD1 b"
23588;20142097;"REC 12 GREM 1977"
23590;20144457;"BIO AGUI d"
23591;20142099;"REC 12 VANG"
23592;20142100;"REC 12 GRUB"
23593;20142101;"REC 12 GILB"
23594;20142102;"REC 12 GAT 1972"
23595;20144458;"BIO BEET e"
23596;20142103;"REC 12 GOTT 1967"
23597;20142104;"REC 12 GOEB 1979"
23598;20142105;"REC 12 HASK"
23599;20144459;"BIO MOZA1 b"
23600;20142106;"REC 12 GILL"
23601;20142107;"REC 12 GULL"
23601;20142108;"REC 12 GULL"
23603;20142109;"REC 12 GRUB 1968"
23604;20142110;"REC 12 MUSI 1981"
23605;20142111;"REC 12 GUNT"
23606;20142112;"REC 10 GOEH 1953"
23607;20142113;"REC 12 GOEH"
23608;20142114;"REC 12 GOEH 1978"
23609;20142115;"REC 12 IMUS 1954"
23610;20142116;"REC 12 GUSC"
23611;20142117;"REC 12 GROS 1968"
23612;20142118;"REC 12 GIES"
23613;20142119;"REC 12 GIES"
23614;20142120;"REC 12 GIES"
23615;20142121;"REC 12 GOUL 1982"
23616;20142122;"REC 12 GALL"
23617;20142123;"REC 12 GARI"
23618;20142124;"REC 12 GILB"
23619;20142125;"REC 12 GALW 1975"
23620;20142126;"REC 12 GILB 1978"
23621;20142127;"REC 12 GILB"
23622;20142128;"REC 12 GILB 1963"
23623;20142129;"REC 12 GILB 1964"
23624;20142130;"REC 12 GILB 1965"
23625;20140499;"REC CD DANE 1994"
23626;20142131;"REC 12 GIFF"
23627;20142132;"REC 12 GIFF 1976"
23628;20142133;"REC 12 GERL"
23629;20142134;"REC 12 GERL"
23630;20142135;"REC 12 GRAF"
23631;20142136;"REC 12 GALW 1972"
23632;20142137;"REC 12 GRAC 1967"
23633;20142138;"REC 12 GOEB 1983"
23634;20142139;"REC 12 HOKA"
23635;20142140;"REC 12 GREE"
23636;20142141;"REC 12 HOGW 1982"
23637;20142142;"REC 12 HOGW 1976"
23638;20142143;"REC 12 ACCA 1976"
23639;20142144;"REC 12 HOGW 1980"
23640;20142145;"REC 12 HOGW 1978"
23641;20142146;"REC 12 PRES 1979"
23642;20142147;"REC 12 HARN 1973"
23643;20142148;"REC 12 HOGW 1978"
23644;20142149;"REC 12 HOGW 1977"
23645;20142150;"REC 12 HOGW 1985"
23646;20142151;"REC 12 PRES 1978"
23647;20142152;"REC 12 HOGW 1980"
23648;20142153;"REC 12 HOGW 1978"
23649;20142154;"REC 12 HOGW 1984"
23650;20142155;"REC 12 HOGW 1984"
23651;20142156;"REC 12 HOGW 1982"
23652;20142157;"REC 12 HOGW 1984"
23653;20142158;"REC 12 HOGW 1982"
23654;20142159;"REC 12 HOGW 1978"
23655;20142160;"REC 12 PRES 1977"
23656;20142161;"REC 12 PRES 1978"
23657;20142162;"REC 12 HOGW 1976"
23658;20142163;"REC 12 HOGW 1984"
23659;20142164;"REC 12 HAYN 1981"
23660;20142165;"REC 12 HAUW 1982"
23661;20142166;"REC 12 HOLL 1969"
23662;20142167;"REC 12 GARD 1980"
23664;20142169;"REC 12 HEIL 1974"
23665;20142170;"REC 12 HOFF"
23666;20142171;"REC 12 HAAS"
23667;20142172;"REC 12 HARN 1969"
23668;20142173;"REC 12 HAAS 1965"
23669;20142174;"REC 12 HEIF 1954"
23670;20142175;"REC 12 GOTT"
23671;20142176;"REC 12 HERR"
23672;20142177;"REC 12 HARN 1972"
23673;20142178;"REC 12 HARP 1979"
23674;20142179;"REC 12 HAAS 1968"
23675;20142180;"REC 12 HOFM 1960"
23676;20142181;"REC 12 HASE 1970"
23677;20142182;"REC 12 HANS 1968"
23678;20142183;"REC 12 HANS 1969"
23679;20142184;"REC 12 HOLI 1984"
23680;20142185;"REC 12 HAEB 1974"
23681;20142186;"REC 12 HOFM 1962"
23682;20142187;"REC 12 COTT"
23683;20142188;"REC 12 HOFF"
23684;20142189;"REC 12 HOFF"
23685;20142190;"REC 12 HOFF"
23686;20142191;"REC 12 HORO 1986"
23687;20142192;"REC 12 HILL 1977"
23688;20142193;"REC 12 UITT 1976"
23689;20142194;"REC 12 HURS 1959"
23690;20142195;"REC 12 HARN"
23691;20142196;"REC 12 HANS 1955"
23692;20142197;"REC 12 HOFM"
23693;20142198;"REC 12 HARN 1982"
23694;20142199;"REC 12 HARN 1975"
23695;20142200;"REC 12 HARN 1967"
23696;20142201;"REC 12 HEYN"
23697;2012202;"REC 12 HARN 1967"
23698;20142203;"REC 12 HARN 1972"
23699;20142204;"REC 12 HOGW 1980"
23700;20142205;"REC 12 HARN 1979"
23701;20142206;"REC 12 HARN 1966"
23702;20142207;"REC 12 HARN 1968"
23703;20142208;"REC 12 HARN 1968"
23704;20142209;"REC 12 CONC 1965"
23705;20142210;"REC 12 HARN 1976"
23706;20142211;"REC 12 HARN 1984"
23707;20142212;"REC 12 HARN 1984"
23708;20142213;"REC 12 HARN 1984"
23709;20142214;"REC 12 HEIL 1968"
23710;20142215;"REC 12 HARN 1984"
23711;20142216;"REC 12 HARN 1984"
23712;20142217;"REC 12 HARN 1967"
23713;20142218;"REC 12 HARN 1974"
23714;20142219;"REC 12 HARN 1980"
23715;20142220;"REC 12 HARN 1965"
23716;20142221;"REC 12 HATT 1963"
23717;20142222;"REC 12 HEIL"
23718;20142223;"REC 12 HAAS"
23719;20142224;"REC 12 HAAS"
23720;20142225;"REC 12 HATT 1964"
23721;20142226;"REC 12 HASK"
23722;20142227;"REC 12 HESS"
23723;20142228;"REC 12 HAAS 1958"
23724;20142229;"REC 12 HAUD 1973"
23725;20142230;"REC 12 HAUD"
23726;20142231;"REC 12 HAUD 1975"
23727;20142232;"REC 12 HAUD"
23728;20142233;"REC 12 HANS 1964"
23729;20142234;"REC 12 HASE"
23730;20140498;"REC CD DIJK 1992"
23731;20144460;"BIO BRUN1 a"
23732;;
23733;;
23734;20144461;"BIO TAIL a"
23735;20144462;"VIS HILB"
23736;20144463;"BIO MOZA1 e"
23737;20144464;"BIO HAND e"
23738;20144472;"BIO STRA3 a"
23739;20144473;"BIO ANDR e"
23740;20144474;"BIO STRA3 a"
23741;20144475;"TOP NL 6"
23742;20144476;"BIO DEBU e"
23743;20140500;"LIT NERV a"
23744;20140501;INS10d
23745;20140502;"REC CD FREY 2023"
23746;20140503;"PHI BURR a"
23747;20144477;"TRE KIM"
23748;20142235;"REC 12 HASK"
23749;20142236;"REC 12 HORO"
23750;20142237;"REC 12 HARN 1971"
23751;20142238;"REC 12 HARN 1974"
23752;20142239;"REC 12 HILD"
23753;20142240;"REC 12 HARN 1982"
23754;20142241;"REC 12 HEIN 1968"
23755;20142242;"REC 12 BINK"
23756;20142243;"REC 12 HARN 1975"
23757;20142244;"REC 12 WALC"
23758;20142245;"REC 12 SCHU"
23759;20142246;"REC 12 DOLM 1977"
23760;20142247;"REC 12 MART"
23761;20142248;"REC 12 BART 1981"
23762;20142249;"REC 12 BURG"
23763;20142250;"REC 12 BRUG 1963"
23764;20142251;"REC 12 BEDF 1980"
23765;20142252;"REC 12 HASK"
23766;20142253;"REC 12 JORD 1983"
23767;20142254;"REC 12 HAAS"
23769;20142256;"REC 12 HALF 1968"
23770;20142257;"REC 12 HOGW 1976"
23771;20142258;"REC 12 HARN 1975"
23772;20142259;"REC 12 HARN 1966"
23773;20142260;"REC 12 HARN 1968"
23774;20142261;"REC 12 CONC"
23775;20142262;"REC 12 HARN 1964"
23777;20142264;"REC 12 HARN 1970"
23778;20142265;"REC 12 HARN 1966"
23779;20142266;"REC 12 HARN 1976"
23780;20142267;"REC 12 HARN 1970"
23781;20144481;"TRE SCHA3"
23782;20142268;"REC 12 NEWY"
23783;20142269;"REC 12 HASK 1981"
23784;20142270;"REC 12 HEIN 1967"
23785;20142255;"REC 12 HEIL 1968"
23786;20142272;"REC 12 HOGW 1981"
23787;20142273;"REC 12 HOGW 1985"
23788;20142274;"REC 12 HORS 1958"
23789;20142275;"REC 12 HORS"
23790;20142276;"REC 12 HORS"
23791;20142277;"REC 12 HARN 1980"
23792;20144478;"SCO S MOZA1"
23793;20142278;"REC 12 HOGW 1974"
23794;20142279;"REC 12 HOGW 1984"
23795;20144479;"BIO BUSO e"
23796;20142280;"REC 12 HOGW 1981"
23797;20142281;"REC 12 HOGW 1975"
23798;20142282;"REC 12 HOGW 1978"
23799;20142283;"REC 12 HOGW 1975"
23800;20142284;"REC 12 HOGW 1982"
23801;20142285;"REC 12 HILL 1977"
23802;20142286;"REC 12 HOGW 1978"
23803;20142287;"REC 12 HOGW 1974"
23804;20142288;"RE 12 HOGW 1984"
23805;20142289;"REC 12 HOGW 1982"
23806;20142290;"REC 12 HARN 1984"
23807;20142291;"REC 12 HOLL 1973"
23808;20142292;"REC 12 HOLL"
23809;20142293;"REC 12 HOLL 1976"
23810;20142294;"REC 12 HORS"
23811;20142295;"REC 12 HURF 1984"
23812;20142296;"REC 12 IMME"
23813;20142297;"REC 12 IMME"
23814;20142298;"REC 12 IMME 1978"
23815;20142299;"REC 12 IMME 1976"
23816;20142300;"REC 12 ISOI 1975"
23817;20142301;"REC 12 JACO"
23818;20142302;"REC 12 JACO 1981"
23819;20142303;"REC 12 JACO 1985"
23820;20142304;"REC 12 JACC"
23821;20142305;"REC 12 JACC"
23822;20142306;"REC 12 JACC 1976"
23823;20142307;"REC 12 JUNG 1972"
23824;20142308;"REC 12 JAYE 1972"
23825;20142309;"REC 12 JEAN 1962"
23826;20142310;"REC 12 JONE 1958"
23828;20142312;"REC 12 JACC"
23829;20142313;"REC 10 JOUV 1952"
23830;20142314;"REC 12 JURG 1974"
23831;20142315;"REC 12 JACK 1978"
23832;20142316;"REC 12 JONE 1965"
23833;20142317;"REC 12 JONE 1967"
23834;20142318;"REC 12 JANI"
23835;20142319;"REC 12 JONG"
23836;20142320;"REC 12 JOCH"
23837;20142321;"REC 12 JACK 1961"
23838;20142322;"REC 12 JURG 1972"
23839;20142323;"REC 12 JACO 1977"
23840;20142324;"REC 12 JURG 1972"
23841;20142325;"REC 12 JONE 1957"
23843;20131595;"REC 12 SCHR 1967"
23843;20142327;"REC 12 JURG 1967"
23844;20142328;"REC 12 JURG 1963"
23846;20142311;"REC 12 JURG"
23847;20142331;"REC 12 JURG 1976"
23849;20142333;"REC 12 JAQU 1960"
23850;20142334;"REC 12 JANI"
23851;20142335;"REC 12 JURG 1975"
23852;20142336;"REC 12 JURG 1973"
23853;20142337;"REC 12 JURG 1972"
23854;20142338;"REC 12 JONE 1960"
23855;20142339;"REC 12 KEHR 1960"
23856;201742340;"REC 12 KIRK 1980"
23857;20142341;"REC 12 KUEN 1969"
23858;20144480;"TOP FI"
23859;20144482;"TOP NL 7"
23860;20144483;"TOP IN"
23861;20142342;"REC 12 KEE 1981"
23862;20144484;"TOP NL.AMS 7"
23863;20142343;"REC 12 KEHR"
23864;20142344;"REC 12 KEHR"
23865;20142345;"REC 12 KEHR 1965"
23866;20142346;"REC 12 KOCH 1962"
23867;20142347;"REC 12 KAHL 1965"
23868;20142059;"REC 12 GERW 1966"
23869;20142348;"REC 12 KAJD"
23870;20142349;"REC 12 KING 1974"
23871;20142350;"REC 12 KEHR 1966"
23872;20142351;"REC 12 KUEN"
23873;20142352;"REC 12 KRAF 1961"
23874;20142353;"REC 12 KUHN"
23875;20142354;"REC 12 KIRK 1969"
23876;20142355;"REC 12 KREB 1967"
23877;20142356;"REC 12 KYNA 1976"
23878;20142357;"REC 12 KYNA 1972"
23879;20142358;"REC 12 KUEN 1976"
23880;20142359;"REC 12 KEHR"
23881;20142360;"REC 12 KIPN"
23882;20142361;"REC 12 KEMP 1977"
23883;20142362;"REC 12 KLEM 1977"
23884;20142363;"REC 12 KEHR"
23885;20142364;"REC 12 KOOP 1984"
23886;20142365;"REC 12 KRUM"
23887;20142366;"REC 12 KLER 1982"
23889;20142368;"REC 12 KEHR 1974"
23890;20142369;"REC 12 KRAI"
23891;20142370;"REC 12 KOOP 1981"
23892;20142371;"REC 12 KOOP 1977"
23892;20142372;"REC 12 KOOP 1977"
23892;20142373;"REC 12 KOOP 1977"
23892;20142374;"REC 12 KOOP 1977"
23893;20142375;"REC 12 KOOP 1982"
23894;20142376;"REC 12 KOOP"
23895;20142377;"REC 12 KOOP 1975"
23896;20144486;"TOP NL.AMS 5"
23897;20142378;"REC 12 KOOP 1986"
23898;20142379;"REC 12 KOOP 1979"
23899;20142380;"REC 12 KOUS 1983"
23900;20142381;"REC 12 KRAU"
23900;20142464;"REC 12 KRAU"
23901;20142382;"REC 12 KLER"
23902;20142383;"REC 12 KLER 1965"
23903;20142384;"REC 12 KLER"
23904;20142385;"REC 12 KEMP 1964"
23905;20144487;"TOP US 7"
23906;20142386;"REC 12 LINT 1982"
23907;20142387;"REC 12 KOOP 1974"
23908;20144488;"TOP US 7"
23909;20142388;"REC 12 KOOP 1975"
23910;20142389;"REC 12 KOOP 1980"
23911;20144489;"BIO BERG2 d"
23912;20142390;"REC 12 KOOP 1982"
23913;20142391;"REC 12 KOOP 1980"
23914;20142392;"REC 12 KOOP 1975"
23915;20142393;"REC 12 KOOP 1979"
23916;20142394;"REC 12 KOOP"
23917;20142395;"REC 12 KOOP 1975"
23918;20142396;"REC 12 KOOP 1982"
23919;20142397;"REC 12 KOOP 1980"
23920;20142398;"REC 12 KOOP 1985"
23921;20142399;"REC 12 KOOP 1986"
23922;20142400;"REC 12 KOOP 1976"
23923;20142401;"REC 12 SMIT 1980"
23924;20144490;"TOP CZ.TER 7"
23925;20142402;"REC 12 SONN 1981"
23926;20142403;"REC 12 KRUM 1967"
23927;20144491;"BIO WOLP f"
23929;20142405;"REC 12 KIRK 1965"
23930;20142406;"REC 12 KEE 1980"
23931;20142407;"REC 12 KIRK 1959"
23932;20142408;"REC 12 KOOP 1981"
23933;20142409;"REC 12 KOOP 1976"
23934;20144492;"TOP CA 7"
23935;20142410;"REC 12 KOCH 1966"
23936;20144493;"BIO BRUC e"
23937;20144494;"BIO WAGN1 d"
23938;20142413;"REF2 GREE"
23939;20142412;"AES COLL"
23940;20142411;"PHI LANT a"
23941;20142414;"PHI BRAND a"
23942;20142415;"PHI SUIT a"
23943;20142416;"AES LOCK"
23944;20144495;"BIO BRAN1 d"
23945;20144496;"BIO PURC1 e"
23946;20142417;"REC 12 KIRK 1987"
23947;20142418;"REC 12 KIRK 1982"
23948;20142419;"REC 12 KWEK 1977"
23949;20142420;"REC 12 KOOP 1978"
23950;20142421;"REC 12 KOOP 1976"
23951;20142422;"REC 12 SEEG 1972"
23952;20142423;"REC 12 KAST 1984"
23953;20142424;"REC 12 KLER 1977"
23954;20144508;"BIO VEST a"
23955;20142425;"REC 12 LHEV"
23956;20144509;"TOP GR 7"
23957;20142426;"REC 12 LEON 1962"
23958;20144510;"TOP NL.AMS 6"
23958;20144511;"TOP NL.AMS 6"
23959;20142427;"REC 12 LEON 1972"
23961;20142429;"REC 12 KIEL 1974"
23962;20142430;"REC 12 KRAF 1975"
23963;20142431;"REC 12 LEON 1977"
23964;20142432;"REC 12 LEON 1977"
23965;20142433;"REC 12 LEON 1967"
23967;20142435;"REC 12 KIPN 1972"
23968;20142404;"REC 12 KOOI 1984"
23968;20142434;"REC 12 KOOI 1979"
23968;20142436;"REC 12 KOOI 1980"
23969;20144517;"TOP US 7"
23970;20142437;"REC 12 KOOP"
23971;20142438;"REC 12 KUIJ 1981"
23972;20142439;"REC 12 KÖBL 1971"
23973;20142440;"REC 12 KOOI 1984"
23974;20142441;"REC 12 KLER"
23975;20142442;"REC 12 KIRN 1981"
23976;20142443;"REC 12 KUIJ 1975"
23977;20142444;"REC 12 KUIJ 1978"
23979;20142478;"REC 12 KUIJ 1983"
23980;20142447;"REC 12 KOOP 1981"
23981;20142448;"REC 12 KLER"
23982;20142449;"REC 12 KRAF 1967"
23983;20142450;"REC 12 KLER 1968"
23984;20144512;"BIO MAHL1 e"
23985;20142451;"REC 12 KLER"
23986;20142452;"REC 12 LEON 1973"
23987;20144513;"MTP2 WENT"
23988;20142453;"REC 12 KRAF"
23989;20144514;"MTP2 DOGA"
23990;20142454;"REC 12 KENN 1989"
23991;20142455;"REC 12 KIPN 1973"
23992;20142456;"REC 12 KREB 1972"
23993;20142457;"REC 12 KREB"
23994;20144515;"BIB3 KELL"
23995;20142458;"REC 12 KLER"
23996;2142459;"REC 12 KEHR 1964"
23997;20142460;"REC 12 KIRK 1971"
23998;20142461;"REC 12 KIRK 1976"
23999;20142462;"REC 12 KIPN 1976"
24000;20142463;"REC 12 KIPN 1973"
24002;20142465;"REC 12 KARA 1966"
24003;20142466;"REC 12 LARR 1967"
24004;20144516;"INS1b RU.MOS"
24005;20142467;"REC 12 LEON 1969"
24006;20142468;"REC 12 KUIJ 1979"
24008;20142470;"REC 12 KUIJ 1978"
24009;20142471;"REC 12 KLER 1977"
24010;20135890;"SCO COUP"
24010;20135888;"SCO COUP"
24010;20134292;"SCO COUP"
24010;20135855;"SCO COUP"
24010;20135854;"SCO COUP"
24011;20124816;"SCO COUP"
24012;20135935;"SCO COUP"
24012;20135934;"SCO COUP"
24013;20142472;"REC 12 KREB 1959"
24014;20142473;"REC 12 KRUM 1989"
24015;20142474;"REC 12 KUIJ 1977"
24016;20142475;"REC 12 KUIJ 1979"
24017;20142476;"REC 12 KIND 1968"
24018;20142477;"REC 12 KLER 1977"
24020;20135912;"SCO COUP"
24021;20142479;"REC 12 KUIJ 1975"
24022;201424802;"SCO COUP"
24024;201424803;"SCO COUP"
24025;20129550;"SCO CORT"
24026;20142480;"REC 12 KLEP 1962"
24028;20142482;"REC 12 KUIJ 1982"
24029;20142483;"REC 12 KUIJ 1974"
24030;20142484;"REC 12 KUIJ 1979"
24032;20142486;"REC 12 KLER 1961"
24033;20142487;"REC 12 LEWI 1958"
24034;20142488;"REC 12 KUIJ 1979"
24035;20142489;"REC 12 KÖHL"
24036;20140504;"REC 12 ANTH 1937"
24037;20140505;"REC 12 ANTH 1938"
24038;20142490;"REC 12 LIND 1978"
24039;20140506;"REC 12 ANTH 1937"
24040;20142491;"REC 12 LIND 1978"
24041;20142492;"REC 12 LEPP 1961"
24042;20140507;"REC 12 ANTH 1940"
24043;20140508;"REC 12 ANTH 1938"
24044;20142493;"REC 12 HUME 1977"
24045;20142494;"REC 12 KLER 1977"
24046;20124777;"SCO DELA"
24047;20124780;"SCO DAND"
24048;20124758;"SCO DAND"
24049;20124763;"SCO CLER"
24050;20124757;"SCO CLER"
24051;20124759;"SCO DAQU"
24052;20124756;"SCO CALD"
24053;20142495;"REC 12 KRAA 1978"
24054;20142496;"REC 12 KUIJ 1986"
24055;20142497;"REC 12 LEON 1980"
24056;20142498;"REC 12 LEWI 1971"
24057;20142499;"REC 12 LEON 1973"
24058;20142500;"REC 12 LEON 1973"
24059;20142501;"REC 12 KÖBL"
24060;20124804;"SCO COUP"
24061;20124801;"SCO DAQU"
24062;20142502;"REC 12 LEON 1978"
24063;2014503;"REC 12 LEON 1957"
24064;20142504;"REC 12 LEON 1975"
24065;20142505;"REC 12 LEON 1967"
24066;20142506;"REC 12 LEON 1962"
24067;20142507;"REC 12 LEON 1974"
24068;20142508;"REC 12 LEON 1969"
24069;20142509;"REC 12 LEON 1981"
24070;20142510;"REC 12 LEON 1982"
24071;20142511;"REC 12 LEON 1967"
24072;20142512;"REC 12 LEON 1968"
24073;20142513;"REC 12 KIRK 1969"
24074;20142515;"REC 12 KLER"
24075;20142516;"REC 12 KLEM 1955"
24075;20142517;"REC 12 KLEM 1955"
24076;20142518;"REC 12 KLER"
24076;20142519;"REC 12 KLER"
24077;20142520;"REC 12 KOVÁ"
24078;20124350;"SCO LECL"
24079;20124752;"SCO LECL"
24080;20124751;"SCO LECL"
24081;20124764;"SCO LECL"
24082;20126286;"SCO LECL"
24083;20142521;"REC 12 LAND"
24084;20142522;"REC 12 TILN"
24085;20142523;"REC 12 LÖHR 1961"
24086;20124858;"SCO MARA"
24087;20124717;"SCO MARA"
24088;;"REC K7 SAVA 1977"
24089;20124761;"SCO VALE"
24090;20124941;"SCO MONT2"
24092;20140509;"PHI MACH a"
24093;20140510;"AES KALT"
24094;20140511;"HUM PARK"
24095;20140512;"BIO KIRC e"
24096;20140513;"BIO KIRC e"
24097;20126188;"TOP IT 5"
24098;20120580;"TOP IT.VEN1 5"
24099;20130576;"TOP IT.ASS"
24100;20126154;"BIB4 IT.BOL1"
24101;20142524;"REC 12 LOVE 1970"
24102;20120388;"BIB4 IT.PIS"
24104;20124771;"SCO MONT5"
24105;20124715;"SCO MONT5"
24106;20142525;"REC 12 EGMO 1974"
24107;20142526;"REC 12 LITA 1957"
24108;20142527;"REC 12 LEHR"
24109;20142528;"REC 12 LAND 1951"
24110;20142529;"REC 12 LAND 1967"
24111;20142530;"REC 12 LAND 1957"
24112;20142531;"REC 12 LEPP 1967"
24113;20142532;"REC 12 LEPP 1974"
24114;20142533;"REC 12 LEWI"
24115;20142534;"REC 12 LEPP 1972"
24116;20142535;"REC 12 JACK"
24119;20142536;"REC 12 KEHR 1966"
24120;20142537;"REC 12 DREY 1967"
24121;20142538;"REC 12 LEHR 1976"
24122;20142539;"REC 12 LEON 1974"
24123;20140514;"BIO CAGE a"
24124;20140515;"BIO WAGN3 e"
24126;20142541;"REC 12 LEDG"
24127;20142542;"REC 12 LEPP 1983"
24128;20124695;"SCO MUFF"
24129;20124987;"TOP IT.PIA2 5"
24130;20140517;"LIT JONS a"
24130;20140516;"LIT JONS a"
24131;20122527;"TOP IT.SIE 4"
24132;20127342;"TOP NL.ZWO 5"
24133;20144525;"INS 5.2c"
24134;20124957;"TOP RU 5"
24135;20125982;"TOP NL.ZWO"
24136;20120442;"TOP NL.NAA"
24138;20126231;"TOP NL.AMS 4"
24139;20142552;HUM.RILE
24140;20142551;"MTP4 SEID"
24141;20142550;"LIT MITC a"
24142;20142553;"MTP3 PAPA"
24143;20142549;GHM5
24144;20142554;"MTP1 HUSM"
24145;20142548;GHM5
24146;20142555;"PER NS1"
24147;20142547;GHM0
24148;20142546;GHM5
24149;20142543;GHM3
24150;20142556;"MTP2 RAVE"
24151;20142557;"AES MAUC"
24152;20142544;GEN12
24153;20142545;GEN16
24154;20142558;GEN2
24155;20142566;"MTP2 HOOR"
24156;20142559;"GHM5 (quarantaine)"
24156;20142560;"GHM5 (quarantaine)"
24157;20142567;"MTP2 HEME"
24158;20142568;"MTP2 LIEB"
24159;20142569;"MTP2 SORD"
24160;20142570;"MTP2 INGH"
24161;20142571;"MTP2 BOUD"
24162;20125192;"TOP NL.AMS 4"
24163;20140518;"VIS BERG"
24164;20142561;"HUM SCHM4"
24165;20127168;"TOP NL 5"
24166;20140519;"REC CD GORT 2022"
24167;20140520;"REC 12 MUNO 2005"
24168;20140521;"REC CD MUNO 2018"
24177;;
24186;;
24192;;
24196;;
24200;;
24204;;
24207;;
24211;;
24213;;
24225;;
24228;;
24230;;
24233;;
24238;;
24240;;
24242;;
24244;;
24244;;
24246;;
24249;;
24250;;
24258;;
24279;20130307;"TOP NL 4"
24328;;
24335;;
24337;20121386;"TOP NL 5"
24340;20142563;INS3.2a
24341;20142564;"MTP2 PENE"
24342;20140522;"TOP DE.DRE 5"
24343;20142572;"REC 12 KIRK 1960"
24345;20142573;"REC 12 KIRK 1968"
24346;20129496;"TOP NL.PER"
24347;20142574;"REC 12 KRUM 1968"
24349;20142576;"REC 12 LEPP 1982"
24350;20140523;"REC 12 LÖHR 1964"
24351;20142577;"REC 12 KIPN 1961"
24352;20124694;"SCO BACH1"
24353;20142578;"REC 12 KIRK"
24354;20124713;"SCO BACH1"
24355;20142579;"REC 12 LEON 1967"
24356;20142580;"REC 12 LIND 1977"
24357;20126370;"SCO BACH1"
24358;20121955;"SCO BACH1"
24359;20124705;"SCO BACH1"
24360;20124706;"SCO BACH1"
24361;20121927;"SCO BACH1"
24362;20142581;"REC 12 KLER"
24363;20135858;"SCO BACH1"
24364;20144529;"SCO BACH1"
24365;20142582;"REC 12 LOUS 1973"
24366;20142583;"REC 12 KRAF"
24367;20140524;"MTP2 LEBR"
24368;20142584;"REC 12 KLER"
24369;20142585;"REC 12 LEON 1967"
24370;20142586;"REC 12 LEON"
24371;20142587;"REC 12 FLEE"
24372;20142588;"REC 12 GRUM 1964"
24373;20142589;"REC 12 LOUS 1962"
24374;20142590;"REC 12 LIPA"
24375;20142591;"REC 12 LARR"
24376;20142592;"REC 12 LIPA"
24377;20142593;"REC 12 LIPA"
24378;20142594;"REC 12 LIPA"
24379;20142565;"REC CD BRAB 2011"
24380;20142595;"REC 12 LIPA"
24381;20142596;"REC 12 LIPA"
24382;20142597;"REC 12 LIPA"
24383;20140525;"REC CD WILS 1997"
24384;20140526;"REC 12 MAIE 1997"
24385;20140527;"REC CD DOLM"
24386;20142598;"REC 12 LEPP 1981"
24387;20142599;"REC 12 LAGA 1981"
24388;20142600;"REC 12 LITT 1970"
24389;20142601;"REC 12 KIRK 1980"
24390;20142602;"REC 12 LEON"
24391;20142608;"REC 12 MARR 1971"
24392;20142603;"REC 12 LEON"
24393;20142607;"REC 12 MENU 1973"
24394;20142609;"REC 12 BAUM 1963"
24395;20142604;"REC 12 LEPP"
24396;20142605;"REC 12 LEPP 1967"
24397;20142606;"REC 12 LEON"
24398;20124396;"SCO BACH1"
24398;20126292;"SCO BACH1"
24399;20135921;"SCO BACH1"
24400;20142610;"REC 12 LEON 1966"
24401;20142611;"REC 12 LEON"
24402;20142612;"REC 12 COLL 1967"
24403;20135922;"SCO BACH1"
24404;20140528;"REC DVD RICH 2006"
24405;20124728;"SCO BACH1"
24406;20135846;"SCO BACH1"
24407;20142613;"REC 12 LEON"
24408;20144530;"KTS1 C2.26 H4-087"
24409;20142614;"REC 12 LEON 1964"
24410;20140529;"SCO BACH3"
24411;20142615;"REC 12 LEON 1980"
24412;20142616;"REC 12 LEON 1973"
24413;20142617;"REC 12 LEON 1970"
24414;20142618;"REC 12 LEON 1971"
24415;20142619;"REC 12 LEON"
24416;20142620;"REC 12 LEON"
24417;20142621;"REC 12 LEON 1973"
24418;20142622;"REC 12 LEON"
24419;20142623;"REC 12  LEON 1982"
24420;20144532;"TOP NL 5"
24421;20144533;"TOP NL 4"
24422;20142624;"REC 12 LEON 1974"
24423;20144542;"TOP NL 6"
24424;20126157;"BIB4 NL SELH"
24425;20142625;"REC 12 NEAR 1975"
24426;20144543;"TOP SI.LJU"
24427;20144544;"TOP IN"
24428;20142626;"REC 12 NEAR 1968"
24429;20144546;"TOP IN"
24430;20144545;"TOP IN"
24431;20142627;"REC 12 NASH"
24432;20144547;"TOP US 7"
24433;20142628;"REC 12 NORR 1971"
24434;20144548;"INS3.1a DE 6"
24435;20144549;"INS1a BE.GER2"
24436;20144550;"INS3.3b PLEY"
24437;20142629;"REC 12 NORR 1968"
24438;20142630;"REC 12 NEWS"
24439;20142631;"REC 12 CONS 1960"
24440;20142632;"REC 12 LEON"
24441;20142633;"REC 12 LOND 1984"
24442;20142634;"REC 12 LEON"
24443;20142635;"REC 12 LEON 1963"
24444;20142636;"REC 12 LEON 1966"
24445;20142637;"REC 12 LEON 1976"
24446;20142638;"REC 12 LEON 1976"
24447;20142639;"REC 12 LEON 1981"
24448;20142640;"REC 12 LEON 1963"
24449;20142641;"REC 12 LEON"
24450;20142642;"REC 12 LEON 1973"
24451;20142643;"REC 12 LEON 1977"
24452;20142644;"REC 12 LEON 1976"
24453;20142645;"REC 12 LEON 1973"
24454;20142646;"REC 12 LEON 1977"
24455;20142647;"REC 12 LEON"
24456;20142648;"REC 12 LEON"
24457;20142649;"REC 12 LOND 1977"
24458;20142650;"REC 12 LEON 1978"
24459;20142651;"REC 12 LEON 1976"
24460;20142652;"REC 12 LEPP 1982"
24461;20142653;"REC 12 LEDG 1975"
24462;20142654;"REC 12 LEPP 1967"
24463;20142655;"REC 12 LUMS"
24464;20142656;"REC 12 LEON 1973"
24465;20142657;"REC 12 LIND 1980"
24466;20142658;"REC 12 LIND 1981"
24467;20144551;"INS3.3d KLOP"
24468;20144552;"BIO FALL d"
24469;20144553;"TRE WEBE"
24470;20144554;"BIO WEBE2 a"
24471;20142659;"REC 12 LEON 1980"
24472;20144555;"SCI IMPE"
24473;20142660;"REC 12 SACH"
24474;20144556;"BIO MESS e"
24475;20142661;"REC 12 LEON 1969"
24476;20142662;"REC 12 LEON"
24477;20142663;"REC 12 LEON 1964"
24478;20142664;"REC 12 LIND 1971"
24479;20144558;"BIO EISL f"
24480;20142665;"REC 12 LARD 1968"
24481;20142666;"REC 12 LIND"
24482;20144559;"BIO BACH1 d"
24483;20142667;"REC 12 LIND 1972"
24484;20144560;"INS1b NL.HAG"
24484;20144561;"INS1b NL.HAG"
24485;20142668;"REC 12 LIND 1975"
24486;20142669;"REC 12 LOEK 1985"
24487;20142670;"REC 12 LOND"
24488;20142671;"REC 12 LUMS"
24489;20144565;"SCO MISC DIMA"
24490;20124485;"BIB4 NL OLOF"
24491;20144566;"BIO BACH1 a"
24492;20142672;"REC 12 LITT 1982"
24493;20142673;"REC 12 LEDG 1979"
24494;20144541;"SCO FIEL"
24495;20144564;"SCO MISC MARG"
24496;20144562;"SCO CHOP"
24496;20144563;"SCO CHOP"
24497;20124615;"SCO S NEUM"
24498;20142674;"REC 12 LEON"
24499;20142675;"REC 12 LEON 1968"
24501;20142676;"REC 12 LEON 1962"
24502;20142677;"REC 12 LEWI 1962"
24503;20142678;"REC 12 LEON 1976"
24504;20142679;"REC 12 LEON"
24505;20142680;"REC 12 LEON 1981"
24506;20142681;"REC 12 LEON 1971"
24507;20142682;"REC 12 LEDG 1977"
24508;20142683;"REC 12 LEHM"
24509;20134296;"SCO MISC PARR"
24510;20142684;"REC 12 LEHM"
24511;20142685;"REC 12 LEHM"
24512;20135880;"SCO MISC KOHL"
24513;20142686;"REC 12 LEHM"
24514;20142687;"REC 12 LEHM"
24515;20142688;"REC 12 LIND 1985"
24516;;"PER XX"
24517;20142689;"REC 12 LEON 1981"
24518;20142690;"REC 12 LEHO"
24519;20142691;"REC 12 LEON 1965"
24520;20142692;"REC 12 LEON 1984"
24521;20142693;"REC 12 LEON"
24522;20142694;"REC 12 LEON 1966"
24523;20142695;"REC 12 LEON"
24524;20142696;"REC 12 LEON"
24525;20142697;"REC 12 LEON"
24526;20142698;"REC 12 LEON"
24527;20142699;"REC 12 LEON"
24528;20142700;"REC 12 LEON 1979"
24529;20142701;"REC 12 LEON 1984"
24530;20142702;"REC 12 LEON 1980"
24531;20142703;"REC 12 LEON"
24532;20142704;"REC 12 LEON 1982"
24533;20142705;"REC 12 LEON 1967"
24534;20142706;"REC 12 LEON"
24535;20142707;"REC 12 LEON 1973"
24536;20142708;"REC 12 LEON"
24537;20142709;"REC 12 LEON 1978"
24538;20142710;"REC 12 LEON"
24539;20144572;"BIO MOZA1 a"
24540;20142711;"REC 12 LEON 1980"
24541;20142712;"REC 12 LEON 1965"
24542;20142717;"REC 12 LEON 1970"
24543;20144573;"BIO FURT d"
24544;20142716;"REC 12 LEWI"
24545;20142718;"REC 12 LEON"
24546;20142719;"REC 12 LEWI 1971"
24547;20142720;"REC 12 LIPA"
24548;20144574;"BIO BACH1 b"
24549;20144575;"VIS BOTT"
24550;20142721;"REC 12 LEE 1974"
24551;20144576;"BIO AUTR e"
24552;20144577;"MTP5 LOUS"
24552;20144578;"MTP5 LOUS"
24553;20144584;"TOP NL PER"
24554;20142722;"REC 12 LEEU"
24555;20142575;"REC 12 LEON 1973"
24556;20142723;"REC 12 MELK 1970"
24557;20142724;"REC 12 MELK"
24558;20142725;"REC 12 MELK"
24559;20142726;"REC 12 MOSS"
24560;20142727;"REC 12 MCCU"
24561;20142728;"REC 12 MEER 1972"
24562;20142729;"REC 12 MACK 1968"
24563;20142730;"REC 12 MALC"
24564;20142731;"REC 12 MALC"
24565;20142732;"REC 12 MILS 1977"
24566;20142733;"REC 12 MEHT 1989"
24567;20142734;"REC 12 MENU"
24568;20140530;"REC CD MORO 2000"
24569;20140531;"REC CD CHRI 1995"
24570;20140532;"REC CD ORGA 2003"
24571;20142735;"REC 12 MENU 1975"
24572;20142736;"REC 12 MARR 1971"
24573;20142737;"REC 12 MARR 1969"
24574;20142738;"REC 12 MALC 1985"
24575;20142739;"REC 12 MALC 1969"
24576;20142740;"REC 12 MOOR 1967"
24577;20142741;"REC 12 MUNR 1974"
24578;20140533;"SCI TODD"
24579;20142747;"REC 12 MCGE 1982"
24580;20142742;"REC 12 MUNR 1975"
24581;20142748;"REC 12 MUNR 1976"
24582;20142749;"REC 12 MUNR 1977"
24583;20142750;"REC 12 LEDG 1967"
24584;20142751;"REC 12 MUNR 1976"
24585;20142752;"REC 12 MACK 1970"
24586;20142753;"REC 12 MACK"
24587;20142754;"REC 12 MARR 1965"
24588;20142755;"REC 12 MENU 1985"
24589;20142756;"REC 12 MENU"
24590;20142757;"REC 12 MART"
24591;20142758;"REC 12 MART"
24592;20142759;"REC 12 MARR"
24593;20142760;"REC 12 MART 1963"
24594;20142761;"REC 12 MUSI"
24595;20144581;"BIO ADRI a"
24596;20142762;"REC 12 MATH 1985"
24597;20142763;"REC 12 MATH"
24598;20142764;"REC 12 MART 1964"
24599;20142765;"REC 12 MUSI"
24600;20142766;"REC 12 MUSI"
24601;20142767;"REC 12 MISK 1966"
24602;20142768;"REC 12 MARR 1970"
24603;20142769;"REC 12 MCGE 1985"
24604;20142770;"REC 12 MENG"
24605;20142771;"REC 12 MCLE 1972"
24607;20142772;"REC 12 MARR 1968"
24608;20142773;"REC 12 MART"
24609;20142774;"REC 12 MUSI 1985"
24610;20142779;"REC 12 LIND"
24611;20142780;"REC 12 MULL"
24612;20142781;"REC 12 MULL"
24613;20142782;"REC 12 PEAR 1974"
24614;20142783;"REC 12 MALC"
24615;20142784;"REC 12 MALC 1982"
24616;20142785;"REC 12 DAVI 1972"
24617;20142786;"REC 12 MULL"
24618;20142787;"REC 12 DAVI 1976"
24619;20142788;"REC 12 MEDI 1982"
24620;20142789;"REC 12 MART 1976"
24621;20144583;"INS3.3b ERAR"
24622;20142790;"REC 12 MUNR 1972"
24624;20144585;"INS PER?3.2"
24625;;
24626;20142791;"REC 12 MUNR 1976"
24627;20144586;"SCI MILL"
24628;20142792;"REC 12 MULL"
24629;20142793;"REC 12 MENU"
24630;20144587;"AES LESS"
24631;20142794;"REC 12 MALC"
24632;20144588;"AES ADOR"
24633;20142795;"REC 12 MORR 1968"
24634;20144589;GHM5
24635;20144590;"BIO MADE d"
24636;20144598;"TOP CH.BAS 7"
24636;20144599;"TOP CH.BAS 7"
24636;20144600;"TOP CH.BAS 7"
24636;20144601;"TOP CH.BAS 7"
24637;20142796;"REC 12 MALC 1973"
24638;20142797;"REC 12 MALC"
24639;20142798;"REC 12 MARL 1965"
24640;20142799;"REC 12 MARL"
24641;20142800;"REC 12 MARL"
24642;20142801;"REC 12 MEYE 1986"
24643;20142802;"REC 12 MALG"
24644;20126437;"BIB4 NL.LEI 4"
24645;20142803;"REC 12 MUNC 1974"
24646;20142804;"REC 12 MULL"
24647;20142805;"REC 12 MARR"
24648;20142806;"REC 12 MACH 1975"
24649;20142813;"REC 12 MARR 1978"
24650;20142814;"REC MUNR 1974"
24651;20142815;"REC 12 MUNR 1977"
24652;20142816;"REC 12 MAUE"
24653;20142817;"REC 12 MARR 1968"
24654;20142818;"REC 12 MARR 1973"
24655;20142819;"REC 12 MARR 1972"
24656;20142820;"REC 12 MARR"
24657;20142821;"REC 12 MARR 1971"
24658;20142822;"REC 12 MARR 1968"
24659;20142823;"REC 12 MARR 1968"
24660;20142824;"REC 12 MARR 1972"
24661;20142825;"REC 12 MARR 1970"
24663;20142827;"REC 12 MUNC"
24664;20142828;"REC 12 MATH 1985"
24665;20142829;"REC 12 MATH 1967"
24666;20142831;"REC 12 MENU"
24667;20142830;"REC 12 MELK 1973"
24668;20142832;"REC 12 MUNC 1979"
24669;20142833;"REC 12 MARG"
24670;20142835;"REC 12 MUNC 1971"
24671;20142834;"REC 12 MARG"
24672;20142812;"REC 12 MUNC 1959"
24673;20142836;"REC 12 MUSI"
24674;20142837;"REC 12 MELK 1973"
24675;20142838;"REC 12 MAIE 1977"
24676;20142847;"REC 12 MARR 1972"
24677;20142848;"REC 12 MUNR 1976"
24678;20142849;"REC 12 MUNR 1971"
24679;20142851;"REC 12 MAIE 1975"
24680;20142850;"REC 12 MUNR 1983"
24681;20142852;"REC 12 MESS"
24682;20142853;"REC 12 MESS"
24683;20140534;"BIB1 MELO"
24684;20142854;"REC 12 MUSI"
24685;20140536;"PHI FOUC b DELE"
24686;20142855;"REC 12 IMUS"
24687;20142856;"REC 12 MUSI"
24688;20142857;"REC 12 MALC 1976"
24689;20142858;"REC 12 MARR 1973"
24690;20142859;"REC 12 MUNR"
24691;20142860;"REC 12 MACK"
24692;20142861;"REC 12 MALC"
24693;20142862;"REC 12 MENG"
24694;20142863;"REC 12 MENG"
24695;20142864;"REC 12 MENG"
24696;20142865;"REC 12 MENG"
24697;20142866;"REC 12 MUNC"
24698;20142867;"REC 12 MUNC 1959"
24699;20142868;"REC 12 MENC"
24701;20142870;"REC 12 MORR"
24702;20142846;"REC 12 MART 1975"
24703;20142826;"REC 12 MALC"
24704;20142871;"REC 12 WASH"
24705;20144591;"SCO S BRAH"
24706;20144592;"KTS1 XX"
24707;20144593;"KTS1 XX"
24708;20144596;"SCO VIVA"
24709;20124131;"SCO BACH2"
24710;20144597;"SCO VIVA"
24711;20144602;"SCO PEKI"
24712;20144603;"SCO PEKI"
24713;20144604;"SCO JARZ"
24714;20144605;"SCO ZIEL"
24715;20144606;"SCO SZAM"
24716;;"SCO LEOP"
24717;20142872;"REC 12 MORA 1981"
24718;20144607;"SCO ZIEL"
24719;20142873;"REC 12 MARR 1979"
24720;20144608;"SCO ZIEL"
24721;20142882;"REC 12 MUSI 1973"
24722;20144609;"SCO ROHA"
24723;20124115;"SCO BACH2"
24724;20144610;"SCO SZAR"
24725;20142883;"REC 12 NEME 1987"
24726;20142884;"REC 12 NEF 1972"
24727;20142885;"REC 12 NEUM 1975"
24728;20144611;"SCO GORC"
24729;20144612;
24730;20144613;"SCO JARZ"
24731;20144614;"SCO JARZ"
24732;20144615;"SCO JARZ"
24733;20144616;"SCO JARZ"
24734;20144617;"SCO ZIEL"
24735;20144618;"SCO ZIEL"
24736;20142886;"REC 12 NEUM 1975"
24737;20142887;"REC 12 NEGR 1965"
24738;20144619;"SCO KOBI"
24739;20144620;"SCO GORC"
24740;20144621;"SCO KOPR"
24741;20142888;"REC 12 NEGR 1979"
24742;20135932;"SCO BACH2"
24743;20124443;"SCO BACH2"
24744;20126374;"SCO BACH2"
24745;20126283;"SCO BACH2"
24746;20124788;"SCO BACH2"
24747;20142889;"REC 12 NORR 1982"
24748;20126373;"SCO BACH2"
24749;20124473;"SCO BACH2"
24750;20124817;"SCO BACH2"
24751;20124436;"SCO BACH2"
24752;20124093;"SCO BACH2"
24753;20142890;"REC 12 NEEL"
24754;20142891;"REC 12 MARR 1976"
24755;20142892;"REC 12 MART"
24756;20142893;"REC 12 MELK 1975"
24757;20140537;"PER DM1"
24758;20142894;"REC 12 MUSI"
24759;20142895;"REC 12 MUNC 1967"
24760;20142896;"REC 12 MUNC 1965"
24761;20144622;"SCO PEZE"
24762;20144623;"SCO SIMP"
24763;20144594;"KTS1 H."
24763;20144595;"KTS1 H."
24763;20144624;"KTS1 H."
24764;20144625;"SCO CZER"
24765;20144626;"INS3.3c ALTB"
24766;20144627;"KTS1 H."
24766;20144628;"KTS1 H."
24766;20144629;"KTS1 H."
24767;20126297;"SCO BACH3"
24768;20144630;"KTS1 H."
